eval_step,episode_idx,episode_step,alignment_ratio,success
100,0,10,0.05145575851202011,True
100,0,15,0.0610010102391243,True
100,0,20,0.09127790480852127,True
100,0,25,0.1657203882932663,True
100,0,30,0.19809505343437195,True
100,0,35,0.14903874695301056,True
100,0,40,0.23905828595161438,True
100,0,45,0.1152656152844429,True
100,0,50,0.053786762058734894,True
100,0,55,0.08613669872283936,True
100,0,60,0.03878474980592728,True
100,0,65,0.04320613294839859,True
100,0,70,0.07621154934167862,True
100,0,75,0.06389742344617844,True
100,1,10,0.053317226469516754,True
100,1,15,0.07441430538892746,True
100,1,20,0.22618429362773895,True
100,1,25,0.23475608229637146,True
100,1,30,0.14676065742969513,True
100,1,35,0.19756340980529785,True
100,1,40,0.18111827969551086,True
100,1,45,0.10381613671779633,True
100,1,50,0.1857302486896515,True
100,1,55,0.06259606778621674,True
100,1,60,0.025124182924628258,True
100,1,65,0.05666802451014519,True
100,1,70,0.14307890832424164,True
100,1,75,0.123162180185318,True
100,2,10,0.044693831354379654,True
100,2,15,0.06365390866994858,True
100,2,20,0.19360758364200592,True
100,2,25,0.19641660153865814,True
100,2,30,0.14744184911251068,True
100,2,35,0.156804621219635,True
100,2,40,0.23960824310779572,True
100,2,45,0.09914606064558029,True
100,2,50,0.05873873457312584,True
100,2,55,0.06893527507781982,True
100,2,60,0.033345215022563934,True
100,2,65,0.052548233419656754,True
100,2,70,0.08477715402841568,True
100,2,75,0.1188139095902443,True
100,3,10,0.05199176445603371,True
100,3,15,0.05267973989248276,True
100,3,20,0.0837809219956398,True
100,3,25,0.17270533740520477,True
100,3,30,0.19962827861309052,True
100,3,35,0.1569005697965622,True
100,3,40,0.22343364357948303,True
100,3,45,0.11376945674419403,True
100,3,50,0.06939022988080978,True
100,3,55,0.07276792824268341,True
100,3,60,0.04307268187403679,True
100,3,65,0.050746094435453415,True
100,3,70,0.07347580045461655,True
100,3,75,0.07062783092260361,True
100,4,10,0.058938007801771164,True
100,4,15,0.07170919328927994,True
100,4,20,0.21836748719215393,True
100,4,25,0.24809595942497253,True
100,4,30,0.1456301212310791,True
100,4,35,0.23876872658729553,True
100,4,40,0.26643529534339905,True
100,4,45,0.098355732858181,True
100,4,50,0.10582378506660461,True
100,4,55,0.06904246658086777,True
100,4,60,0.02711447887122631,True
100,4,65,0.04647538810968399,True
100,4,70,0.10015524923801422,True
100,4,75,0.08150506764650345,True
100,5,10,0.061957262456417084,True
100,5,15,0.06584159284830093,True
100,5,20,0.21288380026817322,True
100,5,25,0.20184119045734406,True
100,5,30,0.147505521774292,True
100,5,35,0.1914038509130478,True
100,5,40,0.22416725754737854,True
100,5,45,0.09999895840883255,True
100,5,50,0.049518950283527374,True
100,5,55,0.0693582072854042,True
100,5,60,0.037505291402339935,True
100,5,65,0.04136550426483154,True
100,5,70,0.06306318938732147,True
100,5,75,0.09168458729982376,True
100,6,10,0.047751642763614655,True
100,6,15,0.047103721648454666,True
100,6,20,0.15263639390468597,True
100,6,25,0.1876358836889267,True
100,6,30,0.22208361327648163,True
100,6,35,0.20329806208610535,True
100,6,40,0.22718730568885803,True
100,6,45,0.12325926125049591,True
100,6,50,0.061902713030576706,True
100,6,55,0.09399397671222687,True
100,6,60,0.03721889480948448,True
100,6,65,0.04926571995019913,True
100,6,70,0.09230522066354752,True
100,6,75,0.10802412778139114,True
100,7,10,0.04917347803711891,True
100,7,15,0.0607532374560833,True
100,7,20,0.2181195616722107,True
100,7,25,0.20799247920513153,True
100,7,30,0.1536242663860321,True
100,7,35,0.19421184062957764,True
100,7,40,0.24515400826931,True
100,7,45,0.10744430124759674,True
100,7,50,0.05734802037477493,True
100,7,55,0.0947946235537529,True
100,7,60,0.03786046802997589,True
100,7,65,0.040172409266233444,True
100,7,70,0.07411031424999237,True
100,7,75,0.09471212327480316,True
100,8,10,0.06910229474306107,True
100,8,15,0.07766539603471756,True
100,8,20,0.24273838102817535,True
100,8,25,0.16299045085906982,True
100,8,30,0.15599489212036133,True
100,8,35,0.15115134418010712,True
100,8,40,0.134822815656662,True
100,8,45,0.06496536731719971,True
100,8,50,0.03793056681752205,True
100,8,55,0.10324246436357498,True
100,8,60,0.13995738327503204,True
100,8,65,0.17433319985866547,True
100,8,70,0.17110797762870789,True
100,9,10,0.05225743353366852,True
100,9,15,0.05454877018928528,True
100,9,20,0.16226878762245178,True
100,9,25,0.19140580296516418,True
100,9,30,0.17666268348693848,True
100,9,35,0.17367033660411835,True
100,9,40,0.21818484365940094,True
100,9,45,0.10145767778158188,True
100,9,50,0.07129578292369843,True
100,9,55,0.07916772365570068,True
100,9,60,0.02623583935201168,True
100,9,65,0.03595761954784393,True
100,9,70,0.07154155522584915,True
100,9,75,0.08134902268648148,True
100,10,10,0.06626808643341064,True
100,10,15,0.07111838459968567,True
100,10,20,0.15767385065555573,True
100,10,25,0.1636325567960739,True
100,10,30,0.12182225286960602,True
100,10,35,0.15823446214199066,True
100,10,40,0.2081068605184555,True
100,10,45,0.1020049899816513,True
100,10,50,0.08898964524269104,True
100,10,55,0.08338765054941177,True
100,10,60,0.04055986553430557,True
100,10,65,0.05650606006383896,True
100,10,70,0.07689381390810013,True
100,10,75,0.08475538343191147,True
100,11,10,0.059808433055877686,True
100,11,15,0.06272425502538681,True
100,11,20,0.0894598439335823,True
100,11,25,0.15256525576114655,True
100,11,30,0.15409933030605316,True
100,11,35,0.13724760711193085,True
100,11,40,0.22848747670650482,True
100,11,45,0.1236455962061882,True
100,11,50,0.07316426187753677,True
100,11,55,0.09324135631322861,True
100,11,60,0.05537566542625427,True
100,11,65,0.10388309508562088,True
100,11,70,0.08540838956832886,True
100,11,75,0.10049384087324142,True
100,12,10,0.054227542132139206,True
100,12,15,0.06095195189118385,True
100,12,20,0.21748802065849304,True
100,12,25,0.21518760919570923,True
100,12,30,0.14831919968128204,True
100,12,35,0.2211223542690277,True
100,12,40,0.1848422884941101,True
100,12,45,0.09885317087173462,True
100,12,50,0.17651784420013428,True
100,12,55,0.1045994907617569,True
100,12,60,0.03590072691440582,True
100,12,65,0.12871071696281433,True
100,12,70,0.14462172985076904,True
100,13,10,0.04565967246890068,True
100,13,15,0.05986429378390312,True
100,13,20,0.20853102207183838,True
100,13,25,0.2242719829082489,True
100,13,30,0.13724996149539948,True
100,13,35,0.20374269783496857,True
100,13,40,0.3920917510986328,True
100,13,45,0.3631698191165924,True
100,13,50,0.24751070141792297,True
100,13,55,0.10805346071720123,True
100,13,60,0.027079619467258453,True
100,13,65,0.07976848632097244,True
100,13,70,0.1018296554684639,True
100,13,75,0.11342492699623108,True
100,14,10,0.046883244067430496,True
100,14,15,0.04066799581050873,True
100,14,20,0.06645452976226807,True
100,14,25,0.14953173696994781,True
100,14,30,0.25518491864204407,True
100,14,35,0.20843568444252014,True
100,14,40,0.14205603301525116,True
100,14,45,0.17520247399806976,True
100,14,50,0.09974939376115799,True
100,14,55,0.0980173721909523,True
100,14,60,0.05177867412567139,True
100,14,65,0.043396349996328354,True
100,14,70,0.0859256386756897,True
100,14,75,0.13004839420318604,True
100,15,10,0.05944540351629257,True
100,15,15,0.09218014031648636,True
100,15,20,0.28775328397750854,True
100,15,25,0.3134732246398926,True
100,15,30,0.259255975484848,True
100,15,35,0.34393763542175293,True
100,15,40,0.3995186686515808,True
100,15,45,0.10391203314065933,True
100,15,50,0.06119568645954132,True
100,15,55,0.08908873796463013,True
100,15,60,0.06188175454735756,True
100,15,65,0.10745258629322052,True
100,15,70,0.13961726427078247,True
100,15,75,0.16563785076141357,True
100,16,10,0.06035061553120613,True
100,16,15,0.06850649416446686,True
100,16,20,0.22210602462291718,True
100,16,25,0.2446995973587036,True
100,16,30,0.20009012520313263,True
100,16,35,0.27279624342918396,True
100,16,40,0.2609233260154724,True
100,16,45,0.104921355843544,True
100,16,50,0.47340869903564453,True
100,16,55,0.08275214582681656,True
100,16,60,0.034608542919158936,True
100,16,65,0.03938988968729973,True
100,16,70,0.07655861973762512,True
100,16,75,0.07448454946279526,True
100,17,10,0.05083385482430458,True
100,17,15,0.05916973948478699,True
100,17,20,0.19610515236854553,True
100,17,25,0.2101823389530182,True
100,17,30,0.1400572508573532,True
100,17,35,0.18041543662548065,True
100,17,40,0.12349992990493774,True
100,17,45,0.110930897295475,True
100,17,50,0.03796297684311867,True
100,17,55,0.08381080627441406,True
100,17,60,0.047294992953538895,True
100,17,65,0.1057438850402832,True
100,17,70,0.0980207771062851,True
100,18,10,0.052926674485206604,True
100,18,15,0.05333397537469864,True
100,18,20,0.1702444702386856,True
100,18,25,0.1835050731897354,True
100,18,30,0.18211589753627777,True
100,18,35,0.17321299016475677,True
100,18,40,0.24326865375041962,True
100,18,45,0.10543539375066757,True
100,18,50,0.21229372918605804,True
100,18,55,0.060567740350961685,True
100,18,60,0.028850112110376358,True
100,18,65,0.052011989057064056,True
100,18,70,0.07619903236627579,True
100,18,75,0.08638527989387512,True
100,19,10,0.059859465807676315,True
100,19,15,0.06577380001544952,True
100,19,20,0.1075107678771019,True
100,19,25,0.17107021808624268,True
100,19,30,0.154463529586792,True
100,19,35,0.16701769828796387,True
100,19,40,0.2721935510635376,True
100,19,45,0.15273220837116241,True
100,19,50,0.06999870389699936,True
100,19,55,0.08871281892061234,True
100,19,60,0.026468345895409584,True
100,19,65,0.03943706676363945,True
100,19,70,0.06957243382930756,True
100,19,75,0.07114024460315704,True
100,19,80,0.1841381937265396,True
100,20,10,0.05861485376954079,True
100,20,15,0.06250233203172684,True
100,20,20,0.22930485010147095,True
100,20,25,0.24375689029693604,True
100,20,30,0.1837989091873169,True
100,20,35,0.24001625180244446,True
100,20,40,0.2699507772922516,True
100,20,45,0.0964432805776596,True
100,20,50,0.18816086649894714,True
100,20,55,0.0768672525882721,True
100,20,60,0.028445156291127205,True
100,20,65,0.04830576106905937,True
100,20,70,0.09154319763183594,True
100,20,75,0.11202157288789749,True
100,21,10,0.06284201145172119,True
100,21,15,0.06012596935033798,True
100,21,20,0.19464071094989777,True
100,21,25,0.16615191102027893,True
100,21,30,0.13115127384662628,True
100,21,35,0.18034005165100098,True
100,21,40,0.19212819635868073,True
100,21,45,0.11353641003370285,True
100,21,50,0.11703819781541824,True
100,21,55,0.1690157651901245,True
100,21,60,0.045771274715662,True
100,21,65,0.046427808701992035,True
100,21,70,0.06245030462741852,True
100,21,75,0.0673823356628418,True
100,22,10,0.06135667487978935,True
100,22,15,0.06425384432077408,True
100,22,20,0.1524357795715332,True
100,22,25,0.16718505322933197,True
100,22,30,0.12392716109752655,True
100,22,35,0.1822870373725891,True
100,22,40,0.16383260488510132,True
100,22,45,0.10873989760875702,True
100,22,50,0.04822218790650368,True
100,22,55,0.12278969585895538,True
100,22,60,0.06402843445539474,True
100,22,65,0.11717429012060165,True
100,22,70,0.1473778337240219,True
100,22,75,0.1361330896615982,True
100,23,10,0.0340765081346035,True
100,23,15,0.05737806856632233,True
100,23,20,0.15029245615005493,True
100,23,25,0.2009715735912323,True
100,23,30,0.22488166391849518,True
100,23,35,0.20970647037029266,True
100,23,40,0.28498974442481995,True
100,23,45,0.09838853031396866,True
100,23,50,0.08773969858884811,True
100,23,55,0.08855050802230835,True
100,23,60,0.039894793182611465,True
100,23,65,0.06424972414970398,True
100,23,70,0.12188378721475601,True
100,24,10,0.06459811329841614,True
100,24,15,0.06485996395349503,True
100,24,20,0.17095981538295746,True
100,24,25,0.17086896300315857,True
100,24,30,0.12366481125354767,True
100,24,35,0.18489041924476624,True
100,24,40,0.19722165167331696,True
100,24,45,0.14158909022808075,True
100,24,50,0.061225783079862595,True
100,24,55,0.09295150637626648,True
100,24,60,0.034262143075466156,True
100,24,65,0.03620442748069763,True
100,24,70,0.07794982194900513,True
100,24,75,0.08174419403076172,True
100,25,10,0.054566364735364914,True
100,25,15,0.056806184351444244,True
100,25,20,0.13524377346038818,True
100,25,25,0.17000001668930054,True
100,25,30,0.1791721135377884,True
100,25,35,0.17824889719486237,True
100,25,40,0.18155212700366974,True
100,25,45,0.11727742850780487,True
100,25,50,0.058240052312612534,True
100,25,55,0.07411137968301773,True
100,25,60,0.033637844026088715,True
100,25,65,0.04679843410849571,True
100,25,70,0.0754752829670906,True
100,25,75,0.09506893157958984,True
100,26,10,0.05687840282917023,True
100,26,15,0.07161269336938858,True
100,26,20,0.2530319094657898,True
100,26,25,0.2695678770542145,True
100,26,30,0.22629407048225403,True
100,26,35,0.291734516620636,True
100,26,40,0.2928926646709442,True
100,26,45,0.09249523282051086,True
100,26,50,0.0898582711815834,True
100,26,55,0.05792617425322533,True
100,26,60,0.026262033730745316,True
100,26,65,0.03725061193108559,True
100,26,70,0.10026038438081741,True
100,27,10,0.06843435764312744,True
100,27,15,0.0646761953830719,True
100,27,20,0.16541419923305511,True
100,27,25,0.1585557609796524,True
100,27,30,0.1278720200061798,True
100,27,35,0.16865184903144836,True
100,27,40,0.18571850657463074,True
100,27,45,0.10471212863922119,True
100,27,50,0.06382853537797928,True
100,27,55,0.08049624413251877,True
100,27,60,0.028592979535460472,True
100,27,65,0.05166724696755409,True
100,27,70,0.07050026208162308,True
100,27,75,0.09517677873373032,True
100,28,10,0.0439276359975338,True
100,28,15,0.05827924236655235,True
100,28,20,0.21772126853466034,True
100,28,25,0.2312324196100235,True
100,28,30,0.1647719442844391,True
100,28,35,0.21417354047298431,True
100,28,40,0.20911630988121033,True
100,28,45,0.10778751969337463,True
100,28,50,0.04634401202201843,True
100,28,55,0.11028348654508591,True
100,28,60,0.04358914494514465,True
100,28,65,0.08648531138896942,True
100,28,70,0.12059955298900604,True
100,29,10,0.053556930273771286,True
100,29,15,0.07378845661878586,True
100,29,20,0.2341301143169403,True
100,29,25,0.2154681533575058,True
100,29,30,0.14809894561767578,True
100,29,35,0.2030337005853653,True
100,29,40,0.19436389207839966,True
100,29,45,0.09225671738386154,True
100,29,50,0.26878952980041504,True
100,29,55,0.08504917472600937,True
100,29,60,0.028115449473261833,True
100,29,65,0.07084779441356659,True
100,29,70,0.09773123264312744,True
100,30,10,0.05849974974989891,True
100,30,15,0.057791829109191895,True
100,30,20,0.16761203110218048,True
100,30,25,0.20062385499477386,True
100,30,30,0.1363167017698288,True
100,30,35,0.16869181394577026,True
100,30,40,0.14249394834041595,True
100,30,45,0.13852140307426453,True
100,30,50,0.050618696957826614,True
100,30,55,0.06970767676830292,True
100,30,60,0.07007815688848495,True
100,30,65,0.08847950398921967,True
100,30,70,0.08595734089612961,True
100,30,75,0.11639616638422012,True
100,31,10,0.04305224493145943,True
100,31,15,0.05633670091629028,True
100,31,20,0.10238917917013168,True
100,31,25,0.1611224263906479,True
100,31,30,0.21204358339309692,True
100,31,35,0.21212048828601837,True
100,31,40,0.2821778357028961,True
100,31,45,0.14428211748600006,True
100,31,50,0.07872748374938965,True
100,31,55,0.09664598852396011,True
100,31,60,0.027533652260899544,True
100,31,65,0.04220135882496834,True
100,31,70,0.055774230509996414,True
100,31,75,0.05300106480717659,True
100,32,10,0.04737680032849312,True
100,32,15,0.05239388346672058,True
100,32,20,0.17228184640407562,True
100,32,25,0.1964171826839447,True
100,32,30,0.16854195296764374,True
100,32,35,0.17987532913684845,True
100,32,40,0.2396518886089325,True
100,32,45,0.1216537356376648,True
100,32,50,0.11195584386587143,True
100,32,55,0.108998142182827,True
100,32,60,0.059360381215810776,True
100,32,65,0.032194700092077255,True
100,32,70,0.05879204347729683,True
100,32,75,0.07694174349308014,True
100,33,10,0.054565709084272385,True
100,33,15,0.078569196164608,True
100,33,20,0.22797822952270508,True
100,33,25,0.22961749136447906,True
100,33,30,0.15546873211860657,True
100,33,35,0.18164314329624176,True
100,33,40,0.15456216037273407,True
100,33,45,0.1046508178114891,True
100,33,50,0.05382857099175453,True
100,33,55,0.06403927505016327,True
100,33,60,0.03160158544778824,True
100,33,65,0.04303392395377159,True
100,33,70,0.07152065634727478,True
100,34,10,0.054960936307907104,True
100,34,15,0.04754018038511276,True
100,34,20,0.15438629686832428,True
100,34,25,0.1769382208585739,True
100,34,30,0.1785576045513153,True
100,34,35,0.18057841062545776,True
100,34,40,0.2487151324748993,True
100,34,45,0.1094660758972168,True
100,34,50,0.05889854580163956,True
100,34,55,0.0886404812335968,True
100,34,60,0.03108283504843712,True
100,34,65,0.04851516708731651,True
100,34,70,0.08560305088758469,True
100,34,75,0.12508326768875122,True
100,35,10,0.05151837319135666,True
100,35,15,0.06290023773908615,True
100,35,20,0.21907491981983185,True
100,35,25,0.2187776416540146,True
100,35,30,0.1374458521604538,True
100,35,35,0.2035510092973709,True
100,35,40,0.1275893598794937,True
100,35,45,0.09549442678689957,True
100,35,50,0.046741683036088943,True
100,35,55,0.07484562695026398,True
100,35,60,0.05708380043506622,True
100,35,65,0.09188263863325119,True
100,35,70,0.08211256563663483,True
100,36,10,0.05471727252006531,True
100,36,15,0.055404070764780045,True
100,36,20,0.14577215909957886,True
100,36,25,0.17813622951507568,True
100,36,30,0.17640899121761322,True
100,36,35,0.16841503977775574,True
100,36,40,0.2148878127336502,True
100,36,45,0.11362424492835999,True
100,36,50,0.04817402735352516,True
100,36,55,0.07751328498125076,True
100,36,60,0.031239645555615425,True
100,36,65,0.03892694413661957,True
100,36,70,0.0677049532532692,True
100,36,75,0.0775562971830368,True
100,37,10,0.0603739395737648,True
100,37,15,0.059245601296424866,True
100,37,20,0.19493481516838074,True
100,37,25,0.15992659330368042,True
100,37,30,0.10818806290626526,True
100,37,35,0.17229484021663666,True
100,37,40,0.17021265625953674,True
100,37,45,0.11317145824432373,True
100,37,50,0.32514941692352295,True
100,37,55,0.07998570054769516,True
100,37,60,0.027942398563027382,True
100,37,65,0.059247586876153946,True
100,37,70,0.11203169822692871,True
100,37,75,0.16006015241146088,True
100,38,10,0.07097978889942169,True
100,38,15,0.06400204449892044,True
100,38,20,0.18160149455070496,True
100,38,25,0.19873566925525665,True
100,38,30,0.11708948016166687,True
100,38,35,0.17498621344566345,True
100,38,40,0.15658999979496002,True
100,38,45,0.1239403784275055,True
100,38,50,0.11865466088056564,True
100,38,55,0.06220172345638275,True
100,38,60,0.03411714732646942,True
100,38,65,0.06995966285467148,True
100,38,70,0.09103607386350632,True
100,39,10,0.05680609866976738,True
100,39,15,0.07486693561077118,True
100,39,20,0.219234898686409,True
100,39,25,0.18232232332229614,True
100,39,30,0.15051677823066711,True
100,39,35,0.1967831701040268,True
100,39,40,0.15648393332958221,True
100,39,45,0.0985603928565979,True
100,39,50,0.0373154878616333,True
100,39,55,0.06169178709387779,True
100,39,60,0.04252762719988823,True
100,39,65,0.09098583459854126,True
100,39,70,0.0894562229514122,True
100,40,10,0.05646675080060959,True
100,40,15,0.06710202246904373,True
100,40,20,0.17939119040966034,True
100,40,25,0.20097754895687103,True
100,40,30,0.1436300128698349,True
100,40,35,0.19241587817668915,True
100,40,40,0.2182173877954483,True
100,40,45,0.1275627464056015,True
100,40,50,0.04818710684776306,True
100,40,55,0.08077485114336014,True
100,40,60,0.03891156613826752,True
100,40,65,0.07793673872947693,True
100,40,70,0.09106820076704025,True
100,41,10,0.061251308768987656,True
100,41,15,0.06739727407693863,True
100,41,20,0.20917944610118866,True
100,41,25,0.2054234743118286,True
100,41,30,0.12565064430236816,True
100,41,35,0.19140668213367462,True
100,41,40,0.18935571610927582,True
100,41,45,0.10956266522407532,True
100,41,50,0.10439053177833557,True
100,41,55,0.12637336552143097,True
100,41,60,0.05426575243473053,True
100,41,65,0.07697007060050964,True
100,41,70,0.11789732426404953,True
100,42,10,0.05929528921842575,True
100,42,15,0.05025358125567436,True
100,42,20,0.11469126492738724,True
100,42,25,0.1889384388923645,True
100,42,30,0.2495918720960617,True
100,42,35,0.24570965766906738,True
100,42,40,0.3052408695220947,True
100,42,45,0.11990821361541748,True
100,42,50,0.06348400563001633,True
100,42,55,0.1142977699637413,True
100,42,60,0.03758449852466583,True
100,42,65,0.03466551750898361,True
100,42,70,0.07466425001621246,True
100,42,75,0.06753058731555939,True
100,43,10,0.047019340097904205,True
100,43,15,0.06920256465673447,True
100,43,20,0.2321750670671463,True
100,43,25,0.27356866002082825,True
100,43,30,0.17094559967517853,True
100,43,35,0.22853532433509827,True
100,43,40,0.19482116401195526,True
100,43,45,0.10384749621152878,True
100,43,50,0.09551823139190674,True
100,43,55,0.07321828603744507,True
100,43,60,0.025889599695801735,True
100,43,65,0.0942794606089592,True
100,43,70,0.12005756795406342,True
100,44,10,0.06377647817134857,True
100,44,15,0.06398438662290573,True
100,44,20,0.22628434002399445,True
100,44,25,0.20763954520225525,True
100,44,30,0.15257462859153748,True
100,44,35,0.21672499179840088,True
100,44,40,0.1537090688943863,True
100,44,45,0.11031157523393631,True
100,44,50,0.03481529653072357,True
100,44,55,0.09910912066698074,True
100,44,60,0.0524970144033432,True
100,44,65,0.08591669797897339,True
100,44,70,0.08228250592947006,True
100,45,10,0.05983282998204231,True
100,45,15,0.08264680206775665,True
100,45,20,0.2526346743106842,True
100,45,25,0.22229312360286713,True
100,45,30,0.16042359173297882,True
100,45,35,0.21541032195091248,True
100,45,40,0.17552651464939117,True
100,45,45,0.07978688925504684,True
100,45,50,0.03612280264496803,True
100,45,55,0.07712750881910324,True
100,45,60,0.03917630389332771,True
100,45,65,0.11994022876024246,True
100,45,70,0.16383560001850128,True
100,46,10,0.04995819926261902,True
100,46,15,0.060223620384931564,True
100,46,20,0.12107524275779724,True
100,46,25,0.17067912220954895,True
100,46,30,0.1726953536272049,True
100,46,35,0.14032261073589325,True
100,46,40,0.22515539824962616,True
100,46,45,0.11929614841938019,True
100,46,50,0.073795847594738,True
100,46,55,0.10545985400676727,True
100,46,60,0.027960360050201416,True
100,46,65,0.03484947234392166,True
100,46,70,0.046010587364435196,True
100,46,75,0.05948030203580856,True
100,47,10,0.05412838235497475,True
100,47,15,0.06198475509881973,True
100,47,20,0.12879343330860138,True
100,47,25,0.2101670205593109,True
100,47,30,0.2927536368370056,True
100,47,35,0.26174676418304443,True
100,47,40,0.2740257978439331,True
100,47,45,0.12701329588890076,True
100,47,50,0.110248863697052,True
100,47,55,0.06482759118080139,True
100,47,60,0.038203977048397064,True
100,47,65,0.06859841197729111,True
100,47,70,0.11047590523958206,True
100,48,10,0.05278775468468666,True
100,48,15,0.06440266221761703,True
100,48,20,0.18545196950435638,True
100,48,25,0.2073804885149002,True
100,48,30,0.16165077686309814,True
100,48,35,0.20319224894046783,True
100,48,40,0.24656186997890472,True
100,48,45,0.09273990243673325,True
100,48,50,0.05764535441994667,True
100,48,55,0.05528772249817848,True
100,48,60,0.02558271586894989,True
100,48,65,0.041341591626405716,True
100,48,70,0.07936760038137436,True
100,48,75,0.10126978904008865,True
100,49,10,0.055277545005083084,True
100,49,15,0.06194242089986801,True
100,49,20,0.12776140868663788,True
100,49,25,0.1713859885931015,True
100,49,30,0.20162828266620636,True
100,49,35,0.18426944315433502,True
100,49,40,0.2741662859916687,True
100,49,45,0.1231871098279953,True
100,49,50,0.05408477783203125,True
100,49,55,0.06882152706384659,True
100,49,60,0.031691331416368484,True
100,49,65,0.0486685149371624,True
100,49,70,0.07957842946052551,True
200,0,10,0.10199608653783798,True
200,0,15,0.06354811042547226,True
200,0,20,0.22525472939014435,True
200,0,25,0.18534231185913086,True
200,0,30,0.11141545325517654,True
200,0,35,0.13910046219825745,True
200,0,40,0.16331052780151367,True
200,0,45,0.09078013896942139,True
200,0,50,0.06512603908777237,True
200,0,55,0.05614928528666496,True
200,0,60,0.022665347903966904,True
200,0,65,0.021636327728629112,True
200,1,10,0.12869182229042053,True
200,1,15,0.0767144113779068,True
200,1,20,0.22734655439853668,True
200,1,25,0.12135615944862366,True
200,1,30,0.07597880065441132,True
200,1,35,0.12617501616477966,True
200,1,40,0.08868158608675003,True
200,1,45,0.08319433033466339,True
200,1,50,0.031023647636175156,True
200,1,55,0.0309683196246624,True
200,1,60,0.018906960263848305,True
200,1,65,0.034374382346868515,True
200,2,10,0.12741009891033173,True
200,2,15,0.06654474139213562,True
200,2,20,0.21840782463550568,True
200,2,25,0.14840038120746613,True
200,2,30,0.11931008845567703,True
200,2,35,0.1510697603225708,True
200,2,40,0.11099854111671448,True
200,2,45,0.10025204718112946,True
200,2,50,0.03728469833731651,True
200,2,55,0.0455896221101284,True
200,2,60,0.020750530064105988,True
200,2,65,0.035278432071208954,True
200,3,10,0.09937801957130432,True
200,3,15,0.08372735232114792,True
200,3,20,0.19644795358181,True
200,3,25,0.18231041729450226,True
200,3,30,0.1461130678653717,True
200,3,35,0.1976265162229538,True
200,3,40,0.1312829852104187,True
200,3,45,0.10034095495939255,True
200,3,50,0.06282917410135269,True
200,3,55,0.0649656131863594,True
200,3,60,0.0287390798330307,True
200,3,65,0.027647200971841812,True
200,4,10,0.11390583962202072,True
200,4,15,0.07980401068925858,True
200,4,20,0.22278054058551788,True
200,4,25,0.13882030546665192,True
200,4,30,0.08632005751132965,True
200,4,35,0.26326000690460205,True
200,4,40,0.2184915840625763,True
200,4,45,0.04113053157925606,True
200,4,50,0.02445738948881626,True
200,4,55,0.02916381135582924,True
200,4,60,0.03922107815742493,True
200,4,65,0.33196550607681274,True
200,5,10,0.11483960598707199,True
200,5,15,0.0703800618648529,True
200,5,20,0.2531879246234894,True
200,5,25,0.16255149245262146,True
200,5,30,0.08531440794467926,True
200,5,35,0.2734101414680481,True
200,5,40,0.14884108304977417,True
200,5,45,0.05264570191502571,True
200,5,50,0.03385356441140175,True
200,5,55,0.048154428601264954,True
200,5,60,0.021958276629447937,True
200,6,10,0.13740576803684235,True
200,6,15,0.0961189940571785,True
200,6,20,0.21200470626354218,True
200,6,25,0.12318442761898041,True
200,6,30,0.09056813269853592,True
200,6,35,0.11321831494569778,True
200,6,40,0.0984165295958519,True
200,6,45,0.08070399612188339,True
200,6,50,0.03085055761039257,True
200,6,55,0.04871266335248947,True
200,6,60,0.02201937884092331,True
200,6,65,0.05351991206407547,True
200,7,10,0.12038254737854004,True
200,7,15,0.06265512108802795,True
200,7,20,0.2587580978870392,True
200,7,25,0.15594170987606049,True
200,7,30,0.10713279247283936,True
200,7,35,0.2725169360637665,True
200,7,40,0.09615985304117203,True
200,7,45,0.09305547922849655,True
200,7,50,0.05017586052417755,True
200,7,55,0.0586254857480526,True
200,7,60,0.022182337939739227,True
200,8,10,0.08380302786827087,True
200,8,15,0.0828290805220604,True
200,8,20,0.1920987069606781,True
200,8,25,0.14287416636943817,True
200,8,30,0.10300998389720917,True
200,8,35,0.13358984887599945,True
200,8,40,0.0850452408194542,True
200,8,45,0.06640356779098511,True
200,8,50,0.032676443457603455,True
200,8,55,0.04662490636110306,True
200,8,60,0.06558769196271896,True
200,9,10,0.13526718318462372,True
200,9,15,0.07671811431646347,True
200,9,20,0.2187831848859787,True
200,9,25,0.1587269902229309,True
200,9,30,0.11844199150800705,True
200,9,35,0.23350359499454498,True
200,9,40,0.1571734994649887,True
200,9,45,0.08905841410160065,True
200,9,50,0.07125794142484665,True
200,9,55,0.051489848643541336,True
200,9,60,0.026934457942843437,True
200,9,65,0.024837005883455276,True
200,10,10,0.09922056645154953,True
200,10,15,0.08556051552295685,True
200,10,20,0.10633381456136703,True
200,10,25,0.1446060687303543,True
200,10,30,0.12734247744083405,True
200,10,35,0.15362069010734558,True
200,10,40,0.33656051754951477,True
200,10,45,0.09195555001497269,True
200,10,50,0.05870838463306427,True
200,10,55,0.057431355118751526,True
200,10,60,0.03547242656350136,True
200,10,65,0.024860283359885216,True
200,10,70,0.03633153438568115,True
200,11,10,0.14683568477630615,True
200,11,15,0.10492894053459167,True
200,11,20,0.13208027184009552,True
200,11,25,0.13611945509910583,True
200,11,30,0.10102571547031403,True
200,11,35,0.0985310971736908,True
200,11,40,0.11944194883108139,True
200,11,45,0.11847051978111267,True
200,11,50,0.056624576449394226,True
200,11,55,0.0493457205593586,True
200,11,60,0.017483502626419067,True
200,11,65,0.02980133332312107,True
200,12,10,0.13168072700500488,True
200,12,15,0.08188766241073608,True
200,12,20,0.24379132688045502,True
200,12,25,0.12745976448059082,True
200,12,30,0.08506074547767639,True
200,12,35,0.14172431826591492,True
200,12,40,0.09916245192289352,True
200,12,45,0.07043417543172836,True
200,12,50,0.0389130674302578,True
200,12,55,0.041993025690317154,True
200,12,60,0.032016802579164505,True
200,12,65,0.1073191836476326,True
200,13,10,0.11295565962791443,True
200,13,15,0.06560028344392776,True
200,13,20,0.23940421640872955,True
200,13,25,0.14318902790546417,True
200,13,30,0.09665939956903458,True
200,13,35,0.19346711039543152,True
200,13,40,0.2070348709821701,True
200,13,45,0.09070665389299393,True
200,13,50,0.02925611101090908,True
200,13,55,0.045842938125133514,True
200,13,60,0.018839390948414803,True
200,13,65,0.03988386318087578,True
200,14,10,0.14208590984344482,True
200,14,15,0.08173878490924835,True
200,14,20,0.0889318436384201,True
200,14,25,0.13316543400287628,True
200,14,30,0.11278996616601944,True
200,14,35,0.16260987520217896,True
200,14,40,0.11249378323554993,True
200,14,45,0.05865020677447319,True
200,14,50,0.054466042667627335,True
200,14,55,0.04938913881778717,True
200,14,60,0.030792666599154472,True
200,14,65,0.017779020592570305,True
200,14,70,0.05728743225336075,True
200,15,10,0.0975092202425003,True
200,15,15,0.07970625162124634,True
200,15,20,0.24574117362499237,True
200,15,25,0.21915237605571747,True
200,15,30,0.14473626017570496,True
200,15,35,0.4857337772846222,True
200,15,40,0.13931460678577423,True
200,15,45,0.062380190938711166,True
200,15,50,0.025617197155952454,True
200,15,55,0.04280799254775047,True
200,15,60,0.03115060180425644,True
200,16,10,0.11216598749160767,True
200,16,15,0.07723410427570343,True
200,16,20,0.25054481625556946,True
200,16,25,0.17978841066360474,True
200,16,30,0.1332501322031021,True
200,16,35,0.4477428197860718,True
200,16,40,0.6545258164405823,True
200,16,45,0.05826245993375778,True
200,16,50,0.01777486503124237,True
200,16,55,0.03442540392279625,True
200,16,60,0.01884680800139904,True
200,16,65,0.05763768032193184,True
200,17,10,0.10237591713666916,True
200,17,15,0.07817437499761581,True
200,17,20,0.17244252562522888,True
200,17,25,0.14305606484413147,True
200,17,30,0.10145273059606552,True
200,17,35,0.11081729084253311,True
200,17,40,0.0962071418762207,True
200,17,45,0.09403852373361588,True
200,17,50,0.051880061626434326,True
200,17,55,0.06285230070352554,True
200,17,60,0.02640577033162117,True
200,17,65,0.016040120273828506,True
200,18,10,0.10141120851039886,True
200,18,15,0.07205064594745636,True
200,18,20,0.20394694805145264,True
200,18,25,0.160751074552536,True
200,18,30,0.12405975908041,True
200,18,35,0.25808703899383545,True
200,18,40,0.20723216235637665,True
200,18,45,0.09427493810653687,True
200,18,50,0.07710056751966476,True
200,18,55,0.054384056478738785,True
200,18,60,0.017351441085338593,True
200,18,65,0.021229634061455727,True
200,19,10,0.1515703797340393,True
200,19,15,0.07591232657432556,True
200,19,20,0.15963581204414368,True
200,19,25,0.14676858484745026,True
200,19,30,0.09314465522766113,True
200,19,35,0.10699260234832764,True
200,19,40,0.11157383769750595,True
200,19,45,0.09379008412361145,True
200,19,50,0.04130033403635025,True
200,19,55,0.042547717690467834,True
200,19,60,0.025009403005242348,True
200,19,65,0.03247290849685669,True
200,20,10,0.09868001937866211,True
200,20,15,0.07511747628450394,True
200,20,20,0.27327197790145874,True
200,20,25,0.21428382396697998,True
200,20,30,0.13313911855220795,True
200,20,35,0.3317921459674835,True
200,20,40,0.1149594634771347,True
200,20,45,0.06621045619249344,True
200,20,50,0.05016998201608658,True
200,20,55,0.040293727070093155,True
200,20,60,0.01671941950917244,True
200,21,10,0.1331990659236908,True
200,21,15,0.06840748339891434,True
200,21,20,0.2031441330909729,True
200,21,25,0.10840165615081787,True
200,21,30,0.08612867444753647,True
200,21,35,0.1544354110956192,True
200,21,40,0.1468743532896042,True
200,21,45,0.11349973827600479,True
200,21,50,0.04054281488060951,True
200,21,55,0.041024453938007355,True
200,21,60,0.024598954245448112,True
200,21,65,0.06400295346975327,True
200,22,10,0.13054515421390533,True
200,22,15,0.09167791903018951,True
200,22,20,0.12004990130662918,True
200,22,25,0.11506480723619461,True
200,22,30,0.07578472793102264,True
200,22,35,0.1085933968424797,True
200,22,40,0.1281183958053589,True
200,22,45,0.0885423943400383,True
200,22,50,0.027971532195806503,True
200,22,55,0.05050111562013626,True
200,22,60,0.029071073979139328,True
200,22,65,0.07139106094837189,True
200,23,10,0.0886383131146431,True
200,23,15,0.05854318290948868,True
200,23,20,0.2528243064880371,True
200,23,25,0.179815873503685,True
200,23,30,0.07769725471735,True
200,23,35,0.2660105228424072,True
200,23,40,0.11411064863204956,True
200,23,45,0.09027879685163498,True
200,23,50,0.07051505148410797,True
200,23,55,0.060409676283597946,True
200,23,60,0.020134536549448967,True
200,24,10,0.14490863680839539,True
200,24,15,0.07183141261339188,True
200,24,20,0.18545804917812347,True
200,24,25,0.11402679234743118,True
200,24,30,0.11435617506504059,True
200,24,35,0.12368547916412354,True
200,24,40,0.13747327029705048,True
200,24,45,0.0746297761797905,True
200,24,50,0.0381278321146965,True
200,24,55,0.04075803607702255,True
200,24,60,0.02040679007768631,True
200,24,65,0.038692407310009,True
200,25,10,0.13468602299690247,True
200,25,15,0.0789363756775856,True
200,25,20,0.17095528542995453,True
200,25,25,0.1255377233028412,True
200,25,30,0.08999832719564438,True
200,25,35,0.13256734609603882,True
200,25,40,0.10776535421609879,True
200,25,45,0.09592657536268234,True
200,25,50,0.07256036251783371,True
200,25,55,0.05145315080881119,True
200,25,60,0.019063035026192665,True
200,25,65,0.031625352799892426,True
200,26,10,0.10221032053232193,True
200,26,15,0.08583029359579086,True
200,26,20,0.2714320421218872,True
200,26,25,0.22487826645374298,True
200,26,30,0.12217972427606583,True
200,26,35,0.3929680287837982,True
200,26,40,0.07595980167388916,True
200,26,45,0.08798566460609436,True
200,26,50,0.05784435197710991,True
200,26,55,0.04168257117271423,True
200,26,60,0.020727401599287987,True
200,27,10,0.13148075342178345,True
200,27,15,0.0871129259467125,True
200,27,20,0.11804623156785965,True
200,27,25,0.13096624612808228,True
200,27,30,0.0942983478307724,True
200,27,35,0.1425989419221878,True
200,27,40,0.11822773516178131,True
200,27,45,0.09137768298387527,True
200,27,50,0.06024354696273804,True
200,27,55,0.061541274189949036,True
200,27,60,0.028945524245500565,True
200,27,65,0.03718051314353943,True
200,28,10,0.11968925595283508,True
200,28,15,0.05885550379753113,True
200,28,20,0.21371032297611237,True
200,28,25,0.13692696392536163,True
200,28,30,0.09433142095804214,True
200,28,35,0.1536281406879425,True
200,28,40,0.1340808868408203,True
200,28,45,0.09243614971637726,True
200,28,50,0.04456929862499237,True
200,28,55,0.05139227956533432,True
200,28,60,0.022365029901266098,True
200,28,65,0.093288354575634,True
200,29,10,0.10095279663801193,True
200,29,15,0.07484401017427444,True
200,29,20,0.25256016850471497,True
200,29,25,0.168112650513649,True
200,29,30,0.11793365329504013,True
200,29,35,0.2721397578716278,True
200,29,40,0.11134515702724457,True
200,29,45,0.08545126765966415,True
200,29,50,0.044141918420791626,True
200,29,55,0.0380842424929142,True
200,29,60,0.02427416667342186,True
200,30,10,0.07785286754369736,True
200,30,15,0.06376715004444122,True
200,30,20,0.16495825350284576,True
200,30,25,0.1644391119480133,True
200,30,30,0.12779057025909424,True
200,30,35,0.1520373523235321,True
200,30,40,0.15965813398361206,True
200,30,45,0.09889715164899826,True
200,30,50,0.06422027945518494,True
200,30,55,0.05173486843705177,True
200,30,60,0.018934093415737152,True
200,30,65,0.010544919408857822,True
200,30,70,0.04735253006219864,True
200,31,10,0.134586364030838,True
200,31,15,0.07668161392211914,True
200,31,20,0.17521004378795624,True
200,31,25,0.14853829145431519,True
200,31,30,0.09989799559116364,True
200,31,35,0.18046873807907104,True
200,31,40,0.15567876398563385,True
200,31,45,0.0809769481420517,True
200,31,50,0.052646566182374954,True
200,31,55,0.05590524896979332,True
200,31,60,0.024634510278701782,True
200,31,65,0.026208780705928802,True
200,32,10,0.14238858222961426,True
200,32,15,0.08591445535421371,True
200,32,20,0.20093920826911926,True
200,32,25,0.21160843968391418,True
200,32,30,0.1611831933259964,True
200,32,35,0.2862837612628937,True
200,32,40,0.4681800603866577,True
200,32,45,0.077329620718956,True
200,32,50,0.05334925651550293,True
200,32,55,0.04911014065146446,True
200,32,60,0.018954172730445862,True
200,32,65,0.02471594512462616,True
200,33,10,0.14591777324676514,True
200,33,15,0.07669377326965332,True
200,33,20,0.2886894643306732,True
200,33,25,0.16056178510189056,True
200,33,30,0.10644319653511047,True
200,33,35,0.2918332815170288,True
200,33,40,0.14125466346740723,True
200,33,45,0.0766313299536705,True
200,33,50,0.036081887781620026,True
200,33,55,0.03674094378948212,True
200,33,60,0.020261306315660477,True
200,34,10,0.1405249387025833,True
200,34,15,0.09923778474330902,True
200,34,20,0.22602157294750214,True
200,34,25,0.14246812462806702,True
200,34,30,0.10964424908161163,True
200,34,35,0.1586070954799652,True
200,34,40,0.2284523993730545,True
200,34,45,0.07066638022661209,True
200,34,50,0.03095150925219059,True
200,34,55,0.05014999955892563,True
200,34,60,0.01919320411980152,True
200,34,65,0.04350331425666809,True
200,35,10,0.08331985771656036,True
200,35,15,0.059666167944669724,True
200,35,20,0.23389726877212524,True
200,35,25,0.18218232691287994,True
200,35,30,0.12506003677845,True
200,35,35,0.17284180223941803,True
200,35,40,0.1844746470451355,True
200,35,45,0.1067124530673027,True
200,35,50,0.0684984028339386,True
200,35,55,0.04446513578295708,True
200,35,60,0.02120818942785263,True
200,35,65,0.025087330490350723,True
200,36,10,0.11089202016592026,True
200,36,15,0.08182982355356216,True
200,36,20,0.22480162978172302,True
200,36,25,0.16792042553424835,True
200,36,30,0.12646561861038208,True
200,36,35,0.31679683923721313,True
200,36,40,0.33568355441093445,True
200,36,45,0.0788571685552597,True
200,36,50,0.056129489094018936,True
200,36,55,0.05175785347819328,True
200,36,60,0.018017921596765518,True
200,36,65,0.0845918133854866,True
200,37,10,0.13502702116966248,True
200,37,15,0.05987320467829704,True
200,37,20,0.21378131210803986,True
200,37,25,0.10673069953918457,True
200,37,30,0.08130418509244919,True
200,37,35,0.12773774564266205,True
200,37,40,0.15836101770401,True
200,37,45,0.07797838002443314,True
200,37,50,0.04370223358273506,True
200,37,55,0.04059014096856117,True
200,37,60,0.022185517475008965,True
200,37,65,0.046086739748716354,True
200,38,10,0.10529232025146484,True
200,38,15,0.07442548871040344,True
200,38,20,0.16652457416057587,True
200,38,25,0.15102912485599518,True
200,38,30,0.09348796308040619,True
200,38,35,0.17864581942558289,True
200,38,40,0.12288574129343033,True
200,38,45,0.0905461311340332,True
200,38,50,0.042667996138334274,True
200,38,55,0.046562645584344864,True
200,38,60,0.020447729155421257,True
200,38,65,0.11307749152183533,True
200,39,10,0.08092708140611649,True
200,39,15,0.07313710451126099,True
200,39,20,0.20869038999080658,True
200,39,25,0.16454458236694336,True
200,39,30,0.07064499706029892,True
200,39,35,0.20544831454753876,True
200,39,40,0.10506163537502289,True
200,39,45,0.06466136872768402,True
200,39,50,0.0427955687046051,True
200,39,55,0.03839920088648796,True
200,39,60,0.04030947759747505,True
200,40,10,0.06795252114534378,True
200,40,15,0.0653761774301529,True
200,40,20,0.22498853504657745,True
200,40,25,0.18484921753406525,True
200,40,30,0.13121846318244934,True
200,40,35,0.1954350471496582,True
200,40,40,0.0959177240729332,True
200,40,45,0.10658862441778183,True
200,40,50,0.05715232715010643,True
200,40,55,0.05165154114365578,True
200,40,60,0.020779134705662727,True
200,40,65,0.023246105760335922,True
200,41,10,0.11029747873544693,True
200,41,15,0.07884155213832855,True
200,41,20,0.17130140960216522,True
200,41,25,0.13706164062023163,True
200,41,30,0.08961548656225204,True
200,41,35,0.14845788478851318,True
200,41,40,0.10007309913635254,True
200,41,45,0.04863179847598076,True
200,41,50,0.020656544715166092,True
200,41,55,0.041605327278375626,True
200,41,60,0.03363162651658058,True
200,41,65,0.34009766578674316,True
200,42,10,0.12289316952228546,True
200,42,15,0.09255227446556091,True
200,42,20,0.1674729287624359,True
200,42,25,0.1991814523935318,True
200,42,30,0.17399536073207855,True
200,42,35,0.21627113223075867,True
200,42,40,0.3883979320526123,True
200,42,45,0.08758300542831421,True
200,42,50,0.057434726506471634,True
200,42,55,0.06037234142422676,True
200,42,60,0.021531851962208748,True
200,42,65,0.020673107355833054,True
200,43,10,0.07322348654270172,True
200,43,15,0.07623207569122314,True
200,43,20,0.3353079855442047,True
200,43,25,0.2950597405433655,True
200,43,30,0.2120678722858429,True
200,43,35,0.36843374371528625,True
200,43,40,0.13046832382678986,True
200,43,45,0.08918733149766922,True
200,43,50,0.05105093494057655,True
200,43,55,0.04809707775712013,True
200,43,60,0.01899813674390316,True
200,44,10,0.08756215870380402,True
200,44,15,0.07773648947477341,True
200,44,20,0.18959014117717743,True
200,44,25,0.15524791181087494,True
200,44,30,0.07107212394475937,True
200,44,35,0.18469808995723724,True
200,44,40,0.07450778782367706,True
200,44,45,0.0738140270113945,True
200,44,50,0.039368920028209686,True
200,44,55,0.030487334355711937,True
200,44,60,0.01306989137083292,True
200,44,65,0.03053114004433155,True
200,45,10,0.10827303677797318,True
200,45,15,0.08296888321638107,True
200,45,20,0.20579707622528076,True
200,45,25,0.1349162757396698,True
200,45,30,0.08830886334180832,True
200,45,35,0.1713547706604004,True
200,45,40,0.08989931643009186,True
200,45,45,0.05160360410809517,True
200,45,50,0.02198895253241062,True
200,45,55,0.04877002537250519,True
200,45,60,0.09502430260181427,True
200,46,10,0.11494126170873642,True
200,46,15,0.06415179371833801,True
200,46,20,0.17263442277908325,True
200,46,25,0.12696793675422668,True
200,46,30,0.06419651210308075,True
200,46,35,0.14695821702480316,True
200,46,40,0.134803906083107,True
200,46,45,0.07916667312383652,True
200,46,50,0.05869859457015991,True
200,46,55,0.04745323210954666,True
200,46,60,0.01861513964831829,True
200,46,65,0.020171839743852615,True
200,47,10,0.10956112295389175,True
200,47,15,0.07201839983463287,True
200,47,20,0.2022547572851181,True
200,47,25,0.18331842124462128,True
200,47,30,0.18191304802894592,True
200,47,35,0.2583942711353302,True
200,47,40,0.10183510184288025,True
200,47,45,0.07891789823770523,True
200,47,50,0.057687364518642426,True
200,47,55,0.0601668618619442,True
200,47,60,0.024409286677837372,True
200,48,10,0.1181858628988266,True
200,48,15,0.07141786068677902,True
200,48,20,0.19531232118606567,True
200,48,25,0.15219832956790924,True
200,48,30,0.10732807219028473,True
200,48,35,0.27928999066352844,True
200,48,40,0.25835731625556946,True
200,48,45,0.09501487761735916,True
200,48,50,0.04787822067737579,True
200,48,55,0.03633875772356987,True
200,48,60,0.021049829199910164,True
200,49,10,0.08550597727298737,True
200,49,15,0.05525292083621025,True
200,49,20,0.1796116977930069,True
200,49,25,0.18679679930210114,True
200,49,30,0.14572308957576752,True
200,49,35,0.20783022046089172,True
200,49,40,0.2274056375026703,True
200,49,45,0.07240462303161621,True
200,49,50,0.07368896901607513,True
200,49,55,0.06290184706449509,True
200,49,60,0.030996644869446754,True
200,49,65,0.023294055834412575,True
300,0,10,0.13902266323566437,True
300,0,15,0.06166835501790047,True
300,0,20,0.10087988525629044,True
300,0,25,0.11569496989250183,True
300,0,30,0.061097823083400726,True
300,0,35,0.1154317855834961,True
300,0,40,0.09364332258701324,True
300,0,45,0.07907542586326599,True
300,0,50,0.12013274431228638,True
300,0,55,0.04374830797314644,True
300,0,60,0.04533123970031738,True
300,0,65,0.03140582516789436,True
300,0,70,0.03499265015125275,True
300,0,75,0.058984607458114624,True
300,1,10,0.11447365581989288,True
300,1,15,0.06712422519922256,True
300,1,20,0.15210308134555817,True
300,1,25,0.12477067112922668,True
300,1,30,0.06555459648370743,True
300,1,35,0.0904167890548706,True
300,1,40,0.15855389833450317,True
300,1,45,0.06011580675840378,True
300,1,50,0.0593213327229023,True
300,1,55,0.02791602723300457,True
300,1,60,0.055912408977746964,True
300,1,65,0.03415703773498535,True
300,1,70,0.030610570684075356,True
300,2,10,0.10755689442157745,True
300,2,15,0.060383472591638565,True
300,2,20,0.15592457354068756,True
300,2,25,0.11807969212532043,True
300,2,30,0.12265554815530777,True
300,2,35,0.1712503582239151,True
300,2,40,0.12760251760482788,True
300,2,45,0.16219638288021088,True
300,2,50,0.09164609760046005,True
300,2,55,0.05709419772028923,True
300,2,60,0.03794734179973602,True
300,2,65,0.02674049884080887,True
300,2,70,0.03876681253314018,True
300,2,75,0.059939924627542496,True
300,3,10,0.08607698976993561,True
300,3,15,0.10237964987754822,True
300,3,20,0.13247226178646088,True
300,3,25,0.09942276030778885,True
300,3,30,0.07459185272455215,True
300,3,35,0.1407964825630188,True
300,3,40,0.12672562897205353,True
300,3,45,0.1601664125919342,True
300,3,50,0.1024584248661995,True
300,3,55,0.06833751499652863,True
300,3,60,0.04518910124897957,True
300,3,65,0.043505799025297165,True
300,3,70,0.05342086777091026,True
300,3,75,0.05766237527132034,True
300,4,10,0.11254862695932388,True
300,4,15,0.07346177846193314,True
300,4,20,0.15320120751857758,True
300,4,25,0.14733116328716278,True
300,4,30,0.08934427797794342,True
300,4,35,0.12933801114559174,True
300,4,40,0.2938782572746277,True
300,4,45,0.09351597726345062,True
300,4,50,0.08050421625375748,True
300,4,55,0.05620254576206207,True
300,4,60,0.04706220328807831,True
300,4,65,0.023010194301605225,True
300,4,70,0.04136142134666443,True
300,4,75,0.3284375071525574,True
300,5,10,0.10498972237110138,True
300,5,15,0.06821595877408981,True
300,5,20,0.12155640870332718,True
300,5,25,0.1619507074356079,True
300,5,30,0.15604741871356964,True
300,5,35,0.1722961962223053,True
300,5,40,0.2422162890434265,True
300,5,45,0.1319155991077423,True
300,5,50,0.07894191145896912,True
300,5,55,0.02665604278445244,True
300,5,60,0.026980474591255188,True
300,5,65,0.024281548336148262,True
300,5,70,0.046412430703639984,True
300,5,75,0.2729722261428833,True
300,6,10,0.1023751050233841,True
300,6,15,0.0795886293053627,True
300,6,20,0.13570047914981842,True
300,6,25,0.1424069106578827,True
300,6,30,0.11547306180000305,True
300,6,35,0.15841911733150482,True
300,6,40,0.17152130603790283,True
300,6,45,0.15350110828876495,True
300,6,50,0.06714693456888199,True
300,6,55,0.052095793187618256,True
300,6,60,0.04067308083176613,True
300,6,65,0.02537306770682335,True
300,6,70,0.04357201233506203,True
300,7,10,0.08543650060892105,True
300,7,15,0.06318366527557373,True
300,7,20,0.1483459621667862,True
300,7,25,0.12159963697195053,True
300,7,30,0.11396219581365585,True
300,7,35,0.16610997915267944,True
300,7,40,0.08519097417593002,True
300,7,45,0.17063289880752563,True
300,7,50,0.06167569383978844,True
300,7,55,0.054279446601867676,True
300,7,60,0.03594920039176941,True
300,7,65,0.03188447654247284,True
300,7,70,0.05159046873450279,True
300,8,10,0.04569411650300026,True
300,8,15,0.08967579901218414,True
300,8,20,0.14102675020694733,True
300,8,25,0.14713920652866364,True
300,8,30,0.0939958319067955,True
300,8,35,0.1498563140630722,True
300,8,40,0.15580138564109802,True
300,8,45,0.11321409046649933,True
300,8,50,0.07694857567548752,True
300,8,55,0.034746330231428146,True
300,8,60,0.03834494575858116,True
300,8,65,0.03680700063705444,True
300,8,70,0.11194775253534317,True
300,9,10,0.13908569514751434,True
300,9,15,0.0650685727596283,True
300,9,20,0.1651189923286438,True
300,9,25,0.11536668241024017,True
300,9,30,0.1207675039768219,True
300,9,35,0.17699991166591644,True
300,9,40,0.19079045951366425,True
300,9,45,0.12216494232416153,True
300,9,50,0.08427798002958298,True
300,9,55,0.10136917233467102,True
300,9,60,0.07732831686735153,True
300,9,65,0.03105509653687477,True
300,9,70,0.02628260664641857,True
300,9,75,0.07799719274044037,True
300,10,10,0.04788949340581894,False
300,10,15,0.07675661891698837,False
300,10,20,0.08394703269004822,False
300,10,25,0.06832403689622879,False
300,10,30,0.06764300167560577,False
300,10,35,0.1803259253501892,False
300,10,40,0.17938460409641266,False
300,10,45,0.09696966409683228,False
300,10,50,0.16235877573490143,False
300,10,55,0.04249982535839081,False
300,10,60,0.048253316432237625,False
300,10,65,0.035852961242198944,False
300,10,70,0.035213567316532135,False
300,10,75,0.06739812344312668,False
300,10,80,0.09004060178995132,False
300,10,85,0.063141830265522,False
300,10,90,0.10554587841033936,False
300,10,95,0.35623741149902344,False
300,10,100,0.09665712714195251,False
300,10,105,0.034016434103250504,False
300,10,110,0.06028185412287712,False
300,10,115,0.0896996557712555,False
300,10,120,0.43689894676208496,False
300,10,125,0.3124525249004364,False
300,10,130,0.16546617448329926,False
300,10,135,0.10797132551670074,False
300,10,140,0.11646315455436707,False
300,10,145,0.06602830439805984,False
300,10,150,0.37757664918899536,False
300,10,155,0.16812585294246674,False
300,10,160,0.3450597822666168,False
300,10,165,0.07750417292118073,False
300,10,170,0.08156910538673401,False
300,10,175,1.1841422319412231,False
300,10,180,0.0935102105140686,False
300,10,185,0.06566295027732849,False
300,10,190,0.06136719509959221,False
300,10,195,0.26115259528160095,False
300,10,200,0.1360320895910263,False
300,10,205,0.3203304409980774,False
300,10,210,0.3062407970428467,False
300,10,215,0.21623528003692627,False
300,10,220,0.33965304493904114,False
300,10,225,0.2861769497394562,False
300,10,230,0.3397583067417145,False
300,10,235,0.3911682367324829,False
300,10,240,0.1255049854516983,False
300,10,245,0.04410894960165024,False
300,10,250,0.08973384648561478,False
300,10,255,0.08538741618394852,False
300,10,260,0.06592170894145966,False
300,10,265,0.2891826629638672,False
300,10,270,0.11608108878135681,False
300,10,275,0.027184732258319855,False
300,10,280,0.053785890340805054,False
300,10,285,0.1727992445230484,False
300,10,290,0.1479814350605011,False
300,10,295,0.08571979403495789,False
300,10,300,0.13128595054149628,False
300,10,305,0.36550372838974,False
300,10,310,0.44538959860801697,False
300,10,315,0.29545965790748596,False
300,10,320,0.3032199442386627,False
300,10,325,0.29826581478118896,False
300,10,330,0.37448790669441223,False
300,10,335,0.47568127512931824,False
300,10,340,0.27610862255096436,False
300,10,345,0.22652123868465424,False
300,10,350,0.43370959162712097,False
300,10,355,0.29869264364242554,False
300,10,360,0.27093705534935,False
300,10,365,0.3941788673400879,False
300,10,370,0.12953083217144012,False
300,10,375,0.2886073887348175,False
300,10,380,0.3710235357284546,False
300,10,385,0.22908930480480194,False
300,10,390,0.24250656366348267,False
300,10,395,0.2607802152633667,False
300,10,400,0.4637909233570099,False
300,10,405,0.2521456480026245,False
300,11,10,0.10877713561058044,True
300,11,15,0.08421465754508972,True
300,11,20,0.07578807324171066,True
300,11,25,0.0833364725112915,True
300,11,30,0.08315984159708023,True
300,11,35,0.14677345752716064,True
300,11,40,0.13073915243148804,True
300,11,45,0.08165481686592102,True
300,11,50,0.1791919320821762,True
300,11,55,0.04979001730680466,True
300,11,60,0.03297518566250801,True
300,11,65,0.025288114324212074,True
300,11,70,0.041732270270586014,True
300,11,75,0.06686480343341827,True
300,12,10,0.10990654677152634,True
300,12,15,0.0805937722325325,True
300,12,20,0.1580260545015335,True
300,12,25,0.1720690131187439,True
300,12,30,0.13575676083564758,True
300,12,35,0.18090519309043884,True
300,12,40,0.22937700152397156,True
300,12,45,0.12425484508275986,True
300,12,50,0.0675768032670021,True
300,12,55,0.025539623573422432,True
300,12,60,0.020953090861439705,True
300,12,65,0.018302368000149727,True
300,12,70,0.03473200276494026,True
300,12,75,0.10938866436481476,True
300,13,10,0.11720675975084305,True
300,13,15,0.07588023692369461,True
300,13,20,0.15369033813476562,True
300,13,25,0.12776242196559906,True
300,13,30,0.07369863241910934,True
300,13,35,0.1460711807012558,True
300,13,40,0.17619815468788147,True
300,13,45,0.10942985117435455,True
300,13,50,0.05684484913945198,True
300,13,55,0.04199444502592087,True
300,13,60,0.03409356251358986,True
300,13,65,0.024103162810206413,True
300,13,70,0.03960564732551575,True
300,14,10,0.08935058861970901,True
300,14,15,0.058863744139671326,True
300,14,20,0.060894571244716644,True
300,14,25,0.09829773753881454,True
300,14,30,0.11605079472064972,True
300,14,35,0.14499454200267792,True
300,14,40,0.19592955708503723,True
300,14,45,0.14784491062164307,True
300,14,50,0.11845067888498306,True
300,14,55,0.0815495103597641,True
300,14,60,0.04067352041602135,True
300,14,65,0.02377156727015972,True
300,14,70,0.037740714848041534,True
300,14,75,0.08184757083654404,True
300,15,10,0.07103169709444046,True
300,15,15,0.06965107470750809,True
300,15,20,0.19972193241119385,True
300,15,25,0.22546283900737762,True
300,15,30,0.24068449437618256,True
300,15,35,0.29072174429893494,True
300,15,40,0.39706116914749146,True
300,15,45,0.1072419211268425,True
300,15,50,0.048543062061071396,True
300,15,55,0.06177737936377525,True
300,15,60,0.06875728070735931,True
300,15,65,0.023231426253914833,True
300,15,70,0.042450912296772,True
300,15,75,0.1735921949148178,True
300,16,10,0.11879707872867584,True
300,16,15,0.07399029284715652,True
300,16,20,0.18013957142829895,True
300,16,25,0.17023465037345886,True
300,16,30,0.1348208636045456,True
300,16,35,0.18864940106868744,True
300,16,40,0.30411165952682495,True
300,16,45,0.17781293392181396,True
300,16,50,0.04649169743061066,True
300,16,55,0.14435574412345886,True
300,16,60,0.08076274394989014,True
300,16,65,0.04401136562228203,True
300,16,70,0.04098239541053772,True
300,16,75,0.1132526770234108,True
300,17,10,0.044185835868120193,True
300,17,15,0.07840314507484436,True
300,17,20,0.1170901283621788,True
300,17,25,0.12142641097307205,True
300,17,30,0.0853496566414833,True
300,17,35,0.09958038479089737,True
300,17,40,0.1123574897646904,True
300,17,45,0.1626919060945511,True
300,17,50,0.05869119241833687,True
300,17,55,0.053960904479026794,True
300,17,60,0.04020077735185623,True
300,17,65,0.027699392288923264,True
300,17,70,0.05396316573023796,True
300,18,10,0.11021372675895691,True
300,18,15,0.08519948273897171,True
300,18,20,0.1434037983417511,True
300,18,25,0.1211639866232872,True
300,18,30,0.07301397621631622,True
300,18,35,0.10897426307201385,True
300,18,40,0.08876294642686844,True
300,18,45,0.10659909248352051,True
300,18,50,0.0628991574048996,True
300,18,55,0.04544958844780922,True
300,18,60,0.05078042298555374,True
300,18,65,0.02586626634001732,True
300,18,70,0.029414821416139603,True
300,18,75,0.0726192519068718,True
300,19,10,0.12282136082649231,True
300,19,15,0.07286347448825836,True
300,19,20,0.08525588363409042,True
300,19,25,0.10662820935249329,True
300,19,30,0.09159277379512787,True
300,19,35,0.1052129715681076,True
300,19,40,0.1436285525560379,True
300,19,45,0.0948936939239502,True
300,19,50,0.05683641880750656,True
300,19,55,0.035698045045137405,True
300,19,60,0.02926638536155224,True
300,19,65,0.02333146519958973,True
300,19,70,0.03450620919466019,True
300,19,75,0.09778536856174469,True
300,20,10,0.09948227554559708,True
300,20,15,0.06328306347131729,True
300,20,20,0.15815791487693787,True
300,20,25,0.11054510623216629,True
300,20,30,0.08361530303955078,True
300,20,35,0.13820211589336395,True
300,20,40,0.12397672981023788,True
300,20,45,0.1078336238861084,True
300,20,50,0.07783640176057816,True
300,20,55,0.04442406818270683,True
300,20,60,0.05277465656399727,True
300,20,65,0.03304377570748329,True
300,20,70,0.0407775454223156,True
300,20,75,0.06570159643888474,True
300,21,10,0.10773201286792755,True
300,21,15,0.063621386885643,True
300,21,20,0.1193464919924736,True
300,21,25,0.09460312873125076,True
300,21,30,0.07025856524705887,True
300,21,35,0.08466238528490067,True
300,21,40,0.1603233516216278,True
300,21,45,0.10674639791250229,True
300,21,50,0.16818197071552277,True
300,21,55,0.04315219819545746,True
300,21,60,0.02374039590358734,True
300,21,65,0.01925012469291687,True
300,21,70,0.03271329775452614,True
300,21,75,0.3783959746360779,True
300,22,10,0.05477944016456604,True
300,22,15,0.09086857736110687,True
300,22,20,0.09830136597156525,True
300,22,25,0.10966161638498306,True
300,22,30,0.08631345629692078,True
300,22,35,0.14452195167541504,True
300,22,40,0.15729737281799316,True
300,22,45,0.10636420547962189,True
300,22,50,0.04854615777730942,True
300,22,55,0.040981635451316833,True
300,22,60,0.027856595814228058,True
300,22,65,0.023302320390939713,True
300,22,70,0.05138769745826721,True
300,23,10,0.11345616728067398,True
300,23,15,0.05448751151561737,True
300,23,20,0.17547141015529633,True
300,23,25,0.13397786021232605,True
300,23,30,0.10174134373664856,True
300,23,35,0.12643398344516754,True
300,23,40,0.12779410183429718,True
300,23,45,0.1539432555437088,True
300,23,50,0.06283441185951233,True
300,23,55,0.05400964617729187,True
300,23,60,0.0367160439491272,True
300,23,65,0.025729995220899582,True
300,23,70,0.04450153186917305,True
300,24,10,0.10217508673667908,True
300,24,15,0.09854286164045334,True
300,24,20,0.1210356056690216,True
300,24,25,0.1195964515209198,True
300,24,30,0.11165177822113037,True
300,24,35,0.16415253281593323,True
300,24,40,0.15212272107601166,True
300,24,45,0.16504886746406555,True
300,24,50,0.06832634657621384,True
300,24,55,0.032280873507261276,True
300,24,60,0.03554268181324005,True
300,24,65,0.019135965034365654,True
300,24,70,0.042278751730918884,True
300,24,75,0.13819436728954315,True
300,25,10,0.12434503436088562,True
300,25,15,0.07873386144638062,True
300,25,20,0.11700081080198288,True
300,25,25,0.11358221620321274,True
300,25,30,0.09442753344774246,True
300,25,35,0.1599312722682953,True
300,25,40,0.14938075840473175,True
300,25,45,0.11699655652046204,True
300,25,50,0.10319961607456207,True
300,25,55,0.10196300595998764,True
300,25,60,0.07189401239156723,True
300,25,65,0.02747989632189274,True
300,25,70,0.022980330511927605,True
300,25,75,0.05276802182197571,True
300,26,10,0.08294247835874557,True
300,26,15,0.06985529512166977,True
300,26,20,0.18858517706394196,True
300,26,25,0.1408318728208542,True
300,26,30,0.09324171394109726,True
300,26,35,0.1523878127336502,True
300,26,40,0.10459235310554504,True
300,26,45,0.11842986196279526,True
300,26,50,0.058554135262966156,True
300,26,55,0.04720688983798027,True
300,26,60,0.03529408201575279,True
300,26,65,0.029784241691231728,True
300,27,10,0.0813872367143631,True
300,27,15,0.06779402494430542,True
300,27,20,0.05947954207658768,True
300,27,25,0.09864272177219391,True
300,27,30,0.09016568958759308,True
300,27,35,0.14957371354103088,True
300,27,40,0.13332222402095795,True
300,27,45,0.08802999556064606,True
300,27,50,0.16145873069763184,True
300,27,55,0.04723437502980232,True
300,27,60,0.058069754391908646,True
300,27,65,0.03466132655739784,True
300,27,70,0.039433084428310394,True
300,27,75,0.05242348834872246,True
300,28,10,0.10849470645189285,True
300,28,15,0.07554379850625992,True
300,28,20,0.13171108067035675,True
300,28,25,0.10936970263719559,True
300,28,30,0.11771789938211441,True
300,28,35,0.1522270292043686,True
300,28,40,0.13733665645122528,True
300,28,45,0.1720927357673645,True
300,28,50,0.04520704597234726,True
300,28,55,0.037078775465488434,True
300,28,60,0.02717132680118084,True
300,28,65,0.027845920994877815,True
300,28,70,0.07544585317373276,True
300,29,10,0.06770709156990051,True
300,29,15,0.07821851223707199,True
300,29,20,0.1617632955312729,True
300,29,25,0.12106514722108841,True
300,29,30,0.10703646391630173,True
300,29,35,0.12698431313037872,True
300,29,40,0.15039882063865662,True
300,29,45,0.14714404940605164,True
300,29,50,0.07165507227182388,True
300,29,55,0.053755342960357666,True
300,29,60,0.06113195791840553,True
300,29,65,0.028243573382496834,True
300,29,70,0.05432267114520073,True
300,30,10,0.043461259454488754,False
300,30,15,0.0654873326420784,False
300,30,20,0.13233287632465363,False
300,30,25,0.126076340675354,False
300,30,30,0.06571625173091888,False
300,30,35,0.0947895497083664,False
300,30,40,0.12281039357185364,False
300,30,45,0.15599462389945984,False
300,30,50,0.08034883439540863,False
300,30,55,0.05587806552648544,False
300,30,60,0.03659294918179512,False
300,30,65,0.023470690473914146,False
300,30,70,0.04174765571951866,False
300,30,75,0.0803217887878418,False
300,30,80,0.06358165293931961,False
300,30,85,0.0607355460524559,False
300,30,90,0.08695638179779053,False
300,30,95,0.11072253435850143,False
300,30,100,0.07055334746837616,False
300,30,105,0.04498966038227081,False
300,30,110,0.023322585970163345,False
300,30,115,0.1029885783791542,False
300,30,120,0.09731128066778183,False
300,30,125,0.11917877942323685,False
300,30,130,0.050185371190309525,False
300,30,135,0.026820870116353035,False
300,30,140,0.13742850720882416,False
300,30,145,0.0667540431022644,False
300,30,150,0.23613601922988892,False
300,30,155,0.10120554268360138,False
300,30,160,0.05296719819307327,False
300,30,165,0.13278861343860626,False
300,30,170,0.07510930299758911,False
300,30,175,0.5453777313232422,False
300,30,180,0.08110547065734863,False
300,30,185,0.08566924184560776,False
300,30,190,0.09292689710855484,False
300,30,195,0.08011888712644577,False
300,30,200,0.17949582636356354,False
300,30,205,0.21443027257919312,False
300,30,210,0.27641409635543823,False
300,30,215,0.07187939435243607,False
300,30,220,0.2136213332414627,False
300,30,225,0.1685173064470291,False
300,30,230,0.10449837148189545,False
300,30,235,0.09850575029850006,False
300,30,240,0.021384546533226967,False
300,30,245,0.07100361585617065,False
300,30,250,0.10569605231285095,False
300,30,255,0.11443272978067398,False
300,30,260,0.07878167182207108,False
300,30,265,0.061189014464616776,False
300,30,270,0.08646027743816376,False
300,30,275,0.05845523998141289,False
300,30,280,0.8830187916755676,False
300,30,285,0.17951926589012146,False
300,30,290,0.08952493220567703,False
300,30,295,0.03525013104081154,False
300,30,300,0.04581012949347496,False
300,30,305,0.05367438867688179,False
300,30,310,0.32796406745910645,False
300,30,315,0.15551277995109558,False
300,30,320,0.21191251277923584,False
300,30,325,0.2854219377040863,False
300,30,330,0.23673155903816223,False
300,30,335,0.3006092309951782,False
300,30,340,0.061247579753398895,False
300,30,345,0.06727772206068039,False
300,30,350,0.04263683035969734,False
300,30,355,0.027658451348543167,False
300,30,360,0.051960695534944534,False
300,30,365,0.08778337389230728,False
300,30,370,0.03607119619846344,False
300,30,375,0.06335560232400894,False
300,30,380,0.0888814851641655,False
300,30,385,0.09539629518985748,False
300,30,390,0.10829128324985504,False
300,30,395,0.09899533540010452,False
300,30,400,0.09726133942604065,False
300,30,405,0.020441876724362373,False
300,31,10,0.11656055599451065,True
300,31,15,0.07046501338481903,True
300,31,20,0.09059146046638489,True
300,31,25,0.1459449976682663,True
300,31,30,0.11854575574398041,True
300,31,35,0.2455204725265503,True
300,31,40,0.2040918469429016,True
300,31,45,0.09129371494054794,True
300,31,50,0.16517791152000427,True
300,31,55,0.04264432191848755,True
300,31,60,0.045672960579395294,True
300,31,65,0.02894311584532261,True
300,31,70,0.035279903560876846,True
300,31,75,0.051896657794713974,True
300,32,10,0.13788440823554993,True
300,32,15,0.07136835157871246,True
300,32,20,0.1450553834438324,True
300,32,25,0.11768031120300293,True
300,32,30,0.11481490731239319,True
300,32,35,0.16235625743865967,True
300,32,40,0.14623938500881195,True
300,32,45,0.10944635421037674,True
300,32,50,0.11651770770549774,True
300,32,55,0.09864678233861923,True
300,32,60,0.10667945444583893,True
300,32,65,0.07304730266332626,True
300,32,70,0.024967677891254425,True
300,32,75,0.044500529766082764,True
300,33,10,0.11034025251865387,True
300,33,15,0.07389923930168152,True
300,33,20,0.18545737862586975,True
300,33,25,0.1520586460828781,True
300,33,30,0.125011146068573,True
300,33,35,0.21314756572246552,True
300,33,40,0.18590840697288513,True
300,33,45,0.17668266594409943,True
300,33,50,0.09232427924871445,True
300,33,55,0.10593516379594803,True
300,33,60,0.09790239483118057,True
300,33,65,0.04578528180718422,True
300,33,70,0.03684448450803757,True
300,33,75,0.09550980478525162,True
300,34,10,0.11550024151802063,True
300,34,15,0.08840850740671158,True
300,34,20,0.13807669281959534,True
300,34,25,0.14070704579353333,True
300,34,30,0.12088971585035324,True
300,34,35,0.15887567400932312,True
300,34,40,0.2012592852115631,True
300,34,45,0.1531977504491806,True
300,34,50,0.09194059669971466,True
300,34,55,0.056039001792669296,True
300,34,60,0.03589656576514244,True
300,34,65,0.023875834420323372,True
300,34,70,0.04445374011993408,True
300,35,10,0.03924795240163803,False
300,35,15,0.06737685948610306,False
300,35,20,0.13966652750968933,False
300,35,25,0.11079144477844238,False
300,35,30,0.05682957172393799,False
300,35,35,0.08071569353342056,False
300,35,40,0.13684438169002533,False
300,35,45,0.17659606039524078,False
300,35,50,0.07440516352653503,False
300,35,55,0.04759669303894043,False
300,35,60,0.024350928142666817,False
300,35,65,0.02438497729599476,False
300,35,70,0.06515295058488846,False
300,35,75,0.08728163689374924,False
300,35,80,0.09199310094118118,False
300,35,85,0.07062765210866928,False
300,35,90,0.07781173288822174,False
300,35,95,0.06829959899187088,False
300,35,100,0.07170987129211426,False
300,35,105,0.017118040472269058,False
300,35,110,0.04729367420077324,False
300,35,115,0.08554492890834808,False
300,35,120,0.1540832817554474,False
300,35,125,0.18180163204669952,False
300,35,130,0.06155373156070709,False
300,35,135,0.0263325534760952,False
300,35,140,0.07738703489303589,False
300,35,145,0.07662010937929153,False
300,35,150,0.1307668834924698,False
300,35,155,0.03728757053613663,False
300,35,160,0.14717158675193787,False
300,35,165,0.05705242231488228,False
300,35,170,0.05415181443095207,False
300,35,175,0.1532934606075287,False
300,35,180,0.08125398308038712,False
300,35,185,0.030028093606233597,False
300,35,190,0.11774362623691559,False
300,35,195,0.08989029377698898,False
300,35,200,0.0719337910413742,False
300,35,205,0.029640192165970802,False
300,35,210,0.0979057103395462,False
300,35,215,0.0479799285531044,False
300,35,220,0.22013714909553528,False
300,35,225,0.13047564029693604,False
300,35,230,0.0492510087788105,False
300,35,235,0.09136892110109329,False
300,35,240,0.05455853417515755,False
300,35,245,0.13584479689598083,False
300,35,250,0.13156726956367493,False
300,35,255,0.03576046973466873,False
300,35,260,0.06040622293949127,False
300,35,265,0.028318941593170166,False
300,35,270,0.031114431098103523,False
300,35,275,0.03794533386826515,False
300,35,280,0.04178599268198013,False
300,35,285,0.2035573124885559,False
300,35,290,0.043284039944410324,False
300,35,295,0.05647078529000282,False
300,35,300,0.05870656296610832,False
300,35,305,0.07375228404998779,False
300,35,310,0.24362248182296753,False
300,35,315,0.14109595119953156,False
300,35,320,0.27655738592147827,False
300,35,325,0.2549726963043213,False
300,35,330,0.1837218701839447,False
300,35,335,0.11052026599645615,False
300,35,340,0.06489559262990952,False
300,35,345,0.058648884296417236,False
300,35,350,0.05717552825808525,False
300,35,355,0.019750991836190224,False
300,35,360,0.13905833661556244,False
300,35,365,0.11272545158863068,False
300,35,370,0.021798213943839073,False
300,35,375,0.08207786828279495,False
300,35,380,0.05569266900420189,False
300,35,385,0.07501031458377838,False
300,35,390,0.05133210867643356,False
300,35,395,0.10997871309518814,False
300,35,400,0.11560355126857758,False
300,35,405,0.01389079075306654,False
300,36,10,0.11935074627399445,True
300,36,15,0.08517824858427048,True
300,36,20,0.17918941378593445,True
300,36,25,0.13037624955177307,True
300,36,30,0.10695965588092804,True
300,36,35,0.1700877547264099,True
300,36,40,0.10770369321107864,True
300,36,45,0.14293615520000458,True
300,36,50,0.08746305108070374,True
300,36,55,0.06930515170097351,True
300,36,60,0.05558735504746437,True
300,36,65,0.04142056405544281,True
300,36,70,0.03883528336882591,True
300,36,75,0.05224236473441124,True
300,37,10,0.09209170937538147,True
300,37,15,0.07472287118434906,True
300,37,20,0.1402522772550583,True
300,37,25,0.1273975372314453,True
300,37,30,0.06987438350915909,True
300,37,35,0.11005037277936935,True
300,37,40,0.14363814890384674,True
300,37,45,0.07440195977687836,True
300,37,50,0.046709541231393814,True
300,37,55,0.04107840359210968,True
300,37,60,0.06882636994123459,True
300,37,65,0.026473499834537506,True
300,37,70,0.04562178626656532,True
300,37,75,0.3942030072212219,True
300,38,10,0.06522151827812195,True
300,38,15,0.07530230283737183,True
300,38,20,0.11939264088869095,True
300,38,25,0.10494032502174377,True
300,38,30,0.12613153457641602,True
300,38,35,0.2167751044034958,True
300,38,40,0.11985456943511963,True
300,38,45,0.17911934852600098,True
300,38,50,0.06578884273767471,True
300,38,55,0.03354937210679054,True
300,38,60,0.027447111904621124,True
300,38,65,0.025351446121931076,True
300,38,70,0.042392853647470474,True
300,39,10,0.07392401993274689,True
300,39,15,0.07742999494075775,True
300,39,20,0.15668413043022156,True
300,39,25,0.11724050343036652,True
300,39,30,0.07480431348085403,True
300,39,35,0.12141049653291702,True
300,39,40,0.1260749250650406,True
300,39,45,0.10171131044626236,True
300,39,50,0.05728990212082863,True
300,39,55,0.038889605551958084,True
300,39,60,0.031124640256166458,True
300,39,65,0.03210999444127083,True
300,39,70,0.06356647610664368,True
300,40,10,0.08576443046331406,True
300,40,15,0.0792573019862175,True
300,40,20,0.11978872865438461,True
300,40,25,0.1160411387681961,True
300,40,30,0.06802762299776077,True
300,40,35,0.09508921951055527,True
300,40,40,0.0916127860546112,True
300,40,45,0.14531098306179047,True
300,40,50,0.0669420138001442,True
300,40,55,0.06649281829595566,True
300,40,60,0.05139583349227905,True
300,40,65,0.026451746001839638,True
300,40,70,0.03326626494526863,True
300,40,75,0.06720957159996033,True
300,41,10,0.08888881653547287,True
300,41,15,0.07618221640586853,True
300,41,20,0.10783428698778152,True
300,41,25,0.11678338795900345,True
300,41,30,0.07112506777048111,True
300,41,35,0.13350865244865417,True
300,41,40,0.17036846280097961,True
300,41,45,0.06911017000675201,True
300,41,50,0.04685152694582939,True
300,41,55,0.02740657702088356,True
300,41,60,0.027552837505936623,True
300,41,65,0.024346984922885895,True
300,41,70,0.07894487679004669,True
300,42,10,0.12604612112045288,True
300,42,15,0.10926739871501923,True
300,42,20,0.13362139463424683,True
300,42,25,0.1499931514263153,True
300,42,30,0.1461685746908188,True
300,42,35,0.2547639310359955,True
300,42,40,0.1963558793067932,True
300,42,45,0.0960620641708374,True
300,42,50,0.08247651904821396,True
300,42,55,0.06114814803004265,True
300,42,60,0.07220593839883804,True
300,42,65,0.03743996098637581,True
300,42,70,0.03701711446046829,True
300,42,75,0.04206176847219467,True
300,43,10,0.06428339332342148,True
300,43,15,0.08084908127784729,True
300,43,20,0.18138107657432556,True
300,43,25,0.1370980590581894,True
300,43,30,0.07181665301322937,True
300,43,35,0.14638300240039825,True
300,43,40,0.1173127219080925,True
300,43,45,0.11596010625362396,True
300,43,50,0.06420179456472397,True
300,43,55,0.042637184262275696,True
300,43,60,0.04180021211504936,True
300,43,65,0.027324607595801353,True
300,43,70,0.05889833718538284,True
300,44,10,0.0711793452501297,False
300,44,15,0.06455491483211517,False
300,44,20,0.11245862394571304,False
300,44,25,0.14240515232086182,False
300,44,30,0.10041184723377228,False
300,44,35,0.13576070964336395,False
300,44,40,0.16593609750270844,False
300,44,45,0.12138644605875015,False
300,44,50,0.03840025141835213,False
300,44,55,0.047796737402677536,False
300,44,60,0.03305729851126671,False
300,44,65,0.027468765154480934,False
300,44,70,0.05123079568147659,False
300,44,75,0.0871519148349762,False
300,44,80,0.07430241256952286,False
300,44,85,0.04042446240782738,False
300,44,90,0.11647256463766098,False
300,44,95,0.3338642418384552,False
300,44,100,0.061928123235702515,False
300,44,105,0.024655159562826157,False
300,44,110,0.035837337374687195,False
300,44,115,0.10424527525901794,False
300,44,120,0.17524510622024536,False
300,44,125,0.12505783140659332,False
300,44,130,0.10828834772109985,False
300,44,135,0.04678263142704964,False
300,44,140,0.2267744541168213,False
300,44,145,0.27432313561439514,False
300,44,150,0.3836325705051422,False
300,44,155,0.2269497960805893,False
300,44,160,0.22009047865867615,False
300,44,165,0.17601411044597626,False
300,44,170,0.17663997411727905,False
300,44,175,1.853800654411316,False
300,44,180,0.06610573828220367,False
300,44,185,0.16938552260398865,False
300,44,190,0.12056571990251541,False
300,44,195,0.05246227607131004,False
300,44,200,0.13573136925697327,False
300,44,205,0.13261663913726807,False
300,44,210,0.05483192205429077,False
300,44,215,0.08394452184438705,False
300,44,220,0.2255750149488449,False
300,44,225,0.08570661395788193,False
300,44,230,0.04046301171183586,False
300,44,235,0.074708953499794,False
300,44,240,0.015222259797155857,False
300,44,245,0.07761125266551971,False
300,44,250,0.14964133501052856,False
300,44,255,0.0419892817735672,False
300,44,260,0.04646440967917442,False
300,44,265,0.08033999055624008,False
300,44,270,0.02193191461265087,False
300,44,275,0.019882293418049812,False
300,44,280,0.04584221541881561,False
300,44,285,0.1657072901725769,False
300,44,290,0.03749118000268936,False
300,44,295,0.010158504359424114,False
300,44,300,0.11775640398263931,False
300,44,305,0.07898367196321487,False
300,44,310,0.03686784207820892,False
300,44,315,0.07005777955055237,False
300,44,320,0.10365244001150131,False
300,44,325,1.9316136837005615,False
300,44,330,1.865497350692749,False
300,44,335,0.06062110513448715,False
300,44,340,0.07727271318435669,False
300,44,345,0.0964847132563591,False
300,44,350,0.058149904012680054,False
300,44,355,0.023871608078479767,False
300,44,360,0.085548035800457,False
300,44,365,0.06165564805269241,False
300,44,370,0.090349480509758,False
300,44,375,0.07888014614582062,False
300,44,380,0.10625138878822327,False
300,44,385,0.1443479061126709,False
300,44,390,0.09045128524303436,False
300,44,395,0.10396893322467804,False
300,44,400,0.10942181199789047,False
300,44,405,0.014590010046958923,False
300,45,10,0.07613618671894073,True
300,45,15,0.07622306048870087,True
300,45,20,0.13011500239372253,True
300,45,25,0.1293034702539444,True
300,45,30,0.11400550603866577,True
300,45,35,0.1706763207912445,True
300,45,40,0.14825394749641418,True
300,45,45,0.0833774209022522,True
300,45,50,0.0542631633579731,True
300,45,55,0.029869787395000458,True
300,45,60,0.0431145541369915,True
300,45,65,0.03031834214925766,True
300,45,70,0.055973369628190994,True
300,46,10,0.12306880205869675,True
300,46,15,0.04844566434621811,True
300,46,20,0.035598430782556534,True
300,46,25,0.10442754626274109,True
300,46,30,0.0634823739528656,True
300,46,35,0.09925200045108795,True
300,46,40,0.0888010784983635,True
300,46,45,0.2584749460220337,True
300,46,50,0.5369247198104858,True
300,46,55,0.052235197275877,True
300,46,60,0.12377087026834488,True
300,46,65,0.09113775938749313,True
300,46,70,0.034222133457660675,True
300,46,75,0.06133180111646652,True
300,46,80,0.30985644459724426,True
300,47,10,0.10585808008909225,True
300,47,15,0.10115370899438858,True
300,47,20,0.15229353308677673,True
300,47,25,0.13133130967617035,True
300,47,30,0.1133267730474472,True
300,47,35,0.19514597952365875,True
300,47,40,0.11679945141077042,True
300,47,45,0.14550767838954926,True
300,47,50,0.06703190505504608,True
300,47,55,0.06054375320672989,True
300,47,60,0.045944761484861374,True
300,47,65,0.03733351081609726,True
300,47,70,0.04118991643190384,True
300,48,10,0.1010684221982956,True
300,48,15,0.05834855139255524,True
300,48,20,0.10345219075679779,True
300,48,25,0.14152692258358002,True
300,48,30,0.1248367577791214,True
300,48,35,0.1667284071445465,True
300,48,40,0.22897399961948395,True
300,48,45,0.3181104362010956,True
300,48,50,0.09558748453855515,True
300,48,55,0.04996752366423607,True
300,48,60,0.04249878227710724,True
300,48,65,0.021040791645646095,True
300,48,70,0.04302344098687172,True
300,48,75,0.1651507467031479,True
300,49,10,0.07291102409362793,True
300,49,15,0.0747048631310463,True
300,49,20,0.08241322636604309,True
300,49,25,0.07936668395996094,True
300,49,30,0.0640607625246048,True
300,49,35,0.1424773931503296,True
300,49,40,0.1477605402469635,True
300,49,45,0.08243453502655029,True
300,49,50,0.06408803164958954,True
300,49,55,0.05951492860913277,True
300,49,60,0.04583997651934624,True
300,49,65,0.036899566650390625,True
300,49,70,0.04076264798641205,True
300,49,75,0.04726378619670868,True
400,0,10,0.09015365689992905,True
400,0,15,0.04138627648353577,True
400,0,20,0.12301933765411377,True
400,0,25,0.14116249978542328,True
400,0,30,0.1338384598493576,True
400,0,35,0.1381627470254898,True
400,0,40,0.1264677494764328,True
400,0,45,0.16765351593494415,True
400,0,50,0.22858507931232452,True
400,0,55,0.04418791085481644,True
400,0,60,0.057613905519247055,True
400,0,65,0.026278475299477577,True
400,0,70,0.02318715862929821,True
400,0,75,0.016896246001124382,True
400,1,10,0.06676467508077621,True
400,1,15,0.047141291201114655,True
400,1,20,0.19213658571243286,True
400,1,25,0.1511688530445099,True
400,1,30,0.07244397699832916,True
400,1,35,0.1183554083108902,True
400,1,40,0.14871513843536377,True
400,1,45,0.07214581221342087,True
400,1,50,0.1044071689248085,True
400,1,55,0.0619584284722805,True
400,1,60,0.03945373743772507,True
400,1,65,0.01729278266429901,True
400,1,70,0.039046600461006165,True
400,2,10,0.07713589072227478,True
400,2,15,0.04012623801827431,True
400,2,20,0.15631043910980225,True
400,2,25,0.14715576171875,True
400,2,30,0.0976359099149704,True
400,2,35,0.11087701469659805,True
400,2,40,0.1733090877532959,True
400,2,45,0.1422426551580429,True
400,2,50,0.08638498187065125,True
400,2,55,0.051882896572351456,True
400,2,60,0.024751782417297363,True
400,2,65,0.016438661143183708,True
400,2,70,0.04370444640517235,True
400,3,10,0.03265559300780296,True
400,3,15,0.05633476749062538,True
400,3,20,0.11240679025650024,True
400,3,25,0.12274941802024841,True
400,3,30,0.0858607143163681,True
400,3,35,0.10236098617315292,True
400,3,40,0.09436862170696259,True
400,3,45,0.15460410714149475,True
400,3,50,0.12537653744220734,True
400,3,55,0.0947972759604454,True
400,3,60,0.046973902732133865,True
400,3,65,0.03096204809844494,True
400,3,70,0.040661294013261795,True
400,4,10,0.08336509019136429,True
400,4,15,0.046974994242191315,True
400,4,20,0.14285823702812195,True
400,4,25,0.1336425542831421,True
400,4,30,0.10739459842443466,True
400,4,35,0.15006375312805176,True
400,4,40,0.13010765612125397,True
400,4,45,0.06685653328895569,True
400,4,50,0.022384880110621452,True
400,4,55,0.038341693580150604,True
400,4,60,0.028269747272133827,True
400,4,65,0.02326999418437481,True
400,4,70,0.09431065618991852,True
400,5,10,0.09827038645744324,True
400,5,15,0.03944185748696327,True
400,5,20,0.15806755423545837,True
400,5,25,0.11940184235572815,True
400,5,30,0.07360107451677322,True
400,5,35,0.08435695618391037,True
400,5,40,0.20824743807315826,True
400,5,45,0.0710631012916565,True
400,5,50,0.29119065403938293,True
400,5,55,0.04245899245142937,True
400,5,60,0.09021943807601929,True
400,5,65,0.033038727939128876,True
400,5,70,0.04958975687623024,True
400,6,10,0.07689141482114792,True
400,6,15,0.05317612364888191,True
400,6,20,0.12588100135326385,True
400,6,25,0.1345318704843521,True
400,6,30,0.10430102795362473,True
400,6,35,0.11766421049833298,True
400,6,40,0.17321407794952393,True
400,6,45,0.17253048717975616,True
400,6,50,0.05656798183917999,True
400,6,55,0.04416421428322792,True
400,6,60,0.026537051424384117,True
400,6,65,0.026479706168174744,True
400,6,70,0.04833826422691345,True
400,7,10,0.08047031611204147,True
400,7,15,0.04546656087040901,True
400,7,20,0.12518210709095,True
400,7,25,0.07819025218486786,True
400,7,30,0.07541833817958832,True
400,7,35,0.13235458731651306,True
400,7,40,0.08927851915359497,True
400,7,45,0.1410331428050995,True
400,7,50,0.059941161423921585,True
400,7,55,0.07737614214420319,True
400,7,60,0.03345409408211708,True
400,7,65,0.044608160853385925,True
400,8,10,0.03232242539525032,True
400,8,15,0.05386826768517494,True
400,8,20,0.1347513645887375,True
400,8,25,0.13940197229385376,True
400,8,30,0.09820006787776947,True
400,8,35,0.1601494550704956,True
400,8,40,0.12151774764060974,True
400,8,45,0.14863339066505432,True
400,8,50,0.08429912477731705,True
400,8,55,0.056151166558265686,True
400,8,60,0.03995560482144356,True
400,8,65,0.02718191407620907,True
400,9,10,0.09116847068071365,True
400,9,15,0.04499848932027817,True
400,9,20,0.16934293508529663,True
400,9,25,0.1556743085384369,True
400,9,30,0.13571593165397644,True
400,9,35,0.13666971027851105,True
400,9,40,0.21261900663375854,True
400,9,45,0.12891821563243866,True
400,9,50,0.08196967095136642,True
400,9,55,0.0410972535610199,True
400,9,60,0.029449136927723885,True
400,9,65,0.019722118973731995,True
400,9,70,0.03134393319487572,True
400,10,10,0.08275829255580902,True
400,10,15,0.06566272675991058,True
400,10,20,0.0891389474272728,True
400,10,25,0.13550668954849243,True
400,10,30,0.10942185670137405,True
400,10,35,0.12307052314281464,True
400,10,40,0.18976108729839325,True
400,10,45,0.10374295711517334,True
400,10,50,0.13473328948020935,True
400,10,55,0.08015544712543488,True
400,10,60,0.039971429854631424,True
400,10,65,0.027086840942502022,True
400,10,70,0.0294693261384964,True
400,10,75,0.08231332898139954,True
400,11,10,0.10100065171718597,True
400,11,15,0.06675094366073608,True
400,11,20,0.09411650896072388,True
400,11,25,0.10238772630691528,True
400,11,30,0.07349321991205215,True
400,11,35,0.08497032523155212,True
400,11,40,0.09274834394454956,True
400,11,45,0.08721025288105011,True
400,11,50,0.12134075909852982,True
400,11,55,0.05698022618889809,True
400,11,60,0.04199125990271568,True
400,11,65,0.017281942069530487,True
400,11,70,0.026850907132029533,True
400,12,10,0.09651946276426315,True
400,12,15,0.054460521787405014,True
400,12,20,0.13077427446842194,True
400,12,25,0.14808888733386993,True
400,12,30,0.1141020655632019,True
400,12,35,0.1243765726685524,True
400,12,40,0.11242005228996277,True
400,12,45,0.1269969344139099,True
400,12,50,0.11482295393943787,True
400,12,55,0.06503321975469589,True
400,12,60,0.07887765020132065,True
400,12,65,0.04351210221648216,True
400,12,70,0.027728719636797905,True
400,12,75,0.04927785322070122,True
400,13,10,0.09443633258342743,True
400,13,15,0.03978365287184715,True
400,13,20,0.129591703414917,True
400,13,25,0.11995774507522583,True
400,13,30,0.09176526218652725,True
400,13,35,0.11250650137662888,True
400,13,40,0.18553580343723297,True
400,13,45,0.07450360804796219,True
400,13,50,0.1124204620718956,True
400,13,55,0.08716749399900436,True
400,13,60,0.04381304606795311,True
400,13,65,0.030704589560627937,True
400,13,70,0.030626792460680008,True
400,13,75,0.07101426273584366,True
400,14,10,0.07494540512561798,True
400,14,15,0.04776807874441147,True
400,14,20,0.14384759962558746,True
400,14,25,0.17307697236537933,True
400,14,30,0.14213338494300842,True
400,14,35,0.12442855536937714,True
400,14,40,0.19303405284881592,True
400,14,45,0.1530264914035797,True
400,14,50,0.06549189239740372,True
400,14,55,0.043823614716529846,True
400,14,60,0.044260356575250626,True
400,14,65,0.026119055226445198,True
400,14,70,0.04461806267499924,True
400,15,10,0.07059216499328613,True
400,15,15,0.052329983562231064,True
400,15,20,0.15681587159633636,True
400,15,25,0.17896778881549835,True
400,15,30,0.1126997172832489,True
400,15,35,0.23493923246860504,True
400,15,40,0.24175088107585907,True
400,15,45,0.1066417396068573,True
400,15,50,0.05241382122039795,True
400,15,55,0.030327489599585533,True
400,15,60,0.023864787071943283,True
400,15,65,0.02286873385310173,True
400,15,70,0.04585612937808037,True
400,16,10,0.08183050155639648,True
400,16,15,0.05054968595504761,True
400,16,20,0.16263771057128906,True
400,16,25,0.1485905796289444,True
400,16,30,0.10125058144330978,True
400,16,35,0.17338594794273376,True
400,16,40,0.35259196162223816,True
400,16,45,0.08443176001310349,True
400,16,50,0.05027029290795326,True
400,16,55,0.028806306421756744,True
400,16,60,0.0305806715041399,True
400,16,65,0.02353997528553009,True
400,16,70,0.03643283247947693,True
400,17,10,0.024279789999127388,True
400,17,15,0.0646175891160965,True
400,17,20,0.10591041296720505,True
400,17,25,0.1342366486787796,True
400,17,30,0.09117359668016434,True
400,17,35,0.09656784683465958,True
400,17,40,0.10006298124790192,True
400,17,45,0.14554913341999054,True
400,17,50,0.08522513508796692,True
400,17,55,0.06182076781988144,True
400,17,60,0.03473114222288132,True
400,17,65,0.02524060197174549,True
400,17,70,0.03368685394525528,True
400,18,10,0.07885542511940002,True
400,18,15,0.04541619122028351,True
400,18,20,0.11331160366535187,True
400,18,25,0.15766914188861847,True
400,18,30,0.11531313508749008,True
400,18,35,0.09977753460407257,True
400,18,40,0.16122736036777496,True
400,18,45,0.10108795017004013,True
400,18,50,0.14133507013320923,True
400,18,55,0.04516082629561424,True
400,18,60,0.03643883764743805,True
400,18,65,0.02622181363403797,True
400,18,70,0.0210670568048954,True
400,19,10,0.11159626394510269,True
400,19,15,0.032980527728796005,True
400,19,20,0.08059892803430557,True
400,19,25,0.10532661527395248,True
400,19,30,0.07497075200080872,True
400,19,35,0.10003727674484253,True
400,19,40,0.11737285554409027,True
400,19,45,0.21034152805805206,True
400,19,50,0.10734793543815613,True
400,19,55,0.039262715727090836,True
400,19,60,0.0434357188642025,True
400,19,65,0.037067826837301254,True
400,19,70,0.03341102600097656,True
400,19,75,0.11810598522424698,True
400,20,10,0.08638681471347809,True
400,20,15,0.04798779636621475,True
400,20,20,0.136444091796875,True
400,20,25,0.15638375282287598,True
400,20,30,0.11854465305805206,True
400,20,35,0.1580318659543991,True
400,20,40,0.3068166971206665,True
400,20,45,0.06261315941810608,True
400,20,50,0.07274878025054932,True
400,20,55,0.05856644734740257,True
400,20,60,0.06894747912883759,True
400,20,65,0.030150698497891426,True
400,20,70,0.026469644159078598,True
400,21,10,0.08906915038824081,True
400,21,15,0.04540887102484703,True
400,21,20,0.16556350886821747,True
400,21,25,0.12161361426115036,True
400,21,30,0.08476580679416656,True
400,21,35,0.08086314052343369,True
400,21,40,0.12341836094856262,True
400,21,45,0.11652495712041855,True
400,21,50,0.16146111488342285,True
400,21,55,0.04004952311515808,True
400,21,60,0.04960358887910843,True
400,21,65,0.029106205329298973,True
400,21,70,0.03878049552440643,True
400,22,10,0.0740785151720047,True
400,22,15,0.06177007034420967,True
400,22,20,0.10018762946128845,True
400,22,25,0.10334862023591995,True
400,22,30,0.08086882531642914,True
400,22,35,0.08723195642232895,True
400,22,40,0.09863413870334625,True
400,22,45,0.09262198954820633,True
400,22,50,0.09933508187532425,True
400,22,55,0.05974714457988739,True
400,22,60,0.04774099588394165,True
400,22,65,0.0221486147493124,True
400,22,70,0.06319624185562134,True
400,22,75,0.21713024377822876,True
400,23,10,0.05292876064777374,True
400,23,15,0.048883914947509766,True
400,23,20,0.12517638504505157,True
400,23,25,0.12338177114725113,True
400,23,30,0.09527679532766342,True
400,23,35,0.12059828639030457,True
400,23,40,0.13655976951122284,True
400,23,45,0.09820988774299622,True
400,23,50,0.05989605560898781,True
400,23,55,0.07668338716030121,True
400,23,60,0.03694726154208183,True
400,23,65,0.029799258336424828,True
400,23,70,0.07948949933052063,True
400,24,10,0.07571107149124146,True
400,24,15,0.0738803818821907,True
400,24,20,0.15819083154201508,True
400,24,25,0.15368354320526123,True
400,24,30,0.10410740226507187,True
400,24,35,0.14393937587738037,True
400,24,40,0.11558914929628372,True
400,24,45,0.12757857143878937,True
400,24,50,0.09046994149684906,True
400,24,55,0.030021242797374725,True
400,24,60,0.0486890971660614,True
400,24,65,0.03142440691590309,True
400,24,70,0.05218453332781792,True
400,25,10,0.07085011899471283,True
400,25,15,0.0463222898542881,True
400,25,20,0.12534162402153015,True
400,25,25,0.1378660649061203,True
400,25,30,0.12621085345745087,True
400,25,35,0.12131265550851822,True
400,25,40,0.13751594722270966,True
400,25,45,0.13277354836463928,True
400,25,50,0.059443723410367966,True
400,25,55,0.04193614050745964,True
400,25,60,0.01847957633435726,True
400,25,65,0.014507434330880642,True
400,25,70,0.031509652733802795,True
400,26,10,0.06902536749839783,True
400,26,15,0.04963437840342522,True
400,26,20,0.1479344516992569,True
400,26,25,0.135396346449852,True
400,26,30,0.0946430042386055,True
400,26,35,0.1423742175102234,True
400,26,40,0.10357217490673065,True
400,26,45,0.10909271985292435,True
400,26,50,0.06260477006435394,True
400,26,55,0.07361657917499542,True
400,26,60,0.022406643256545067,True
400,26,65,0.028348496183753014,True
400,27,10,0.10639655590057373,True
400,27,15,0.046172477304935455,True
400,27,20,0.07256784290075302,True
400,27,25,0.11809253692626953,True
400,27,30,0.09950622916221619,True
400,27,35,0.11925765872001648,True
400,27,40,0.08932071179151535,True
400,27,45,0.09235105663537979,True
400,27,50,0.10994059592485428,True
400,27,55,0.07081298530101776,True
400,27,60,0.033405739814043045,True
400,27,65,0.02651381865143776,True
400,27,70,0.03242828696966171,True
400,27,75,0.08536144345998764,True
400,28,10,0.07777726650238037,True
400,28,15,0.05594738572835922,True
400,28,20,0.13714353740215302,True
400,28,25,0.11880620568990707,True
400,28,30,0.0928906574845314,True
400,28,35,0.11078419536352158,True
400,28,40,0.17004647850990295,True
400,28,45,0.16234564781188965,True
400,28,50,0.07187193632125854,True
400,28,55,0.04824869707226753,True
400,28,60,0.020040573552250862,True
400,28,65,0.030290165916085243,True
400,29,10,0.060186561197042465,True
400,29,15,0.04313178360462189,True
400,29,20,0.1195700466632843,True
400,29,25,0.12818318605422974,True
400,29,30,0.11280302703380585,True
400,29,35,0.16782981157302856,True
400,29,40,0.1355484127998352,True
400,29,45,0.15588630735874176,True
400,29,50,0.06423630565404892,True
400,29,55,0.06077612191438675,True
400,29,60,0.04162578284740448,True
400,29,65,0.026189586147665977,True
400,29,70,0.03428538143634796,True
400,30,10,0.09135594964027405,True
400,30,15,0.04428928717970848,True
400,30,20,0.06668039411306381,True
400,30,25,0.1181475892663002,True
400,30,30,0.09017372876405716,True
400,30,35,0.1254599243402481,True
400,30,40,0.13362714648246765,True
400,30,45,0.10850559175014496,True
400,30,50,0.08770116418600082,True
400,30,55,0.12147310376167297,True
400,30,60,0.08067489415407181,True
400,30,65,0.03773606941103935,True
400,30,70,0.031124312430620193,True
400,30,75,0.020322658121585846,True
400,31,10,0.12328386306762695,True
400,31,15,0.044676292687654495,True
400,31,20,0.1199483573436737,True
400,31,25,0.1637568324804306,True
400,31,30,0.10676124691963196,True
400,31,35,0.12207217514514923,True
400,31,40,0.18615572154521942,True
400,31,45,0.064280666410923,True
400,31,50,0.06499997526407242,True
400,31,55,0.0919647216796875,True
400,31,60,0.036814842373132706,True
400,31,65,0.032131537795066833,True
400,31,70,0.043300189077854156,True
400,32,10,0.10980087518692017,True
400,32,15,0.05255384370684624,True
400,32,20,0.14501921832561493,True
400,32,25,0.15145666897296906,True
400,32,30,0.12410358339548111,True
400,32,35,0.14633318781852722,True
400,32,40,0.24737775325775146,True
400,32,45,0.1278226524591446,True
400,32,50,0.07111167907714844,True
400,32,55,0.052880432456731796,True
400,32,60,0.03666573390364647,True
400,32,65,0.023307112976908684,True
400,32,70,0.019052373245358467,True
400,33,10,0.06969958543777466,True
400,33,15,0.05117781087756157,True
400,33,20,0.1906222552061081,True
400,33,25,0.13022330403327942,True
400,33,30,0.08616229146718979,True
400,33,35,0.18719449639320374,True
400,33,40,0.15825414657592773,True
400,33,45,0.1488424688577652,True
400,33,50,0.04463522136211395,True
400,33,55,0.029470086097717285,True
400,33,60,0.018197571858763695,True
400,33,65,0.019583074375987053,True
400,34,10,0.0779467448592186,True
400,34,15,0.06272567063570023,True
400,34,20,0.12343737483024597,True
400,34,25,0.141037717461586,True
400,34,30,0.103730209171772,True
400,34,35,0.10176798701286316,True
400,34,40,0.13629908859729767,True
400,34,45,0.1348690539598465,True
400,34,50,0.05369935184717178,True
400,34,55,0.04001970216631889,True
400,34,60,0.019971059635281563,True
400,34,65,0.023652903735637665,True
400,34,70,0.05041579529643059,True
400,35,10,0.0844869464635849,True
400,35,15,0.04799819737672806,True
400,35,20,0.08067996799945831,True
400,35,25,0.10876341164112091,True
400,35,30,0.09085895121097565,True
400,35,35,0.11326821148395538,True
400,35,40,0.15309762954711914,True
400,35,45,0.28491777181625366,True
400,35,50,0.07638045400381088,True
400,35,55,0.1250324696302414,True
400,35,60,0.05459916219115257,True
400,35,65,0.03809703513979912,True
400,35,70,0.02230941131711006,True
400,35,75,0.025115275755524635,True
400,36,10,0.07249921560287476,True
400,36,15,0.0425301194190979,True
400,36,20,0.19052691757678986,True
400,36,25,0.18081799149513245,True
400,36,30,0.13877785205841064,True
400,36,35,0.15772047638893127,True
400,36,40,0.14398707449436188,True
400,36,45,0.12997865676879883,True
400,36,50,0.045265331864356995,True
400,36,55,0.04811739921569824,True
400,36,60,0.018199576064944267,True
400,36,65,0.02243751287460327,True
400,36,70,0.12333717197179794,True
400,37,10,0.10624637454748154,True
400,37,15,0.028223108500242233,True
400,37,20,0.10822238773107529,True
400,37,25,0.10235113650560379,True
400,37,30,0.08618009835481644,True
400,37,35,0.09940579533576965,True
400,37,40,0.1826888620853424,True
400,37,45,0.15349464118480682,True
400,37,50,0.05026831850409508,True
400,37,55,0.0809425488114357,True
400,37,60,0.09717219322919846,True
400,37,65,0.0476834699511528,True
400,37,70,0.03409937396645546,True
400,37,75,0.13899998366832733,True
400,38,10,0.04596250504255295,True
400,38,15,0.03675464168190956,True
400,38,20,0.09481532871723175,True
400,38,25,0.12907730042934418,True
400,38,30,0.11994174867868423,True
400,38,35,0.12726575136184692,True
400,38,40,0.12606662511825562,True
400,38,45,0.16529037058353424,True
400,38,50,0.07681054621934891,True
400,38,55,0.043545499444007874,True
400,38,60,0.025122102349996567,True
400,38,65,0.017685387283563614,True
400,38,70,0.037547580897808075,True
400,39,10,0.05752148479223251,True
400,39,15,0.04738234728574753,True
400,39,20,0.09146373718976974,True
400,39,25,0.09084085375070572,True
400,39,30,0.0680452212691307,True
400,39,35,0.10800720006227493,True
400,39,40,0.13690613210201263,True
400,39,45,0.09799274802207947,True
400,39,50,0.11434818059206009,True
400,39,55,0.046989139169454575,True
400,39,60,0.03844737261533737,True
400,39,65,0.02151031233370304,True
400,39,70,0.03296177089214325,True
400,40,10,0.07582256942987442,True
400,40,15,0.06323708593845367,True
400,40,20,0.11495961248874664,True
400,40,25,0.11502066999673843,True
400,40,30,0.09146535396575928,True
400,40,35,0.10542822629213333,True
400,40,40,0.12723566591739655,True
400,40,45,0.10408583283424377,True
400,40,50,0.10288947075605392,True
400,40,55,0.0858561173081398,True
400,40,60,0.0623287595808506,True
400,40,65,0.03331037610769272,True
400,40,70,0.03592517599463463,True
400,40,75,0.019205594435334206,True
400,41,10,0.10342556983232498,True
400,41,15,0.04759861156344414,True
400,41,20,0.10180028527975082,True
400,41,25,0.11245749145746231,True
400,41,30,0.06756766140460968,True
400,41,35,0.06963898986577988,True
400,41,40,0.12356533110141754,True
400,41,45,0.13367217779159546,True
400,41,50,0.04861479997634888,True
400,41,55,0.04111229255795479,True
400,41,60,0.06179553642868996,True
400,41,65,0.022637605667114258,True
400,41,70,0.03882342949509621,True
400,42,10,0.07083180546760559,True
400,42,15,0.04013499990105629,True
400,42,20,0.13364091515541077,True
400,42,25,0.17779165506362915,True
400,42,30,0.15945731103420258,True
400,42,35,0.16756707429885864,True
400,42,40,0.15778177976608276,True
400,42,45,0.12425187975168228,True
400,42,50,0.05703484266996384,True
400,42,55,0.05451098829507828,True
400,42,60,0.030607806518673897,True
400,42,65,0.030255978927016258,True
400,42,70,0.02865923009812832,True
400,43,10,0.04444045200943947,True
400,43,15,0.051147736608982086,True
400,43,20,0.15094639360904694,True
400,43,25,0.13015218079090118,True
400,43,30,0.10074134171009064,True
400,43,35,0.17811338603496552,True
400,43,40,0.1522921919822693,True
400,43,45,0.14336112141609192,True
400,43,50,0.07134756445884705,True
400,43,55,0.08064006268978119,True
400,43,60,0.02714713104069233,True
400,43,65,0.026254868134856224,True
400,44,10,0.06629019975662231,True
400,44,15,0.04166470840573311,True
400,44,20,0.0859462171792984,True
400,44,25,0.1137903556227684,True
400,44,30,0.08160638064146042,True
400,44,35,0.10626373440027237,True
400,44,40,0.24779750406742096,True
400,44,45,0.12480446696281433,True
400,44,50,0.04159298166632652,True
400,44,55,0.09575062245130539,True
400,44,60,0.05726899579167366,True
400,44,65,0.034123148769140244,True
400,44,70,0.021853946149349213,True
400,44,75,0.01864941045641899,True
400,45,10,0.054370492696762085,True
400,45,15,0.05181178078055382,True
400,45,20,0.11583979427814484,True
400,45,25,0.09832816570997238,True
400,45,30,0.09235549718141556,True
400,45,35,0.12096472084522247,True
400,45,40,0.10251498967409134,True
400,45,45,0.13826437294483185,True
400,45,50,0.08308040350675583,True
400,45,55,0.07108526676893234,True
400,45,60,0.052352406084537506,True
400,45,65,0.024480564519762993,True
400,45,70,0.05208544805645943,True
400,46,10,0.130280002951622,True
400,46,15,0.03701677545905113,True
400,46,20,0.07632504403591156,True
400,46,25,0.1054791659116745,True
400,46,30,0.07152102887630463,True
400,46,35,0.11392886936664581,True
400,46,40,0.08970174938440323,True
400,46,45,0.24315233528614044,True
400,46,50,0.567750871181488,True
400,46,55,0.13026189804077148,True
400,46,60,0.11791615188121796,True
400,46,65,0.04209725186228752,True
400,46,70,0.024419192224740982,True
400,46,75,0.02085970714688301,True
400,47,10,0.08168204128742218,True
400,47,15,0.06181987747550011,True
400,47,20,0.1682703197002411,True
400,47,25,0.13610495626926422,True
400,47,30,0.11420474201440811,True
400,47,35,0.12571166455745697,True
400,47,40,0.10236654430627823,True
400,47,45,0.16682162880897522,True
400,47,50,0.07687505334615707,True
400,47,55,0.05627651885151863,True
400,47,60,0.04029836878180504,True
400,47,65,0.024076828733086586,True
400,47,70,0.0353471040725708,True
400,48,10,0.12198597192764282,True
400,48,15,0.04912053421139717,True
400,48,20,0.1153494194149971,True
400,48,25,0.113071009516716,True
400,48,30,0.08736495673656464,True
400,48,35,0.11845358461141586,True
400,48,40,0.27683502435684204,True
400,48,45,0.14446204900741577,True
400,48,50,0.04132625088095665,True
400,48,55,0.04777750000357628,True
400,48,60,0.03903941437602043,True
400,48,65,0.029846565797924995,True
400,48,70,0.034068513661623,True
400,49,10,0.10141659528017044,True
400,49,15,0.061118002980947495,True
400,49,20,0.06628294289112091,True
400,49,25,0.08578135818243027,True
400,49,30,0.06344642490148544,True
400,49,35,0.08875583857297897,True
400,49,40,0.12528091669082642,True
400,49,45,0.18183261156082153,True
400,49,50,0.30784982442855835,True
400,49,55,0.05616012215614319,True
400,49,60,0.04424053058028221,True
400,49,65,0.03813626244664192,True
400,49,70,0.03794298321008682,True
400,49,75,0.015666844323277473,True
500,0,10,0.07576479017734528,True
500,0,15,0.07808424532413483,True
500,0,20,0.05693560093641281,True
500,0,25,0.12498680502176285,True
500,0,30,0.0692046731710434,True
500,0,35,0.08082025498151779,True
500,0,40,0.10397800803184509,True
500,0,45,0.09257473796606064,True
500,0,50,0.10050083696842194,True
500,0,55,0.06084050238132477,True
500,0,60,0.04338228330016136,True
500,0,65,0.037576451897621155,True
500,0,70,0.031990088522434235,True
500,0,75,0.021210409700870514,True
500,1,10,0.08221259713172913,True
500,1,15,0.06058479845523834,True
500,1,20,0.130071222782135,True
500,1,25,0.08143361657857895,True
500,1,30,0.05332799255847931,True
500,1,35,0.1385938972234726,True
500,1,40,0.13237576186656952,True
500,1,45,0.09248360991477966,True
500,1,50,0.08313620835542679,True
500,1,55,0.06357624381780624,True
500,1,60,0.05808437615633011,True
500,1,65,0.03571173548698425,True
500,1,70,0.04720572382211685,True
500,2,10,0.08263733983039856,True
500,2,15,0.08632852882146835,True
500,2,20,0.20561063289642334,True
500,2,25,0.1287379115819931,True
500,2,30,0.06407402455806732,True
500,2,35,0.1309531182050705,True
500,2,40,0.13614468276500702,True
500,2,45,0.1376906782388687,True
500,2,50,0.09026021510362625,True
500,2,55,0.06061549484729767,True
500,2,60,0.04684115946292877,True
500,2,65,0.026640377938747406,True
500,2,70,0.0402691550552845,True
500,3,10,0.039528314024209976,True
500,3,15,0.0798456221818924,True
500,3,20,0.11355198174715042,True
500,3,25,0.10161194950342178,True
500,3,30,0.04615141451358795,True
500,3,35,0.07160437852144241,True
500,3,40,0.154445618391037,True
500,3,45,0.15855519473552704,True
500,3,50,0.03626992553472519,True
500,3,55,0.043660178780555725,True
500,3,60,0.03102458082139492,True
500,3,65,0.03349290043115616,True
500,3,70,0.031046545132994652,True
500,4,10,0.08677181601524353,True
500,4,15,0.07268530875444412,True
500,4,20,0.1089492216706276,True
500,4,25,0.07205040007829666,True
500,4,30,0.05543925240635872,True
500,4,35,0.15474000573158264,True
500,4,40,0.14887499809265137,True
500,4,45,0.09263703972101212,True
500,4,50,0.03972650319337845,True
500,4,55,0.04390062019228935,True
500,4,60,0.03835543617606163,True
500,4,65,0.026180392131209373,True
500,5,10,0.09083259850740433,True
500,5,15,0.07245254516601562,True
500,5,20,0.13062165677547455,True
500,5,25,0.08082552999258041,True
500,5,30,0.03815725818276405,True
500,5,35,0.1281234472990036,True
500,5,40,0.11277753114700317,True
500,5,45,0.11550211906433105,True
500,5,50,0.0576401948928833,True
500,5,55,0.05320676788687706,True
500,5,60,0.036793239414691925,True
500,5,65,0.03326113894581795,True
500,5,70,0.03906923905014992,True
500,6,10,0.08203727006912231,True
500,6,15,0.10084186494350433,True
500,6,20,0.14384767413139343,True
500,6,25,0.07073676586151123,True
500,6,30,0.07846588641405106,True
500,6,35,0.1321278065443039,True
500,6,40,0.1795312911272049,True
500,6,45,0.08161399513483047,True
500,6,50,0.03131580352783203,True
500,6,55,0.04252661019563675,True
500,6,60,0.032037749886512756,True
500,6,65,0.03360972926020622,True
500,7,10,0.06540656834840775,True
500,7,15,0.053904082626104355,True
500,7,20,0.1293296366930008,True
500,7,25,0.04766537994146347,True
500,7,30,0.038831889629364014,True
500,7,35,0.1230938658118248,True
500,7,40,0.14116843044757843,True
500,7,45,0.080072782933712,True
500,7,50,0.030907010659575462,True
500,7,55,0.04952116310596466,True
500,7,60,0.039720319211483,True
500,7,65,0.03043556585907936,True
500,8,10,0.06651365756988525,True
500,8,15,0.08104927092790604,True
500,8,20,0.09660444408655167,True
500,8,25,0.06638797372579575,True
500,8,30,0.07233268022537231,True
500,8,35,0.14126548171043396,True
500,8,40,0.15189412236213684,True
500,8,45,0.05071139708161354,True
500,8,50,0.032208070158958435,True
500,8,55,0.042976368218660355,True
500,8,60,0.025387119501829147,True
500,8,65,0.02409682609140873,True
500,9,10,0.09607899188995361,True
500,9,15,0.06827055662870407,True
500,9,20,0.14382398128509521,True
500,9,25,0.1374131739139557,True
500,9,30,0.06438058614730835,True
500,9,35,0.10871520638465881,True
500,9,40,0.13946416974067688,True
500,9,45,0.13142940402030945,True
500,9,50,0.06507567316293716,True
500,9,55,0.040790755301713943,True
500,9,60,0.03696105256676674,True
500,9,65,0.03137204796075821,True
500,9,70,0.031722571700811386,True
500,10,10,0.07980383932590485,True
500,10,15,0.10487733781337738,True
500,10,20,0.07725884020328522,True
500,10,25,0.11396665871143341,True
500,10,30,0.057603079825639725,True
500,10,35,0.0713757649064064,True
500,10,40,0.11635127663612366,True
500,10,45,0.14682750403881073,True
500,10,50,0.06505171209573746,True
500,10,55,0.03014274314045906,True
500,10,60,0.029611706733703613,True
500,10,65,0.036817219108343124,True
500,10,70,0.030489930883049965,True
500,11,10,0.07067422568798065,True
500,11,15,0.10369469225406647,True
500,11,20,0.06914772838354111,True
500,11,25,0.10776261240243912,True
500,11,30,0.05123136565089226,True
500,11,35,0.06029415503144264,True
500,11,40,0.11888061463832855,True
500,11,45,0.11638406664133072,True
500,11,50,0.11489470303058624,True
500,11,55,0.05563929304480553,True
500,11,60,0.02919056825339794,True
500,11,65,0.030482590198516846,True
500,11,70,0.03553084284067154,True
500,12,10,0.07592237740755081,True
500,12,15,0.09461914002895355,True
500,12,20,0.15051668882369995,True
500,12,25,0.07721642404794693,True
500,12,30,0.06748201698064804,True
500,12,35,0.12992623448371887,True
500,12,40,0.1606108695268631,True
500,12,45,0.11355292797088623,True
500,12,50,0.030571045354008675,True
500,12,55,0.04063424468040466,True
500,12,60,0.03206050768494606,True
500,12,65,0.02268066629767418,True
500,13,10,0.06361892819404602,True
500,13,15,0.08294428884983063,True
500,13,20,0.15341253578662872,True
500,13,25,0.11542225629091263,True
500,13,30,0.04697785899043083,True
500,13,35,0.13839836418628693,True
500,13,40,0.13696089386940002,True
500,13,45,0.15387561917304993,True
500,13,50,0.0696469247341156,True
500,13,55,0.03491995856165886,True
500,13,60,0.04289580136537552,True
500,13,65,0.028924502432346344,True
500,13,70,0.05930713191628456,True
500,14,10,0.07678418606519699,True
500,14,15,0.06471111625432968,True
500,14,20,0.11864199489355087,True
500,14,25,0.15619127452373505,True
500,14,30,0.06371906399726868,True
500,14,35,0.09569717198610306,True
500,14,40,0.2080107182264328,True
500,14,45,0.15761658549308777,True
500,14,50,0.0615963377058506,True
500,14,55,0.05028381943702698,True
500,14,60,0.048857688903808594,True
500,14,65,0.02863847091794014,True
500,14,70,0.07833860069513321,True
500,15,10,0.0818917527794838,True
500,15,15,0.08108528703451157,True
500,15,20,0.13933217525482178,True
500,15,25,0.1065274253487587,True
500,15,30,0.06756778061389923,True
500,15,35,0.17168667912483215,True
500,15,40,0.16137906908988953,True
500,15,45,0.1096932664513588,True
500,15,50,0.03318905830383301,True
500,15,55,0.043269623070955276,True
500,15,60,0.02981378138065338,True
500,15,65,0.02724686823785305,True
500,16,10,0.08522937446832657,True
500,16,15,0.07142870873212814,True
500,16,20,0.1431795209646225,True
500,16,25,0.10595723241567612,True
500,16,30,0.0539960153400898,True
500,16,35,0.15791645646095276,True
500,16,40,0.10500892996788025,True
500,16,45,0.11147778481245041,True
500,16,50,0.05107757821679115,True
500,16,55,0.03880850225687027,True
500,16,60,0.036823831498622894,True
500,16,65,0.029786638915538788,True
500,16,70,0.039976585656404495,True
500,17,10,0.05247975140810013,True
500,17,15,0.09522046893835068,True
500,17,20,0.1090533509850502,True
500,17,25,0.07138935476541519,True
500,17,30,0.0516904816031456,True
500,17,35,0.10574756562709808,True
500,17,40,0.152128204703331,True
500,17,45,0.13112515211105347,True
500,17,50,0.036919355392456055,True
500,17,55,0.04467448592185974,True
500,17,60,0.031601741909980774,True
500,17,65,0.02783067710697651,True
500,17,70,0.05982540547847748,True
500,18,10,0.08372261375188828,True
500,18,15,0.06367170810699463,True
500,18,20,0.10072781145572662,True
500,18,25,0.08348283916711807,True
500,18,30,0.05100935697555542,True
500,18,35,0.08681356906890869,True
500,18,40,0.11865327507257462,True
500,18,45,0.13551051914691925,True
500,18,50,0.05320272222161293,True
500,18,55,0.05041280388832092,True
500,18,60,0.038110680878162384,True
500,18,65,0.026493128389120102,True
500,18,70,0.0273273978382349,True
500,19,10,0.08274082094430923,True
500,19,15,0.0860695093870163,True
500,19,20,0.09159738570451736,True
500,19,25,0.08963283896446228,True
500,19,30,0.05163607746362686,True
500,19,35,0.11178503185510635,True
500,19,40,0.11946273595094681,True
500,19,45,0.13541102409362793,True
500,19,50,0.06208552047610283,True
500,19,55,0.056030936539173126,True
500,19,60,0.047192420810461044,True
500,19,65,0.03320072591304779,True
500,19,70,0.043198056519031525,True
500,20,10,0.05551576241850853,True
500,20,15,0.07977554947137833,True
500,20,20,0.14267446100711823,True
500,20,25,0.10517649352550507,True
500,20,30,0.046772800385951996,True
500,20,35,0.13866834342479706,True
500,20,40,0.1250631958246231,True
500,20,45,0.1143888458609581,True
500,20,50,0.026269888505339622,True
500,20,55,0.0433913990855217,True
500,20,60,0.03869723901152611,True
500,20,65,0.0275415126234293,True
500,21,10,0.08640605211257935,True
500,21,15,0.053363554179668427,True
500,21,20,0.12744618952274323,True
500,21,25,0.08098378777503967,True
500,21,30,0.04905865713953972,True
500,21,35,0.09560991078615189,True
500,21,40,0.1129956841468811,True
500,21,45,0.10413843393325806,True
500,21,50,0.09889974445104599,True
500,21,55,0.050003357231616974,True
500,21,60,0.04652635380625725,True
500,21,65,0.03626425936818123,True
500,21,70,0.029279004782438278,True
500,22,10,0.06941702216863632,True
500,22,15,0.11614535748958588,True
500,22,20,0.06677453219890594,True
500,22,25,0.07431689649820328,True
500,22,30,0.037355054169893265,True
500,22,35,0.07097700983285904,True
500,22,40,0.07958227396011353,True
500,22,45,0.076999232172966,True
500,22,50,0.06280027329921722,True
500,22,55,0.0401332713663578,True
500,22,60,0.04521305114030838,True
500,22,65,0.02884761430323124,True
500,22,70,0.04811637103557587,True
500,23,10,0.06951034069061279,True
500,23,15,0.06117047369480133,True
500,23,20,0.2072637528181076,True
500,23,25,0.09295190125703812,True
500,23,30,0.05494782328605652,True
500,23,35,0.14103913307189941,True
500,23,40,0.11892411857843399,True
500,23,45,0.07360357791185379,True
500,23,50,0.024452432990074158,True
500,23,55,0.0541059747338295,True
500,23,60,0.03736235946416855,True
500,23,65,0.024506667628884315,True
500,24,10,0.07385432720184326,True
500,24,15,0.10187052935361862,True
500,24,20,0.1526440978050232,True
500,24,25,0.0995311513543129,True
500,24,30,0.04488236829638481,True
500,24,35,0.13157498836517334,True
500,24,40,0.12050550431013107,True
500,24,45,0.13498616218566895,True
500,24,50,0.07156115025281906,True
500,24,55,0.05925571545958519,True
500,24,60,0.04699811711907387,True
500,24,65,0.03122500143945217,True
500,25,10,0.08237465471029282,True
500,25,15,0.07098212093114853,True
500,25,20,0.10625283420085907,True
500,25,25,0.14230039715766907,True
500,25,30,0.08333180844783783,True
500,25,35,0.08670336753129959,True
500,25,40,0.11344397813081741,True
500,25,45,0.12560996413230896,True
500,25,50,0.06688937544822693,True
500,25,55,0.04461771249771118,True
500,25,60,0.031007273122668266,True
500,25,65,0.03224053233861923,True
500,25,70,0.02575947903096676,True
500,26,10,0.0788811668753624,True
500,26,15,0.07769034057855606,True
500,26,20,0.13070306181907654,True
500,26,25,0.05676421523094177,True
500,26,30,0.07048127055168152,True
500,26,35,0.1467890590429306,True
500,26,40,0.16937020421028137,True
500,26,45,0.07278463244438171,True
500,26,50,0.02987487241625786,True
500,26,55,0.04794476926326752,True
500,26,60,0.03961756452918053,True
500,26,65,0.025084329769015312,True
500,27,10,0.0946330726146698,True
500,27,15,0.07975722849369049,True
500,27,20,0.04027208313345909,True
500,27,25,0.11916542053222656,True
500,27,30,0.045496128499507904,True
500,27,35,0.07473774999380112,True
500,27,40,0.11125855892896652,True
500,27,45,0.10780300199985504,True
500,27,50,0.09642232954502106,True
500,27,55,0.042817067354917526,True
500,27,60,0.03457721322774887,True
500,27,65,0.038395777344703674,True
500,27,70,0.03249145671725273,True
500,28,10,0.07788104563951492,True
500,28,15,0.0988081842660904,True
500,28,20,0.15062732994556427,True
500,28,25,0.06295568495988846,True
500,28,30,0.05937435105443001,True
500,28,35,0.14359357953071594,True
500,28,40,0.18228963017463684,True
500,28,45,0.1145000085234642,True
500,28,50,0.031195735558867455,True
500,28,55,0.04608049988746643,True
500,28,60,0.03143451735377312,True
500,28,65,0.028842344880104065,True
500,29,10,0.04778237268328667,True
500,29,15,0.08552772551774979,True
500,29,20,0.17011791467666626,True
500,29,25,0.09658302366733551,True
500,29,30,0.06585989892482758,True
500,29,35,0.15804550051689148,True
500,29,40,0.2005305141210556,True
500,29,45,0.1092565506696701,True
500,29,50,0.034891277551651,True
500,29,55,0.03852890804409981,True
500,29,60,0.03904319182038307,True
500,29,65,0.026205280795693398,True
500,30,10,0.030427010729908943,True
500,30,15,0.07935095578432083,True
500,30,20,0.0742502361536026,True
500,30,25,0.13075794279575348,True
500,30,30,0.05843037739396095,True
500,30,35,0.09343985468149185,True
500,30,40,0.12059963494539261,True
500,30,45,0.13644208014011383,True
500,30,50,0.08578342944383621,True
500,30,55,0.04178660362958908,True
500,30,60,0.03661360964179039,True
500,30,65,0.029606342315673828,True
500,30,70,0.029176536947488785,True
500,31,10,0.09478730708360672,True
500,31,15,0.08042270690202713,True
500,31,20,0.08767756819725037,True
500,31,25,0.10988418757915497,True
500,31,30,0.06599042564630508,True
500,31,35,0.0943799614906311,True
500,31,40,0.1316470503807068,True
500,31,45,0.15370148420333862,True
500,31,50,0.0687975287437439,True
500,31,55,0.039101991802453995,True
500,31,60,0.03416117653250694,True
500,31,65,0.03068910352885723,True
500,31,70,0.030711635947227478,True
500,32,10,0.09462534636259079,True
500,32,15,0.07525014877319336,True
500,32,20,0.1154470145702362,True
500,32,25,0.14754456281661987,True
500,32,30,0.06395285576581955,True
500,32,35,0.10397367924451828,True
500,32,40,0.13872794806957245,True
500,32,45,0.13048990070819855,True
500,32,50,0.07239769399166107,True
500,32,55,0.044800177216529846,True
500,32,60,0.03676297143101692,True
500,32,65,0.03427592292428017,True
500,32,70,0.02818801812827587,True
500,33,10,0.07834559679031372,True
500,33,15,0.06448163837194443,True
500,33,20,0.18071432411670685,True
500,33,25,0.09919728338718414,True
500,33,30,0.0600225068628788,True
500,33,35,0.15636825561523438,True
500,33,40,0.1821414828300476,True
500,33,45,0.09406311810016632,True
500,33,50,0.03495655581355095,True
500,33,55,0.044192779809236526,True
500,33,60,0.036458343267440796,True
500,33,65,0.02276379056274891,True
500,34,10,0.054620400071144104,True
500,34,15,0.08678022772073746,True
500,34,20,0.15639200806617737,True
500,34,25,0.0993562713265419,True
500,34,30,0.05115189775824547,True
500,34,35,0.1198938861489296,True
500,34,40,0.15301771461963654,True
500,34,45,0.14827436208724976,True
500,34,50,0.029025055468082428,True
500,34,55,0.04383879527449608,True
500,34,60,0.033608414232730865,True
500,34,65,0.02510036714375019,True
500,35,10,0.04429446533322334,True
500,35,15,0.08478399366140366,True
500,35,20,0.10700985789299011,True
500,35,25,0.14705722033977509,True
500,35,30,0.0734526589512825,True
500,35,35,0.1261778324842453,True
500,35,40,0.14755576848983765,True
500,35,45,0.17283561825752258,True
500,35,50,0.05940087139606476,True
500,35,55,0.055252816528081894,True
500,35,60,0.037351202219724655,True
500,35,65,0.03560727462172508,True
500,35,70,0.03343953564763069,True
500,36,10,0.06937547028064728,True
500,36,15,0.09136092662811279,True
500,36,20,0.21049968898296356,True
500,36,25,0.0984150767326355,True
500,36,30,0.0787849947810173,True
500,36,35,0.14242269098758698,True
500,36,40,0.17941713333129883,True
500,36,45,0.13777051866054535,True
500,36,50,0.03623827546834946,True
500,36,55,0.041551798582077026,True
500,36,60,0.033734261989593506,True
500,36,65,0.026164181530475616,True
500,37,10,0.0719139501452446,True
500,37,15,0.06905103474855423,True
500,37,20,0.14463607966899872,True
500,37,25,0.06799082458019257,True
500,37,30,0.05241978541016579,True
500,37,35,0.11892886459827423,True
500,37,40,0.10420433431863785,True
500,37,45,0.1322045624256134,True
500,37,50,0.061042625457048416,True
500,37,55,0.05568999424576759,True
500,37,60,0.050193339586257935,True
500,37,65,0.029056204482913017,True
500,38,10,0.04931576922535896,True
500,38,15,0.08333197236061096,True
500,38,20,0.11257316917181015,True
500,38,25,0.09091100096702576,True
500,38,30,0.04896329343318939,True
500,38,35,0.11537914723157883,True
500,38,40,0.15581995248794556,True
500,38,45,0.1428779512643814,True
500,38,50,0.0329788401722908,True
500,38,55,0.03807712718844414,True
500,38,60,0.03338521346449852,True
500,38,65,0.031190184876322746,True
500,39,10,0.06152946501970291,True
500,39,15,0.07329314202070236,True
500,39,20,0.09244123846292496,True
500,39,25,0.07568760216236115,True
500,39,30,0.04740896075963974,True
500,39,35,0.15713900327682495,True
500,39,40,0.11740180104970932,True
500,39,45,0.1103820726275444,True
500,39,50,0.046457305550575256,True
500,39,55,0.03631504252552986,True
500,39,60,0.024111924692988396,True
500,39,65,0.03347456082701683,True
500,40,10,0.05473083257675171,True
500,40,15,0.07582315802574158,True
500,40,20,0.11202285438776016,True
500,40,25,0.07100435346364975,True
500,40,30,0.050641413778066635,True
500,40,35,0.09139463305473328,True
500,40,40,0.1380404531955719,True
500,40,45,0.13530020415782928,True
500,40,50,0.03468281775712967,True
500,40,55,0.048012204468250275,True
500,40,60,0.03900408744812012,True
500,40,65,0.031517405062913895,True
500,40,70,0.04122329130768776,True
500,41,10,0.06641446799039841,True
500,41,15,0.08337432891130447,True
500,41,20,0.08860822021961212,True
500,41,25,0.060813356190919876,True
500,41,30,0.045453764498233795,True
500,41,35,0.11867998540401459,True
500,41,40,0.12303312122821808,True
500,41,45,0.0939878448843956,True
500,41,50,0.038022831082344055,True
500,41,55,0.03983141854405403,True
500,41,60,0.03431650623679161,True
500,41,65,0.02347288653254509,True
500,42,10,0.07615027576684952,True
500,42,15,0.08848275989294052,True
500,42,20,0.078489750623703,True
500,42,25,0.13189354538917542,True
500,42,30,0.07153815776109695,True
500,42,35,0.09807249903678894,True
500,42,40,0.1487034559249878,True
500,42,45,0.15746532380580902,True
500,42,50,0.05172187462449074,True
500,42,55,0.049291107803583145,True
500,42,60,0.03519225865602493,True
500,42,65,0.028013383969664574,True
500,42,70,0.024782849475741386,True
500,43,10,0.05796462669968605,True
500,43,15,0.08384796231985092,True
500,43,20,0.14070983231067657,True
500,43,25,0.08246169984340668,True
500,43,30,0.0569421611726284,True
500,43,35,0.1659567654132843,True
500,43,40,0.17266039550304413,True
500,43,45,0.10170359909534454,True
500,43,50,0.03469294309616089,True
500,43,55,0.04692281037569046,True
500,43,60,0.035458844155073166,True
500,43,65,0.03334781154990196,True
500,44,10,0.07263147085905075,True
500,44,15,0.0752348005771637,True
500,44,20,0.09356562048196793,True
500,44,25,0.07260750979185104,True
500,44,30,0.038157083094120026,True
500,44,35,0.09844791144132614,True
500,44,40,0.10666994750499725,True
500,44,45,0.1171867698431015,True
500,44,50,0.03919745609164238,True
500,44,55,0.04014329984784126,True
500,44,60,0.032894209027290344,True
500,44,65,0.03011014312505722,True
500,44,70,0.01897856779396534,True
500,45,10,0.052977874875068665,True
500,45,15,0.08235687762498856,True
500,45,20,0.08860298246145248,True
500,45,25,0.058069851249456406,True
500,45,30,0.061716705560684204,True
500,45,35,0.1274944543838501,True
500,45,40,0.11523406207561493,True
500,45,45,0.0705295205116272,True
500,45,50,0.0555141381919384,True
500,45,55,0.05516624450683594,True
500,45,60,0.03559540584683418,True
500,45,65,0.31201037764549255,True
500,46,10,0.1127409040927887,True
500,46,15,0.07075680047273636,True
500,46,20,0.03871433436870575,True
500,46,25,0.14437052607536316,True
500,46,30,0.09841563552618027,True
500,46,35,0.07614836096763611,True
500,46,40,0.1306990683078766,True
500,46,45,0.12447167187929153,True
500,46,50,0.060268551111221313,True
500,46,55,0.09133213013410568,True
500,46,60,0.08983789384365082,True
500,46,65,0.04528690502047539,True
500,46,70,0.03759104385972023,True
500,46,75,0.0344424843788147,True
500,47,10,0.07837896049022675,True
500,47,15,0.08871550858020782,True
500,47,20,0.15453869104385376,True
500,47,25,0.08934551477432251,True
500,47,30,0.06238143518567085,True
500,47,35,0.1106957271695137,True
500,47,40,0.15418757498264313,True
500,47,45,0.15898364782333374,True
500,47,50,0.037275705486536026,True
500,47,55,0.04553275182843208,True
500,47,60,0.040571507066488266,True
500,47,65,0.029599495232105255,True
500,48,10,0.07855430245399475,True
500,48,15,0.08691894263029099,True
500,48,20,0.13714277744293213,True
500,48,25,0.08686952292919159,True
500,48,30,0.04999884217977524,True
500,48,35,0.14261771738529205,True
500,48,40,0.12414783239364624,True
500,48,45,0.10912957042455673,True
500,48,50,0.046068523079156876,True
500,48,55,0.045526325702667236,True
500,48,60,0.028259243816137314,True
500,48,65,0.0322096049785614,True
500,49,10,0.06608851253986359,True
500,49,15,0.07908260822296143,True
500,49,20,0.035656046122312546,True
500,49,25,0.06389749050140381,True
500,49,30,0.04049929603934288,True
500,49,35,0.05685889348387718,True
500,49,40,0.0938393697142601,True
500,49,45,0.09675953537225723,True
500,49,50,0.0836571753025055,True
500,49,55,0.04749232530593872,True
500,49,60,0.024033233523368835,True
500,49,65,0.04479490593075752,True
500,49,70,0.04314728081226349,True
