eval_step,episode_idx,episode_step,alignment_ratio,success
0,0,10,0.06184045225381851,False
0,0,15,0.14949694275856018,False
0,0,20,0.30315834283828735,False
0,0,25,0.3202669620513916,False
0,0,30,0.1316022127866745,False
0,0,35,0.18131817877292633,False
0,0,40,0.46893295645713806,False
0,0,45,0.48345667123794556,False
0,0,50,0.4036027491092682,False
0,0,55,0.4579044282436371,False
0,0,60,0.306465208530426,False
0,0,65,0.2878076732158661,False
0,0,70,0.20122115314006805,False
0,0,75,0.2292337417602539,False
0,0,80,0.25770094990730286,False
0,0,85,0.44600164890289307,False
0,0,90,0.3483264446258545,False
0,0,95,0.2765139937400818,False
0,0,100,0.35298851132392883,False
0,0,105,0.22181744873523712,False
0,0,110,0.2783254086971283,False
0,0,115,0.2620909810066223,False
0,0,120,0.2102603018283844,False
0,0,125,0.26652148365974426,False
0,0,130,0.28861892223358154,False
0,0,135,0.19276024401187897,False
0,0,140,0.17200414836406708,False
0,0,145,0.1860165148973465,False
0,0,150,0.21662744879722595,False
0,0,155,0.23485690355300903,False
0,0,160,0.12518224120140076,False
0,0,165,0.17127610743045807,False
0,0,170,0.1373172253370285,False
0,0,175,0.161420539021492,False
0,0,180,0.188082754611969,False
0,0,185,0.16779521107673645,False
0,0,190,0.06361149251461029,False
0,0,195,0.04771755263209343,False
0,0,200,0.06815614551305771,False
0,0,205,0.11048781126737595,False
0,0,210,0.1172051876783371,False
0,0,215,0.09461534768342972,False
0,0,220,0.07504071295261383,False
0,0,225,0.0904737263917923,False
0,0,230,0.056313078850507736,False
0,0,235,0.05032677203416824,False
0,0,240,0.0689154714345932,False
0,0,245,0.06530219316482544,False
0,0,250,0.07598668336868286,False
0,0,255,0.0410589762032032,False
0,0,260,0.039560798555612564,False
0,0,265,0.06497091054916382,False
0,0,270,0.04684948921203613,False
0,0,275,0.06627590209245682,False
0,0,280,0.09121571481227875,False
0,0,285,0.04161711037158966,False
0,0,290,0.07102254778146744,False
0,0,295,0.11673609167337418,False
0,0,300,0.15733426809310913,False
0,0,305,0.4357682764530182,False
0,0,310,0.7019339799880981,False
0,0,315,0.6445883512496948,False
0,0,320,0.49702802300453186,False
0,0,325,0.29059988260269165,False
0,0,330,0.07666350901126862,False
0,0,335,0.20368947088718414,False
0,0,340,0.25891542434692383,False
0,0,345,0.18404486775398254,False
0,0,350,0.5066835880279541,False
0,0,355,0.4397980570793152,False
0,0,360,0.1604875773191452,False
0,0,365,0.12616805732250214,False
0,0,370,0.1658228635787964,False
0,0,375,0.22275520861148834,False
0,0,380,0.20084920525550842,False
0,0,385,0.14155830442905426,False
0,0,390,0.17463625967502594,False
0,0,395,0.3539910316467285,False
0,0,400,0.7634937763214111,False
0,0,405,0.410289466381073,False
0,1,10,0.055775586515665054,False
0,1,15,0.20460356771945953,False
0,1,20,0.2652326822280884,False
0,1,25,0.3736018240451813,False
0,1,30,0.21755118668079376,False
0,1,35,0.12422685325145721,False
0,1,40,0.1781066656112671,False
0,1,45,0.21864865720272064,False
0,1,50,0.27923089265823364,False
0,1,55,0.218746617436409,False
0,1,60,0.23500093817710876,False
0,1,65,0.08283580839633942,False
0,1,70,0.05776558443903923,False
0,1,75,0.20758557319641113,False
0,1,80,0.24274393916130066,False
0,1,85,0.13290143013000488,False
0,1,90,0.15553972125053406,False
0,1,95,1.2466366291046143,False
0,1,100,0.33689990639686584,False
0,1,105,0.204591765999794,False
0,1,110,0.28410905599594116,False
0,1,115,0.457446426153183,False
0,1,120,0.3245571553707123,False
0,1,125,0.30253925919532776,False
0,1,130,0.19179998338222504,False
0,1,135,0.13419108092784882,False
0,1,140,0.09373939782381058,False
0,1,145,0.10958674550056458,False
0,1,150,0.08388014137744904,False
0,1,155,0.11865442991256714,False
0,1,160,0.1568342000246048,False
0,1,165,0.061061348766088486,False
0,1,170,0.13881145417690277,False
0,1,175,0.03826354444026947,False
0,1,180,0.06912847608327866,False
0,1,185,0.0939902663230896,False
0,1,190,1.1881040334701538,False
0,1,195,0.03127210587263107,False
0,1,200,0.08703384548425674,False
0,1,205,0.12333396822214127,False
0,1,210,0.10552863776683807,False
0,1,215,0.1268075406551361,False
0,1,220,0.18820153176784515,False
0,1,225,0.20964141190052032,False
0,1,230,0.12526163458824158,False
0,1,235,0.312391072511673,False
0,1,240,0.1067420020699501,False
0,1,245,0.05096941441297531,False
0,1,250,0.05609956383705139,False
0,1,255,0.06095001846551895,False
0,1,260,0.06920210272073746,False
0,1,265,0.40284621715545654,False
0,1,270,0.3713441789150238,False
0,1,275,0.473691463470459,False
0,1,280,0.48091384768486023,False
0,1,285,0.7027101516723633,False
0,1,290,0.09560328722000122,False
0,1,295,0.10373565554618835,False
0,1,300,0.0686558336019516,False
0,1,305,0.13316775858402252,False
0,1,310,0.07995590567588806,False
0,1,315,0.03342568501830101,False
0,1,320,0.12921223044395447,False
0,1,325,0.5616846680641174,False
0,1,330,0.09693718701601028,False
0,1,335,0.11445735394954681,False
0,1,340,0.2215477079153061,False
0,1,345,0.062079355120658875,False
0,1,350,0.04210470989346504,False
0,1,355,0.05141771584749222,False
0,1,360,0.06789717823266983,False
0,1,365,0.11207211017608643,False
0,1,370,0.08665486425161362,False
0,1,375,0.08634534478187561,False
0,1,380,0.05773670971393585,False
0,1,385,0.0823758915066719,False
0,1,390,0.08038567006587982,False
0,1,395,0.8177870512008667,False
0,1,400,0.05735646188259125,False
0,1,405,0.08625223487615585,False
0,2,10,0.04378802701830864,False
0,2,15,0.19747872650623322,False
0,2,20,0.2664918303489685,False
0,2,25,0.31703081727027893,False
0,2,30,0.14663495123386383,False
0,2,35,0.26221606135368347,False
0,2,40,0.20524710416793823,False
0,2,45,0.14659716188907623,False
0,2,50,0.04608267918229103,False
0,2,55,0.03354603797197342,False
0,2,60,0.14383167028427124,False
0,2,65,0.07407865673303604,False
0,2,70,0.04089294746518135,False
0,2,75,0.08058801293373108,False
0,2,80,0.05305714160203934,False
0,2,85,0.030959637835621834,False
0,2,90,0.0722690001130104,False
0,2,95,0.17144112288951874,False
0,2,100,0.2788677215576172,False
0,2,105,0.38181039690971375,False
0,2,110,0.18482327461242676,False
0,2,115,0.23377625644207,False
0,2,120,0.18401671946048737,False
0,2,125,0.1764376163482666,False
0,2,130,0.23720473051071167,False
0,2,135,0.19384489953517914,False
0,2,140,0.6315489411354065,False
0,2,145,0.13588854670524597,False
0,2,150,0.14431603252887726,False
0,2,155,0.16579224169254303,False
0,2,160,0.14789344370365143,False
0,2,165,0.1289416402578354,False
0,2,170,0.1542455404996872,False
0,2,175,0.12791597843170166,False
0,2,180,0.7041190266609192,False
0,2,185,0.1720665693283081,False
0,2,190,0.20094458758831024,False
0,2,195,0.19202710688114166,False
0,2,200,0.2600736618041992,False
0,2,205,0.32680293917655945,False
0,2,210,0.6934895515441895,False
0,2,215,0.16019950807094574,False
0,2,220,0.14059346914291382,False
0,2,225,0.34994152188301086,False
0,2,230,1.580780267715454,False
0,2,235,0.21436722576618195,False
0,2,240,0.7638610601425171,False
0,2,245,0.6887274980545044,False
0,2,250,1.6209310293197632,False
0,2,255,1.8060829639434814,False
0,2,260,0.7129762172698975,False
0,2,265,1.5169811248779297,False
0,2,270,0.54111647605896,False
0,2,275,1.6487430334091187,False
0,2,280,1.347020149230957,False
0,2,285,1.529914379119873,False
0,2,290,0.47344666719436646,False
0,2,295,0.400270938873291,False
0,2,300,1.8095499277114868,False
0,2,305,0.5365124344825745,False
0,2,310,0.48532596230506897,False
0,2,315,0.3840792775154114,False
0,2,320,0.4225265681743622,False
0,2,325,0.5281109809875488,False
0,2,330,0.5071569681167603,False
0,2,335,0.4474879503250122,False
0,2,340,0.39596110582351685,False
0,2,345,0.39759209752082825,False
0,2,350,0.3569680154323578,False
0,2,355,0.5006567239761353,False
0,2,360,0.4283635914325714,False
0,2,365,0.46832212805747986,False
0,2,370,0.41299718618392944,False
0,2,375,0.4607594907283783,False
0,2,380,0.4290989935398102,False
0,2,385,0.3816823661327362,False
0,2,390,0.3463119566440582,False
0,2,395,0.4250316023826599,False
0,2,400,0.4907301962375641,False
0,2,405,0.4022626280784607,False
0,3,10,0.08734358847141266,False
0,3,15,0.23441313207149506,False
0,3,20,0.3236379325389862,False
0,3,25,0.36652976274490356,False
0,3,30,0.355119526386261,False
0,3,35,0.198308065533638,False
0,3,40,0.133757084608078,False
0,3,45,0.5712079405784607,False
0,3,50,0.3988150954246521,False
0,3,55,0.24548186361789703,False
0,3,60,0.2056831419467926,False
0,3,65,0.14476297795772552,False
0,3,70,0.0815620869398117,False
0,3,75,0.16209247708320618,False
0,3,80,0.33382394909858704,False
0,3,85,0.17227542400360107,False
0,3,90,0.4942820966243744,False
0,3,95,0.642238438129425,False
0,3,100,0.7939959764480591,False
0,3,105,0.6005377769470215,False
0,3,110,0.7654748558998108,False
0,3,115,0.7355856895446777,False
0,3,120,0.40019604563713074,False
0,3,125,0.4798727333545685,False
0,3,130,0.7424083352088928,False
0,3,135,0.14800916612148285,False
0,3,140,0.2564047873020172,False
0,3,145,0.26971256732940674,False
0,3,150,0.6130771040916443,False
0,3,155,0.5798324346542358,False
0,3,160,0.367757111787796,False
0,3,165,0.45837122201919556,False
0,3,170,0.4097267985343933,False
0,3,175,0.14067798852920532,False
0,3,180,0.061587143689394,False
0,3,185,0.7351802587509155,False
0,3,190,0.16648027300834656,False
0,3,195,0.3066323399543762,False
0,3,200,0.4502633810043335,False
0,3,205,0.45182961225509644,False
0,3,210,0.22577139735221863,False
0,3,215,0.5093387365341187,False
0,3,220,0.1892368048429489,False
0,3,225,0.5705973505973816,False
0,3,230,0.3111863136291504,False
0,3,235,0.2962884306907654,False
0,3,240,0.8411914110183716,False
0,3,245,0.13779675960540771,False
0,3,250,0.230668842792511,False
0,3,255,0.48881232738494873,False
0,3,260,0.23315370082855225,False
0,3,265,0.33880358934402466,False
0,3,270,0.27920809388160706,False
0,3,275,0.48321351408958435,False
0,3,280,0.5457147359848022,False
0,3,285,0.8825004696846008,False
0,3,290,0.4972255229949951,False
0,3,295,0.48982226848602295,False
0,3,300,0.40593206882476807,False
0,3,305,0.2584278881549835,False
0,3,310,0.21875761449337006,False
0,3,315,0.4409444332122803,False
0,3,320,0.2653317153453827,False
0,3,325,0.205749049782753,False
0,3,330,1.0157486200332642,False
0,3,335,0.4149412214756012,False
0,3,340,0.27080920338630676,False
0,3,345,0.11187633126974106,False
0,3,350,0.29299357533454895,False
0,3,355,0.404073029756546,False
0,3,360,0.596355140209198,False
0,3,365,0.7050842642784119,False
0,3,370,0.6545298099517822,False
0,3,375,0.3538718819618225,False
0,3,380,0.5728759765625,False
0,3,385,0.46063780784606934,False
0,3,390,0.2640877962112427,False
0,3,395,1.6661604642868042,False
0,3,400,0.1870500147342682,False
0,3,405,0.5794166922569275,False
0,4,10,0.07259714603424072,False
0,4,15,0.06670189648866653,False
0,4,20,0.08448794484138489,False
0,4,25,0.08868800848722458,False
0,4,30,0.11500495672225952,False
0,4,35,0.31562861800193787,False
0,4,40,0.1781947761774063,False
0,4,45,0.06139180809259415,False
0,4,50,0.11413270235061646,False
0,4,55,0.12707018852233887,False
0,4,60,0.18211428821086884,False
0,4,65,1.729452133178711,False
0,4,70,0.10379409044981003,False
0,4,75,0.0328645259141922,False
0,4,80,0.0371314138174057,False
0,4,85,0.10292350500822067,False
0,4,90,1.0399574041366577,False
0,4,95,0.07003619521856308,False
0,4,100,0.0488104410469532,False
0,4,105,0.08919873088598251,False
0,4,110,0.07901698350906372,False
0,4,115,0.18566648662090302,False
0,4,120,0.1393449604511261,False
0,4,125,0.16225694119930267,False
0,4,130,0.08734133839607239,False
0,4,135,0.12749211490154266,False
0,4,140,0.1576051414012909,False
0,4,145,0.14161458611488342,False
0,4,150,0.20864814519882202,False
0,4,155,0.5936363935470581,False
0,4,160,0.6507332921028137,False
0,4,165,0.5369124412536621,False
0,4,170,0.1941959410905838,False
0,4,175,0.09755978733301163,False
0,4,180,0.14353711903095245,False
0,4,185,0.08507806807756424,False
0,4,190,0.06920427829027176,False
0,4,195,0.10419267416000366,False
0,4,200,0.12470903992652893,False
0,4,205,0.12412072718143463,False
0,4,210,0.1541859358549118,False
0,4,215,0.1410321742296219,False
0,4,220,0.11289158463478088,False
0,4,225,0.1682283729314804,False
0,4,230,0.11884841322898865,False
0,4,235,0.09380622953176498,False
0,4,240,0.12582869827747345,False
0,4,245,0.07873453944921494,False
0,4,250,0.09095048904418945,False
0,4,255,0.041705165058374405,False
0,4,260,0.023053832352161407,False
0,4,265,0.030145831406116486,False
0,4,270,0.038837797939777374,False
0,4,275,0.047678787261247635,False
0,4,280,0.082719586789608,False
0,4,285,0.05939054116606712,False
0,4,290,0.07562458515167236,False
0,4,295,0.08276404440402985,False
0,4,300,0.3467905819416046,False
0,4,305,0.30670464038848877,False
0,4,310,0.46241483092308044,False
0,4,315,0.2607085704803467,False
0,4,320,0.1655990481376648,False
0,4,325,0.07689908891916275,False
0,4,330,0.18226055800914764,False
0,4,335,0.1820879429578781,False
0,4,340,0.07151740789413452,False
0,4,345,0.05512440577149391,False
0,4,350,0.07507112622261047,False
0,4,355,0.1709916591644287,False
0,4,360,0.3780878484249115,False
0,4,365,0.08621497452259064,False
0,4,370,0.15634430944919586,False
0,4,375,0.15375535190105438,False
0,4,380,0.3333006799221039,False
0,4,385,0.04028552770614624,False
0,4,390,0.27524951100349426,False
0,4,395,0.35770121216773987,False
0,4,400,0.0957004502415657,False
0,4,405,0.2893963158130646,False
0,5,10,0.09433392435312271,False
0,5,15,0.11455057561397552,False
0,5,20,0.17371295392513275,False
0,5,25,0.20764552056789398,False
0,5,30,0.09355778247117996,False
0,5,35,0.18015244603157043,False
0,5,40,0.4247831106185913,False
0,5,45,0.2934228479862213,False
0,5,50,0.2637171149253845,False
0,5,55,0.0755927711725235,False
0,5,60,0.1477230191230774,False
0,5,65,0.1077537015080452,False
0,5,70,0.15869824588298798,False
0,5,75,0.16767340898513794,False
0,5,80,0.1992213875055313,False
0,5,85,0.11090142279863358,False
0,5,90,0.08146935701370239,False
0,5,95,0.14227662980556488,False
0,5,100,0.13165919482707977,False
0,5,105,0.33871009945869446,False
0,5,110,0.07990743964910507,False
0,5,115,0.18713617324829102,False
0,5,120,0.3807600140571594,False
0,5,125,0.2707885205745697,False
0,5,130,0.22435680031776428,False
0,5,135,1.4538792371749878,False
0,5,140,0.06033173203468323,False
0,5,145,0.14179915189743042,False
0,5,150,0.12095481157302856,False
0,5,155,0.11645731329917908,False
0,5,160,0.10380903631448746,False
0,5,165,0.049079153686761856,False
0,5,170,0.05451974645256996,False
0,5,175,0.0827738493680954,False
0,5,180,0.026380367577075958,False
0,5,185,0.17548011243343353,False
0,5,190,0.8850595355033875,False
0,5,195,0.092900350689888,False
0,5,200,1.2515279054641724,False
0,5,205,1.1762170791625977,False
0,5,210,0.15804539620876312,False
0,5,215,0.0499216765165329,False
0,5,220,0.04169933870434761,False
0,5,225,0.0397256463766098,False
0,5,230,0.16166558861732483,False
0,5,235,0.20440255105495453,False
0,5,240,0.1858937293291092,False
0,5,245,0.11297425627708435,False
0,5,250,0.1495056450366974,False
0,5,255,0.14379960298538208,False
0,5,260,0.0846974179148674,False
0,5,265,0.09174033999443054,False
0,5,270,0.061493728309869766,False
0,5,275,0.19547748565673828,False
0,5,280,0.17730529606342316,False
0,5,285,0.09649470448493958,False
0,5,290,0.2398897111415863,False
0,5,295,0.20452578365802765,False
0,5,300,0.17969897389411926,False
0,5,305,0.20704568922519684,False
0,5,310,0.10197439789772034,False
0,5,315,0.17280203104019165,False
0,5,320,0.15179011225700378,False
0,5,325,0.20547372102737427,False
0,5,330,0.1264595240354538,False
0,5,335,0.24920488893985748,False
0,5,340,0.4742908477783203,False
0,5,345,0.1667768657207489,False
0,5,350,0.2415100336074829,False
0,5,355,0.06305067241191864,False
0,5,360,0.09025662392377853,False
0,5,365,0.3221913278102875,False
0,5,370,0.11350257694721222,False
0,5,375,0.295711874961853,False
0,5,380,0.10250673443078995,False
0,5,385,0.0962376594543457,False
0,5,390,0.08718476444482803,False
0,5,395,0.387212872505188,False
0,5,400,0.2185579538345337,False
0,5,405,0.5165536403656006,False
0,6,10,0.09321175515651703,False
0,6,15,0.15980511903762817,False
0,6,20,0.19535169005393982,False
0,6,25,0.22621217370033264,False
0,6,30,0.19140036404132843,False
0,6,35,0.17291469871997833,False
0,6,40,0.16863034665584564,False
0,6,45,0.15471325814723969,False
0,6,50,0.19721315801143646,False
0,6,55,0.16426986455917358,False
0,6,60,0.1941535919904709,False
0,6,65,0.2094508558511734,False
0,6,70,0.1684948354959488,False
0,6,75,0.11614039540290833,False
0,6,80,0.05707254260778427,False
0,6,85,0.04562041908502579,False
0,6,90,0.0616760291159153,False
0,6,95,0.17842422425746918,False
0,6,100,0.1499670296907425,False
0,6,105,0.5788488984107971,False
0,6,110,0.13951921463012695,False
0,6,115,0.21626517176628113,False
0,6,120,0.6326165199279785,False
0,6,125,0.3763566315174103,False
0,6,130,0.6983817219734192,False
0,6,135,0.16926880180835724,False
0,6,140,0.5728235840797424,False
0,6,145,0.16103658080101013,False
0,6,150,0.300719290971756,False
0,6,155,0.31947261095046997,False
0,6,160,0.19152365624904633,False
0,6,165,0.22884900867938995,False
0,6,170,0.276279091835022,False
0,6,175,0.18830296397209167,False
0,6,180,0.5884157419204712,False
0,6,185,0.21260055899620056,False
0,6,190,0.39446431398391724,False
0,6,195,0.8740817308425903,False
0,6,200,0.1819559931755066,False
0,6,205,0.08280067145824432,False
0,6,210,0.11414550244808197,False
0,6,215,0.22016584873199463,False
0,6,220,0.11636384576559067,False
0,6,225,0.34225404262542725,False
0,6,230,0.06989199668169022,False
0,6,235,0.07861266285181046,False
0,6,240,0.16407209634780884,False
0,6,245,0.5169052481651306,False
0,6,250,0.14630676805973053,False
0,6,255,0.09434777498245239,False
0,6,260,0.07548969984054565,False
0,6,265,0.15103928744792938,False
0,6,270,0.06547456979751587,False
0,6,275,0.03843027353286743,False
0,6,280,0.6860769391059875,False
0,6,285,0.13834723830223083,False
0,6,290,0.12701530754566193,False
0,6,295,0.07809823006391525,False
0,6,300,0.1343931257724762,False
0,6,305,0.17578381299972534,False
0,6,310,0.11901137232780457,False
0,6,315,0.40055689215660095,False
0,6,320,0.3158406913280487,False
0,6,325,0.3160138726234436,False
0,6,330,0.16395768523216248,False
0,6,335,0.16106420755386353,False
0,6,340,0.09916602820158005,False
0,6,345,0.1555589735507965,False
0,6,350,0.13755956292152405,False
0,6,355,0.13999420404434204,False
0,6,360,0.16905830800533295,False
0,6,365,0.16067500412464142,False
0,6,370,0.18030299246311188,False
0,6,375,0.7315000891685486,False
0,6,380,0.156135693192482,False
0,6,385,0.15589739382266998,False
0,6,390,0.1602172702550888,False
0,6,395,0.16099688410758972,False
0,6,400,0.142248272895813,False
0,6,405,0.1718514859676361,False
0,7,10,0.04635611176490784,False
0,7,15,0.11838067322969437,False
0,7,20,0.16793134808540344,False
0,7,25,0.18225745856761932,False
0,7,30,0.12971271574497223,False
0,7,35,0.2998061776161194,False
0,7,40,0.5370858311653137,False
0,7,45,0.47891274094581604,False
0,7,50,0.2745389938354492,False
0,7,55,0.040861502289772034,False
0,7,60,0.016471877694129944,False
0,7,65,0.06551113724708557,False
0,7,70,0.13405175507068634,False
0,7,75,0.10753297805786133,False
0,7,80,0.14501945674419403,False
0,7,85,0.12514443695545197,False
0,7,90,0.06463886052370071,False
0,7,95,0.1664242446422577,False
0,7,100,0.10022663325071335,False
0,7,105,0.3697448968887329,False
0,7,110,0.07745885848999023,False
0,7,115,0.042225658893585205,False
0,7,120,0.12320064753293991,False
0,7,125,0.08339311927556992,False
0,7,130,0.11655410379171371,False
0,7,135,0.07646451145410538,False
0,7,140,0.06052715703845024,False
0,7,145,0.04941243678331375,False
0,7,150,0.035181086510419846,False
0,7,155,0.04547367990016937,False
0,7,160,0.06616900861263275,False
0,7,165,0.07819472998380661,False
0,7,170,0.05028463900089264,False
0,7,175,0.036383118480443954,False
0,7,180,0.050018128007650375,False
0,7,185,0.054216332733631134,False
0,7,190,0.0705690085887909,False
0,7,195,0.056714482605457306,False
0,7,200,0.044987477362155914,False
0,7,205,0.12294896692037582,False
0,7,210,0.16414926946163177,False
0,7,215,0.1525467485189438,False
0,7,220,0.20239931344985962,False
0,7,225,0.06081482395529747,False
0,7,230,0.07141508907079697,False
0,7,235,0.107673779129982,False
0,7,240,0.08500474691390991,False
0,7,245,0.113133005797863,False
0,7,250,0.09101661294698715,False
0,7,255,0.06915298849344254,False
0,7,260,0.05896493420004845,False
0,7,265,0.4207197427749634,False
0,7,270,0.30230939388275146,False
0,7,275,0.320280522108078,False
0,7,280,0.5595661401748657,False
0,7,285,0.22203941643238068,False
0,7,290,0.190950408577919,False
0,7,295,0.2828172743320465,False
0,7,300,0.190022274851799,False
0,7,305,0.17534594237804413,False
0,7,310,0.15231768786907196,False
0,7,315,0.1339385211467743,False
0,7,320,0.07692214101552963,False
0,7,325,0.1529049128293991,False
0,7,330,0.06936349719762802,False
0,7,335,0.0700000748038292,False
0,7,340,0.090230293571949,False
0,7,345,0.19646349549293518,False
0,7,350,0.08804003149271011,False
0,7,355,0.11751904338598251,False
0,7,360,0.05866328999400139,False
0,7,365,0.063913993537426,False
0,7,370,0.07885770499706268,False
0,7,375,0.0345907099545002,False
0,7,380,0.053291622549295425,False
0,7,385,0.1591324359178543,False
0,7,390,0.17855766415596008,False
0,7,395,0.21402162313461304,False
0,7,400,0.19611945748329163,False
0,7,405,0.20642340183258057,False
0,8,10,0.15751753747463226,False
0,8,15,0.2501656413078308,False
0,8,20,0.3626762926578522,False
0,8,25,0.643808126449585,False
0,8,30,0.2575913965702057,False
0,8,35,0.3039179742336273,False
0,8,40,0.11828981339931488,False
0,8,45,0.09402360767126083,False
0,8,50,0.07216265797615051,False
0,8,55,0.10557690262794495,False
0,8,60,0.11208444833755493,False
0,8,65,0.13313637673854828,False
0,8,70,0.10361222922801971,False
0,8,75,0.08794261515140533,False
0,8,80,0.2070334404706955,False
0,8,85,0.09823323041200638,False
0,8,90,0.18368235230445862,False
0,8,95,0.19089625775814056,False
0,8,100,0.21223971247673035,False
0,8,105,0.2579337954521179,False
0,8,110,0.20313462615013123,False
0,8,115,0.3175393342971802,False
0,8,120,0.15384946763515472,False
0,8,125,0.1232295036315918,False
0,8,130,0.1608135849237442,False
0,8,135,0.14027634263038635,False
0,8,140,0.11625290662050247,False
0,8,145,0.0777888149023056,False
0,8,150,0.12097616493701935,False
0,8,155,0.09508918225765228,False
0,8,160,0.22930309176445007,False
0,8,165,0.10861589759588242,False
0,8,170,0.11097507178783417,False
0,8,175,0.08134869486093521,False
0,8,180,0.3239993453025818,False
0,8,185,0.09392932802438736,False
0,8,190,0.16060291230678558,False
0,8,195,0.15359407663345337,False
0,8,200,0.11131113767623901,False
0,8,205,0.17908762395381927,False
0,8,210,0.11897963285446167,False
0,8,215,0.12445084005594254,False
0,8,220,0.10866029560565948,False
0,8,225,0.252259761095047,False
0,8,230,0.06768448650836945,False
0,8,235,0.10600914806127548,False
0,8,240,0.1602112054824829,False
0,8,245,0.2845154404640198,False
0,8,250,0.1497548222541809,False
0,8,255,0.1176709309220314,False
0,8,260,0.1329423040151596,False
0,8,265,0.11619792878627777,False
0,8,270,0.16327667236328125,False
0,8,275,0.1351948380470276,False
0,8,280,0.7985773682594299,False
0,8,285,0.16109974682331085,False
0,8,290,0.09483103454113007,False
0,8,295,0.20026731491088867,False
0,8,300,0.1690608561038971,False
0,8,305,0.1463349163532257,False
0,8,310,0.2404564768075943,False
0,8,315,0.13820581138134003,False
0,8,320,0.1727553904056549,False
0,8,325,0.0759868174791336,False
0,8,330,0.1880686730146408,False
0,8,335,0.12585777044296265,False
0,8,340,0.18358078598976135,False
0,8,345,0.07243447005748749,False
0,8,350,0.0886862725019455,False
0,8,355,0.13528606295585632,False
0,8,360,0.10552448779344559,False
0,8,365,0.13910040259361267,False
0,8,370,0.22709964215755463,False
0,8,375,0.23752456903457642,False
0,8,380,0.16148988902568817,False
0,8,385,0.09958482533693314,False
0,8,390,0.1016225516796112,False
0,8,395,0.12532107532024384,False
0,8,400,0.09117493033409119,False
0,8,405,0.17433567345142365,False
0,9,10,0.06287425011396408,False
0,9,15,0.10904400050640106,False
0,9,20,0.1345527470111847,False
0,9,25,0.17055025696754456,False
0,9,30,0.29354068636894226,False
0,9,35,0.2529536783695221,False
0,9,40,0.0744340717792511,False
0,9,45,0.06038086861371994,False
0,9,50,0.14085979759693146,False
0,9,55,0.09885909408330917,False
0,9,60,0.06979004293680191,False
0,9,65,0.08313446491956711,False
0,9,70,0.14380989968776703,False
0,9,75,0.15284447371959686,False
0,9,80,0.08403747528791428,False
0,9,85,0.2283860594034195,False
0,9,90,0.12247658520936966,False
0,9,95,0.16436538100242615,False
0,9,100,0.1328786015510559,False
0,9,105,0.12686222791671753,False
0,9,110,0.10649552196264267,False
0,9,115,0.11257483065128326,False
0,9,120,0.1552876979112625,False
0,9,125,0.08495134860277176,False
0,9,130,0.10712848603725433,False
0,9,135,0.10525527596473694,False
0,9,140,0.0907292291522026,False
0,9,145,0.11027156561613083,False
0,9,150,0.11710074543952942,False
0,9,155,0.10311504453420639,False
0,9,160,0.08886107057332993,False
0,9,165,0.07057531177997589,False
0,9,170,0.06757497042417526,False
0,9,175,0.09609634429216385,False
0,9,180,0.11322760581970215,False
0,9,185,0.1204942837357521,False
0,9,190,0.10500147938728333,False
0,9,195,0.08502594381570816,False
0,9,200,0.102999746799469,False
0,9,205,0.10388758778572083,False
0,9,210,0.09384959191083908,False
0,9,215,0.13911768794059753,False
0,9,220,0.10605122148990631,False
0,9,225,0.03712572902441025,False
0,9,230,0.0528060607612133,False
0,9,235,0.2044963240623474,False
0,9,240,0.0737982988357544,False
0,9,245,0.11895568668842316,False
0,9,250,0.07830087095499039,False
0,9,255,0.1968001127243042,False
0,9,260,0.049116987735033035,False
0,9,265,0.03415102884173393,False
0,9,270,0.11118195950984955,False
0,9,275,0.1236361563205719,False
0,9,280,0.15848518908023834,False
0,9,285,0.10502327233552933,False
0,9,290,0.07440207898616791,False
0,9,295,0.04727001488208771,False
0,9,300,0.03609168156981468,False
0,9,305,0.1353309154510498,False
0,9,310,0.05982368066906929,False
0,9,315,0.09612295776605606,False
0,9,320,0.060887712985277176,False
0,9,325,0.03377152606844902,False
0,9,330,0.10600071400403976,False
0,9,335,0.08234142512083054,False
0,9,340,0.03825434297323227,False
0,9,345,0.1345060169696808,False
0,9,350,0.18800435960292816,False
0,9,355,0.06282706558704376,False
0,9,360,0.05945968255400658,False
0,9,365,0.12704576551914215,False
0,9,370,0.06331615149974823,False
0,9,375,0.0682210773229599,False
0,9,380,0.14297854900360107,False
0,9,385,0.06174362450838089,False
0,9,390,0.08798903971910477,False
0,9,395,0.09602884203195572,False
0,9,400,0.13248319923877716,False
0,9,405,0.07098855823278427,False
0,10,10,0.08119288086891174,False
0,10,15,0.09612876176834106,False
0,10,20,0.03884429112076759,False
0,10,25,0.08011628687381744,False
0,10,30,0.2505775988101959,False
0,10,35,0.2150612622499466,False
0,10,40,0.09328398108482361,False
0,10,45,0.11348602175712585,False
0,10,50,0.14936795830726624,False
0,10,55,0.10213521867990494,False
0,10,60,0.12097809463739395,False
0,10,65,0.08697474002838135,False
0,10,70,0.08128512650728226,False
0,10,75,0.05389232188463211,False
0,10,80,0.060375116765499115,False
0,10,85,0.11538977175951004,False
0,10,90,0.05334184691309929,False
0,10,95,0.04974217340350151,False
0,10,100,0.053577303886413574,False
0,10,105,0.09930860251188278,False
0,10,110,0.04700982943177223,False
0,10,115,0.04690953716635704,False
0,10,120,0.054783038794994354,False
0,10,125,0.05920606479048729,False
0,10,130,0.06731845438480377,False
0,10,135,0.07778424769639969,False
0,10,140,0.0954093188047409,False
0,10,145,0.06043326482176781,False
0,10,150,0.09465676546096802,False
0,10,155,0.06637002527713776,False
0,10,160,0.030021505430340767,False
0,10,165,0.026497647166252136,False
0,10,170,0.03529895097017288,False
0,10,175,0.03301055729389191,False
0,10,180,0.06522458046674728,False
0,10,185,0.05100557580590248,False
0,10,190,0.04726333171129227,False
0,10,195,0.05218234658241272,False
0,10,200,0.05258584022521973,False
0,10,205,0.048395656049251556,False
0,10,210,0.05569283664226532,False
0,10,215,0.06111789867281914,False
0,10,220,0.03919395059347153,False
0,10,225,0.09031942486763,False
0,10,230,0.046437110751867294,False
0,10,235,0.08913169056177139,False
0,10,240,0.0638449490070343,False
0,10,245,0.10431580245494843,False
0,10,250,0.12209564447402954,False
0,10,255,0.16478317975997925,False
0,10,260,0.19788847863674164,False
0,10,265,0.13940595090389252,False
0,10,270,0.0793178603053093,False
0,10,275,0.07984575629234314,False
0,10,280,0.07009460777044296,False
0,10,285,0.06314965337514877,False
0,10,290,0.057104241102933884,False
0,10,295,0.04285520315170288,False
0,10,300,0.06246720254421234,False
0,10,305,0.031285110861063004,False
0,10,310,1.183204174041748,False
0,10,315,0.035378597676754,False
0,10,320,0.05269487202167511,False
0,10,325,0.19027864933013916,False
0,10,330,0.24925841391086578,False
0,10,335,0.2216450273990631,False
0,10,340,0.5311645269393921,False
0,10,345,0.11067891865968704,False
0,10,350,0.17889553308486938,False
0,10,355,0.2903895676136017,False
0,10,360,0.2718878388404846,False
0,10,365,0.12706252932548523,False
0,10,370,0.4741230010986328,False
0,10,375,0.4965810775756836,False
0,10,380,0.08476769924163818,False
0,10,385,0.0549243688583374,False
0,10,390,0.0742553323507309,False
0,10,395,0.07811325043439865,False
0,10,400,0.05605761334300041,False
0,10,405,0.10452750325202942,False
0,11,10,0.11456099152565002,False
0,11,15,0.3078825771808624,False
0,11,20,0.34882575273513794,False
0,11,25,0.39713186025619507,False
0,11,30,0.28897759318351746,False
0,11,35,0.16290606558322906,False
0,11,40,0.17737796902656555,False
0,11,45,0.1385076493024826,False
0,11,50,0.39817142486572266,False
0,11,55,0.28219377994537354,False
0,11,60,0.5314816236495972,False
0,11,65,0.17059122025966644,False
0,11,70,0.10248884558677673,False
0,11,75,0.2997572124004364,False
0,11,80,0.6338281631469727,False
0,11,85,0.30551841855049133,False
0,11,90,0.3595134913921356,False
0,11,95,0.05719124898314476,False
0,11,100,0.7224701046943665,False
0,11,105,0.2715127468109131,False
0,11,110,0.8303745985031128,False
0,11,115,0.4168582558631897,False
0,11,120,0.6700023412704468,False
0,11,125,0.4689153730869293,False
0,11,130,0.7228739261627197,False
0,11,135,0.703778862953186,False
0,11,140,0.7639442682266235,False
0,11,145,0.25922226905822754,False
0,11,150,0.6144462823867798,False
0,11,155,0.5039300918579102,False
0,11,160,0.5512702465057373,False
0,11,165,0.5360909700393677,False
0,11,170,0.3916865885257721,False
0,11,175,0.23399485647678375,False
0,11,180,0.08712223917245865,False
0,11,185,0.11453533172607422,False
0,11,190,0.08932113647460938,False
0,11,195,0.3045549988746643,False
0,11,200,0.3472721576690674,False
0,11,205,0.6362719535827637,False
0,11,210,0.2019525021314621,False
0,11,215,0.22667019069194794,False
0,11,220,0.23099298775196075,False
0,11,225,0.5217698812484741,False
0,11,230,0.3856687545776367,False
0,11,235,0.33540675044059753,False
0,11,240,0.3993287682533264,False
0,11,245,0.4281834065914154,False
0,11,250,0.48363423347473145,False
0,11,255,0.3320470452308655,False
0,11,260,0.34580376744270325,False
0,11,265,0.5352035760879517,False
0,11,270,0.5403736233711243,False
0,11,275,0.6311609745025635,False
0,11,280,0.41532784700393677,False
0,11,285,0.13461056351661682,False
0,11,290,0.6819850206375122,False
0,11,295,0.602677047252655,False
0,11,300,0.36540770530700684,False
0,11,305,0.3696468770503998,False
0,11,310,0.3574196994304657,False
0,11,315,0.4772570729255676,False
0,11,320,0.34465524554252625,False
0,11,325,0.46404463052749634,False
0,11,330,0.11724630743265152,False
0,11,335,0.4903601109981537,False
0,11,340,0.2540853023529053,False
0,11,345,0.47521522641181946,False
0,11,350,0.4725406765937805,False
0,11,355,0.4594302475452423,False
0,11,360,0.45975247025489807,False
0,11,365,0.1016937792301178,False
0,11,370,0.4433475434780121,False
0,11,375,0.47107434272766113,False
0,11,380,0.23652078211307526,False
0,11,385,0.46034929156303406,False
0,11,390,0.2686430811882019,False
0,11,395,0.5011593699455261,False
0,11,400,0.4558788537979126,False
0,11,405,0.38602158427238464,False
0,12,10,0.13372603058815002,False
0,12,15,0.13833248615264893,False
0,12,20,0.18051546812057495,False
0,12,25,0.32571691274642944,False
0,12,30,0.15187779068946838,False
0,12,35,0.16720852255821228,False
0,12,40,0.19379842281341553,False
0,12,45,0.3607436716556549,False
0,12,50,0.21781504154205322,False
0,12,55,0.13267560303211212,False
0,12,60,0.07458947598934174,False
0,12,65,0.09435375034809113,False
0,12,70,0.18860208988189697,False
0,12,75,0.17921309173107147,False
0,12,80,0.19785478711128235,False
0,12,85,0.24796614050865173,False
0,12,90,0.19826893508434296,False
0,12,95,1.4628108739852905,False
0,12,100,0.4429014027118683,False
0,12,105,0.11283764243125916,False
0,12,110,0.1276589184999466,False
0,12,115,0.28760507702827454,False
0,12,120,0.10719533264636993,False
0,12,125,0.2534406781196594,False
0,12,130,0.17908400297164917,False
0,12,135,0.12510670721530914,False
0,12,140,0.16754165291786194,False
0,12,145,0.1564374417066574,False
0,12,150,0.8808680176734924,False
0,12,155,0.09640417993068695,False
0,12,160,0.08693802356719971,False
0,12,165,0.0903288722038269,False
0,12,170,0.18602381646633148,False
0,12,175,0.12100011855363846,False
0,12,180,0.07775663584470749,False
0,12,185,0.38903096318244934,False
0,12,190,0.42279550433158875,False
0,12,195,0.581578254699707,False
0,12,200,0.3938562273979187,False
0,12,205,0.3898581564426422,False
0,12,210,0.7030339241027832,False
0,12,215,0.2760860323905945,False
0,12,220,0.1508110612630844,False
0,12,225,0.09048867970705032,False
0,12,230,0.17585085332393646,False
0,12,235,0.07632008194923401,False
0,12,240,0.05297749862074852,False
0,12,245,0.11660998314619064,False
0,12,250,0.18982073664665222,False
0,12,255,0.19538511335849762,False
0,12,260,0.1346563696861267,False
0,12,265,0.1199508011341095,False
0,12,270,0.099639393389225,False
0,12,275,0.08892996609210968,False
0,12,280,0.06600917130708694,False
0,12,285,0.08753244578838348,False
0,12,290,0.12493843585252762,False
0,12,295,0.1652437001466751,False
0,12,300,0.08337786793708801,False
0,12,305,0.139850914478302,False
0,12,310,0.08261025696992874,False
0,12,315,0.10597969591617584,False
0,12,320,0.12095747888088226,False
0,12,325,0.1429479569196701,False
0,12,330,0.12920819222927094,False
0,12,335,0.208943173289299,False
0,12,340,0.2640294134616852,False
0,12,345,0.2389519065618515,False
0,12,350,0.2953452169895172,False
0,12,355,0.33093827962875366,False
0,12,360,0.30688461661338806,False
0,12,365,0.7444574236869812,False
0,12,370,0.6308436989784241,False
0,12,375,0.1273389756679535,False
0,12,380,0.18036982417106628,False
0,12,385,0.2025609016418457,False
0,12,390,0.23625095188617706,False
0,12,395,0.692194402217865,False
0,12,400,0.44977718591690063,False
0,12,405,0.6600124835968018,False
0,13,10,0.05178281292319298,False
0,13,15,0.1898614764213562,False
0,13,20,0.2211073786020279,False
0,13,25,0.3551228642463684,False
0,13,30,0.3401901125907898,False
0,13,35,0.22165216505527496,False
0,13,40,0.500548243522644,False
0,13,45,0.3139468729496002,False
0,13,50,0.5712262392044067,False
0,13,55,0.5835056900978088,False
0,13,60,0.5819794535636902,False
0,13,65,0.4029485881328583,False
0,13,70,0.1350814253091812,False
0,13,75,0.08848676830530167,False
0,13,80,0.09234330803155899,False
0,13,85,0.04370105639100075,False
0,13,90,0.05500569939613342,False
0,13,95,0.07097287476062775,False
0,13,100,0.0660865530371666,False
0,13,105,0.05758308991789818,False
0,13,110,0.08788479119539261,False
0,13,115,0.12009795755147934,False
0,13,120,0.29196467995643616,False
0,13,125,0.11688373982906342,False
0,13,130,0.03639562427997589,False
0,13,135,0.03390492871403694,False
0,13,140,0.037599410861730576,False
0,13,145,0.10784563422203064,False
0,13,150,0.08186179399490356,False
0,13,155,0.06516987085342407,False
0,13,160,0.028019528836011887,False
0,13,165,0.018893025815486908,False
0,13,170,0.016015734523534775,False
0,13,175,0.023697884753346443,False
0,13,180,0.024488145485520363,False
0,13,185,0.020513612776994705,False
0,13,190,0.03531741723418236,False
0,13,195,0.057987745851278305,False
0,13,200,0.1441238969564438,False
0,13,205,0.1333388239145279,False
0,13,210,0.1484391987323761,False
0,13,215,0.09535994380712509,False
0,13,220,0.24665293097496033,False
0,13,225,0.2398705780506134,False
0,13,230,0.24605201184749603,False
0,13,235,0.18439581990242004,False
0,13,240,0.1958886682987213,False
0,13,245,0.1716572791337967,False
0,13,250,0.1306026577949524,False
0,13,255,0.15544214844703674,False
0,13,260,0.13456346094608307,False
0,13,265,0.19010084867477417,False
0,13,270,0.1292468160390854,False
0,13,275,0.06473191827535629,False
0,13,280,0.09533946216106415,False
0,13,285,0.13914839923381805,False
0,13,290,0.11059636622667313,False
0,13,295,0.08006682246923447,False
0,13,300,0.05654997378587723,False
0,13,305,0.08761004358530045,False
0,13,310,0.1658681333065033,False
0,13,315,0.11676378548145294,False
0,13,320,0.12264085561037064,False
0,13,325,0.1204061433672905,False
0,13,330,0.033115535974502563,False
0,13,335,0.11428123712539673,False
0,13,340,0.04681156948208809,False
0,13,345,0.0740729495882988,False
0,13,350,0.07463004440069199,False
0,13,355,0.0649038553237915,False
0,13,360,0.07707321643829346,False
0,13,365,0.03902320936322212,False
0,13,370,0.11435715109109879,False
0,13,375,0.33015963435173035,False
0,13,380,0.14949922263622284,False
0,13,385,0.09643044322729111,False
0,13,390,0.1215784102678299,False
0,13,395,0.13903804123401642,False
0,13,400,0.03732519596815109,False
0,13,405,0.0744430273771286,False
0,14,10,0.04304642230272293,False
0,14,15,0.2941720187664032,False
0,14,20,0.4716716706752777,False
0,14,25,0.25762417912483215,False
0,14,30,0.227443665266037,False
0,14,35,0.3398522734642029,False
0,14,40,0.2142157405614853,False
0,14,45,1.1179503202438354,False
0,14,50,0.8400322198867798,False
0,14,55,0.3284551501274109,False
0,14,60,0.5290882587432861,False
0,14,65,0.38636109232902527,False
0,14,70,0.17575958371162415,False
0,14,75,0.42485034465789795,False
0,14,80,1.586368441581726,False
0,14,85,1.6294753551483154,False
0,14,90,1.438767910003662,False
0,14,95,0.7593458890914917,False
0,14,100,0.22959373891353607,False
0,14,105,0.334659606218338,False
0,14,110,0.49452221393585205,False
0,14,115,0.31043392419815063,False
0,14,120,0.38877952098846436,False
0,14,125,0.43778878450393677,False
0,14,130,0.4607018530368805,False
0,14,135,0.45623865723609924,False
0,14,140,0.5533532500267029,False
0,14,145,0.3975752294063568,False
0,14,150,0.5686519145965576,False
0,14,155,0.47426217794418335,False
0,14,160,0.6360016465187073,False
0,14,165,0.3571932315826416,False
0,14,170,0.3521161675453186,False
0,14,175,0.27852195501327515,False
0,14,180,0.47666385769844055,False
0,14,185,1.995821475982666,False
0,14,190,0.5034587383270264,False
0,14,195,0.9182133078575134,False
0,14,200,0.32146477699279785,False
0,14,205,0.398324191570282,False
0,14,210,0.42883414030075073,False
0,14,215,0.32582905888557434,False
0,14,220,0.20607812702655792,False
0,14,225,0.29788365960121155,False
0,14,230,0.3187680244445801,False
0,14,235,0.49691739678382874,False
0,14,240,0.374184787273407,False
0,14,245,0.38445547223091125,False
0,14,250,0.3496161699295044,False
0,14,255,0.3566325902938843,False
0,14,260,0.2604556679725647,False
0,14,265,0.4762503504753113,False
0,14,270,0.4575892686843872,False
0,14,275,0.5729363560676575,False
0,14,280,0.8390605449676514,False
0,14,285,0.28991395235061646,False
0,14,290,0.37208837270736694,False
0,14,295,0.3724193871021271,False
0,14,300,0.2990157902240753,False
0,14,305,0.2869716286659241,False
0,14,310,0.3503265380859375,False
0,14,315,0.5810220241546631,False
0,14,320,0.2675270438194275,False
0,14,325,0.2558934986591339,False
0,14,330,0.47635889053344727,False
0,14,335,0.40347781777381897,False
0,14,340,0.49440523982048035,False
0,14,345,0.2097192257642746,False
0,14,350,0.448869526386261,False
0,14,355,0.4204941987991333,False
0,14,360,0.5827232599258423,False
0,14,365,0.2943898141384125,False
0,14,370,0.30631911754608154,False
0,14,375,0.20605099201202393,False
0,14,380,0.5992560386657715,False
0,14,385,0.318584144115448,False
0,14,390,0.2995746433734894,False
0,14,395,0.47657424211502075,False
0,14,400,0.3618651330471039,False
0,14,405,0.474289208650589,False
0,15,10,0.11952152103185654,False
0,15,15,0.08716487884521484,False
0,15,20,0.0860772505402565,False
0,15,25,0.1219867393374443,False
0,15,30,0.15325213968753815,False
0,15,35,0.1257254183292389,False
0,15,40,0.1454710066318512,False
0,15,45,0.14307965338230133,False
0,15,50,0.09991089254617691,False
0,15,55,0.07735779136419296,False
0,15,60,0.10382764786481857,False
0,15,65,0.06796437501907349,False
0,15,70,0.06029067933559418,False
0,15,75,0.0682842805981636,False
0,15,80,0.043244585394859314,False
0,15,85,0.10114304721355438,False
0,15,90,0.05556562542915344,False
0,15,95,0.05447777733206749,False
0,15,100,0.0573076494038105,False
0,15,105,0.07292704284191132,False
0,15,110,0.05943066254258156,False
0,15,115,0.05295039340853691,False
0,15,120,0.04181686416268349,False
0,15,125,0.057362496852874756,False
0,15,130,0.07755208015441895,False
0,15,135,0.05677422136068344,False
0,15,140,0.05145632475614548,False
0,15,145,0.056453023105859756,False
0,15,150,0.053315598517656326,False
0,15,155,0.07035814225673676,False
0,15,160,0.060223206877708435,False
0,15,165,0.0635170266032219,False
0,15,170,0.05684236064553261,False
0,15,175,0.033422790467739105,False
0,15,180,0.05537054315209389,False
0,15,185,0.03563481941819191,False
0,15,190,0.04728681594133377,False
0,15,195,0.02901061251759529,False
0,15,200,0.04081898555159569,False
0,15,205,0.03197505325078964,False
0,15,210,0.04505293443799019,False
0,15,215,0.029460545629262924,False
0,15,220,0.056533172726631165,False
0,15,225,0.04087018221616745,False
0,15,230,0.06387368589639664,False
0,15,235,1.139052152633667,False
0,15,240,0.09481781721115112,False
0,15,245,0.12075919657945633,False
0,15,250,0.1044517457485199,False
0,15,255,0.12167499959468842,False
0,15,260,0.18818898499011993,False
0,15,265,0.16965188086032867,False
0,15,270,0.11204544454813004,False
0,15,275,0.037552136927843094,False
0,15,280,0.01611083373427391,False
0,15,285,0.03427085652947426,False
0,15,290,0.06592848896980286,False
0,15,295,0.09426538646221161,False
0,15,300,0.09413352608680725,False
0,15,305,0.08868855237960815,False
0,15,310,0.048577673733234406,False
0,15,315,0.042143456637859344,False
0,15,320,0.043183665722608566,False
0,15,325,0.04590274393558502,False
0,15,330,0.033656541258096695,False
0,15,335,0.03399672359228134,False
0,15,340,0.02366499789059162,False
0,15,345,0.08559348434209824,False
0,15,350,0.32813698053359985,False
0,15,355,0.0507415235042572,False
0,15,360,0.03388531506061554,False
0,15,365,0.03115365281701088,False
0,15,370,0.049445874989032745,False
0,15,375,0.05526289343833923,False
0,15,380,0.10727119445800781,False
0,15,385,0.06794360280036926,False
0,15,390,0.08628636598587036,False
0,15,395,0.08471208065748215,False
0,15,400,0.06848783791065216,False
0,15,405,0.033321090042591095,False
0,16,10,0.051459770649671555,False
0,16,15,0.07447309046983719,False
0,16,20,0.08871275931596756,False
0,16,25,0.16251780092716217,False
0,16,30,0.051992908120155334,False
0,16,35,0.17243024706840515,False
0,16,40,0.15589497983455658,False
0,16,45,0.07504459470510483,False
0,16,50,0.06580620259046555,False
0,16,55,0.08831442892551422,False
0,16,60,0.3136889636516571,False
0,16,65,0.1806720793247223,False
0,16,70,0.10990748554468155,False
0,16,75,0.17502842843532562,False
0,16,80,0.15842334926128387,False
0,16,85,0.11367247998714447,False
0,16,90,0.07632794976234436,False
0,16,95,0.10116755217313766,False
0,16,100,0.06791139394044876,False
0,16,105,0.051423925906419754,False
0,16,110,0.04081231728196144,False
0,16,115,0.052160169929265976,False
0,16,120,0.07011453807353973,False
0,16,125,0.07100605219602585,False
0,16,130,0.09326760470867157,False
0,16,135,0.08318500220775604,False
0,16,140,0.03240393102169037,False
0,16,145,0.061907511204481125,False
0,16,150,0.045608263462781906,False
0,16,155,0.4305782914161682,False
0,16,160,0.5127362012863159,False
0,16,165,0.03209582343697548,False
0,16,170,0.02082914672791958,False
0,16,175,1.1524138450622559,False
0,16,180,1.972039818763733,False
0,16,185,0.15072910487651825,False
0,16,190,0.19158340990543365,False
0,16,195,0.0653308853507042,False
0,16,200,0.09374638646841049,False
0,16,205,0.04971229285001755,False
0,16,210,0.16543030738830566,False
0,16,215,0.04717826470732689,False
0,16,220,0.08392774313688278,False
0,16,225,0.07354927808046341,False
0,16,230,0.1910972148180008,False
0,16,235,0.15480150282382965,False
0,16,240,0.054327983409166336,False
0,16,245,0.09164116531610489,False
0,16,250,0.04242647811770439,False
0,16,255,0.1480177789926529,False
0,16,260,0.15608519315719604,False
0,16,265,0.32634833455085754,False
0,16,270,0.046236518770456314,False
0,16,275,0.01717410795390606,False
0,16,280,0.07375213503837585,False
0,16,285,0.04524441063404083,False
0,16,290,0.28785017132759094,False
0,16,295,0.332331120967865,False
0,16,300,0.2152637541294098,False
0,16,305,0.03903248906135559,False
0,16,310,0.16202175617218018,False
0,16,315,0.06325526535511017,False
0,16,320,0.11135122925043106,False
0,16,325,0.42026129364967346,False
0,16,330,0.18574875593185425,False
0,16,335,0.3700900971889496,False
0,16,340,0.5263282060623169,False
0,16,345,0.16103965044021606,False
0,16,350,0.28640255331993103,False
0,16,355,0.6093986630439758,False
0,16,360,0.1078467071056366,False
0,16,365,0.09442928433418274,False
0,16,370,0.0851476788520813,False
0,16,375,0.07832684367895126,False
0,16,380,0.09765738248825073,False
0,16,385,0.06478553265333176,False
0,16,390,0.03703949600458145,False
0,16,395,0.16275925934314728,False
0,16,400,0.09129737317562103,False
0,16,405,0.09776858985424042,False
0,17,10,0.1377011090517044,False
0,17,15,0.2031112015247345,False
0,17,20,0.3061599135398865,False
0,17,25,0.4388493597507477,False
0,17,30,0.11075635254383087,False
0,17,35,0.24507328867912292,False
0,17,40,0.1941133290529251,False
0,17,45,0.2511018216609955,False
0,17,50,0.1877787560224533,False
0,17,55,0.1592208594083786,False
0,17,60,0.23315109312534332,False
0,17,65,0.15027065575122833,False
0,17,70,0.09903936088085175,False
0,17,75,0.26352259516716003,False
0,17,80,0.18151311576366425,False
0,17,85,0.694416880607605,False
0,17,90,0.15986967086791992,False
0,17,95,0.18182896077632904,False
0,17,100,0.13456924259662628,False
0,17,105,0.15614095330238342,False
0,17,110,0.2377263903617859,False
0,17,115,0.14411137998104095,False
0,17,120,0.023835349828004837,False
0,17,125,0.029863916337490082,False
0,17,130,0.030176645144820213,False
0,17,135,0.042247045785188675,False
0,17,140,0.06611598283052444,False
0,17,145,0.03083369880914688,False
0,17,150,0.059711817651987076,False
0,17,155,0.07787848263978958,False
0,17,160,0.06284477561712265,False
0,17,165,0.06663291901350021,False
0,17,170,0.05315355584025383,False
0,17,175,0.6670011878013611,False
0,17,180,0.47666528820991516,False
0,17,185,0.07868833839893341,False
0,17,190,0.04947306960821152,False
0,17,195,0.143331840634346,False
0,17,200,0.04110303893685341,False
0,17,205,0.03993690013885498,False
0,17,210,0.03881058469414711,False
0,17,215,0.05259614437818527,False
0,17,220,0.042814791202545166,False
0,17,225,0.0601428784430027,False
0,17,230,0.08400484174489975,False
0,17,235,0.09180111438035965,False
0,17,240,0.08750944584608078,False
0,17,245,0.057988524436950684,False
0,17,250,0.04424678906798363,False
0,17,255,0.09602492302656174,False
0,17,260,0.04281602427363396,False
0,17,265,0.04734183847904205,False
0,17,270,0.06331555545330048,False
0,17,275,0.14133675396442413,False
0,17,280,0.17788571119308472,False
0,17,285,0.0572424978017807,False
0,17,290,0.08909459412097931,False
0,17,295,0.06359294056892395,False
0,17,300,0.0705689862370491,False
0,17,305,0.07266846299171448,False
0,17,310,0.05524248629808426,False
0,17,315,0.0610978864133358,False
0,17,320,0.060475535690784454,False
0,17,325,0.0706758126616478,False
0,17,330,0.073283851146698,False
0,17,335,0.06924903392791748,False
0,17,340,0.06790818274021149,False
0,17,345,0.07044006139039993,False
0,17,350,0.06192152947187424,False
0,17,355,0.08239614963531494,False
0,17,360,0.09997594356536865,False
0,17,365,0.1004379540681839,False
0,17,370,0.10472524166107178,False
0,17,375,0.09480784088373184,False
0,17,380,0.08545079082250595,False
0,17,385,0.0956948921084404,False
0,17,390,0.0994722992181778,False
0,17,395,0.08159192651510239,False
0,17,400,0.0755896121263504,False
0,17,405,0.08158323913812637,False
0,18,10,0.08077450841665268,False
0,18,15,0.12260995805263519,False
0,18,20,0.12934757769107819,False
0,18,25,0.15680654346942902,False
0,18,30,0.4148487448692322,False
0,18,35,0.33411359786987305,False
0,18,40,0.30694082379341125,False
0,18,45,0.19237279891967773,False
0,18,50,0.10350973159074783,False
0,18,55,0.12361414730548859,False
0,18,60,0.08004206418991089,False
0,18,65,0.10061857849359512,False
0,18,70,0.10682909935712814,False
0,18,75,0.07505090534687042,False
0,18,80,0.04064922407269478,False
0,18,85,0.12097477912902832,False
0,18,90,0.07792166620492935,False
0,18,95,0.11746194958686829,False
0,18,100,0.10177560150623322,False
0,18,105,0.11732135713100433,False
0,18,110,0.0713794156908989,False
0,18,115,0.09413184225559235,False
0,18,120,0.1024131327867508,False
0,18,125,0.08264780789613724,False
0,18,130,0.08004599809646606,False
0,18,135,0.08816579729318619,False
0,18,140,0.06568746268749237,False
0,18,145,0.0772220641374588,False
0,18,150,0.1339808851480484,False
0,18,155,0.21118591725826263,False
0,18,160,0.34087663888931274,False
0,18,165,0.33606666326522827,False
0,18,170,0.22053931653499603,False
0,18,175,0.2799138128757477,False
0,18,180,0.3282128572463989,False
0,18,185,0.23598571121692657,False
0,18,190,0.43496930599212646,False
0,18,195,0.25398680567741394,False
0,18,200,0.22974605858325958,False
0,18,205,0.3175760507583618,False
0,18,210,0.26006102561950684,False
0,18,215,0.2406863272190094,False
0,18,220,0.11621847003698349,False
0,18,225,0.17204757034778595,False
0,18,230,0.15565282106399536,False
0,18,235,0.1742420494556427,False
0,18,240,0.18196186423301697,False
0,18,245,0.1966627985239029,False
0,18,250,0.22553619742393494,False
0,18,255,0.14374548196792603,False
0,18,260,0.1825721263885498,False
0,18,265,0.1273486167192459,False
0,18,270,0.1520226150751114,False
0,18,275,0.0807783231139183,False
0,18,280,0.1775161474943161,False
0,18,285,1.6245827674865723,False
0,18,290,0.08566155284643173,False
0,18,295,0.29918602108955383,False
0,18,300,0.6222434043884277,False
0,18,305,0.27619823813438416,False
0,18,310,0.8942088484764099,False
0,18,315,0.5301812291145325,False
0,18,320,0.39209112524986267,False
0,18,325,1.512643575668335,False
0,18,330,0.6349474191665649,False
0,18,335,1.365607738494873,False
0,18,340,0.8703363537788391,False
0,18,345,0.22321218252182007,False
0,18,350,0.42393770813941956,False
0,18,355,1.4369271993637085,False
0,18,360,0.5067942142486572,False
0,18,365,0.7779561281204224,False
0,18,370,0.31186118721961975,False
0,18,375,1.0678987503051758,False
0,18,380,0.21322374045848846,False
0,18,385,0.2560005187988281,False
0,18,390,0.12697675824165344,False
0,18,395,0.12024547159671783,False
0,18,400,0.1453496217727661,False
0,18,405,0.3603176176548004,False
0,19,10,0.06963802129030228,False
0,19,15,0.18652161955833435,False
0,19,20,0.2586839497089386,False
0,19,25,0.30348557233810425,False
0,19,30,0.6564723253250122,False
0,19,35,0.09844182431697845,False
0,19,40,0.07725271582603455,False
0,19,45,0.1214117482304573,False
0,19,50,0.0690353512763977,False
0,19,55,0.08420580625534058,False
0,19,60,0.08038084954023361,False
0,19,65,0.07976675033569336,False
0,19,70,0.07377215474843979,False
0,19,75,0.05356230214238167,False
0,19,80,0.09377052634954453,False
0,19,85,0.17000675201416016,False
0,19,90,0.16285324096679688,False
0,19,95,0.36890554428100586,False
0,19,100,0.0677909180521965,False
0,19,105,0.13140207529067993,False
0,19,110,0.06745923310518265,False
0,19,115,0.04660862684249878,False
0,19,120,0.04206470400094986,False
0,19,125,0.03805622458457947,False
0,19,130,0.03854433074593544,False
0,19,135,0.05500674992799759,False
0,19,140,0.1986427754163742,False
0,19,145,0.03891163319349289,False
0,19,150,0.06218607723712921,False
0,19,155,0.04499248042702675,False
0,19,160,0.054083213210105896,False
0,19,165,0.030316907912492752,False
0,19,170,0.030747946351766586,False
0,19,175,0.031755734235048294,False
0,19,180,0.15295544266700745,False
0,19,185,0.04500262439250946,False
0,19,190,0.039750367403030396,False
0,19,195,0.06973681598901749,False
0,19,200,0.18792477250099182,False
0,19,205,0.019939294084906578,False
0,19,210,0.043403152376413345,False
0,19,215,0.03712078556418419,False
0,19,220,0.03004707582294941,False
0,19,225,0.05963384732604027,False
0,19,230,0.055026136338710785,False
0,19,235,0.0327766127884388,False
0,19,240,0.03633098304271698,False
0,19,245,0.06121083348989487,False
0,19,250,0.045531030744314194,False
0,19,255,0.07385233789682388,False
0,19,260,0.06224360316991806,False
0,19,265,0.044900909066200256,False
0,19,270,0.07226710021495819,False
0,19,275,0.0370284840464592,False
0,19,280,0.1895601898431778,False
0,19,285,0.08295126259326935,False
0,19,290,0.12963083386421204,False
0,19,295,0.07140862196683884,False
0,19,300,0.9065164923667908,False
0,19,305,0.7567211389541626,False
0,19,310,0.16062411665916443,False
0,19,315,0.9155049324035645,False
0,19,320,0.9844924211502075,False
0,19,325,0.04890589788556099,False
0,19,330,0.3216226100921631,False
0,19,335,0.07353304326534271,False
0,19,340,0.11350840330123901,False
0,19,345,0.1409238576889038,False
0,19,350,0.10797446221113205,False
0,19,355,0.13297484815120697,False
0,19,360,0.17106324434280396,False
0,19,365,0.25987669825553894,False
0,19,370,0.2517443299293518,False
0,19,375,0.12725330889225006,False
0,19,380,0.1479591280221939,False
0,19,385,0.24430179595947266,False
0,19,390,0.21979711949825287,False
0,19,395,0.08640392124652863,False
0,19,400,0.3464321494102478,False
0,19,405,0.2171565443277359,False
0,20,10,0.0354573130607605,False
0,20,15,0.08291015028953552,False
0,20,20,0.0722329393029213,False
0,20,25,0.11121217161417007,False
0,20,30,0.09949994087219238,False
0,20,35,0.2970103919506073,False
0,20,40,0.23462802171707153,False
0,20,45,0.07743976265192032,False
0,20,50,0.08252562582492828,False
0,20,55,0.056927911937236786,False
0,20,60,0.18770241737365723,False
0,20,65,0.20736606419086456,False
0,20,70,0.09821484237909317,False
0,20,75,0.19021844863891602,False
0,20,80,0.20591241121292114,False
0,20,85,0.17448784410953522,False
0,20,90,1.1955773830413818,False
0,20,95,0.20505738258361816,False
0,20,100,0.22344288229942322,False
0,20,105,1.1826971769332886,False
0,20,110,0.08196092396974564,False
0,20,115,0.08900288492441177,False
0,20,120,0.07541650533676147,False
0,20,125,0.06992091238498688,False
0,20,130,0.08765017986297607,False
0,20,135,0.08027505874633789,False
0,20,140,0.15437033772468567,False
0,20,145,0.16100716590881348,False
0,20,150,0.09786234050989151,False
0,20,155,0.022491954267024994,False
0,20,160,0.07565107941627502,False
0,20,165,0.04895509406924248,False
0,20,170,0.06795032322406769,False
0,20,175,0.06801099330186844,False
0,20,180,0.030899863690137863,False
0,20,185,0.7200051546096802,False
0,20,190,0.13074135780334473,False
0,20,195,0.24179190397262573,False
0,20,200,0.49709317088127136,False
0,20,205,0.06297176331281662,False
0,20,210,0.1814044564962387,False
0,20,215,0.09228282421827316,False
0,20,220,0.0633382722735405,False
0,20,225,0.07738801836967468,False
0,20,230,0.05997291952371597,False
0,20,235,0.07477973401546478,False
0,20,240,0.07177714258432388,False
0,20,245,0.10203534364700317,False
0,20,250,0.08133947104215622,False
0,20,255,0.06948931515216827,False
0,20,260,0.060907986015081406,False
0,20,265,0.058027248829603195,False
0,20,270,0.048166096210479736,False
0,20,275,0.06308099627494812,False
0,20,280,0.06367717683315277,False
0,20,285,0.058104630559682846,False
0,20,290,0.14508719742298126,False
0,20,295,0.06953512132167816,False
0,20,300,0.11632997542619705,False
0,20,305,0.06422076374292374,False
0,20,310,0.2516805827617645,False
0,20,315,0.2457110732793808,False
0,20,320,0.1161794513463974,False
0,20,325,0.0980004370212555,False
0,20,330,0.13458400964736938,False
0,20,335,0.033745720982551575,False
0,20,340,1.433223843574524,False
0,20,345,0.5047274231910706,False
0,20,350,0.15440675616264343,False
0,20,355,0.2585422992706299,False
0,20,360,0.2187678962945938,False
0,20,365,0.27526453137397766,False
0,20,370,0.1415330171585083,False
0,20,375,0.36690863966941833,False
0,20,380,0.3297611474990845,False
0,20,385,0.10685498267412186,False
0,20,390,0.2458188235759735,False
0,20,395,0.6927271485328674,False
0,20,400,0.6799452900886536,False
0,20,405,0.5279711484909058,False
0,21,10,0.03312790393829346,False
0,21,15,0.1791611611843109,False
0,21,20,0.27636268734931946,False
0,21,25,0.27354300022125244,False
0,21,30,0.3629953861236572,False
0,21,35,0.11682741343975067,False
0,21,40,0.09054498374462128,False
0,21,45,0.08875325322151184,False
0,21,50,0.09446463733911514,False
0,21,55,0.07412250339984894,False
0,21,60,0.14330098032951355,False
0,21,65,0.09672889113426208,False
0,21,70,0.23680531978607178,False
0,21,75,0.0970223918557167,False
0,21,80,0.1187191754579544,False
0,21,85,0.13879740238189697,False
0,21,90,0.25293171405792236,False
0,21,95,0.5445861220359802,False
0,21,100,0.695656955242157,False
0,21,105,0.46375197172164917,False
0,21,110,0.23899796605110168,False
0,21,115,0.24851089715957642,False
0,21,120,0.08635850995779037,False
0,21,125,0.2811540365219116,False
0,21,130,0.1089121401309967,False
0,21,135,0.11305942386388779,False
0,21,140,0.15383875370025635,False
0,21,145,0.08080518990755081,False
0,21,150,0.24197059869766235,False
0,21,155,0.23836864531040192,False
0,21,160,0.17244002223014832,False
0,21,165,0.1392090618610382,False
0,21,170,0.1336594969034195,False
0,21,175,0.07352518290281296,False
0,21,180,0.1142737939953804,False
0,21,185,0.09553982317447662,False
0,21,190,0.29767632484436035,False
0,21,195,0.10823164880275726,False
0,21,200,0.11486019939184189,False
0,21,205,0.2417883723974228,False
0,21,210,0.1324262171983719,False
0,21,215,0.12034429609775543,False
0,21,220,0.046043675392866135,False
0,21,225,0.27662181854248047,False
0,21,230,0.09029794484376907,False
0,21,235,0.0868825763463974,False
0,21,240,0.7867716550827026,False
0,21,245,0.12008146941661835,False
0,21,250,0.13956938683986664,False
0,21,255,0.1538579761981964,False
0,21,260,0.11420662701129913,False
0,21,265,0.5997373461723328,False
0,21,270,0.7659074664115906,False
0,21,275,0.7408683896064758,False
0,21,280,0.6179587244987488,False
0,21,285,0.08085770905017853,False
0,21,290,0.07013409584760666,False
0,21,295,0.07997992634773254,False
0,21,300,0.4296967089176178,False
0,21,305,0.2477904111146927,False
0,21,310,0.3208700120449066,False
0,21,315,0.19591939449310303,False
0,21,320,0.25366640090942383,False
0,21,325,0.048541467636823654,False
0,21,330,0.25948336720466614,False
0,21,335,0.07370676100254059,False
0,21,340,0.35214877128601074,False
0,21,345,0.07620470970869064,False
0,21,350,0.21049053966999054,False
0,21,355,0.14628536999225616,False
0,21,360,0.4353885352611542,False
0,21,365,0.10083785653114319,False
0,21,370,0.1684165894985199,False
0,21,375,0.12481135129928589,False
0,21,380,0.19689801335334778,False
0,21,385,0.2887665331363678,False
0,21,390,0.2273288369178772,False
0,21,395,0.14014674723148346,False
0,21,400,0.17199331521987915,False
0,21,405,0.3013972043991089,False
0,22,10,0.16130228340625763,False
0,22,15,0.23706446588039398,False
0,22,20,0.34945395588874817,False
0,22,25,0.503322184085846,False
0,22,30,0.13141624629497528,False
0,22,35,0.21541298925876617,False
0,22,40,0.18565188348293304,False
0,22,45,0.16719697415828705,False
0,22,50,0.15268951654434204,False
0,22,55,0.10500781238079071,False
0,22,60,0.08142126351594925,False
0,22,65,0.11642233282327652,False
0,22,70,0.06279478222131729,False
0,22,75,0.14165668189525604,False
0,22,80,0.0745382234454155,False
0,22,85,0.06402404606342316,False
0,22,90,0.056068990379571915,False
0,22,95,0.10852649807929993,False
0,22,100,0.05453954264521599,False
0,22,105,0.156749427318573,False
0,22,110,0.08059652149677277,False
0,22,115,0.0687820091843605,False
0,22,120,0.06937093287706375,False
0,22,125,0.07513775676488876,False
0,22,130,0.1033223494887352,False
0,22,135,0.11501976102590561,False
0,22,140,0.13314662873744965,False
0,22,145,0.10789607465267181,False
0,22,150,0.13796517252922058,False
0,22,155,0.1045994684100151,False
0,22,160,0.1392698436975479,False
0,22,165,0.14052236080169678,False
0,22,170,0.08585336059331894,False
0,22,175,1.1326711177825928,False
0,22,180,0.22606657445430756,False
0,22,185,0.4432176947593689,False
0,22,190,0.26548147201538086,False
0,22,195,0.5072336196899414,False
0,22,200,0.129099503159523,False
0,22,205,0.044084593653678894,False
0,22,210,0.08825195580720901,False
0,22,215,0.1083606407046318,False
0,22,220,0.05770730599761009,False
0,22,225,0.05034929886460304,False
0,22,230,0.10221032798290253,False
0,22,235,0.09567055106163025,False
0,22,240,0.07080861926078796,False
0,22,245,0.0685511901974678,False
0,22,250,0.05700359866023064,False
0,22,255,0.06467102468013763,False
0,22,260,0.056898534297943115,False
0,22,265,0.0765620768070221,False
0,22,270,0.07599347829818726,False
0,22,275,0.11185458302497864,False
0,22,280,0.13148459792137146,False
0,22,285,0.07507943361997604,False
0,22,290,0.07040608674287796,False
0,22,295,0.09425881505012512,False
0,22,300,0.06340274959802628,False
0,22,305,0.10570080578327179,False
0,22,310,0.0938316211104393,False
0,22,315,0.08537314832210541,False
0,22,320,0.11163859069347382,False
0,22,325,0.05289607495069504,False
0,22,330,0.06146795675158501,False
0,22,335,0.11204547435045242,False
0,22,340,0.10603047162294388,False
0,22,345,0.06687591224908829,False
0,22,350,0.14130836725234985,False
0,22,355,0.12480806559324265,False
0,22,360,0.10117294639348984,False
0,22,365,0.1530902087688446,False
0,22,370,0.14845655858516693,False
0,22,375,0.1821500062942505,False
0,22,380,0.21255803108215332,False
0,22,385,0.20708343386650085,False
0,22,390,0.3005320131778717,False
0,22,395,0.09864751249551773,False
0,22,400,0.11503471434116364,False
0,22,405,0.20275862514972687,False
0,23,10,0.0601375587284565,False
0,23,15,0.23187634348869324,False
0,23,20,0.29536083340644836,False
0,23,25,0.21312665939331055,False
0,23,30,0.30338671803474426,False
0,23,35,0.19670458137989044,False
0,23,40,0.2283441424369812,False
0,23,45,1.0277866125106812,False
0,23,50,1.3117096424102783,False
0,23,55,0.7565335035324097,False
0,23,60,0.4249640107154846,False
0,23,65,0.13617558777332306,False
0,23,70,0.4398208558559418,False
0,23,75,0.3303886950016022,False
0,23,80,0.21342797577381134,False
0,23,85,0.23630036413669586,False
0,23,90,0.23025740683078766,False
0,23,95,0.20095235109329224,False
0,23,100,0.23377381265163422,False
0,23,105,0.21119466423988342,False
0,23,110,0.23155087232589722,False
0,23,115,0.20708563923835754,False
0,23,120,0.1911017894744873,False
0,23,125,0.22694700956344604,False
0,23,130,0.2388688176870346,False
0,23,135,0.24791230261325836,False
0,23,140,0.17260967195034027,False
0,23,145,0.3137608766555786,False
0,23,150,0.20387578010559082,False
0,23,155,0.15644040703773499,False
0,23,160,0.1054849624633789,False
0,23,165,0.13807551562786102,False
0,23,170,0.16779430210590363,False
0,23,175,0.1240897998213768,False
0,23,180,0.12133821099996567,False
0,23,185,0.1417277455329895,False
0,23,190,0.35622066259384155,False
0,23,195,0.10175448656082153,False
0,23,200,0.2206292748451233,False
0,23,205,1.6294411420822144,False
0,23,210,1.4404336214065552,False
0,23,215,0.3368821144104004,False
0,23,220,0.4694206118583679,False
0,23,225,0.32729801535606384,False
0,23,230,0.30267783999443054,False
0,23,235,0.31073886156082153,False
0,23,240,0.34214091300964355,False
0,23,245,0.1370883584022522,False
0,23,250,0.2697005867958069,False
0,23,255,0.25944268703460693,False
0,23,260,0.327706903219223,False
0,23,265,0.24194245040416718,False
0,23,270,0.20793402194976807,False
0,23,275,0.2547616958618164,False
0,23,280,0.7852805852890015,False
0,23,285,0.14766813814640045,False
0,23,290,0.26483872532844543,False
0,23,295,0.16158486902713776,False
0,23,300,0.3244583308696747,False
0,23,305,1.4493083953857422,False
0,23,310,0.24365641176700592,False
0,23,315,0.2661523222923279,False
0,23,320,0.2363031953573227,False
0,23,325,1.5470099449157715,False
0,23,330,1.6926714181900024,False
0,23,335,0.26248833537101746,False
0,23,340,0.22640036046504974,False
0,23,345,0.36706531047821045,False
0,23,350,0.2602626085281372,False
0,23,355,0.1706767976284027,False
0,23,360,0.2879759967327118,False
0,23,365,1.6588009595870972,False
0,23,370,0.47030797600746155,False
0,23,375,0.27176040410995483,False
0,23,380,0.29106804728507996,False
0,23,385,0.30093279480934143,False
0,23,390,0.11738073825836182,False
0,23,395,0.24371324479579926,False
0,23,400,0.19536146521568298,False
0,23,405,0.2473093718290329,False
0,24,10,0.026254303753376007,False
0,24,15,0.1216249167919159,False
0,24,20,0.23558062314987183,False
0,24,25,0.22804954648017883,False
0,24,30,0.46794748306274414,False
0,24,35,0.4647991955280304,False
0,24,40,0.38391056656837463,False
0,24,45,0.21822871267795563,False
0,24,50,0.17411614954471588,False
0,24,55,0.2629183232784271,False
0,24,60,0.48743703961372375,False
0,24,65,0.12962257862091064,False
0,24,70,0.05440989509224892,False
0,24,75,0.04555919021368027,False
0,24,80,0.0478271022439003,False
0,24,85,0.06781318038702011,False
0,24,90,0.038574714213609695,False
0,24,95,0.10856659710407257,False
0,24,100,0.15502262115478516,False
0,24,105,0.17692327499389648,False
0,24,110,0.16695654392242432,False
0,24,115,0.21569988131523132,False
0,24,120,0.20057989656925201,False
0,24,125,0.09177305549383163,False
0,24,130,0.08847618103027344,False
0,24,135,0.07952256500720978,False
0,24,140,0.053565047681331635,False
0,24,145,0.10046880692243576,False
0,24,150,0.11212723702192307,False
0,24,155,0.104119211435318,False
0,24,160,0.1119123250246048,False
0,24,165,0.056830424815416336,False
0,24,170,0.07118646055459976,False
0,24,175,0.2537715435028076,False
0,24,180,0.17663069069385529,False
0,24,185,0.350151389837265,False
0,24,190,0.24252541363239288,False
0,24,195,0.3153943121433258,False
0,24,200,0.3199809193611145,False
0,24,205,0.13102711737155914,False
0,24,210,0.06179272383451462,False
0,24,215,0.07786823809146881,False
0,24,220,0.10395068675279617,False
0,24,225,0.3240969479084015,False
0,24,230,0.7507250905036926,False
0,24,235,0.09227549284696579,False
0,24,240,0.1789856106042862,False
0,24,245,0.1135716661810875,False
0,24,250,0.37030917406082153,False
0,24,255,0.18003125488758087,False
0,24,260,0.12060339003801346,False
0,24,265,0.07329068332910538,False
0,24,270,0.22772130370140076,False
0,24,275,0.4603903889656067,False
0,24,280,0.5157558917999268,False
0,24,285,0.5586496591567993,False
0,24,290,0.16986386477947235,False
0,24,295,0.11826599389314651,False
0,24,300,0.07825488597154617,False
0,24,305,0.15158359706401825,False
0,24,310,0.18942871689796448,False
0,24,315,0.5728131532669067,False
0,24,320,0.505580484867096,False
0,24,325,0.17938213050365448,False
0,24,330,0.24434074759483337,False
0,24,335,0.36277833580970764,False
0,24,340,0.2577885389328003,False
0,24,345,0.30443480610847473,False
0,24,350,0.07838232815265656,False
0,24,355,0.10555991530418396,False
0,24,360,0.4074093699455261,False
0,24,365,0.19517143070697784,False
0,24,370,0.05815408378839493,False
0,24,375,0.14354167878627777,False
0,24,380,0.07831986993551254,False
0,24,385,0.021564451977610588,False
0,24,390,0.07376808673143387,False
0,24,395,0.2545984089374542,False
0,24,400,0.13419584929943085,False
0,24,405,0.0684671401977539,False
0,25,10,0.06887359917163849,True
0,25,15,0.06726802885532379,True
0,25,20,0.15969251096248627,True
0,25,25,0.22911758720874786,True
0,25,30,0.427794486284256,True
0,25,35,0.3412542939186096,True
0,25,40,0.20176970958709717,True
0,25,45,0.3905734121799469,True
0,25,50,0.3421182930469513,True
0,25,55,0.4983757436275482,True
0,25,60,0.315573126077652,True
0,25,65,0.2831299304962158,True
0,25,70,0.3198641240596771,True
0,25,75,0.2528514266014099,True
0,25,80,0.18948598206043243,True
0,25,85,0.2560166120529175,True
0,25,90,0.2003180831670761,True
0,25,95,0.25200673937797546,True
0,25,100,0.25232943892478943,True
0,25,105,0.2850455343723297,True
0,25,110,0.4081135094165802,True
0,25,115,0.4229397177696228,True
0,25,120,0.35493525862693787,True
0,25,125,0.40703752636909485,True
0,25,130,0.2895921468734741,True
0,25,135,0.27213314175605774,True
0,25,140,0.3260106146335602,True
0,25,145,0.24135041236877441,True
0,25,150,0.28869056701660156,True
0,25,155,0.30036768317222595,True
0,25,160,0.15057843923568726,True
0,25,165,0.17187783122062683,True
0,25,170,0.11160989850759506,True
0,25,175,0.06775054335594177,True
0,25,180,0.06182311475276947,True
0,25,185,0.05240105465054512,True
0,25,190,0.0729617029428482,True
0,25,195,0.08577852696180344,True
0,25,200,0.48007041215896606,True
0,25,205,0.20040595531463623,True
0,25,210,0.5147005915641785,True
0,25,215,0.47483590245246887,True
0,25,220,0.2414260357618332,True
0,25,225,0.7235690951347351,True
0,25,230,0.6980085372924805,True
0,25,235,0.6898840665817261,True
0,25,240,0.11319699138402939,True
0,25,245,0.23274444043636322,True
0,25,250,0.19401885569095612,True
0,25,255,0.08400563895702362,True
0,26,10,0.043086398392915726,False
0,26,15,0.09375601261854172,False
0,26,20,0.07494029402732849,False
0,26,25,0.106692835688591,False
0,26,30,0.2863612771034241,False
0,26,35,0.38740724325180054,False
0,26,40,0.15427160263061523,False
0,26,45,0.047296904027462006,False
0,26,50,0.04781707376241684,False
0,26,55,0.06526926159858704,False
0,26,60,0.25775811076164246,False
0,26,65,0.26102572679519653,False
0,26,70,0.12998299300670624,False
0,26,75,0.17699700593948364,False
0,26,80,0.9277825355529785,False
0,26,85,0.20928722620010376,False
0,26,90,0.14819718897342682,False
0,26,95,0.1835324913263321,False
0,26,100,0.11631595343351364,False
0,26,105,0.06776761263608932,False
0,26,110,0.06745421886444092,False
0,26,115,0.08183788508176804,False
0,26,120,0.06196439266204834,False
0,26,125,0.013628106564283371,False
0,26,130,0.02557193487882614,False
0,26,135,0.04090062901377678,False
0,26,140,0.14706504344940186,False
0,26,145,0.06029379740357399,False
0,26,150,0.048562001436948776,False
0,26,155,0.030611013993620872,False
0,26,160,0.040207263082265854,False
0,26,165,0.07372535765171051,False
0,26,170,0.11797381192445755,False
0,26,175,0.10290458053350449,False
0,26,180,0.17610017955303192,False
0,26,185,0.25809165835380554,False
0,26,190,0.07219530642032623,False
0,26,195,0.1452905684709549,False
0,26,200,0.23361562192440033,False
0,26,205,0.07449416071176529,False
0,26,210,0.034463442862033844,False
0,26,215,0.11809493601322174,False
0,26,220,0.1516077220439911,False
0,26,225,0.2262694388628006,False
0,26,230,0.2545704245567322,False
0,26,235,0.08915766328573227,False
0,26,240,0.1334238201379776,False
0,26,245,0.1234634518623352,False
0,26,250,0.10675664991140366,False
0,26,255,0.0489584356546402,False
0,26,260,0.12931491434574127,False
0,26,265,0.03992738947272301,False
0,26,270,0.038151226937770844,False
0,26,275,0.1055154800415039,False
0,26,280,0.0820559561252594,False
0,26,285,0.056968238204717636,False
0,26,290,0.18045376241207123,False
0,26,295,0.3080178499221802,False
0,26,300,0.08298714458942413,False
0,26,305,0.16164681315422058,False
0,26,310,0.13541555404663086,False
0,26,315,0.09447426348924637,False
0,26,320,0.06537015736103058,False
0,26,325,0.27467748522758484,False
0,26,330,0.061278533190488815,False
0,26,335,0.1680319458246231,False
0,26,340,0.05712265521287918,False
0,26,345,0.07450667023658752,False
0,26,350,0.06843594461679459,False
0,26,355,0.04629208892583847,False
0,26,360,0.22761321067810059,False
0,26,365,0.1190798357129097,False
0,26,370,0.05436832457780838,False
0,26,375,0.069422647356987,False
0,26,380,0.1281033754348755,False
0,26,385,0.14817945659160614,False
0,26,390,0.07028854638338089,False
0,26,395,0.2834831774234772,False
0,26,400,0.3632797300815582,False
0,26,405,0.055247917771339417,False
0,27,10,0.12348485738039017,False
0,27,15,0.09013217687606812,False
0,27,20,0.13656581938266754,False
0,27,25,0.18427196145057678,False
0,27,30,0.1668364703655243,False
0,27,35,0.17772547900676727,False
0,27,40,0.25182008743286133,False
0,27,45,0.1869741678237915,False
0,27,50,0.17657312750816345,False
0,27,55,0.24952906370162964,False
0,27,60,0.2302374690771103,False
0,27,65,0.17714524269104004,False
0,27,70,0.1750224381685257,False
0,27,75,0.16319724917411804,False
0,27,80,0.10924427211284637,False
0,27,85,0.2492285519838333,False
0,27,90,0.13140584528446198,False
0,27,95,0.1142314001917839,False
0,27,100,0.11750039458274841,False
0,27,105,0.0729251280426979,False
0,27,110,0.11718741059303284,False
0,27,115,0.10101252049207687,False
0,27,120,0.07256728410720825,False
0,27,125,0.12670642137527466,False
0,27,130,0.0945514440536499,False
0,27,135,0.09419502317905426,False
0,27,140,0.06707271188497543,False
0,27,145,0.07238537073135376,False
0,27,150,0.06127279996871948,False
0,27,155,0.0917724147439003,False
0,27,160,0.07134419679641724,False
0,27,165,0.10929706692695618,False
0,27,170,0.1295085847377777,False
0,27,175,0.10009908676147461,False
0,27,180,0.1374102085828781,False
0,27,185,0.10757444053888321,False
0,27,190,0.1257062405347824,False
0,27,195,0.12606218457221985,False
0,27,200,0.11559629440307617,False
0,27,205,0.1047099232673645,False
0,27,210,0.07913190871477127,False
0,27,215,0.11049716919660568,False
0,27,220,0.07986848801374435,False
0,27,225,0.2397756278514862,False
0,27,230,0.17692793905735016,False
0,27,235,0.15100160241127014,False
0,27,240,0.1642744243144989,False
0,27,245,0.0830865353345871,False
0,27,250,0.10515916347503662,False
0,27,255,0.0981956496834755,False
0,27,260,0.11075309664011002,False
0,27,265,0.124232716858387,False
0,27,270,0.10796661674976349,False
0,27,275,0.15689602494239807,False
0,27,280,0.11847683787345886,False
0,27,285,0.12444157898426056,False
0,27,290,0.07564523816108704,False
0,27,295,0.04824734479188919,False
0,27,300,0.14097653329372406,False
0,27,305,0.2571428120136261,False
0,27,310,0.1479688435792923,False
0,27,315,0.4814680516719818,False
0,27,320,0.17703677713871002,False
0,27,325,0.052740782499313354,False
0,27,330,0.055740490555763245,False
0,27,335,0.3286546468734741,False
0,27,340,0.061459023505449295,False
0,27,345,0.7037425637245178,False
0,27,350,0.11355891078710556,False
0,27,355,1.962637186050415,False
0,27,360,0.42359572649002075,False
0,27,365,0.10357587039470673,False
0,27,370,0.19408075511455536,False
0,27,375,0.4316515028476715,False
0,27,380,0.16750536859035492,False
0,27,385,0.18677310645580292,False
0,27,390,0.49378663301467896,False
0,27,395,0.6128671765327454,False
0,27,400,0.13871923089027405,False
0,27,405,0.139231339097023,False
0,28,10,0.06925250589847565,False
0,28,15,0.2069990187883377,False
0,28,20,0.21378615498542786,False
0,28,25,0.3625757694244385,False
0,28,30,0.2306772917509079,False
0,28,35,0.30636101961135864,False
0,28,40,0.3949853181838989,False
0,28,45,0.10159245133399963,False
0,28,50,0.16347983479499817,False
0,28,55,0.5494243502616882,False
0,28,60,0.2408013790845871,False
0,28,65,0.06737863272428513,False
0,28,70,0.1185511127114296,False
0,28,75,0.12882943451404572,False
0,28,80,0.04403475672006607,False
0,28,85,0.0661085918545723,False
0,28,90,0.05065678432583809,False
0,28,95,0.052023936063051224,False
0,28,100,0.06531031429767609,False
0,28,105,0.07784168422222137,False
0,28,110,0.05116402730345726,False
0,28,115,0.3730483651161194,False
0,28,120,0.1425984501838684,False
0,28,125,0.045839667320251465,False
0,28,130,0.143485426902771,False
0,28,135,0.061778247356414795,False
0,28,140,0.05702104791998863,False
0,28,145,0.06876738369464874,False
0,28,150,0.05683698505163193,False
0,28,155,0.07385044544935226,False
0,28,160,0.02534540928900242,False
0,28,165,0.022599125280976295,False
0,28,170,0.028125843033194542,False
0,28,175,0.038045793771743774,False
0,28,180,0.01806849054992199,False
0,28,185,0.0408276729285717,False
0,28,190,0.05218277871608734,False
0,28,195,0.16622138023376465,False
0,28,200,0.030360577628016472,False
0,28,205,0.0504479855298996,False
0,28,210,0.2695714831352234,False
0,28,215,0.18646852672100067,False
0,28,220,0.04965042322874069,False
0,28,225,0.07647723704576492,False
0,28,230,0.05903089419007301,False
0,28,235,0.11641116440296173,False
0,28,240,0.02205401472747326,False
0,28,245,0.18236809968948364,False
0,28,250,0.062379274517297745,False
0,28,255,0.19408242404460907,False
0,28,260,0.06572099030017853,False
0,28,265,0.04794991761445999,False
0,28,270,0.05290823429822922,False
0,28,275,0.09213048219680786,False
0,28,280,0.0827532485127449,False
0,28,285,0.0514787919819355,False
0,28,290,0.11052768677473068,False
0,28,295,0.17149701714515686,False
0,28,300,0.12739671766757965,False
0,28,305,0.09780577570199966,False
0,28,310,0.06476056575775146,False
0,28,315,0.05745168775320053,False
0,28,320,0.055544715374708176,False
0,28,325,0.09041289240121841,False
0,28,330,0.1168542206287384,False
0,28,335,0.06244352459907532,False
0,28,340,0.10330349206924438,False
0,28,345,0.08403389155864716,False
0,28,350,0.33439767360687256,False
0,28,355,0.13302870094776154,False
0,28,360,0.0635509118437767,False
0,28,365,0.030698813498020172,False
0,28,370,0.04668189585208893,False
0,28,375,0.03742432966828346,False
0,28,380,0.0618879459798336,False
0,28,385,0.10875088721513748,False
0,28,390,0.033084165304899216,False
0,28,395,0.13311000168323517,False
0,28,400,0.14744271337985992,False
0,28,405,0.11872243136167526,False
0,29,10,0.16488775610923767,False
0,29,15,0.14201253652572632,False
0,29,20,0.2641723155975342,False
0,29,25,0.4890732765197754,False
0,29,30,0.3513387143611908,False
0,29,35,0.17862646281719208,False
0,29,40,0.14649535715579987,False
0,29,45,0.3218594789505005,False
0,29,50,0.13748882710933685,False
0,29,55,0.10185615718364716,False
0,29,60,0.10881702601909637,False
0,29,65,0.03136847913265228,False
0,29,70,0.06360016763210297,False
0,29,75,0.09600654244422913,False
0,29,80,0.12877850234508514,False
0,29,85,0.18354833126068115,False
0,29,90,0.14430801570415497,False
0,29,95,0.1442369967699051,False
0,29,100,0.1695537269115448,False
0,29,105,0.13928958773612976,False
0,29,110,0.10562581568956375,False
0,29,115,0.13117358088493347,False
0,29,120,0.1315074861049652,False
0,29,125,0.10380584001541138,False
0,29,130,0.06286703795194626,False
0,29,135,0.059776924550533295,False
0,29,140,0.07981626689434052,False
0,29,145,0.12129829823970795,False
0,29,150,0.156548410654068,False
0,29,155,0.169804185628891,False
0,29,160,0.1915559321641922,False
0,29,165,0.17826208472251892,False
0,29,170,0.09438643604516983,False
0,29,175,0.052044015377759933,False
0,29,180,0.04944084212183952,False
0,29,185,0.020165029913187027,False
0,29,190,0.09190747886896133,False
0,29,195,0.07541222870349884,False
0,29,200,0.06128525361418724,False
0,29,205,0.08090843260288239,False
0,29,210,0.04139585420489311,False
0,29,215,0.06516681611537933,False
0,29,220,0.12090463936328888,False
0,29,225,0.11190007627010345,False
0,29,230,0.16276384890079498,False
0,29,235,0.56139075756073,False
0,29,240,0.2007753998041153,False
0,29,245,0.624054491519928,False
0,29,250,0.23959647119045258,False
0,29,255,0.12595516443252563,False
0,29,260,0.21207524836063385,False
0,29,265,0.10456085205078125,False
0,29,270,0.19156788289546967,False
0,29,275,0.4768536686897278,False
0,29,280,0.6469218730926514,False
0,29,285,0.4602082669734955,False
0,29,290,0.06372243165969849,False
0,29,295,0.16258861124515533,False
0,29,300,0.3084662854671478,False
0,29,305,0.08926743268966675,False
0,29,310,0.17942729592323303,False
0,29,315,0.1975298374891281,False
0,29,320,0.34465599060058594,False
0,29,325,0.060572411864995956,False
0,29,330,0.25574859976768494,False
0,29,335,0.10025320947170258,False
0,29,340,0.18084165453910828,False
0,29,345,0.28458553552627563,False
0,29,350,0.4772135317325592,False
0,29,355,0.5304354429244995,False
0,29,360,0.627249538898468,False
0,29,365,0.4170584976673126,False
0,29,370,0.08775578439235687,False
0,29,375,0.06512622535228729,False
0,29,380,0.08856484293937683,False
0,29,385,0.31186869740486145,False
0,29,390,0.1699802726507187,False
0,29,395,0.05078202858567238,False
0,29,400,0.052598729729652405,False
0,29,405,0.11319825053215027,False
0,30,10,0.17276498675346375,False
0,30,15,0.14670684933662415,False
0,30,20,0.13723570108413696,False
0,30,25,0.2889280319213867,False
0,30,30,0.1578400433063507,False
0,30,35,0.22282277047634125,False
0,30,40,0.1899913102388382,False
0,30,45,0.17435994744300842,False
0,30,50,0.1840135008096695,False
0,30,55,0.16319598257541656,False
0,30,60,0.17140263319015503,False
0,30,65,0.15826553106307983,False
0,30,70,0.21242041885852814,False
0,30,75,0.12061817944049835,False
0,30,80,0.16359494626522064,False
0,30,85,0.18950611352920532,False
0,30,90,0.1763424426317215,False
0,30,95,0.3334813416004181,False
0,30,100,0.26393792033195496,False
0,30,105,0.2769508361816406,False
0,30,110,0.26864707469940186,False
0,30,115,0.25853484869003296,False
0,30,120,0.22080524265766144,False
0,30,125,0.2585865557193756,False
0,30,130,0.25518277287483215,False
0,30,135,0.29486870765686035,False
0,30,140,0.28889739513397217,False
0,30,145,0.2251186966896057,False
0,30,150,0.2711690664291382,False
0,30,155,0.3543366491794586,False
0,30,160,0.11527629941701889,False
0,30,165,0.3003534972667694,False
0,30,170,0.3147405982017517,False
0,30,175,0.25501829385757446,False
0,30,180,0.3008385896682739,False
0,30,185,0.14712755382061005,False
0,30,190,0.2581407427787781,False
0,30,195,0.21780282258987427,False
0,30,200,0.3303850591182709,False
0,30,205,0.3373924791812897,False
0,30,210,0.16674034297466278,False
0,30,215,0.3630204498767853,False
0,30,220,0.03898439183831215,False
0,30,225,0.09492234140634537,False
0,30,230,0.10088939964771271,False
0,30,235,0.09819670766592026,False
0,30,240,0.20425350964069366,False
0,30,245,0.15026505291461945,False
0,30,250,0.2452552318572998,False
0,30,255,0.09731490164995193,False
0,30,260,0.23866677284240723,False
0,30,265,0.16811564564704895,False
0,30,270,0.16769395768642426,False
0,30,275,0.14570550620555878,False
0,30,280,0.10399902611970901,False
0,30,285,0.12226107716560364,False
0,30,290,0.10047636926174164,False
0,30,295,0.10714185237884521,False
0,30,300,0.24646130204200745,False
0,30,305,0.15240147709846497,False
0,30,310,0.11777819693088531,False
0,30,315,0.05090442672371864,False
0,30,320,0.08019919693470001,False
0,30,325,0.1089983806014061,False
0,30,330,0.05279560387134552,False
0,30,335,0.1375102400779724,False
0,30,340,0.10596603900194168,False
0,30,345,0.08579874038696289,False
0,30,350,0.05592877045273781,False
0,30,355,0.0352761447429657,False
0,30,360,0.06954609602689743,False
0,30,365,0.07466420531272888,False
0,30,370,0.11468055099248886,False
0,30,375,0.1387401670217514,False
0,30,380,0.0463225282728672,False
0,30,385,0.04799312353134155,False
0,30,390,0.0450555756688118,False
0,30,395,0.15354324877262115,False
0,30,400,0.3265755772590637,False
0,30,405,0.1583806574344635,False
0,31,10,0.029655136168003082,False
0,31,15,0.05777614563703537,False
0,31,20,0.0721992775797844,False
0,31,25,0.11456839740276337,False
0,31,30,0.3440718650817871,False
0,31,35,0.6257384419441223,False
0,31,40,0.4466400444507599,False
0,31,45,0.15701788663864136,False
0,31,50,0.08104216307401657,False
0,31,55,0.04467759281396866,False
0,31,60,0.048875875771045685,False
0,31,65,0.030196895822882652,False
0,31,70,0.09084177762269974,False
0,31,75,0.12597820162773132,False
0,31,80,0.08716070652008057,False
0,31,85,0.10954495519399643,False
0,31,90,0.05393717437982559,False
0,31,95,0.08219246566295624,False
0,31,100,0.040224380791187286,False
0,31,105,0.07581113278865814,False
0,31,110,0.0734255388379097,False
0,31,115,0.033443842083215714,False
0,31,120,0.03724033385515213,False
0,31,125,0.07766056060791016,False
0,31,130,0.03099016845226288,False
0,31,135,0.031658440828323364,False
0,31,140,0.05590860918164253,False
0,31,145,0.11310151219367981,False
0,31,150,0.05390247330069542,False
0,31,155,0.07518875598907471,False
0,31,160,0.05783458426594734,False
0,31,165,0.11341730505228043,False
0,31,170,0.14799192547798157,False
0,31,175,0.11342503875494003,False
0,31,180,0.13257119059562683,False
0,31,185,0.21642398834228516,False
0,31,190,0.1470358818769455,False
0,31,195,0.10267221927642822,False
0,31,200,0.052681293338537216,False
0,31,205,0.06107063964009285,False
0,31,210,0.07545764744281769,False
0,31,215,0.10032790154218674,False
0,31,220,0.09874757379293442,False
0,31,225,0.032577287405729294,False
0,31,230,0.04935351014137268,False
0,31,235,0.017029115930199623,False
0,31,240,0.0318366177380085,False
0,31,245,0.0912858322262764,False
0,31,250,0.07166910171508789,False
0,31,255,0.4434681832790375,False
0,31,260,0.1726752370595932,False
0,31,265,0.06685672700405121,False
0,31,270,0.06169327348470688,False
0,31,275,0.2888997495174408,False
0,31,280,0.055366598069667816,False
0,31,285,0.08034127205610275,False
0,31,290,0.44764676690101624,False
0,31,295,0.3299998939037323,False
0,31,300,0.35901400446891785,False
0,31,305,0.05790917947888374,False
0,31,310,0.12276282906532288,False
0,31,315,0.030655303969979286,False
0,31,320,0.16273419559001923,False
0,31,325,0.4128599166870117,False
0,31,330,0.037672434002161026,False
0,31,335,0.1282786726951599,False
0,31,340,0.09991665929555893,False
0,31,345,0.17988881468772888,False
0,31,350,0.10763422399759293,False
0,31,355,0.09355314075946808,False
0,31,360,0.06218179687857628,False
0,31,365,1.715567946434021,False
0,31,370,1.2069271802902222,False
0,31,375,0.24103057384490967,False
0,31,380,1.4353734254837036,False
0,31,385,0.10519706457853317,False
0,31,390,1.1926090717315674,False
0,31,395,0.11691073328256607,False
0,31,400,0.10679201781749725,False
0,31,405,0.051416732370853424,False
0,32,10,0.0427897684276104,False
0,32,15,0.10996049642562866,False
0,32,20,0.1870163083076477,False
0,32,25,0.14351728558540344,False
0,32,30,0.26282837986946106,False
0,32,35,0.2292836457490921,False
0,32,40,0.32051408290863037,False
0,32,45,0.14503975212574005,False
0,32,50,0.10863195359706879,False
0,32,55,0.05010602995753288,False
0,32,60,0.09763052314519882,False
0,32,65,0.06071629002690315,False
0,32,70,0.0955909937620163,False
0,32,75,0.15907999873161316,False
0,32,80,0.08250383287668228,False
0,32,85,0.07703202962875366,False
0,32,90,0.07026313990354538,False
0,32,95,0.11776547878980637,False
0,32,100,0.1522354781627655,False
0,32,105,0.18108037114143372,False
0,32,110,0.11701804399490356,False
0,32,115,0.05927051231265068,False
0,32,120,0.19436173141002655,False
0,32,125,0.1709585189819336,False
0,32,130,0.02885471098124981,False
0,32,135,0.045824918895959854,False
0,32,140,0.04595170170068741,False
0,32,145,0.08428063243627548,False
0,32,150,0.13542430102825165,False
0,32,155,0.050581131130456924,False
0,32,160,0.05260731279850006,False
0,32,165,0.04866728559136391,False
0,32,170,0.04375793784856796,False
0,32,175,0.05000370368361473,False
0,32,180,0.14792458713054657,False
0,32,185,0.2939627468585968,False
0,32,190,0.33634868264198303,False
0,32,195,0.3011804521083832,False
0,32,200,0.17221775650978088,False
0,32,205,0.5074961185455322,False
0,32,210,0.3020556569099426,False
0,32,215,0.05579569563269615,False
0,32,220,0.13134922087192535,False
0,32,225,0.16906125843524933,False
0,32,230,0.3072347044944763,False
0,32,235,0.127109557390213,False
0,32,240,0.180596262216568,False
0,32,245,0.095450758934021,False
0,32,250,0.0681859701871872,False
0,32,255,0.055490460246801376,False
0,32,260,0.06819606572389603,False
0,32,265,0.0544552244246006,False
0,32,270,0.06949033588171005,False
0,32,275,0.04776619002223015,False
0,32,280,0.08285603672266006,False
0,32,285,0.06973051279783249,False
0,32,290,0.15150317549705505,False
0,32,295,0.12069513648748398,False
0,32,300,0.0906434878706932,False
0,32,305,0.07172337174415588,False
0,32,310,0.1191815659403801,False
0,32,315,0.18945929408073425,False
0,32,320,0.13860227167606354,False
0,32,325,0.178578183054924,False
0,32,330,0.1065383329987526,False
0,32,335,0.27405670285224915,False
0,32,340,0.2202771157026291,False
0,32,345,0.04839586839079857,False
0,32,350,0.31603139638900757,False
0,32,355,0.09903281927108765,False
0,32,360,0.14327746629714966,False
0,32,365,0.32182884216308594,False
0,32,370,0.17573018372058868,False
0,32,375,0.23381225764751434,False
0,32,380,0.45874810218811035,False
0,32,385,0.6237159371376038,False
0,32,390,0.3623882234096527,False
0,32,395,0.346322625875473,False
0,32,400,0.25149035453796387,False
0,32,405,0.3106116056442261,False
0,33,10,0.0456639789044857,False
0,33,15,0.19094419479370117,False
0,33,20,0.28447234630584717,False
0,33,25,0.46364346146583557,False
0,33,30,0.28339141607284546,False
0,33,35,0.11912744492292404,False
0,33,40,0.18822188675403595,False
0,33,45,0.31845372915267944,False
0,33,50,0.3514103293418884,False
0,33,55,0.5537393093109131,False
0,33,60,0.26104965806007385,False
0,33,65,0.2400931566953659,False
0,33,70,0.05575152486562729,False
0,33,75,0.06414002180099487,False
0,33,80,0.15987379848957062,False
0,33,85,0.07903967797756195,False
0,33,90,0.07095075398683548,False
0,33,95,0.14102673530578613,False
0,33,100,0.058650899678468704,False
0,33,105,0.12458737194538116,False
0,33,110,0.09445943683385849,False
0,33,115,0.07453158497810364,False
0,33,120,0.11186905205249786,False
0,33,125,0.24272571504116058,False
0,33,130,0.2602076530456543,False
0,33,135,0.19135336577892303,False
0,33,140,0.08856861293315887,False
0,33,145,0.03091711923480034,False
0,33,150,0.03683308884501457,False
0,33,155,0.03751860931515694,False
0,33,160,0.048692598938941956,False
0,33,165,0.06531941890716553,False
0,33,170,0.11211926490068436,False
0,33,175,0.0663328766822815,False
0,33,180,0.05493854731321335,False
0,33,185,0.24210089445114136,False
0,33,190,0.35005098581314087,False
0,33,195,0.21806249022483826,False
0,33,200,0.1185423880815506,False
0,33,205,0.6312179565429688,False
0,33,210,0.12053369730710983,False
0,33,215,0.15719632804393768,False
0,33,220,0.6899040341377258,False
0,33,225,0.3272557258605957,False
0,33,230,0.0954863578081131,False
0,33,235,0.30294516682624817,False
0,33,240,0.1269691437482834,False
0,33,245,0.07765644043684006,False
0,33,250,0.06816758960485458,False
0,33,255,0.02375444769859314,False
0,33,260,0.058966103941202164,False
0,33,265,0.11679445952177048,False
0,33,270,0.04550808668136597,False
0,33,275,0.1772889643907547,False
0,33,280,0.26032981276512146,False
0,33,285,0.33806633949279785,False
0,33,290,0.23046712577342987,False
0,33,295,0.12898844480514526,False
0,33,300,1.0408506393432617,False
0,33,305,0.13405336439609528,False
0,33,310,1.7397170066833496,False
0,33,315,1.9400898218154907,False
0,33,320,0.5431990623474121,False
0,33,325,1.6358082294464111,False
0,33,330,0.5658798217773438,False
0,33,335,0.47412264347076416,False
0,33,340,0.368854820728302,False
0,33,345,0.08499830216169357,False
0,33,350,0.5144993662834167,False
0,33,355,0.2756927013397217,False
0,33,360,0.08738809078931808,False
0,33,365,0.07157407701015472,False
0,33,370,0.17632868885993958,False
0,33,375,0.4815531075000763,False
0,33,380,0.32150357961654663,False
0,33,385,0.2056066393852234,False
0,33,390,0.2996228337287903,False
0,33,395,0.22367431223392487,False
0,33,400,0.11560440063476562,False
0,33,405,0.18267962336540222,False
0,34,10,0.12502945959568024,False
0,34,15,0.18390627205371857,False
0,34,20,0.2698439657688141,False
0,34,25,0.3566616475582123,False
0,34,30,0.2409871518611908,False
0,34,35,0.17224621772766113,False
0,34,40,0.13804899156093597,False
0,34,45,0.2756996154785156,False
0,34,50,0.15369108319282532,False
0,34,55,0.18145565688610077,False
0,34,60,0.2863959074020386,False
0,34,65,0.20549917221069336,False
0,34,70,0.15622495114803314,False
0,34,75,0.20142953097820282,False
0,34,80,0.18102870881557465,False
0,34,85,0.28607648611068726,False
0,34,90,0.1755112260580063,False
0,34,95,0.22847671806812286,False
0,34,100,0.2439468950033188,False
0,34,105,0.1738063097000122,False
0,34,110,0.33807823061943054,False
0,34,115,0.3696289658546448,False
0,34,120,0.25576794147491455,False
0,34,125,0.2644023001194,False
0,34,130,0.40850767493247986,False
0,34,135,0.3329886496067047,False
0,34,140,0.35737696290016174,False
0,34,145,0.3517616093158722,False
0,34,150,0.3249516487121582,False
0,34,155,0.3390709459781647,False
0,34,160,0.2207185924053192,False
0,34,165,0.2442150115966797,False
0,34,170,0.1578415185213089,False
0,34,175,0.3896249830722809,False
0,34,180,0.2367689311504364,False
0,34,185,0.1860472708940506,False
0,34,190,0.22663579881191254,False
0,34,195,0.36886483430862427,False
0,34,200,0.1399870365858078,False
0,34,205,0.22859187424182892,False
0,34,210,0.38277849555015564,False
0,34,215,0.3277871608734131,False
0,34,220,0.12874653935432434,False
0,34,225,0.08168654888868332,False
0,34,230,0.1366993635892868,False
0,34,235,0.1464460790157318,False
0,34,240,0.20765917003154755,False
0,34,245,0.20080311596393585,False
0,34,250,0.2552192509174347,False
0,34,255,0.44805586338043213,False
0,34,260,0.1294480562210083,False
0,34,265,0.0766056552529335,False
0,34,270,0.250558465719223,False
0,34,275,0.16471293568611145,False
0,34,280,0.19549311697483063,False
0,34,285,0.126498281955719,False
0,34,290,0.4320029616355896,False
0,34,295,0.18782849609851837,False
0,34,300,0.20074687898159027,False
0,34,305,0.24052689969539642,False
0,34,310,0.2165726274251938,False
0,34,315,0.3710949122905731,False
0,34,320,0.22783702611923218,False
0,34,325,0.24245241284370422,False
0,34,330,0.32610151171684265,False
0,34,335,0.15579797327518463,False
0,34,340,0.1422286182641983,False
0,34,345,0.3885539472103119,False
0,34,350,0.1431981325149536,False
0,34,355,0.15426020324230194,False
0,34,360,0.2800028920173645,False
0,34,365,0.13857148587703705,False
0,34,370,0.23010483384132385,False
0,34,375,0.2788960933685303,False
0,34,380,0.24544012546539307,False
0,34,385,0.26647859811782837,False
0,34,390,0.19575707614421844,False
0,34,395,0.16051790118217468,False
0,34,400,0.16666674613952637,False
0,34,405,0.11182188987731934,False
0,35,10,0.17621485888957977,False
0,35,15,0.21171672642230988,False
0,35,20,0.2969450056552887,False
0,35,25,0.4284878373146057,False
0,35,30,0.342929482460022,False
0,35,35,0.2368667870759964,False
0,35,40,0.2204432487487793,False
0,35,45,0.12758690118789673,False
0,35,50,0.05880371853709221,False
0,35,55,0.07253760099411011,False
0,35,60,0.06251034140586853,False
0,35,65,0.08225821703672409,False
0,35,70,0.1305052936077118,False
0,35,75,0.09599041938781738,False
0,35,80,0.18566229939460754,False
0,35,85,0.14159369468688965,False
0,35,90,0.10504534840583801,False
0,35,95,0.2525630593299866,False
0,35,100,0.08336493372917175,False
0,35,105,0.3873193860054016,False
0,35,110,0.0924745723605156,False
0,35,115,0.0740998312830925,False
0,35,120,0.12935931980609894,False
0,35,125,0.1761740893125534,False
0,35,130,0.3951548635959625,False
0,35,135,1.027635097503662,False
0,35,140,0.1684991866350174,False
0,35,145,0.08471392095088959,False
0,35,150,0.09112981706857681,False
0,35,155,0.08219383656978607,False
0,35,160,0.06627564132213593,False
0,35,165,0.15381619334220886,False
0,35,170,0.08013232052326202,False
0,35,175,0.049634020775556564,False
0,35,180,0.3556761145591736,False
0,35,185,0.07716285437345505,False
0,35,190,0.30075961351394653,False
0,35,195,0.7428917288780212,False
0,35,200,0.11563654989004135,False
0,35,205,0.13423581421375275,False
0,35,210,0.06198481097817421,False
0,35,215,0.0740540623664856,False
0,35,220,0.04633646830916405,False
0,35,225,0.034967124462127686,False
0,35,230,0.05759584903717041,False
0,35,235,0.0705818310379982,False
0,35,240,0.06487366557121277,False
0,35,245,0.05361681804060936,False
0,35,250,0.14702312648296356,False
0,35,255,0.060819435864686966,False
0,35,260,0.022744879126548767,False
0,35,265,0.0847620740532875,False
0,35,270,0.044051144272089005,False
0,35,275,0.02945072576403618,False
0,35,280,0.05516519770026207,False
0,35,285,0.05187402665615082,False
0,35,290,0.05254726484417915,False
0,35,295,0.04913818836212158,False
0,35,300,0.04915843904018402,False
0,35,305,0.07180213183164597,False
0,35,310,0.09888240694999695,False
0,35,315,0.6209004521369934,False
0,35,320,0.11156820505857468,False
0,35,325,0.16775010526180267,False
0,35,330,0.16096225380897522,False
0,35,335,0.1069001853466034,False
0,35,340,0.16898082196712494,False
0,35,345,0.1692461222410202,False
0,35,350,0.2683974504470825,False
0,35,355,0.24112160503864288,False
0,35,360,0.04261503741145134,False
0,35,365,0.14903251826763153,False
0,35,370,0.10450570285320282,False
0,35,375,0.09661288559436798,False
0,35,380,0.17544932663440704,False
0,35,385,0.07949855923652649,False
0,35,390,0.07958851754665375,False
0,35,395,0.06767653673887253,False
0,35,400,0.11482146382331848,False
0,35,405,0.051613949239254,False
0,36,10,0.064851775765419,False
0,36,15,0.0970858782529831,False
0,36,20,0.14317743480205536,False
0,36,25,0.0932467132806778,False
0,36,30,0.2900581359863281,False
0,36,35,0.25066104531288147,False
0,36,40,0.3434205949306488,False
0,36,45,0.284054696559906,False
0,36,50,0.09505364298820496,False
0,36,55,0.023307155817747116,False
0,36,60,0.11301405727863312,False
0,36,65,0.05529377982020378,False
0,36,70,0.14800629019737244,False
0,36,75,0.1843188852071762,False
0,36,80,0.21377797424793243,False
0,36,85,0.1506463885307312,False
0,36,90,0.19610801339149475,False
0,36,95,0.11162646114826202,False
0,36,100,0.11643532663583755,False
0,36,105,0.0506209097802639,False
0,36,110,0.046974942088127136,False
0,36,115,0.08381601423025131,False
0,36,120,0.0801020935177803,False
0,36,125,0.0786762684583664,False
0,36,130,0.1440863460302353,False
0,36,135,0.04128623008728027,False
0,36,140,0.10411275178194046,False
0,36,145,0.08304034173488617,False
0,36,150,0.06159891560673714,False
0,36,155,0.11553307622671127,False
0,36,160,0.28812524676322937,False
0,36,165,0.20875880122184753,False
0,36,170,0.2545357048511505,False
0,36,175,0.19512556493282318,False
0,36,180,0.05906546115875244,False
0,36,185,0.08083508908748627,False
0,36,190,0.1861962229013443,False
0,36,195,0.09706712514162064,False
0,36,200,0.48085901141166687,False
0,36,205,0.22762544453144073,False
0,36,210,0.153494194149971,False
0,36,215,0.12429620325565338,False
0,36,220,0.44124916195869446,False
0,36,225,0.1834934651851654,False
0,36,230,0.1701221913099289,False
0,36,235,0.18378733098506927,False
0,36,240,0.23287253081798553,False
0,36,245,0.1867617815732956,False
0,36,250,0.26033127307891846,False
0,36,255,0.3681740462779999,False
0,36,260,0.34905582666397095,False
0,36,265,0.11924251168966293,False
0,36,270,0.11073431372642517,False
0,36,275,0.12321142852306366,False
0,36,280,0.09446518123149872,False
0,36,285,0.11126821488142014,False
0,36,290,0.13794691860675812,False
0,36,295,0.19811050593852997,False
0,36,300,0.35507428646087646,False
0,36,305,0.10264986008405685,False
0,36,310,0.08594126999378204,False
0,36,315,0.11834438145160675,False
0,36,320,0.05047797039151192,False
0,36,325,0.26190292835235596,False
0,36,330,0.12997426092624664,False
0,36,335,0.09809766709804535,False
0,36,340,0.10973887890577316,False
0,36,345,0.2079382687807083,False
0,36,350,0.2645941972732544,False
0,36,355,0.42073309421539307,False
0,36,360,0.12966491281986237,False
0,36,365,0.19806180894374847,False
0,36,370,0.10437585413455963,False
0,36,375,0.2883443832397461,False
0,36,380,0.12346716970205307,False
0,36,385,0.07315144687891006,False
0,36,390,0.11602436751127243,False
0,36,395,0.10920500010251999,False
0,36,400,0.1195806935429573,False
0,36,405,0.07881328463554382,False
0,37,10,0.06465762108564377,False
0,37,15,0.177640900015831,False
0,37,20,0.28353452682495117,False
0,37,25,0.3445255160331726,False
0,37,30,0.48643064498901367,False
0,37,35,0.11082150787115097,False
0,37,40,0.2525708079338074,False
0,37,45,0.07495088875293732,False
0,37,50,0.06217014789581299,False
0,37,55,0.1143605038523674,False
0,37,60,0.1294081211090088,False
0,37,65,0.13055913150310516,False
0,37,70,0.1639007329940796,False
0,37,75,0.4405875504016876,False
0,37,80,0.21917055547237396,False
0,37,85,0.1618768870830536,False
0,37,90,0.1848781555891037,False
0,37,95,0.14925183355808258,False
0,37,100,0.13385070860385895,False
0,37,105,0.19975633919239044,False
0,37,110,1.2553592920303345,False
0,37,115,0.12842988967895508,False
0,37,120,0.1349424123764038,False
0,37,125,0.1070590615272522,False
0,37,130,0.16077017784118652,False
0,37,135,0.10966785252094269,False
0,37,140,0.1561628133058548,False
0,37,145,0.1150272786617279,False
0,37,150,0.12090346962213516,False
0,37,155,0.6089057922363281,False
0,37,160,0.1099967285990715,False
0,37,165,0.10459861904382706,False
0,37,170,0.11181292682886124,False
0,37,175,0.18278025090694427,False
0,37,180,0.11663620173931122,False
0,37,185,0.12913283705711365,False
0,37,190,0.02770066261291504,False
0,37,195,0.13280370831489563,False
0,37,200,0.24643276631832123,False
0,37,205,0.05187312513589859,False
0,37,210,0.11552289128303528,False
0,37,215,0.05279030650854111,False
0,37,220,0.05073695629835129,False
0,37,225,0.1398247331380844,False
0,37,230,0.0628962591290474,False
0,37,235,0.07964204251766205,False
0,37,240,0.08322975784540176,False
0,37,245,0.1347094625234604,False
0,37,250,0.07537135481834412,False
0,37,255,0.09328539669513702,False
0,37,260,0.14843253791332245,False
0,37,265,0.2745645344257355,False
0,37,270,0.2599986493587494,False
0,37,275,0.21262475848197937,False
0,37,280,0.22364161908626556,False
0,37,285,0.07363172620534897,False
0,37,290,0.2338843196630478,False
0,37,295,0.18750718235969543,False
0,37,300,0.08640658110380173,False
0,37,305,0.09293489903211594,False
0,37,310,0.08618433773517609,False
0,37,315,0.0996120497584343,False
0,37,320,0.12072937935590744,False
0,37,325,0.08757933229207993,False
0,37,330,0.10121945291757584,False
0,37,335,0.0740102082490921,False
0,37,340,0.06988353282213211,False
0,37,345,0.21801193058490753,False
0,37,350,0.06885570287704468,False
0,37,355,0.12985090911388397,False
0,37,360,0.31237125396728516,False
0,37,365,0.14850419759750366,False
0,37,370,0.08393697440624237,False
0,37,375,0.08046642690896988,False
0,37,380,0.0907047763466835,False
0,37,385,0.17355823516845703,False
0,37,390,0.062323395162820816,False
0,37,395,0.06172775477170944,False
0,37,400,0.10558756440877914,False
0,37,405,0.14690618216991425,False
0,38,10,0.11704735457897186,False
0,38,15,0.185763880610466,False
0,38,20,0.2870633602142334,False
0,38,25,0.41582953929901123,False
0,38,30,0.1386672705411911,False
0,38,35,0.1813022792339325,False
0,38,40,0.1401621401309967,False
0,38,45,0.18456146121025085,False
0,38,50,0.08199236541986465,False
0,38,55,0.07871183753013611,False
0,38,60,0.08506237715482712,False
0,38,65,0.19406741857528687,False
0,38,70,0.08895698189735413,False
0,38,75,0.34974437952041626,False
0,38,80,0.2958393096923828,False
0,38,85,0.4597897529602051,False
0,38,90,0.3806501030921936,False
0,38,95,0.2907383143901825,False
0,38,100,0.2756877541542053,False
0,38,105,0.1714034378528595,False
0,38,110,0.23187899589538574,False
0,38,115,0.24607443809509277,False
0,38,120,0.23303692042827606,False
0,38,125,0.23556014895439148,False
0,38,130,0.24384208023548126,False
0,38,135,0.2455906718969345,False
0,38,140,0.19153644144535065,False
0,38,145,0.17835599184036255,False
0,38,150,0.21300512552261353,False
0,38,155,0.24419811367988586,False
0,38,160,0.17820966243743896,False
0,38,165,0.19861993193626404,False
0,38,170,0.1961449831724167,False
0,38,175,0.17819811403751373,False
0,38,180,0.20216290652751923,False
0,38,185,0.16712598502635956,False
0,38,190,0.22649900615215302,False
0,38,195,0.15569549798965454,False
0,38,200,0.161539226770401,False
0,38,205,0.1471131443977356,False
0,38,210,0.15763795375823975,False
0,38,215,0.20225469768047333,False
0,38,220,0.12173575907945633,False
0,38,225,0.22262896597385406,False
0,38,230,0.16776500642299652,False
0,38,235,0.1599019169807434,False
0,38,240,0.14457599818706512,False
0,38,245,0.12690167129039764,False
0,38,250,0.16689975559711456,False
0,38,255,0.22381740808486938,False
0,38,260,0.1184033676981926,False
0,38,265,0.1468220055103302,False
0,38,270,0.15946882963180542,False
0,38,275,0.1271747350692749,False
0,38,280,0.1281004250049591,False
0,38,285,0.37099334597587585,False
0,38,290,0.2028527408838272,False
0,38,295,0.15888948738574982,False
0,38,300,0.2423601597547531,False
0,38,305,0.17812399566173553,False
0,38,310,0.1346038281917572,False
0,38,315,0.17294032871723175,False
0,38,320,0.1516866236925125,False
0,38,325,0.17359359562397003,False
0,38,330,0.20389364659786224,False
0,38,335,0.1322041004896164,False
0,38,340,0.1531013399362564,False
0,38,345,0.2420894056558609,False
0,38,350,0.1653841733932495,False
0,38,355,0.14648890495300293,False
0,38,360,0.1769677698612213,False
0,38,365,0.1522437185049057,False
0,38,370,0.19010262191295624,False
0,38,375,0.2313767522573471,False
0,38,380,0.1581830382347107,False
0,38,385,0.1851077526807785,False
0,38,390,0.1680225282907486,False
0,38,395,0.16723892092704773,False
0,38,400,0.18333734571933746,False
0,38,405,0.1333809196949005,False
0,39,10,0.12883852422237396,False
0,39,15,0.19875888526439667,False
0,39,20,0.323743999004364,False
0,39,25,0.6223122477531433,False
0,39,30,0.20556877553462982,False
0,39,35,0.3584822714328766,False
0,39,40,0.5361580848693848,False
0,39,45,0.2530894875526428,False
0,39,50,0.08391574025154114,False
0,39,55,0.1878357082605362,False
0,39,60,0.23270055651664734,False
0,39,65,0.10979899764060974,False
0,39,70,0.16699892282485962,False
0,39,75,0.237736314535141,False
0,39,80,1.105437159538269,False
0,39,85,1.7451882362365723,False
0,39,90,0.13392913341522217,False
0,39,95,0.17775177955627441,False
0,39,100,0.1441839188337326,False
0,39,105,0.2499784529209137,False
0,39,110,1.3117356300354004,False
0,39,115,0.1633366495370865,False
0,39,120,0.17476606369018555,False
0,39,125,1.3494199514389038,False
0,39,130,0.18397100269794464,False
0,39,135,1.3399473428726196,False
0,39,140,1.7398672103881836,False
0,39,145,0.137936070561409,False
0,39,150,0.20419950783252716,False
0,39,155,1.0570502281188965,False
0,39,160,0.7726740837097168,False
0,39,165,1.3706395626068115,False
0,39,170,1.1395320892333984,False
0,39,175,0.30304479598999023,False
0,39,180,0.4743272364139557,False
0,39,185,0.05668015405535698,False
0,39,190,0.028133340179920197,False
0,39,195,0.12391824275255203,False
0,39,200,0.15837088227272034,False
0,39,205,0.05645829439163208,False
0,39,210,0.08504591137170792,False
0,39,215,0.08272326737642288,False
0,39,220,0.08091916143894196,False
0,39,225,0.13097673654556274,False
0,39,230,0.05300479754805565,False
0,39,235,0.05676250159740448,False
0,39,240,0.07157155871391296,False
0,39,245,0.08502989262342453,False
0,39,250,0.07149946689605713,False
0,39,255,0.1134471520781517,False
0,39,260,0.10387107729911804,False
0,39,265,0.12631747126579285,False
0,39,270,0.10238607227802277,False
0,39,275,0.09425051510334015,False
0,39,280,0.07944110035896301,False
0,39,285,0.13842160999774933,False
0,39,290,0.09198706597089767,False
0,39,295,0.08670404553413391,False
0,39,300,0.07333151251077652,False
0,39,305,0.12623751163482666,False
0,39,310,0.12737330794334412,False
0,39,315,0.10651426017284393,False
0,39,320,0.10571309924125671,False
0,39,325,0.08665918558835983,False
0,39,330,0.12621113657951355,False
0,39,335,0.10727854818105698,False
0,39,340,0.11228072643280029,False
0,39,345,0.08287471532821655,False
0,39,350,0.11383472383022308,False
0,39,355,0.1275559663772583,False
0,39,360,0.11065109819173813,False
0,39,365,0.1369791179895401,False
0,39,370,0.1565006822347641,False
0,39,375,0.09691715985536575,False
0,39,380,0.112450510263443,False
0,39,385,0.10263456404209137,False
0,39,390,0.07596591860055923,False
0,39,395,0.09253491461277008,False
0,39,400,0.06257303059101105,False
0,39,405,0.07187040895223618,False
0,40,10,0.12047256529331207,True
0,40,15,0.21809321641921997,True
0,40,20,0.2706225514411926,True
0,40,25,0.3227684199810028,True
0,40,30,0.24576091766357422,True
0,40,35,0.42067602276802063,True
0,40,40,0.28680309653282166,True
0,40,45,0.5998807549476624,True
0,40,50,0.5979047417640686,True
0,40,55,0.5992072820663452,True
0,40,60,0.2746290862560272,True
0,40,65,0.1957271546125412,True
0,40,70,0.0724407434463501,True
0,40,75,0.040962204337120056,True
0,40,80,0.03631727024912834,True
0,40,85,0.058780841529369354,True
0,40,90,0.04941543936729431,True
0,40,95,0.04209669306874275,True
0,40,100,0.08523774892091751,True
0,40,105,0.14139612019062042,True
0,40,110,0.07658310234546661,True
0,40,115,0.06737510114908218,True
0,40,120,0.030264902859926224,True
0,40,125,0.01823277212679386,True
0,40,130,0.02449430152773857,True
0,40,135,0.01754659414291382,True
0,40,140,0.0111403102055192,True
0,40,145,0.009850908070802689,True
0,40,150,0.014721766114234924,True
0,40,155,0.018144698813557625,True
0,40,160,0.16758844256401062,True
0,40,165,0.45098569989204407,True
0,40,170,1.731811285018921,True
0,40,175,0.08002951741218567,True
0,40,180,0.07550722360610962,True
0,40,185,0.06522781401872635,True
0,40,190,0.08535191416740417,True
0,40,195,0.06874293088912964,True
0,40,200,0.036761876195669174,True
0,40,205,0.07069642096757889,True
0,40,210,0.07551073282957077,True
0,40,215,0.10163109749555588,True
0,40,220,0.16248270869255066,True
0,40,225,0.1363094449043274,True
0,40,230,0.04671735316514969,True
0,40,235,0.08330293744802475,True
0,40,240,0.04540661349892616,True
0,40,245,0.18860217928886414,True
0,40,250,0.1177491769194603,True
0,40,255,0.179903045296669,True
0,40,260,0.09769424051046371,True
0,40,265,0.2317943423986435,True
0,40,270,0.16292154788970947,True
0,40,275,0.04087366536259651,True
0,40,280,0.07531413435935974,True
0,40,285,0.07697975635528564,True
0,40,290,0.10830554366111755,True
0,40,295,0.20380109548568726,True
0,40,300,0.08550872653722763,True
0,40,305,0.14300858974456787,True
0,40,310,0.11560212075710297,True
0,40,315,0.18370623886585236,True
0,40,320,0.1294017732143402,True
0,40,325,0.06279218941926956,True
0,40,330,0.03979111090302467,True
0,40,335,0.05697223171591759,True
0,40,340,0.18905813992023468,True
0,40,345,0.2530786693096161,True
0,40,350,0.09045180678367615,True
0,41,10,0.20002895593643188,False
0,41,15,0.19714292883872986,False
0,41,20,0.3348887860774994,False
0,41,25,0.6554151773452759,False
0,41,30,0.18126805126667023,False
0,41,35,0.189857617020607,False
0,41,40,0.18325617909431458,False
0,41,45,0.10737306624650955,False
0,41,50,0.073756143450737,False
0,41,55,0.07121676206588745,False
0,41,60,0.07743527740240097,False
0,41,65,0.11471030861139297,False
0,41,70,0.0870165005326271,False
0,41,75,0.07277732342481613,False
0,41,80,0.2051248550415039,False
0,41,85,0.15006190538406372,False
0,41,90,0.09819814562797546,False
0,41,95,0.14876960217952728,False
0,41,100,0.05230849236249924,False
0,41,105,0.18428421020507812,False
0,41,110,0.16703814268112183,False
0,41,115,0.173899844288826,False
0,41,120,0.1310901790857315,False
0,41,125,0.1548788994550705,False
0,41,130,0.19469155371189117,False
0,41,135,0.11722486466169357,False
0,41,140,0.2668311893939972,False
0,41,145,0.0882677286863327,False
0,41,150,0.17837747931480408,False
0,41,155,0.22173495590686798,False
0,41,160,0.12674270570278168,False
0,41,165,0.22372417151927948,False
0,41,170,0.088103748857975,False
0,41,175,0.049168556928634644,False
0,41,180,0.10542972385883331,False
0,41,185,0.08822908252477646,False
0,41,190,0.10877759009599686,False
0,41,195,0.11045003682374954,False
0,41,200,0.10947320610284805,False
0,41,205,0.08420028537511826,False
0,41,210,0.06758204847574234,False
0,41,215,0.08340665698051453,False
0,41,220,0.07389780133962631,False
0,41,225,0.13435125350952148,False
0,41,230,0.06664180755615234,False
0,41,235,0.08507657796144485,False
0,41,240,0.12281389534473419,False
0,41,245,0.1928018480539322,False
0,41,250,0.11512242257595062,False
0,41,255,0.09801365435123444,False
0,41,260,0.09478294104337692,False
0,41,265,0.08514934033155441,False
0,41,270,0.07737994194030762,False
0,41,275,0.12955521047115326,False
0,41,280,0.09311794489622116,False
0,41,285,0.17789621651172638,False
0,41,290,0.10172678530216217,False
0,41,295,0.14620496332645416,False
0,41,300,0.19926854968070984,False
0,41,305,0.3075430691242218,False
0,41,310,0.14639244973659515,False
0,41,315,0.09453479945659637,False
0,41,320,0.5542749762535095,False
0,41,325,0.05918967351317406,False
0,41,330,0.40252456068992615,False
0,41,335,0.2720339596271515,False
0,41,340,0.47213122248649597,False
0,41,345,0.11201590299606323,False
0,41,350,0.3957512080669403,False
0,41,355,0.21512743830680847,False
0,41,360,0.5646862983703613,False
0,41,365,0.2762397527694702,False
0,41,370,0.18144120275974274,False
0,41,375,0.24326738715171814,False
0,41,380,0.22325444221496582,False
0,41,385,0.38361436128616333,False
0,41,390,0.32565104961395264,False
0,41,395,0.09252700954675674,False
0,41,400,0.13746607303619385,False
0,41,405,0.33756640553474426,False
0,42,10,0.046824559569358826,False
0,42,15,0.06977799534797668,False
0,42,20,0.09213117510080338,False
0,42,25,0.09097852557897568,False
0,42,30,0.35763218998908997,False
0,42,35,0.43729808926582336,False
0,42,40,0.22257189452648163,False
0,42,45,0.16921882331371307,False
0,42,50,0.0321238711476326,False
0,42,55,0.05320640653371811,False
0,42,60,0.06880620121955872,False
0,42,65,0.10616841912269592,False
0,42,70,0.07126758247613907,False
0,42,75,0.03278609365224838,False
0,42,80,0.036639150232076645,False
0,42,85,0.01997055485844612,False
0,42,90,0.11707353591918945,False
0,42,95,1.1646841764450073,False
0,42,100,0.038108885288238525,False
0,42,105,0.03892817720770836,False
0,42,110,0.07771480828523636,False
0,42,115,1.2087637186050415,False
0,42,120,0.1087428629398346,False
0,42,125,0.04034486413002014,False
0,42,130,0.07489882409572601,False
0,42,135,0.028988849371671677,False
0,42,140,0.04913899302482605,False
0,42,145,0.20691072940826416,False
0,42,150,0.08749066293239594,False
0,42,155,0.1556488573551178,False
0,42,160,0.14580346643924713,False
0,42,165,0.08119120448827744,False
0,42,170,0.03476825729012489,False
0,42,175,0.025677094236016273,False
0,42,180,0.04683000594377518,False
0,42,185,0.10056021809577942,False
0,42,190,0.15848590433597565,False
0,42,195,0.12160006910562515,False
0,42,200,0.053492795675992966,False
0,42,205,0.04569145664572716,False
0,42,210,0.030896542593836784,False
0,42,215,0.05293654650449753,False
0,42,220,0.5821015238761902,False
0,42,225,0.2041056901216507,False
0,42,230,0.05956738069653511,False
0,42,235,0.03836749121546745,False
0,42,240,0.09057962894439697,False
0,42,245,0.14972113072872162,False
0,42,250,0.04987740144133568,False
0,42,255,0.04127755016088486,False
0,42,260,0.13255369663238525,False
0,42,265,0.07686065137386322,False
0,42,270,0.09138832986354828,False
0,42,275,0.08612948656082153,False
0,42,280,0.1589069366455078,False
0,42,285,0.11697683483362198,False
0,42,290,0.08230437338352203,False
0,42,295,0.27136313915252686,False
0,42,300,0.09906624257564545,False
0,42,305,0.09500846266746521,False
0,42,310,0.13964557647705078,False
0,42,315,0.06443197280168533,False
0,42,320,0.1224067285656929,False
0,42,325,0.4274628758430481,False
0,42,330,0.08923021703958511,False
0,42,335,0.1276799738407135,False
0,42,340,0.08154433965682983,False
0,42,345,0.11044719070196152,False
0,42,350,0.13778261840343475,False
0,42,355,0.030437074601650238,False
0,42,360,0.0361538790166378,False
0,42,365,0.141459658741951,False
0,42,370,0.13167080283164978,False
0,42,375,0.12145929783582687,False
0,42,380,0.15715789794921875,False
0,42,385,0.11712372303009033,False
0,42,390,0.1520468294620514,False
0,42,395,0.30817389488220215,False
0,42,400,0.31643298268318176,False
0,42,405,0.06216663122177124,False
0,43,10,0.12327148020267487,False
0,43,15,0.19901923835277557,False
0,43,20,0.3063196539878845,False
0,43,25,0.44758859276771545,False
0,43,30,0.3990159034729004,False
0,43,35,0.08486176282167435,False
0,43,40,0.09660392999649048,False
0,43,45,0.11201100796461105,False
0,43,50,0.08010651916265488,False
0,43,55,0.130553737282753,False
0,43,60,0.3139142394065857,False
0,43,65,0.36921972036361694,False
0,43,70,0.2675383985042572,False
0,43,75,0.33530518412590027,False
0,43,80,0.1983255296945572,False
0,43,85,0.4392052888870239,False
0,43,90,0.336630254983902,False
0,43,95,0.32334932684898376,False
0,43,100,0.4988449811935425,False
0,43,105,0.05299443379044533,False
0,43,110,0.12433269619941711,False
0,43,115,0.08986819535493851,False
0,43,120,0.10652820765972137,False
0,43,125,0.13224636018276215,False
0,43,130,0.19785411655902863,False
0,43,135,0.15986855328083038,False
0,43,140,0.1441027671098709,False
0,43,145,0.21041683852672577,False
0,43,150,0.17986224591732025,False
0,43,155,0.20441626012325287,False
0,43,160,0.17399773001670837,False
0,43,165,0.24277657270431519,False
0,43,170,0.20329982042312622,False
0,43,175,0.24134552478790283,False
0,43,180,0.2900562584400177,False
0,43,185,0.2683372497558594,False
0,43,190,0.23543770611286163,False
0,43,195,0.2817794382572174,False
0,43,200,0.21109890937805176,False
0,43,205,0.2820097804069519,False
0,43,210,0.28643685579299927,False
0,43,215,0.20643606781959534,False
0,43,220,0.08925563842058182,False
0,43,225,0.07459527999162674,False
0,43,230,0.021145597100257874,False
0,43,235,0.0682995393872261,False
0,43,240,0.0683760717511177,False
0,43,245,0.048113804310560226,False
0,43,250,0.06767088174819946,False
0,43,255,0.0686594694852829,False
0,43,260,0.08225854486227036,False
0,43,265,0.07438386976718903,False
0,43,270,0.06993422657251358,False
0,43,275,0.10202036798000336,False
0,43,280,0.07535996288061142,False
0,43,285,0.08935841917991638,False
0,43,290,0.07305038720369339,False
0,43,295,0.07555288076400757,False
0,43,300,0.06904540210962296,False
0,43,305,0.06579158455133438,False
0,43,310,0.05659777298569679,False
0,43,315,0.06142571568489075,False
0,43,320,0.06785687804222107,False
0,43,325,0.05731495842337608,False
0,43,330,0.1268388032913208,False
0,43,335,0.19051888585090637,False
0,43,340,0.18322212994098663,False
0,43,345,0.11961731314659119,False
0,43,350,0.09309326857328415,False
0,43,355,0.12438066303730011,False
0,43,360,0.04780234396457672,False
0,43,365,0.04468126222491264,False
0,43,370,0.04706675931811333,False
0,43,375,0.13134709000587463,False
0,43,380,0.09602514654397964,False
0,43,385,0.13831765949726105,False
0,43,390,0.19596704840660095,False
0,43,395,0.4338637590408325,False
0,43,400,0.1410571038722992,False
0,43,405,0.09302487224340439,False
0,44,10,0.13898345828056335,False
0,44,15,0.10870230197906494,False
0,44,20,0.11771925538778305,False
0,44,25,0.15546219050884247,False
0,44,30,0.13725654780864716,False
0,44,35,0.28114232420921326,False
0,44,40,0.08295504748821259,False
0,44,45,0.12905678153038025,False
0,44,50,0.13983070850372314,False
0,44,55,0.19386090338230133,False
0,44,60,0.19831210374832153,False
0,44,65,0.2072000354528427,False
0,44,70,0.15181443095207214,False
0,44,75,0.13378404080867767,False
0,44,80,0.09719744324684143,False
0,44,85,0.11629730463027954,False
0,44,90,0.09431629627943039,False
0,44,95,0.1502356380224228,False
0,44,100,0.16712883114814758,False
0,44,105,0.1718415915966034,False
0,44,110,0.13126762211322784,False
0,44,115,0.1519758552312851,False
0,44,120,0.15651962161064148,False
0,44,125,0.18419580161571503,False
0,44,130,0.1998872011899948,False
0,44,135,0.23074187338352203,False
0,44,140,0.19299983978271484,False
0,44,145,0.1286160945892334,False
0,44,150,0.17344579100608826,False
0,44,155,0.11709479242563248,False
0,44,160,0.10246133804321289,False
0,44,165,0.08591295778751373,False
0,44,170,0.06813451647758484,False
0,44,175,0.07472307980060577,False
0,44,180,0.14073272049427032,False
0,44,185,0.08432891219854355,False
0,44,190,0.13914009928703308,False
0,44,195,0.08341406285762787,False
0,44,200,0.14473524689674377,False
0,44,205,0.10245048254728317,False
0,44,210,0.10254300385713577,False
0,44,215,0.1153494343161583,False
0,44,220,0.09249329566955566,False
0,44,225,0.08650007098913193,False
0,44,230,0.059270720928907394,False
0,44,235,0.10740437358617783,False
0,44,240,0.14660386741161346,False
0,44,245,0.12333854287862778,False
0,44,250,0.16300341486930847,False
0,44,255,0.1161414161324501,False
0,44,260,0.1390925943851471,False
0,44,265,0.16922685503959656,False
0,44,270,0.07631032913923264,False
0,44,275,0.09156397730112076,False
0,44,280,0.07960195094347,False
0,44,285,0.0981818363070488,False
0,44,290,0.038124628365039825,False
0,44,295,0.17307890951633453,False
0,44,300,0.08563241362571716,False
0,44,305,0.05956628546118736,False
0,44,310,0.06171996518969536,False
0,44,315,0.061548665165901184,False
0,44,320,0.14228031039237976,False
0,44,325,0.14128923416137695,False
0,44,330,0.10406508296728134,False
0,44,335,0.1760515570640564,False
0,44,340,0.06379536539316177,False
0,44,345,0.08667314797639847,False
0,44,350,0.24454139173030853,False
0,44,355,0.22598174214363098,False
0,44,360,0.1506105363368988,False
0,44,365,0.11503550410270691,False
0,44,370,0.11023721843957901,False
0,44,375,0.11822263151407242,False
0,44,380,0.11461903899908066,False
0,44,385,0.1704273521900177,False
0,44,390,0.13544641435146332,False
0,44,395,0.15196023881435394,False
0,44,400,0.10829751193523407,False
0,44,405,0.11875531822443008,False
0,45,10,0.16726641356945038,False
0,45,15,0.19940324127674103,False
0,45,20,0.4075760245323181,False
0,45,25,0.7180300951004028,False
0,45,30,0.18887537717819214,False
0,45,35,0.2653612494468689,False
0,45,40,0.17906543612480164,False
0,45,45,0.2961176335811615,False
0,45,50,0.33750995993614197,False
0,45,55,0.2211560606956482,False
0,45,60,0.14907331764698029,False
0,45,65,0.2388412058353424,False
0,45,70,0.14556896686553955,False
0,45,75,0.1787429302930832,False
0,45,80,0.20079877972602844,False
0,45,85,0.9943331480026245,False
0,45,90,1.0140868425369263,False
0,45,95,0.7567271590232849,False
0,45,100,0.11569573730230331,False
0,45,105,0.2057955265045166,False
0,45,110,0.09588121622800827,False
0,45,115,0.11829707026481628,False
0,45,120,0.12653908133506775,False
0,45,125,0.6870288848876953,False
0,45,130,0.12020120769739151,False
0,45,135,0.16038601100444794,False
0,45,140,0.37316837906837463,False
0,45,145,0.13797341287136078,False
0,45,150,0.14581498503684998,False
0,45,155,0.10177737474441528,False
0,45,160,0.14873212575912476,False
0,45,165,0.11268290877342224,False
0,45,170,0.10848631709814072,False
0,45,175,0.08881919831037521,False
0,45,180,0.11862403899431229,False
0,45,185,0.10155989229679108,False
0,45,190,0.09386412799358368,False
0,45,195,0.16084471344947815,False
0,45,200,0.10108449310064316,False
0,45,205,0.15228794515132904,False
0,45,210,0.15664012730121613,False
0,45,215,0.10177555680274963,False
0,45,220,0.05865311250090599,False
0,45,225,0.06726888567209244,False
0,45,230,0.10523499548435211,False
0,45,235,0.09014444798231125,False
0,45,240,0.08327408134937286,False
0,45,245,0.11135213077068329,False
0,45,250,0.07986859232187271,False
0,45,255,0.14232751727104187,False
0,45,260,0.07966664433479309,False
0,45,265,0.157481849193573,False
0,45,270,0.10510778427124023,False
0,45,275,0.09935115277767181,False
0,45,280,0.08627264946699142,False
0,45,285,0.1594933271408081,False
0,45,290,0.12301971763372421,False
0,45,295,0.11278967559337616,False
0,45,300,0.07476244121789932,False
0,45,305,0.08280481398105621,False
0,45,310,0.13375000655651093,False
0,45,315,0.13557559251785278,False
0,45,320,0.05192317068576813,False
0,45,325,0.06094369292259216,False
0,45,330,0.11704467236995697,False
0,45,335,0.09745913743972778,False
0,45,340,0.08274420350790024,False
0,45,345,0.07180298864841461,False
0,45,350,0.11219091713428497,False
0,45,355,0.11257503926753998,False
0,45,360,0.09978299587965012,False
0,45,365,0.15587690472602844,False
0,45,370,0.1044616624712944,False
0,45,375,0.08043589442968369,False
0,45,380,0.14046065509319305,False
0,45,385,0.11569880694150925,False
0,45,390,0.1322457492351532,False
0,45,395,0.13796357810497284,False
0,45,400,0.10438995808362961,False
0,45,405,0.14300718903541565,False
0,46,10,0.08109713345766068,False
0,46,15,0.08359049260616302,False
0,46,20,0.2006063461303711,False
0,46,25,0.14417272806167603,False
0,46,30,0.1451728492975235,False
0,46,35,0.23634207248687744,False
0,46,40,0.3576538562774658,False
0,46,45,0.20221245288848877,False
0,46,50,0.04342414438724518,False
0,46,55,0.05428736284375191,False
0,46,60,0.03744702413678169,False
0,46,65,0.055883996188640594,False
0,46,70,0.09082508087158203,False
0,46,75,0.06305354088544846,False
0,46,80,0.1413734406232834,False
0,46,85,0.12844523787498474,False
0,46,90,0.14265811443328857,False
0,46,95,0.15969780087471008,False
0,46,100,0.14637942612171173,False
0,46,105,0.042602963745594025,False
0,46,110,0.04197622090578079,False
0,46,115,0.04237378388643265,False
0,46,120,0.06311342865228653,False
0,46,125,0.09981754422187805,False
0,46,130,0.06020919978618622,False
0,46,135,0.09298621118068695,False
0,46,140,0.06501483172178268,False
0,46,145,0.0629931166768074,False
0,46,150,0.02487822063267231,False
0,46,155,0.09424105286598206,False
0,46,160,0.3309651017189026,False
0,46,165,0.3009944260120392,False
0,46,170,0.7274335622787476,False
0,46,175,0.07856126874685287,False
0,46,180,0.2851390540599823,False
0,46,185,0.06597302854061127,False
0,46,190,0.04168097302317619,False
0,46,195,0.06552225351333618,False
0,46,200,0.300392746925354,False
0,46,205,0.5072740316390991,False
0,46,210,0.28145909309387207,False
0,46,215,0.08400849997997284,False
0,46,220,0.06223619356751442,False
0,46,225,0.08412332832813263,False
0,46,230,0.05508805438876152,False
0,46,235,0.26308107376098633,False
0,46,240,0.2302141785621643,False
0,46,245,0.13365666568279266,False
0,46,250,0.24058713018894196,False
0,46,255,0.08150529861450195,False
0,46,260,0.14201728999614716,False
0,46,265,0.39852163195610046,False
0,46,270,0.4339781105518341,False
0,46,275,0.28574854135513306,False
0,46,280,0.8537465333938599,False
0,46,285,0.13831280171871185,False
0,46,290,0.03630668669939041,False
0,46,295,0.044884659349918365,False
0,46,300,0.37386035919189453,False
0,46,305,0.11784972995519638,False
0,46,310,0.08583656698465347,False
0,46,315,0.09288114309310913,False
0,46,320,0.20782901346683502,False
0,46,325,0.25234436988830566,False
0,46,330,0.11509162932634354,False
0,46,335,0.37674954533576965,False
0,46,340,0.5530586838722229,False
0,46,345,0.20364005863666534,False
0,46,350,0.5557355880737305,False
0,46,355,0.4511060416698456,False
0,46,360,0.20108412206172943,False
0,46,365,0.1508936583995819,False
0,46,370,0.11899098008871078,False
0,46,375,0.3146302402019501,False
0,46,380,1.4002504348754883,False
0,46,385,0.30251967906951904,False
0,46,390,0.859205961227417,False
0,46,395,0.304155170917511,False
0,46,400,0.4315836727619171,False
0,46,405,0.7370495200157166,False
0,47,10,0.07951126992702484,False
0,47,15,0.18144583702087402,False
0,47,20,0.294845849275589,False
0,47,25,0.21405750513076782,False
0,47,30,0.13063393533229828,False
0,47,35,0.1200844943523407,False
0,47,40,0.07847701758146286,False
0,47,45,0.22300150990486145,False
0,47,50,0.25262120366096497,False
0,47,55,0.2325621098279953,False
0,47,60,0.3346353769302368,False
0,47,65,0.32970181107521057,False
0,47,70,0.5089538097381592,False
0,47,75,0.610497236251831,False
0,47,80,0.6014797687530518,False
0,47,85,0.7295267581939697,False
0,47,90,0.6371635794639587,False
0,47,95,0.07199595123529434,False
0,47,100,0.09365630149841309,False
0,47,105,0.12045608460903168,False
0,47,110,0.13000749051570892,False
0,47,115,0.17748697102069855,False
0,47,120,0.14250442385673523,False
0,47,125,0.21946153044700623,False
0,47,130,0.2191697508096695,False
0,47,135,0.18568852543830872,False
0,47,140,0.15015506744384766,False
0,47,145,0.07847641408443451,False
0,47,150,0.022182418033480644,False
0,47,155,0.0282917357981205,False
0,47,160,0.05271048843860626,False
0,47,165,0.05362440645694733,False
0,47,170,0.04935504123568535,False
0,47,175,0.10404375195503235,False
0,47,180,0.15250591933727264,False
0,47,185,0.1303982138633728,False
0,47,190,0.15043768286705017,False
0,47,195,0.11404726654291153,False
0,47,200,0.0673726499080658,False
0,47,205,0.058053482323884964,False
0,47,210,0.06916040927171707,False
0,47,215,0.034096453338861465,False
0,47,220,0.10395164787769318,False
0,47,225,0.11927925795316696,False
0,47,230,0.05040992423892021,False
0,47,235,0.06785202026367188,False
0,47,240,0.08743394166231155,False
0,47,245,0.13070645928382874,False
0,47,250,0.15412822365760803,False
0,47,255,0.11809714883565903,False
0,47,260,0.15062075853347778,False
0,47,265,0.1115569993853569,False
0,47,270,0.07064642012119293,False
0,47,275,0.021418118849396706,False
0,47,280,0.018054688349366188,False
0,47,285,0.05354924499988556,False
0,47,290,0.1063348576426506,False
0,47,295,0.06771086901426315,False
0,47,300,0.0589945949614048,False
0,47,305,0.059611670672893524,False
0,47,310,0.06786353141069412,False
0,47,315,0.038047730922698975,False
0,47,320,0.02895624376833439,False
0,47,325,0.18391183018684387,False
0,47,330,0.20627015829086304,False
0,47,335,0.08185750246047974,False
0,47,340,0.16631120443344116,False
0,47,345,0.4891488552093506,False
0,47,350,0.33356088399887085,False
0,47,355,0.46132397651672363,False
0,47,360,0.23070083558559418,False
0,47,365,0.11261264234781265,False
0,47,370,0.05844416841864586,False
0,47,375,0.7224356532096863,False
0,47,380,0.10501272231340408,False
0,47,385,0.29944637417793274,False
0,47,390,0.11398080736398697,False
0,47,395,0.08864028006792068,False
0,47,400,0.13355273008346558,False
0,47,405,0.14425787329673767,False
0,48,10,0.0938597172498703,False
0,48,15,0.06603962182998657,False
0,48,20,0.07884156703948975,False
0,48,25,0.11671876907348633,False
0,48,30,0.29277321696281433,False
0,48,35,0.36471453309059143,False
0,48,40,0.18278390169143677,False
0,48,45,0.07205420732498169,False
0,48,50,0.038305461406707764,False
0,48,55,0.061899855732917786,False
0,48,60,0.16399525105953217,False
0,48,65,0.45032232999801636,False
0,48,70,0.15310388803482056,False
0,48,75,0.06841623038053513,False
0,48,80,0.22067193686962128,False
0,48,85,0.11593276262283325,False
0,48,90,0.06365731358528137,False
0,48,95,0.06781315058469772,False
0,48,100,0.17709705233573914,False
0,48,105,0.09091212600469589,False
0,48,110,0.04091533273458481,False
0,48,115,0.07813700288534164,False
0,48,120,0.1729825735092163,False
0,48,125,0.08054372668266296,False
0,48,130,0.07383783161640167,False
0,48,135,0.0838630422949791,False
0,48,140,0.14981664717197418,False
0,48,145,0.08781388401985168,False
0,48,150,0.11427366733551025,False
0,48,155,0.08074170351028442,False
0,48,160,0.1287176012992859,False
0,48,165,0.12118744105100632,False
0,48,170,0.09919501841068268,False
0,48,175,0.11594203114509583,False
0,48,180,0.10693617910146713,False
0,48,185,0.06739754229784012,False
0,48,190,0.04621855169534683,False
0,48,195,0.06603587418794632,False
0,48,200,0.12396568804979324,False
0,48,205,0.12391950935125351,False
0,48,210,0.14749421179294586,False
0,48,215,0.05919598042964935,False
0,48,220,0.05799035355448723,False
0,48,225,0.09809048473834991,False
0,48,230,0.06560395658016205,False
0,48,235,0.039751000702381134,False
0,48,240,0.08352526277303696,False
0,48,245,0.147383913397789,False
0,48,250,0.13001936674118042,False
0,48,255,0.19358985126018524,False
0,48,260,0.21517151594161987,False
0,48,265,0.1441374123096466,False
0,48,270,0.06034180894494057,False
0,48,275,0.07485650479793549,False
0,48,280,0.07605082541704178,False
0,48,285,0.12813207507133484,False
0,48,290,0.08740892261266708,False
0,48,295,0.2273602932691574,False
0,48,300,0.07652951031923294,False
0,48,305,0.14945054054260254,False
0,48,310,0.19940780103206635,False
0,48,315,0.08111657947301865,False
0,48,320,0.029764125123620033,False
0,48,325,0.025396142154932022,False
0,48,330,0.08536393195390701,False
0,48,335,0.18873955309391022,False
0,48,340,0.187859907746315,False
0,48,345,0.5034998059272766,False
0,48,350,0.4284699857234955,False
0,48,355,0.5078826546669006,False
0,48,360,0.4756926894187927,False
0,48,365,0.4608915150165558,False
0,48,370,0.3881929814815521,False
0,48,375,0.3668868839740753,False
0,48,380,0.4296906590461731,False
0,48,385,0.30626460909843445,False
0,48,390,0.348001629114151,False
0,48,395,0.3122292757034302,False
0,48,400,0.5096566677093506,False
0,48,405,0.48178163170814514,False
0,49,10,0.13149429857730865,False
0,49,15,0.14592593908309937,False
0,49,20,0.18304899334907532,False
0,49,25,0.14664573967456818,False
0,49,30,0.3963310718536377,False
0,49,35,0.2772921621799469,False
0,49,40,0.7409585118293762,False
0,49,45,0.33558934926986694,False
0,49,50,0.10522876679897308,False
0,49,55,0.12120555341243744,False
0,49,60,0.15258683264255524,False
0,49,65,0.09920808672904968,False
0,49,70,0.10876398533582687,False
0,49,75,0.06200125068426132,False
0,49,80,0.09020960330963135,False
0,49,85,0.05551210790872574,False
0,49,90,0.06473774462938309,False
0,49,95,0.1164749339222908,False
0,49,100,0.10488317906856537,False
0,49,105,0.08682766556739807,False
0,49,110,0.08213573694229126,False
0,49,115,0.10153951495885849,False
0,49,120,0.0717877522110939,False
0,49,125,0.13171960413455963,False
0,49,130,0.07923582196235657,False
0,49,135,0.09073585271835327,False
0,49,140,0.14372968673706055,False
0,49,145,0.1493077427148819,False
0,49,150,0.07673855125904083,False
0,49,155,0.10665890574455261,False
0,49,160,0.07709367573261261,False
0,49,165,0.03638353943824768,False
0,49,170,0.03145081177353859,False
0,49,175,0.05517015606164932,False
0,49,180,0.07276362925767899,False
0,49,185,0.11406775563955307,False
0,49,190,0.03456030786037445,False
0,49,195,0.032549694180488586,False
0,49,200,0.052324242889881134,False
0,49,205,0.05335649847984314,False
0,49,210,0.03297453373670578,False
0,49,215,0.18884214758872986,False
0,49,220,0.055755048990249634,False
0,49,225,0.08265690505504608,False
0,49,230,0.09653107821941376,False
0,49,235,0.05457063391804695,False
0,49,240,0.038758061826229095,False
0,49,245,0.062442149966955185,False
0,49,250,0.051430877298116684,False
0,49,255,0.03714999929070473,False
0,49,260,0.044457536190748215,False
0,49,265,0.07239345461130142,False
0,49,270,0.03050217404961586,False
0,49,275,0.018971940502524376,False
0,49,280,0.03141157701611519,False
0,49,285,0.036842212080955505,False
0,49,290,0.12102241814136505,False
0,49,295,0.1426195502281189,False
0,49,300,0.1260441541671753,False
0,49,305,0.04777733236551285,False
0,49,310,0.08283743262290955,False
0,49,315,0.051415249705314636,False
0,49,320,0.0709766149520874,False
0,49,325,0.0636451318860054,False
0,49,330,0.04815773293375969,False
0,49,335,0.10663998126983643,False
0,49,340,0.11175695061683655,False
0,49,345,0.12411567568778992,False
0,49,350,0.21719522774219513,False
0,49,355,0.0820697769522667,False
0,49,360,0.05181717872619629,False
0,49,365,0.06396309286355972,False
0,49,370,0.05046841502189636,False
0,49,375,0.09235172718763351,False
0,49,380,0.11325829476118088,False
0,49,385,0.16806018352508545,False
0,49,390,0.053328003734350204,False
0,49,395,0.26119759678840637,False
0,49,400,0.3469971716403961,False
0,49,405,0.11215072125196457,False
100,0,10,0.06343493610620499,False
100,0,15,0.1692364364862442,False
100,0,20,0.3512541651725769,False
100,0,25,0.3740819990634918,False
100,0,30,0.3911241292953491,False
100,0,35,0.3842991888523102,False
100,0,40,0.26483243703842163,False
100,0,45,0.29609525203704834,False
100,0,50,0.34286606311798096,False
100,0,55,0.27858513593673706,False
100,0,60,0.476884663105011,False
100,0,65,0.4871133267879486,False
100,0,70,0.4079399108886719,False
100,0,75,0.5291310548782349,False
100,0,80,0.42376619577407837,False
100,0,85,0.3942790627479553,False
100,0,90,0.3812370300292969,False
100,0,95,0.08026483654975891,False
100,0,100,0.16774722933769226,False
100,0,105,0.07359925657510757,False
100,0,110,0.8056812882423401,False
100,0,115,0.6860020756721497,False
100,0,120,0.5288788676261902,False
100,0,125,0.5108641386032104,False
100,0,130,0.608112096786499,False
100,0,135,0.49375176429748535,False
100,0,140,0.31599128246307373,False
100,0,145,0.40644049644470215,False
100,0,150,0.48790663480758667,False
100,0,155,0.3797820806503296,False
100,0,160,0.5450719594955444,False
100,0,165,0.3589371144771576,False
100,0,170,0.3219089210033417,False
100,0,175,0.21162840723991394,False
100,0,180,0.09491612762212753,False
100,0,185,1.9979794025421143,False
100,0,190,0.03465054929256439,False
100,0,195,0.07713986933231354,False
100,0,200,0.15227743983268738,False
100,0,205,0.26610076427459717,False
100,0,210,0.20685221254825592,False
100,0,215,0.19796793162822723,False
100,0,220,0.14915864169597626,False
100,0,225,0.1608506590127945,False
100,0,230,0.3076733946800232,False
100,0,235,0.4182496964931488,False
100,0,240,0.28298109769821167,False
100,0,245,0.08535463362932205,False
100,0,250,0.2805512845516205,False
100,0,255,0.11340861022472382,False
100,0,260,0.31107380986213684,False
100,0,265,0.1889866143465042,False
100,0,270,0.32663190364837646,False
100,0,275,0.36614614725112915,False
100,0,280,0.3492400050163269,False
100,0,285,0.08651377260684967,False
100,0,290,0.10903753340244293,False
100,0,295,0.24465611577033997,False
100,0,300,0.2090536504983902,False
100,0,305,0.33659136295318604,False
100,0,310,0.28087759017944336,False
100,0,315,0.10008690506219864,False
100,0,320,0.12035462260246277,False
100,0,325,0.14141236245632172,False
100,0,330,0.2033589780330658,False
100,0,335,0.3274976909160614,False
100,0,340,0.42322543263435364,False
100,0,345,0.32791054248809814,False
100,0,350,1.0360124111175537,False
100,0,355,0.3094153106212616,False
100,0,360,0.03135570511221886,False
100,0,365,0.018199941143393517,False
100,0,370,0.06526334583759308,False
100,0,375,0.5283196568489075,False
100,0,380,0.07820016890764236,False
100,0,385,0.024534039199352264,False
100,0,390,0.12278991937637329,False
100,0,395,0.12229252606630325,False
100,0,400,0.16161078214645386,False
100,0,405,0.14582312107086182,False
100,1,10,0.13195034861564636,False
100,1,15,0.26384854316711426,False
100,1,20,0.3747479319572449,False
100,1,25,0.3302306532859802,False
100,1,30,0.3966102600097656,False
100,1,35,0.48100993037223816,False
100,1,40,0.3058057427406311,False
100,1,45,0.47233831882476807,False
100,1,50,0.5064367055892944,False
100,1,55,0.14884109795093536,False
100,1,60,0.41241177916526794,False
100,1,65,0.4359411895275116,False
100,1,70,0.5059016346931458,False
100,1,75,0.29206204414367676,False
100,1,80,0.19634491205215454,False
100,1,85,0.9569236636161804,False
100,1,90,0.20188172161579132,False
100,1,95,0.042096447199583054,False
100,1,100,0.10849956423044205,False
100,1,105,0.1220548152923584,False
100,1,110,0.11774764209985733,False
100,1,115,0.2189435064792633,False
100,1,120,0.34903430938720703,False
100,1,125,0.39661192893981934,False
100,1,130,0.1502610296010971,False
100,1,135,0.16869504749774933,False
100,1,140,0.07197271287441254,False
100,1,145,0.11585265398025513,False
100,1,150,0.0896020159125328,False
100,1,155,0.08196523785591125,False
100,1,160,0.1391097754240036,False
100,1,165,0.3408506512641907,False
100,1,170,0.9455214142799377,False
100,1,175,0.16753168404102325,False
100,1,180,0.2050294578075409,False
100,1,185,0.12325534969568253,False
100,1,190,0.0645110160112381,False
100,1,195,0.0705282911658287,False
100,1,200,0.1779487133026123,False
100,1,205,0.09565573185682297,False
100,1,210,0.06823115050792694,False
100,1,215,0.05255117267370224,False
100,1,220,0.03776761516928673,False
100,1,225,0.036801788955926895,False
100,1,230,0.10585669428110123,False
100,1,235,0.07622067630290985,False
100,1,240,0.05945023521780968,False
100,1,245,0.06707069277763367,False
100,1,250,0.03614092990756035,False
100,1,255,0.023930154740810394,False
100,1,260,0.3073044717311859,False
100,1,265,0.2842031419277191,False
100,1,270,0.3691352605819702,False
100,1,275,0.14383500814437866,False
100,1,280,0.17995576560497284,False
100,1,285,0.3660472631454468,False
100,1,290,0.3633027672767639,False
100,1,295,0.07174918800592422,False
100,1,300,0.10453660041093826,False
100,1,305,0.18576040863990784,False
100,1,310,1.2982738018035889,False
100,1,315,0.07165004312992096,False
100,1,320,0.40782833099365234,False
100,1,325,0.26169759035110474,False
100,1,330,0.09837927669286728,False
100,1,335,0.3187231421470642,False
100,1,340,0.2764478921890259,False
100,1,345,0.09584195166826248,False
100,1,350,0.21834704279899597,False
100,1,355,0.1953994780778885,False
100,1,360,0.11702680587768555,False
100,1,365,0.21420304477214813,False
100,1,370,0.2543236315250397,False
100,1,375,0.2917248010635376,False
100,1,380,0.4133453965187073,False
100,1,385,0.4569988250732422,False
100,1,390,0.40849995613098145,False
100,1,395,0.7091718316078186,False
100,1,400,0.5565401315689087,False
100,1,405,0.5393888354301453,False
100,2,10,0.048874445259571075,False
100,2,15,0.1611594706773758,False
100,2,20,0.3167880177497864,False
100,2,25,0.386653870344162,False
100,2,30,0.4820767939090729,False
100,2,35,0.39350491762161255,False
100,2,40,0.3295809328556061,False
100,2,45,0.5849961042404175,False
100,2,50,0.46949219703674316,False
100,2,55,0.1234341412782669,False
100,2,60,0.5745728611946106,False
100,2,65,0.5690745711326599,False
100,2,70,0.1586209088563919,False
100,2,75,0.3770183026790619,False
100,2,80,0.5504076480865479,False
100,2,85,1.4626792669296265,False
100,2,90,0.29667437076568604,False
100,2,95,0.2267090082168579,False
100,2,100,0.33538562059402466,False
100,2,105,0.6126590371131897,False
100,2,110,0.2962546944618225,False
100,2,115,0.22151565551757812,False
100,2,120,0.19089242815971375,False
100,2,125,0.23398952186107635,False
100,2,130,0.20530696213245392,False
100,2,135,0.10104577988386154,False
100,2,140,0.6191367506980896,False
100,2,145,0.1338559240102768,False
100,2,150,0.19850854575634003,False
100,2,155,0.2522616386413574,False
100,2,160,0.2278076708316803,False
100,2,165,0.2659569978713989,False
100,2,170,0.29701510071754456,False
100,2,175,1.735182523727417,False
100,2,180,0.5348690152168274,False
100,2,185,0.23551644384860992,False
100,2,190,0.33957794308662415,False
100,2,195,0.5081637501716614,False
100,2,200,0.4353967010974884,False
100,2,205,0.3438459038734436,False
100,2,210,0.21495527029037476,False
100,2,215,0.20038378238677979,False
100,2,220,0.21618492901325226,False
100,2,225,0.3933551013469696,False
100,2,230,0.1929299235343933,False
100,2,235,0.1876589059829712,False
100,2,240,0.26196199655532837,False
100,2,245,0.2624877691268921,False
100,2,250,0.3071098029613495,False
100,2,255,0.15482570230960846,False
100,2,260,0.29439473152160645,False
100,2,265,0.39248108863830566,False
100,2,270,0.4296558201313019,False
100,2,275,0.5146567821502686,False
100,2,280,0.3786567449569702,False
100,2,285,0.07090599089860916,False
100,2,290,0.21999946236610413,False
100,2,295,0.4232487976551056,False
100,2,300,0.29477596282958984,False
100,2,305,0.23806992173194885,False
100,2,310,0.2817941904067993,False
100,2,315,0.17433640360832214,False
100,2,320,0.20734888315200806,False
100,2,325,0.21669042110443115,False
100,2,330,0.30060169100761414,False
100,2,335,0.19122442603111267,False
100,2,340,0.14631618559360504,False
100,2,345,0.11655408889055252,False
100,2,350,0.21921683847904205,False
100,2,355,0.19727398455142975,False
100,2,360,0.1499880850315094,False
100,2,365,0.1669999212026596,False
100,2,370,0.0880841538310051,False
100,2,375,0.15419694781303406,False
100,2,380,0.16397741436958313,False
100,2,385,0.18335402011871338,False
100,2,390,0.19809330999851227,False
100,2,395,0.12865138053894043,False
100,2,400,0.1885983794927597,False
100,2,405,0.18782150745391846,False
100,3,10,0.09614836424589157,False
100,3,15,0.25815561413764954,False
100,3,20,0.4530874788761139,False
100,3,25,0.4849393963813782,False
100,3,30,0.43747392296791077,False
100,3,35,0.43694865703582764,False
100,3,40,0.4580167531967163,False
100,3,45,0.5317474603652954,False
100,3,50,0.38008934259414673,False
100,3,55,0.250427782535553,False
100,3,60,0.5682324767112732,False
100,3,65,0.5540524125099182,False
100,3,70,0.5258388519287109,False
100,3,75,0.6265923380851746,False
100,3,80,0.4860000014305115,False
100,3,85,1.3831355571746826,False
100,3,90,0.3298311233520508,False
100,3,95,0.18888786435127258,False
100,3,100,0.49833011627197266,False
100,3,105,0.2664364278316498,False
100,3,110,0.43736186623573303,False
100,3,115,0.41721343994140625,False
100,3,120,0.43293777108192444,False
100,3,125,0.32084712386131287,False
100,3,130,0.32728615403175354,False
100,3,135,0.32669273018836975,False
100,3,140,0.6084749102592468,False
100,3,145,0.1610923856496811,False
100,3,150,0.3540358543395996,False
100,3,155,0.35835981369018555,False
100,3,160,0.49382925033569336,False
100,3,165,0.43082699179649353,False
100,3,170,0.3418658673763275,False
100,3,175,1.5746681690216064,False
100,3,180,0.48894932866096497,False
100,3,185,0.2736735939979553,False
100,3,190,0.35677409172058105,False
100,3,195,0.47172486782073975,False
100,3,200,0.3322322368621826,False
100,3,205,0.29987698793411255,False
100,3,210,0.25861990451812744,False
100,3,215,0.260151743888855,False
100,3,220,0.22711241245269775,False
100,3,225,0.3945826590061188,False
100,3,230,0.35275548696517944,False
100,3,235,0.2666863203048706,False
100,3,240,0.28200095891952515,False
100,3,245,0.17529119551181793,False
100,3,250,0.28687718510627747,False
100,3,255,0.1158251166343689,False
100,3,260,0.23794005811214447,False
100,3,265,0.28126800060272217,False
100,3,270,0.2888769507408142,False
100,3,275,0.2770526111125946,False
100,3,280,0.39462268352508545,False
100,3,285,0.12500621378421783,False
100,3,290,0.26827719807624817,False
100,3,295,0.3489013910293579,False
100,3,300,1.0569210052490234,False
100,3,305,0.24463513493537903,False
100,3,310,0.2123875916004181,False
100,3,315,0.26043274998664856,False
100,3,320,0.22512027621269226,False
100,3,325,0.1660047322511673,False
100,3,330,0.14352954924106598,False
100,3,335,0.10933984816074371,False
100,3,340,0.10925737023353577,False
100,3,345,0.16722458600997925,False
100,3,350,0.14923223853111267,False
100,3,355,0.07501939684152603,False
100,3,360,0.23169024288654327,False
100,3,365,0.2682099938392639,False
100,3,370,0.31202584505081177,False
100,3,375,0.22027219831943512,False
100,3,380,0.2976098954677582,False
100,3,385,0.28524309396743774,False
100,3,390,0.31756412982940674,False
100,3,395,0.2938235402107239,False
100,3,400,0.1401222050189972,False
100,3,405,0.19158098101615906,False
100,4,10,0.17090079188346863,False
100,4,15,0.19405487179756165,False
100,4,20,0.2731781601905823,False
100,4,25,0.24189774692058563,False
100,4,30,0.1649211347103119,False
100,4,35,0.3501153588294983,False
100,4,40,0.3910386860370636,False
100,4,45,0.5889742374420166,False
100,4,50,0.20288528501987457,False
100,4,55,0.17854471504688263,False
100,4,60,0.291989803314209,False
100,4,65,0.3060186207294464,False
100,4,70,0.20430414378643036,False
100,4,75,0.11288157850503922,False
100,4,80,0.15965071320533752,False
100,4,85,0.22313174605369568,False
100,4,90,0.43051156401634216,False
100,4,95,0.3185877799987793,False
100,4,100,0.6042895317077637,False
100,4,105,0.5975131988525391,False
100,4,110,0.5236417055130005,False
100,4,115,0.15443430840969086,False
100,4,120,0.11853894591331482,False
100,4,125,0.12512823939323425,False
100,4,130,0.1649303436279297,False
100,4,135,0.14240345358848572,False
100,4,140,0.1336764097213745,False
100,4,145,0.11196746677160263,False
100,4,150,0.14638742804527283,False
100,4,155,0.16201551258563995,False
100,4,160,0.17261597514152527,False
100,4,165,0.19912759959697723,False
100,4,170,0.20043161511421204,False
100,4,175,0.15251746773719788,False
100,4,180,0.2822629511356354,False
100,4,185,0.14505313336849213,False
100,4,190,0.15593121945858002,False
100,4,195,0.18432064354419708,False
100,4,200,0.2803458273410797,False
100,4,205,0.20325255393981934,False
100,4,210,0.16136741638183594,False
100,4,215,0.24671563506126404,False
100,4,220,0.16754509508609772,False
100,4,225,0.17909355461597443,False
100,4,230,0.11842357367277145,False
100,4,235,0.3094579577445984,False
100,4,240,0.1314074546098709,False
100,4,245,0.08624011278152466,False
100,4,250,0.1023147851228714,False
100,4,255,0.08637893199920654,False
100,4,260,0.12887972593307495,False
100,4,265,0.0969478115439415,False
100,4,270,0.1093028336763382,False
100,4,275,0.07258351147174835,False
100,4,280,0.04865097254514694,False
100,4,285,0.03640609234571457,False
100,4,290,0.03898695856332779,False
100,4,295,0.022908000275492668,False
100,4,300,0.7661871314048767,False
100,4,305,0.08601004630327225,False
100,4,310,0.026793768629431725,False
100,4,315,0.050833411514759064,False
100,4,320,0.15564914047718048,False
100,4,325,0.10328096896409988,False
100,4,330,0.18746383488178253,False
100,4,335,0.25577089190483093,False
100,4,340,0.4830753803253174,False
100,4,345,0.6172338724136353,False
100,4,350,0.422312468290329,False
100,4,355,0.5642105340957642,False
100,4,360,0.5490936040878296,False
100,4,365,0.48093506693840027,False
100,4,370,0.2293340563774109,False
100,4,375,0.3898562788963318,False
100,4,380,0.5201320648193359,False
100,4,385,0.6352288722991943,False
100,4,390,0.3690716326236725,False
100,4,395,0.3453913927078247,False
100,4,400,0.4144642949104309,False
100,4,405,0.22782622277736664,False
100,5,10,0.08046111464500427,False
100,5,15,0.2342408001422882,False
100,5,20,0.3750934898853302,False
100,5,25,0.3370826244354248,False
100,5,30,0.3361411988735199,False
100,5,35,0.39032337069511414,False
100,5,40,0.410317987203598,False
100,5,45,0.6346198916435242,False
100,5,50,0.4783841073513031,False
100,5,55,0.1339225172996521,False
100,5,60,0.5106980204582214,False
100,5,65,0.5042442083358765,False
100,5,70,0.3064054548740387,False
100,5,75,0.45641952753067017,False
100,5,80,0.34106534719467163,False
100,5,85,1.3158928155899048,False
100,5,90,0.27923861145973206,False
100,5,95,0.2752285301685333,False
100,5,100,0.41063615679740906,False
100,5,105,0.1457788348197937,False
100,5,110,0.472852885723114,False
100,5,115,0.45382294058799744,False
100,5,120,0.29623258113861084,False
100,5,125,0.3713376224040985,False
100,5,130,0.387111097574234,False
100,5,135,0.3781766891479492,False
100,5,140,0.13485893607139587,False
100,5,145,0.3553750216960907,False
100,5,150,0.5119144320487976,False
100,5,155,0.4753868877887726,False
100,5,160,0.5930253863334656,False
100,5,165,0.4638617932796478,False
100,5,170,0.4061826467514038,False
100,5,175,1.2805688381195068,False
100,5,180,0.650090754032135,False
100,5,185,0.6557942628860474,False
100,5,190,0.5394675731658936,False
100,5,195,0.6048234701156616,False
100,5,200,0.42063766717910767,False
100,5,205,0.3385877311229706,False
100,5,210,0.3840898871421814,False
100,5,215,0.26403045654296875,False
100,5,220,0.21449358761310577,False
100,5,225,0.28945595026016235,False
100,5,230,0.3875170946121216,False
100,5,235,0.308807909488678,False
100,5,240,0.29094573855400085,False
100,5,245,0.3094809055328369,False
100,5,250,0.29344603419303894,False
100,5,255,0.18495139479637146,False
100,5,260,0.15711548924446106,False
100,5,265,0.1317349225282669,False
100,5,270,0.19852636754512787,False
100,5,275,0.1488690823316574,False
100,5,280,0.23373925685882568,False
100,5,285,0.4219730794429779,False
100,5,290,0.26359885931015015,False
100,5,295,0.11831707507371902,False
100,5,300,0.1799083799123764,False
100,5,305,0.14921922981739044,False
100,5,310,0.24812228977680206,False
100,5,315,0.3979078531265259,False
100,5,320,0.28701525926589966,False
100,5,325,0.14789867401123047,False
100,5,330,0.3918377459049225,False
100,5,335,0.2670746445655823,False
100,5,340,0.21160613000392914,False
100,5,345,0.27401551604270935,False
100,5,350,0.12065549939870834,False
100,5,355,0.179170161485672,False
100,5,360,0.4373301863670349,False
100,5,365,0.4147745966911316,False
100,5,370,0.34435826539993286,False
100,5,375,0.25736165046691895,False
100,5,380,0.10661707818508148,False
100,5,385,0.1280764639377594,False
100,5,390,0.09326010197401047,False
100,5,395,0.12541614472866058,False
100,5,400,0.0807129442691803,False
100,5,405,0.06292106211185455,False
100,6,10,0.12593738734722137,False
100,6,15,0.20299272239208221,False
100,6,20,0.34338513016700745,False
100,6,25,0.3035131096839905,False
100,6,30,0.27802616357803345,False
100,6,35,0.26064035296440125,False
100,6,40,0.31232336163520813,False
100,6,45,0.32218819856643677,False
100,6,50,0.2041616439819336,False
100,6,55,0.17865341901779175,False
100,6,60,0.28942742943763733,False
100,6,65,0.23025770485401154,False
100,6,70,0.32028016448020935,False
100,6,75,0.2662248909473419,False
100,6,80,0.291640043258667,False
100,6,85,0.2569507360458374,False
100,6,90,0.15759605169296265,False
100,6,95,0.3345782458782196,False
100,6,100,0.1999768316745758,False
100,6,105,0.2906268239021301,False
100,6,110,0.15098977088928223,False
100,6,115,0.15584513545036316,False
100,6,120,0.19083012640476227,False
100,6,125,0.12177262455224991,False
100,6,130,0.12092534452676773,False
100,6,135,0.14019453525543213,False
100,6,140,0.18513835966587067,False
100,6,145,0.13432620465755463,False
100,6,150,0.1438644975423813,False
100,6,155,0.15068966150283813,False
100,6,160,0.10162442922592163,False
100,6,165,0.22820748388767242,False
100,6,170,0.3081502318382263,False
100,6,175,0.2829263508319855,False
100,6,180,0.21688386797904968,False
100,6,185,0.09739920496940613,False
100,6,190,0.2801850438117981,False
100,6,195,0.14768703281879425,False
100,6,200,0.4125201106071472,False
100,6,205,0.29233843088150024,False
100,6,210,0.09939900040626526,False
100,6,215,0.10968825221061707,False
100,6,220,0.224509596824646,False
100,6,225,0.28876885771751404,False
100,6,230,0.15693148970603943,False
100,6,235,0.11260584741830826,False
100,6,240,0.214238241314888,False
100,6,245,0.2603833079338074,False
100,6,250,0.3450089395046234,False
100,6,255,0.15218256413936615,False
100,6,260,0.355882465839386,False
100,6,265,0.42762401700019836,False
100,6,270,0.18724708259105682,False
100,6,275,0.35612723231315613,False
100,6,280,0.17839296162128448,False
100,6,285,0.3178243637084961,False
100,6,290,0.16334538161754608,False
100,6,295,0.2575603723526001,False
100,6,300,0.2946069538593292,False
100,6,305,0.38364219665527344,False
100,6,310,0.40731021761894226,False
100,6,315,0.32405856251716614,False
100,6,320,0.340635746717453,False
100,6,325,0.32067134976387024,False
100,6,330,0.33519163727760315,False
100,6,335,0.23079262673854828,False
100,6,340,0.2744891941547394,False
100,6,345,0.2404036670923233,False
100,6,350,0.322039932012558,False
100,6,355,0.32229024171829224,False
100,6,360,0.20882411301136017,False
100,6,365,0.2685891091823578,False
100,6,370,0.268576055765152,False
100,6,375,0.38221442699432373,False
100,6,380,0.23145754635334015,False
100,6,385,0.3751309812068939,False
100,6,390,0.3769480884075165,False
100,6,395,0.12561117112636566,False
100,6,400,0.2130832076072693,False
100,6,405,0.32524704933166504,False
100,7,10,0.062457211315631866,False
100,7,15,0.16924934089183807,False
100,7,20,0.30763083696365356,False
100,7,25,0.29708465933799744,False
100,7,30,0.17129455506801605,False
100,7,35,0.2658279538154602,False
100,7,40,0.2865191698074341,False
100,7,45,0.3014795780181885,False
100,7,50,0.292218953371048,False
100,7,55,0.30200058221817017,False
100,7,60,0.22289638221263885,False
100,7,65,0.2539432644844055,False
100,7,70,0.25287100672721863,False
100,7,75,0.2125219851732254,False
100,7,80,0.21388718485832214,False
100,7,85,0.2249438464641571,False
100,7,90,0.24154731631278992,False
100,7,95,0.4506363570690155,False
100,7,100,0.12490010261535645,False
100,7,105,0.2604467570781708,False
100,7,110,0.12309366464614868,False
100,7,115,0.15193621814250946,False
100,7,120,0.1365499496459961,False
100,7,125,0.15286760032176971,False
100,7,130,0.21336109936237335,False
100,7,135,0.21736249327659607,False
100,7,140,0.43383827805519104,False
100,7,145,0.09645851701498032,False
100,7,150,0.15075615048408508,False
100,7,155,0.1619223654270172,False
100,7,160,0.04322605952620506,False
100,7,165,0.3190002739429474,False
100,7,170,0.25895464420318604,False
100,7,175,0.1948583424091339,False
100,7,180,0.22427839040756226,False
100,7,185,0.11573434621095657,False
100,7,190,0.2713378071784973,False
100,7,195,0.1705590933561325,False
100,7,200,0.43836361169815063,False
100,7,205,0.37071290612220764,False
100,7,210,0.13605400919914246,False
100,7,215,0.12488041818141937,False
100,7,220,0.27862149477005005,False
100,7,225,0.32538923621177673,False
100,7,230,0.13537581264972687,False
100,7,235,0.10046522319316864,False
100,7,240,0.23313583433628082,False
100,7,245,0.2638293504714966,False
100,7,250,0.26268550753593445,False
100,7,255,0.1795935183763504,False
100,7,260,0.3259001672267914,False
100,7,265,0.297804057598114,False
100,7,270,0.15398314595222473,False
100,7,275,0.2346259504556656,False
100,7,280,0.06780456006526947,False
100,7,285,0.34358206391334534,False
100,7,290,0.17675313353538513,False
100,7,295,0.1092185527086258,False
100,7,300,0.2574487030506134,False
100,7,305,0.29161307215690613,False
100,7,310,0.30942702293395996,False
100,7,315,0.2705332636833191,False
100,7,320,0.20721237361431122,False
100,7,325,0.2797473073005676,False
100,7,330,0.37043237686157227,False
100,7,335,0.14779281616210938,False
100,7,340,0.17914196848869324,False
100,7,345,0.32148000597953796,False
100,7,350,0.2956084609031677,False
100,7,355,0.23653367161750793,False
100,7,360,0.2027396410703659,False
100,7,365,0.2620038688182831,False
100,7,370,0.3237197995185852,False
100,7,375,0.27200788259506226,False
100,7,380,0.13724368810653687,False
100,7,385,0.21893809735774994,False
100,7,390,0.21616877615451813,False
100,7,395,0.17318029701709747,False
100,7,400,0.18584616482257843,False
100,7,405,0.2031301110982895,False
100,8,10,0.2631705701351166,False
100,8,15,0.2788371443748474,False
100,8,20,0.3028999865055084,False
100,8,25,0.357997328042984,False
100,8,30,0.21691831946372986,False
100,8,35,0.16647504270076752,False
100,8,40,0.07881779223680496,False
100,8,45,0.08275905251502991,False
100,8,50,0.13140761852264404,False
100,8,55,0.3518352508544922,False
100,8,60,0.31528517603874207,False
100,8,65,0.3874988853931427,False
100,8,70,0.18158838152885437,False
100,8,75,0.11480122804641724,False
100,8,80,0.08156681805849075,False
100,8,85,0.21425829827785492,False
100,8,90,0.15218940377235413,False
100,8,95,0.15036824345588684,False
100,8,100,0.19483065605163574,False
100,8,105,0.07622882723808289,False
100,8,110,0.15277042984962463,False
100,8,115,0.12387458980083466,False
100,8,120,0.10571222007274628,False
100,8,125,0.1560753434896469,False
100,8,130,0.2756176292896271,False
100,8,135,0.14170700311660767,False
100,8,140,0.7255948185920715,False
100,8,145,0.054238107055425644,False
100,8,150,0.06888285279273987,False
100,8,155,0.06813467293977737,False
100,8,160,0.08566480875015259,False
100,8,165,0.05577193200588226,False
100,8,170,0.1841590404510498,False
100,8,175,0.2030910849571228,False
100,8,180,0.1425016224384308,False
100,8,185,0.1587323546409607,False
100,8,190,0.12927000224590302,False
100,8,195,0.1107184886932373,False
100,8,200,0.0763048604130745,False
100,8,205,0.08168529719114304,False
100,8,210,0.05709642171859741,False
100,8,215,0.06307996064424515,False
100,8,220,0.06798180937767029,False
100,8,225,0.03302222117781639,False
100,8,230,0.04835270345211029,False
100,8,235,0.21452800929546356,False
100,8,240,0.14752453565597534,False
100,8,245,0.14152269065380096,False
100,8,250,0.3571125268936157,False
100,8,255,0.3310399353504181,False
100,8,260,0.4967539310455322,False
100,8,265,0.22591674327850342,False
100,8,270,0.336638867855072,False
100,8,275,0.25382405519485474,False
100,8,280,0.10576603561639786,False
100,8,285,1.0810469388961792,False
100,8,290,0.11834050714969635,False
100,8,295,0.11160052567720413,False
100,8,300,0.1333768218755722,False
100,8,305,0.17063064873218536,False
100,8,310,0.10109948366880417,False
100,8,315,0.09281833469867706,False
100,8,320,0.06518172472715378,False
100,8,325,0.06159404292702675,False
100,8,330,0.2631029486656189,False
100,8,335,0.2050422877073288,False
100,8,340,0.4741077423095703,False
100,8,345,0.16345591843128204,False
100,8,350,0.27829059958457947,False
100,8,355,1.1635361909866333,False
100,8,360,1.446324110031128,False
100,8,365,1.738982915878296,False
100,8,370,1.7400140762329102,False
100,8,375,1.4663612842559814,False
100,8,380,0.18539263308048248,False
100,8,385,0.09518078714609146,False
100,8,390,0.23930144309997559,False
100,8,395,0.15144959092140198,False
100,8,400,0.10790088027715683,False
100,8,405,0.04693921282887459,False
100,9,10,0.089426688849926,False
100,9,15,0.1283768266439438,False
100,9,20,0.2555156648159027,False
100,9,25,0.3539871573448181,False
100,9,30,0.2440193146467209,False
100,9,35,0.26202598214149475,False
100,9,40,0.24176721274852753,False
100,9,45,0.2759592533111572,False
100,9,50,0.2470945119857788,False
100,9,55,0.39783143997192383,False
100,9,60,0.3194248676300049,False
100,9,65,0.29580777883529663,False
100,9,70,0.2985757887363434,False
100,9,75,0.28304219245910645,False
100,9,80,0.2553253173828125,False
100,9,85,0.28179678320884705,False
100,9,90,0.20145747065544128,False
100,9,95,0.2835754454135895,False
100,9,100,0.28196582198143005,False
100,9,105,0.3497135043144226,False
100,9,110,0.2672463059425354,False
100,9,115,0.28579601645469666,False
100,9,120,0.34782150387763977,False
100,9,125,0.2949778735637665,False
100,9,130,0.3563997745513916,False
100,9,135,0.4044813811779022,False
100,9,140,0.2824314534664154,False
100,9,145,0.24693569540977478,False
100,9,150,0.209242045879364,False
100,9,155,0.11477623879909515,False
100,9,160,0.1900773048400879,False
100,9,165,0.22700536251068115,False
100,9,170,0.2600991725921631,False
100,9,175,0.15527652204036713,False
100,9,180,0.13097912073135376,False
100,9,185,0.18474873900413513,False
100,9,190,0.2819734513759613,False
100,9,195,0.08962152898311615,False
100,9,200,0.11076235771179199,False
100,9,205,0.16568589210510254,False
100,9,210,0.054299142211675644,False
100,9,215,0.10945091396570206,False
100,9,220,0.18785637617111206,False
100,9,225,0.18622928857803345,False
100,9,230,0.23604226112365723,False
100,9,235,0.16358256340026855,False
100,9,240,0.16604480147361755,False
100,9,245,1.2148232460021973,False
100,9,250,0.19715818762779236,False
100,9,255,0.05085917189717293,False
100,9,260,0.827255368232727,False
100,9,265,0.08337642252445221,False
100,9,270,0.021575547754764557,False
100,9,275,0.05359340459108353,False
100,9,280,0.07204683870077133,False
100,9,285,0.15282899141311646,False
100,9,290,0.11004742980003357,False
100,9,295,0.09349177777767181,False
100,9,300,0.11703513562679291,False
100,9,305,0.05717209726572037,False
100,9,310,0.04064960777759552,False
100,9,315,0.052743151783943176,False
100,9,320,0.05278436467051506,False
100,9,325,0.09350607544183731,False
100,9,330,0.03618067875504494,False
100,9,335,0.04964263364672661,False
100,9,340,0.04783100262284279,False
100,9,345,0.1797732412815094,False
100,9,350,0.1401592642068863,False
100,9,355,0.1990385502576828,False
100,9,360,0.7909625768661499,False
100,9,365,0.6735332608222961,False
100,9,370,0.2812986671924591,False
100,9,375,0.3599380850791931,False
100,9,380,0.4667990803718567,False
100,9,385,0.6675065755844116,False
100,9,390,0.33314961194992065,False
100,9,395,0.6418731808662415,False
100,9,400,0.5360087156295776,False
100,9,405,0.35164979100227356,False
100,10,10,0.19118520617485046,False
100,10,15,0.18332651257514954,False
100,10,20,0.24760155379772186,False
100,10,25,0.224949449300766,False
100,10,30,0.2558709383010864,False
100,10,35,0.22026105225086212,False
100,10,40,0.2911541759967804,False
100,10,45,0.21367181837558746,False
100,10,50,0.1342511624097824,False
100,10,55,0.2680722773075104,False
100,10,60,0.18912647664546967,False
100,10,65,0.21290132403373718,False
100,10,70,0.28469976782798767,False
100,10,75,0.28304731845855713,False
100,10,80,0.34557560086250305,False
100,10,85,0.3311741054058075,False
100,10,90,0.36361265182495117,False
100,10,95,0.27181532979011536,False
100,10,100,0.32368141412734985,False
100,10,105,0.252687931060791,False
100,10,110,0.22919176518917084,False
100,10,115,0.23034945130348206,False
100,10,120,0.3037329912185669,False
100,10,125,0.2641979157924652,False
100,10,130,0.22078463435173035,False
100,10,135,0.2844734489917755,False
100,10,140,0.25773054361343384,False
100,10,145,0.33128854632377625,False
100,10,150,0.4025833308696747,False
100,10,155,0.3033551871776581,False
100,10,160,0.2516555190086365,False
100,10,165,0.27565422654151917,False
100,10,170,0.22845318913459778,False
100,10,175,0.26803746819496155,False
100,10,180,0.2786881625652313,False
100,10,185,0.7171112895011902,False
100,10,190,0.5749010443687439,False
100,10,195,0.727944016456604,False
100,10,200,0.18520063161849976,False
100,10,205,0.17049245536327362,False
100,10,210,0.08933617919683456,False
100,10,215,0.045897867530584335,False
100,10,220,0.0866328626871109,False
100,10,225,0.11468397080898285,False
100,10,230,0.8572547435760498,False
100,10,235,0.03228364884853363,False
100,10,240,0.12328531593084335,False
100,10,245,0.21471451222896576,False
100,10,250,0.1057090163230896,False
100,10,255,0.22192981839179993,False
100,10,260,0.1824616938829422,False
100,10,265,0.17013618350028992,False
100,10,270,0.05324093997478485,False
100,10,275,0.07475753128528595,False
100,10,280,0.05966375395655632,False
100,10,285,0.047641657292842865,False
100,10,290,0.052540093660354614,False
100,10,295,0.08404771238565445,False
100,10,300,0.1264014095067978,False
100,10,305,0.0905814915895462,False
100,10,310,0.03207724913954735,False
100,10,315,0.06981973350048065,False
100,10,320,0.06651948392391205,False
100,10,325,0.26135632395744324,False
100,10,330,0.36905837059020996,False
100,10,335,0.428250789642334,False
100,10,340,0.6291762590408325,False
100,10,345,0.6150492429733276,False
100,10,350,0.29985395073890686,False
100,10,355,0.4710647761821747,False
100,10,360,0.5317339301109314,False
100,10,365,0.3825719952583313,False
100,10,370,0.4173004627227783,False
100,10,375,0.3493713438510895,False
100,10,380,0.5944350957870483,False
100,10,385,0.5139985680580139,False
100,10,390,0.5079468488693237,False
100,10,395,0.7961037158966064,False
100,10,400,0.6206197738647461,False
100,10,405,0.5641834139823914,False
100,11,10,0.09248559921979904,False
100,11,15,0.20148317515850067,False
100,11,20,0.3728093206882477,False
100,11,25,0.4252406358718872,False
100,11,30,0.4625413119792938,False
100,11,35,0.5389436483383179,False
100,11,40,0.5811559557914734,False
100,11,45,0.6243225932121277,False
100,11,50,0.6963146328926086,False
100,11,55,0.36006709933280945,False
100,11,60,0.605450451374054,False
100,11,65,0.5006215572357178,False
100,11,70,0.3574830889701843,False
100,11,75,0.4900795519351959,False
100,11,80,1.7090359926223755,False
100,11,85,0.7971512675285339,False
100,11,90,1.9270027875900269,False
100,11,95,2.022641658782959,False
100,11,100,0.43853574991226196,False
100,11,105,0.6248663663864136,False
100,11,110,1.3501583337783813,False
100,11,115,1.3060557842254639,False
100,11,120,0.28979411721229553,False
100,11,125,1.0637494325637817,False
100,11,130,0.3255750834941864,False
100,11,135,0.24857093393802643,False
100,11,140,0.583905041217804,False
100,11,145,0.2688060700893402,False
100,11,150,0.4194403290748596,False
100,11,155,0.5189501047134399,False
100,11,160,0.6396911144256592,False
100,11,165,2.0106236934661865,False
100,11,170,0.3883926570415497,False
100,11,175,1.0922515392303467,False
100,11,180,0.12398423254489899,False
100,11,185,0.10954547673463821,False
100,11,190,0.22247548401355743,False
100,11,195,0.10230764001607895,False
100,11,200,0.15946368873119354,False
100,11,205,0.09596224874258041,False
100,11,210,0.1610906720161438,False
100,11,215,0.24332894384860992,False
100,11,220,0.2615535855293274,False
100,11,225,0.2708936929702759,False
100,11,230,0.359787255525589,False
100,11,235,0.48004043102264404,False
100,11,240,0.4164433777332306,False
100,11,245,0.2174329310655594,False
100,11,250,0.21886800229549408,False
100,11,255,0.37679803371429443,False
100,11,260,0.20996665954589844,False
100,11,265,0.2686573266983032,False
100,11,270,0.3063921332359314,False
100,11,275,0.29612478613853455,False
100,11,280,0.261572003364563,False
100,11,285,0.36865121126174927,False
100,11,290,0.28145092725753784,False
100,11,295,0.3031368553638458,False
100,11,300,0.2627343237400055,False
100,11,305,0.16869798302650452,False
100,11,310,0.18209609389305115,False
100,11,315,0.20986773073673248,False
100,11,320,0.22414885461330414,False
100,11,325,0.14565972983837128,False
100,11,330,0.13067053258419037,False
100,11,335,0.20415696501731873,False
100,11,340,0.1900671422481537,False
100,11,345,0.3062436580657959,False
100,11,350,0.2092687338590622,False
100,11,355,0.2397162914276123,False
100,11,360,0.24225126206874847,False
100,11,365,0.2614562213420868,False
100,11,370,0.21807321906089783,False
100,11,375,0.1546068638563156,False
100,11,380,0.2415427267551422,False
100,11,385,0.1746622622013092,False
100,11,390,0.22654026746749878,False
100,11,395,0.33517545461654663,False
100,11,400,0.2549096643924713,False
100,11,405,0.2707825005054474,False
100,12,10,0.2300606667995453,False
100,12,15,0.2588120102882385,False
100,12,20,0.3402117192745209,False
100,12,25,0.30929848551750183,False
100,12,30,0.25005486607551575,False
100,12,35,0.30656149983406067,False
100,12,40,0.2652161121368408,False
100,12,45,0.2264624387025833,False
100,12,50,0.17981114983558655,False
100,12,55,0.2427693009376526,False
100,12,60,0.1990937739610672,False
100,12,65,0.2361922562122345,False
100,12,70,0.10981249809265137,False
100,12,75,0.19096969068050385,False
100,12,80,0.19571363925933838,False
100,12,85,0.22737281024456024,False
100,12,90,0.24409474432468414,False
100,12,95,0.18265791237354279,False
100,12,100,0.17936798930168152,False
100,12,105,0.35728883743286133,False
100,12,110,0.2147015780210495,False
100,12,115,0.13231846690177917,False
100,12,120,0.22016799449920654,False
100,12,125,0.13478077948093414,False
100,12,130,0.1576041728258133,False
100,12,135,0.28111210465431213,False
100,12,140,0.21926039457321167,False
100,12,145,0.15336859226226807,False
100,12,150,0.18385709822177887,False
100,12,155,0.17059549689292908,False
100,12,160,0.27587902545928955,False
100,12,165,0.15787433087825775,False
100,12,170,0.22912642359733582,False
100,12,175,0.14074444770812988,False
100,12,180,0.15908867120742798,False
100,12,185,0.16588899493217468,False
100,12,190,0.18101878464221954,False
100,12,195,0.1272142380475998,False
100,12,200,0.24863676726818085,False
100,12,205,0.18360505998134613,False
100,12,210,0.16350704431533813,False
100,12,215,0.09148363023996353,False
100,12,220,0.1635706126689911,False
100,12,225,0.10541878640651703,False
100,12,230,0.2784617841243744,False
100,12,235,0.10190971940755844,False
100,12,240,0.08036200702190399,False
100,12,245,0.285697340965271,False
100,12,250,1.9299179315567017,False
100,12,255,0.10796065628528595,False
100,12,260,1.7005678415298462,False
100,12,265,0.2591330409049988,False
100,12,270,0.22044740617275238,False
100,12,275,0.2602025866508484,False
100,12,280,0.1716301292181015,False
100,12,285,0.24449889361858368,False
100,12,290,0.13100013136863708,False
100,12,295,0.27849090099334717,False
100,12,300,0.1909136027097702,False
100,12,305,0.11478228867053986,False
100,12,310,0.20482467114925385,False
100,12,315,0.19645948708057404,False
100,12,320,0.2606794238090515,False
100,12,325,0.12947851419448853,False
100,12,330,0.12703759968280792,False
100,12,335,0.0895804837346077,False
100,12,340,0.13400372862815857,False
100,12,345,0.09086503833532333,False
100,12,350,0.08018472045660019,False
100,12,355,0.046139415353536606,False
100,12,360,0.0751718282699585,False
100,12,365,0.06745930761098862,False
100,12,370,0.055510737001895905,False
100,12,375,0.09771612286567688,False
100,12,380,0.037167031317949295,False
100,12,385,0.07291214913129807,False
100,12,390,0.13701550662517548,False
100,12,395,0.2687300145626068,False
100,12,400,0.528788149356842,False
100,12,405,0.18936818838119507,False
100,13,10,0.09220809489488602,False
100,13,15,0.22812141478061676,False
100,13,20,0.32868534326553345,False
100,13,25,0.36599379777908325,False
100,13,30,0.4372612535953522,False
100,13,35,0.3582344949245453,False
100,13,40,0.41972559690475464,False
100,13,45,0.41524869203567505,False
100,13,50,0.3187198042869568,False
100,13,55,0.1654297113418579,False
100,13,60,0.22796544432640076,False
100,13,65,0.23958003520965576,False
100,13,70,0.7336282134056091,False
100,13,75,0.2574048638343811,False
100,13,80,0.3302261233329773,False
100,13,85,0.4165676236152649,False
100,13,90,0.09294887632131577,False
100,13,95,0.11126858741044998,False
100,13,100,0.8137468099594116,False
100,13,105,0.30616098642349243,False
100,13,110,0.36712127923965454,False
100,13,115,0.3407338857650757,False
100,13,120,0.25802820920944214,False
100,13,125,0.7568155527114868,False
100,13,130,0.10570461302995682,False
100,13,135,0.19207829236984253,False
100,13,140,0.1671610325574875,False
100,13,145,0.17579105496406555,False
100,13,150,0.14402468502521515,False
100,13,155,0.20821762084960938,False
100,13,160,0.21702522039413452,False
100,13,165,0.09388883411884308,False
100,13,170,0.07009933143854141,False
100,13,175,0.177718847990036,False
100,13,180,0.1946103870868683,False
100,13,185,0.14403291046619415,False
100,13,190,0.1294660121202469,False
100,13,195,0.19722220301628113,False
100,13,200,0.12894698977470398,False
100,13,205,0.1137852743268013,False
100,13,210,0.06493823975324631,False
100,13,215,0.04025346040725708,False
100,13,220,0.07541713863611221,False
100,13,225,0.04231295734643936,False
100,13,230,0.08058559894561768,False
100,13,235,0.18632091581821442,False
100,13,240,0.12366240471601486,False
100,13,245,0.15275563299655914,False
100,13,250,0.06820381432771683,False
100,13,255,0.07776152342557907,False
100,13,260,0.2221260964870453,False
100,13,265,0.5113977789878845,False
100,13,270,0.553157389163971,False
100,13,275,0.3355562686920166,False
100,13,280,0.10580610483884811,False
100,13,285,0.1134735643863678,False
100,13,290,1.0811105966567993,False
100,13,295,0.25155946612358093,False
100,13,300,0.13404984772205353,False
100,13,305,0.17026829719543457,False
100,13,310,0.28173476457595825,False
100,13,315,0.0275172870606184,False
100,13,320,0.21776115894317627,False
100,13,325,0.32657989859580994,False
100,13,330,0.32813313603401184,False
100,13,335,0.22511370480060577,False
100,13,340,0.2969319820404053,False
100,13,345,0.2575085461139679,False
100,13,350,1.5685333013534546,False
100,13,355,0.536941409111023,False
100,13,360,0.33178645372390747,False
100,13,365,0.5041531324386597,False
100,13,370,0.5193966627120972,False
100,13,375,0.34642213582992554,False
100,13,380,0.5403763055801392,False
100,13,385,0.38917115330696106,False
100,13,390,0.3739611804485321,False
100,13,395,0.5354802012443542,False
100,13,400,0.20188187062740326,False
100,13,405,0.3701103627681732,False
100,14,10,0.09376668930053711,False
100,14,15,0.26975658535957336,False
100,14,20,0.4854864478111267,False
100,14,25,0.5449609756469727,False
100,14,30,0.6017283797264099,False
100,14,35,0.4428044557571411,False
100,14,40,0.5881209373474121,False
100,14,45,0.5624554753303528,False
100,14,50,0.5378215312957764,False
100,14,55,0.12304729968309402,False
100,14,60,0.2925156056880951,False
100,14,65,0.10250777006149292,False
100,14,70,0.2692517638206482,False
100,14,75,0.45261865854263306,False
100,14,80,0.3931346535682678,False
100,14,85,0.34063804149627686,False
100,14,90,0.3232179582118988,False
100,14,95,0.2427457571029663,False
100,14,100,0.32885032892227173,False
100,14,105,0.3823188841342926,False
100,14,110,0.3375909626483917,False
100,14,115,0.23487558960914612,False
100,14,120,0.20967449247837067,False
100,14,125,0.2165910005569458,False
100,14,130,0.3675616979598999,False
100,14,135,0.45260411500930786,False
100,14,140,0.4025602340698242,False
100,14,145,0.20743362605571747,False
100,14,150,0.25057998299598694,False
100,14,155,0.26150551438331604,False
100,14,160,0.28051894903182983,False
100,14,165,0.11393846571445465,False
100,14,170,0.20489084720611572,False
100,14,175,0.8782790899276733,False
100,14,180,0.5789914131164551,False
100,14,185,0.6120364665985107,False
100,14,190,0.14934054017066956,False
100,14,195,0.08503151684999466,False
100,14,200,0.4772084951400757,False
100,14,205,0.3238529860973358,False
100,14,210,0.40722936391830444,False
100,14,215,0.32332268357276917,False
100,14,220,0.19592790305614471,False
100,14,225,0.19553537666797638,False
100,14,230,0.40181440114974976,False
100,14,235,0.458560973405838,False
100,14,240,0.3788459002971649,False
100,14,245,0.39418038725852966,False
100,14,250,0.30905500054359436,False
100,14,255,0.396510511636734,False
100,14,260,0.3596685826778412,False
100,14,265,0.4752025604248047,False
100,14,270,0.47685062885284424,False
100,14,275,0.4871024787425995,False
100,14,280,0.38652437925338745,False
100,14,285,0.36189350485801697,False
100,14,290,0.5620648264884949,False
100,14,295,0.6349741220474243,False
100,14,300,0.2522295415401459,False
100,14,305,0.3543016016483307,False
100,14,310,0.45046430826187134,False
100,14,315,0.4301794469356537,False
100,14,320,0.31062883138656616,False
100,14,325,0.29927629232406616,False
100,14,330,0.45438843965530396,False
100,14,335,0.5707145929336548,False
100,14,340,0.5259580612182617,False
100,14,345,0.22062329947948456,False
100,14,350,0.5271558165550232,False
100,14,355,0.49985408782958984,False
100,14,360,0.4187255799770355,False
100,14,365,0.37529051303863525,False
100,14,370,0.301687628030777,False
100,14,375,0.27480730414390564,False
100,14,380,0.40182429552078247,False
100,14,385,0.3836003839969635,False
100,14,390,0.3401089012622833,False
100,14,395,0.6189655065536499,False
100,14,400,0.33581846952438354,False
100,14,405,0.5194846391677856,False
100,15,10,0.27325859665870667,False
100,15,15,0.22132562100887299,False
100,15,20,0.20763416588306427,False
100,15,25,0.15951494872570038,False
100,15,30,0.08169352263212204,False
100,15,35,0.11273536086082458,False
100,15,40,0.09179555624723434,False
100,15,45,0.04185812920331955,False
100,15,50,0.04373811185359955,False
100,15,55,0.0942441076040268,False
100,15,60,0.07242699712514877,False
100,15,65,0.048312824219465256,False
100,15,70,0.12438366562128067,False
100,15,75,0.34771478176116943,False
100,15,80,0.3180597424507141,False
100,15,85,0.13882967829704285,False
100,15,90,0.28328177332878113,False
100,15,95,0.19192354381084442,False
100,15,100,0.120590440928936,False
100,15,105,0.07919614762067795,False
100,15,110,0.0839817076921463,False
100,15,115,0.1482323706150055,False
100,15,120,0.11195623874664307,False
100,15,125,0.06664591282606125,False
100,15,130,0.09117811918258667,False
100,15,135,0.12307988852262497,False
100,15,140,0.05713885650038719,False
100,15,145,0.01892511360347271,False
100,15,150,0.041640520095825195,False
100,15,155,0.15839608013629913,False
100,15,160,0.055002760142087936,False
100,15,165,0.03934556990861893,False
100,15,170,0.22326445579528809,False
100,15,175,0.22265568375587463,False
100,15,180,0.4571327269077301,False
100,15,185,0.1071883887052536,False
100,15,190,0.08927619457244873,False
100,15,195,0.2674228847026825,False
100,15,200,0.09968068450689316,False
100,15,205,0.6351267099380493,False
100,15,210,0.08944959193468094,False
100,15,215,0.08775297552347183,False
100,15,220,0.4111034870147705,False
100,15,225,0.18756146728992462,False
100,15,230,0.22494198381900787,False
100,15,235,0.14314503967761993,False
100,15,240,0.15041257441043854,False
100,15,245,0.19367064535617828,False
100,15,250,0.20385010540485382,False
100,15,255,0.5848987102508545,False
100,15,260,0.23162369430065155,False
100,15,265,0.293794184923172,False
100,15,270,0.19045762717723846,False
100,15,275,0.3975207209587097,False
100,15,280,0.19042468070983887,False
100,15,285,0.28268909454345703,False
100,15,290,0.6218010783195496,False
100,15,295,0.25401076674461365,False
100,15,300,0.22291208803653717,False
100,15,305,0.2566627860069275,False
100,15,310,0.2888893485069275,False
100,15,315,0.5603607296943665,False
100,15,320,0.3180781304836273,False
100,15,325,0.3129151463508606,False
100,15,330,0.44070759415626526,False
100,15,335,0.4639028310775757,False
100,15,340,0.5008262991905212,False
100,15,345,0.1667240411043167,False
100,15,350,0.6685104370117188,False
100,15,355,1.1509214639663696,False
100,15,360,0.9762826561927795,False
100,15,365,0.9019910097122192,False
100,15,370,1.0119776725769043,False
100,15,375,0.7751947641372681,False
100,15,380,0.9460017085075378,False
100,15,385,0.948837399482727,False
100,15,390,0.815564751625061,False
100,15,395,0.8934502601623535,False
100,15,400,0.3715517222881317,False
100,15,405,1.0197861194610596,False
100,16,10,0.14824803173542023,False
100,16,15,0.23198620975017548,False
100,16,20,0.21400898694992065,False
100,16,25,0.25203588604927063,False
100,16,30,0.4172685742378235,False
100,16,35,0.4233812093734741,False
100,16,40,0.3848477900028229,False
100,16,45,0.24340267479419708,False
100,16,50,0.2303859144449234,False
100,16,55,0.2260817289352417,False
100,16,60,0.24748356640338898,False
100,16,65,0.14507655799388885,False
100,16,70,0.12261773645877838,False
100,16,75,0.06041602045297623,False
100,16,80,0.034693580120801926,False
100,16,85,0.08055898547172546,False
100,16,90,0.09506449848413467,False
100,16,95,0.0963660329580307,False
100,16,100,0.07367698848247528,False
100,16,105,0.17301607131958008,False
100,16,110,0.14540594816207886,False
100,16,115,0.16086803376674652,False
100,16,120,0.08414691686630249,False
100,16,125,0.08020014315843582,False
100,16,130,0.028805913403630257,False
100,16,135,0.039248883724212646,False
100,16,140,0.028011972084641457,False
100,16,145,0.04999454319477081,False
100,16,150,0.061179205775260925,False
100,16,155,0.05509261414408684,False
100,16,160,0.03811296448111534,False
100,16,165,0.037012841552495956,False
100,16,170,0.2002456933259964,False
100,16,175,0.21176108717918396,False
100,16,180,0.2790612280368805,False
100,16,185,0.0842587798833847,False
100,16,190,0.07670416682958603,False
100,16,195,0.623168408870697,False
100,16,200,0.2212383896112442,False
100,16,205,0.17738306522369385,False
100,16,210,0.12488778680562973,False
100,16,215,0.1311700940132141,False
100,16,220,0.06406603008508682,False
100,16,225,0.09142297506332397,False
100,16,230,0.17142848670482635,False
100,16,235,0.2688691318035126,False
100,16,240,0.26282593607902527,False
100,16,245,0.16624963283538818,False
100,16,250,0.21421672403812408,False
100,16,255,0.09999959915876389,False
100,16,260,0.40568768978118896,False
100,16,265,0.469899982213974,False
100,16,270,0.38908493518829346,False
100,16,275,0.47574010491371155,False
100,16,280,0.2563782036304474,False
100,16,285,0.19609344005584717,False
100,16,290,0.5264235138893127,False
100,16,295,0.45158299803733826,False
100,16,300,0.2012893259525299,False
100,16,305,0.20976676046848297,False
100,16,310,0.270740807056427,False
100,16,315,0.3610336482524872,False
100,16,320,0.2224784642457962,False
100,16,325,0.2147073596715927,False
100,16,330,0.20070402324199677,False
100,16,335,0.33534902334213257,False
100,16,340,0.3135248124599457,False
100,16,345,0.29993173480033875,False
100,16,350,0.3670405447483063,False
100,16,355,0.34289103746414185,False
100,16,360,0.4120158553123474,False
100,16,365,0.4464634358882904,False
100,16,370,0.35835573077201843,False
100,16,375,0.2613833248615265,False
100,16,380,0.3851639926433563,False
100,16,385,0.3089635968208313,False
100,16,390,0.2529129087924957,False
100,16,395,0.3728023171424866,False
100,16,400,0.292976051568985,False
100,16,405,0.3809083104133606,False
100,17,10,0.19086836278438568,False
100,17,15,0.2655857503414154,False
100,17,20,0.360757976770401,False
100,17,25,0.40754756331443787,False
100,17,30,0.4761320650577545,False
100,17,35,0.46612292528152466,False
100,17,40,0.3107999563217163,False
100,17,45,0.46933725476264954,False
100,17,50,0.16019099950790405,False
100,17,55,0.2041991502046585,False
100,17,60,0.5481853485107422,False
100,17,65,0.6232884526252747,False
100,17,70,1.5997289419174194,False
100,17,75,0.4513331353664398,False
100,17,80,0.4297018051147461,False
100,17,85,1.5910738706588745,False
100,17,90,0.2172534167766571,False
100,17,95,0.3488631248474121,False
100,17,100,0.27090075612068176,False
100,17,105,0.33891981840133667,False
100,17,110,0.3370165228843689,False
100,17,115,0.2932470142841339,False
100,17,120,0.421579509973526,False
100,17,125,0.37234416604042053,False
100,17,130,0.459677129983902,False
100,17,135,0.3669256269931793,False
100,17,140,0.5327292084693909,False
100,17,145,0.3225437104701996,False
100,17,150,0.4144175350666046,False
100,17,155,0.4488215148448944,False
100,17,160,0.39558446407318115,False
100,17,165,0.28119978308677673,False
100,17,170,0.34153512120246887,False
100,17,175,0.3487398624420166,False
100,17,180,2.0009572505950928,False
100,17,185,1.96193265914917,False
100,17,190,0.4908502995967865,False
100,17,195,0.45528799295425415,False
100,17,200,0.247101292014122,False
100,17,205,0.27004191279411316,False
100,17,210,0.27793508768081665,False
100,17,215,0.16708506643772125,False
100,17,220,1.0294452905654907,False
100,17,225,0.29834917187690735,False
100,17,230,0.197412371635437,False
100,17,235,0.19418403506278992,False
100,17,240,0.7895728349685669,False
100,17,245,0.4787646532058716,False
100,17,250,0.24255457520484924,False
100,17,255,0.15457504987716675,False
100,17,260,0.26100489497184753,False
100,17,265,1.1452956199645996,False
100,17,270,0.24599847197532654,False
100,17,275,0.4814324676990509,False
100,17,280,0.8864960670471191,False
100,17,285,2.0206656455993652,False
100,17,290,0.4110841155052185,False
100,17,295,0.6441088318824768,False
100,17,300,0.32200929522514343,False
100,17,305,0.3872576355934143,False
100,17,310,0.3817599415779114,False
100,17,315,0.5122435092926025,False
100,17,320,0.3076372742652893,False
100,17,325,0.23181945085525513,False
100,17,330,0.407405287027359,False
100,17,335,0.5574632287025452,False
100,17,340,1.9716726541519165,False
100,17,345,1.9598605632781982,False
100,17,350,1.9969253540039062,False
100,17,355,1.4909554719924927,False
100,17,360,0.5039786696434021,False
100,17,365,2.0169801712036133,False
100,17,370,1.979410171508789,False
100,17,375,0.3638547956943512,False
100,17,380,0.5482639670372009,False
100,17,385,0.5019034147262573,False
100,17,390,0.44579166173934937,False
100,17,395,1.8909127712249756,False
100,17,400,1.840305209159851,False
100,17,405,0.7254573702812195,False
100,18,10,0.15241536498069763,False
100,18,15,0.2400100976228714,False
100,18,20,0.30577877163887024,False
100,18,25,0.2996489107608795,False
100,18,30,0.33083483576774597,False
100,18,35,0.2469557672739029,False
100,18,40,0.2542736232280731,False
100,18,45,0.37063542008399963,False
100,18,50,0.30450502038002014,False
100,18,55,0.38200172781944275,False
100,18,60,0.345470130443573,False
100,18,65,0.35585853457450867,False
100,18,70,0.35951781272888184,False
100,18,75,0.3725736439228058,False
100,18,80,0.3274552524089813,False
100,18,85,0.5221247673034668,False
100,18,90,0.4468008279800415,False
100,18,95,0.42784884572029114,False
100,18,100,0.536141037940979,False
100,18,105,0.35969865322113037,False
100,18,110,0.3950236439704895,False
100,18,115,0.3658056855201721,False
100,18,120,0.37506258487701416,False
100,18,125,0.41500726342201233,False
100,18,130,0.4890904724597931,False
100,18,135,0.3890087604522705,False
100,18,140,0.5650020837783813,False
100,18,145,0.653557300567627,False
100,18,150,0.5676659941673279,False
100,18,155,0.5523971915245056,False
100,18,160,0.6510836482048035,False
100,18,165,0.45486778020858765,False
100,18,170,0.35353004932403564,False
100,18,175,0.5103621482849121,False
100,18,180,0.6044243574142456,False
100,18,185,0.7667011022567749,False
100,18,190,0.4311031699180603,False
100,18,195,0.570220947265625,False
100,18,200,0.38960862159729004,False
100,18,205,0.37989088892936707,False
100,18,210,0.25633543729782104,False
100,18,215,0.26193684339523315,False
100,18,220,0.1919965296983719,False
100,18,225,0.4392177164554596,False
100,18,230,0.3743438422679901,False
100,18,235,0.4098333418369293,False
100,18,240,0.4785645604133606,False
100,18,245,0.41000744700431824,False
100,18,250,0.30874189734458923,False
100,18,255,0.22791516780853271,False
100,18,260,0.2353123426437378,False
100,18,265,0.36481544375419617,False
100,18,270,0.327589750289917,False
100,18,275,0.35256654024124146,False
100,18,280,0.25663086771965027,False
100,18,285,0.4245961010456085,False
100,18,290,0.24602779746055603,False
100,18,295,0.2544659376144409,False
100,18,300,0.1957942247390747,False
100,18,305,0.24828825891017914,False
100,18,310,0.24312490224838257,False
100,18,315,0.2801942825317383,False
100,18,320,0.3498058319091797,False
100,18,325,0.13175652921199799,False
100,18,330,0.11211106926202774,False
100,18,335,0.37921082973480225,False
100,18,340,0.15108907222747803,False
100,18,345,0.1170605793595314,False
100,18,350,0.2237190157175064,False
100,18,355,0.20308032631874084,False
100,18,360,0.14361438155174255,False
100,18,365,0.12741276621818542,False
100,18,370,0.28885969519615173,False
100,18,375,0.18250493705272675,False
100,18,380,0.25103652477264404,False
100,18,385,0.14990444481372833,False
100,18,390,0.23925717175006866,False
100,18,395,0.18682067096233368,False
100,18,400,0.14909642934799194,False
100,18,405,0.16423213481903076,False
100,19,10,0.11701709032058716,False
100,19,15,0.23565785586833954,False
100,19,20,0.37287309765815735,False
100,19,25,0.4294414818286896,False
100,19,30,0.5010796785354614,False
100,19,35,0.5454491972923279,False
100,19,40,0.6464375853538513,False
100,19,45,0.36977535486221313,False
100,19,50,0.38838088512420654,False
100,19,55,0.1308303326368332,False
100,19,60,0.7389162182807922,False
100,19,65,0.6646833419799805,False
100,19,70,0.5128607153892517,False
100,19,75,0.5037400126457214,False
100,19,80,0.8158979415893555,False
100,19,85,1.756160855293274,False
100,19,90,1.582217812538147,False
100,19,95,1.4200266599655151,False
100,19,100,1.0884073972702026,False
100,19,105,0.5165334343910217,False
100,19,110,1.3401408195495605,False
100,19,115,0.33577972650527954,False
100,19,120,0.28421926498413086,False
100,19,125,1.1092718839645386,False
100,19,130,0.31385084986686707,False
100,19,135,0.2315557450056076,False
100,19,140,0.33573898673057556,False
100,19,145,0.43633997440338135,False
100,19,150,2.0452651977539062,False
100,19,155,0.49238792061805725,False
100,19,160,0.5362860560417175,False
100,19,165,2.0221521854400635,False
100,19,170,0.47667819261550903,False
100,19,175,0.24853482842445374,False
100,19,180,2.0153050422668457,False
100,19,185,0.026316672563552856,False
100,19,190,0.08387881517410278,False
100,19,195,0.09645486623048782,False
100,19,200,0.09575558453798294,False
100,19,205,0.15261633694171906,False
100,19,210,0.2035144865512848,False
100,19,215,0.11317194998264313,False
100,19,220,0.2316402941942215,False
100,19,225,0.3596353530883789,False
100,19,230,0.5128987431526184,False
100,19,235,0.3879050016403198,False
100,19,240,0.316200315952301,False
100,19,245,0.4863176941871643,False
100,19,250,0.31423795223236084,False
100,19,255,0.39301443099975586,False
100,19,260,0.2911193370819092,False
100,19,265,0.2934216260910034,False
100,19,270,0.325752317905426,False
100,19,275,0.4327697157859802,False
100,19,280,0.4145813286304474,False
100,19,285,0.3125108480453491,False
100,19,290,0.2574450671672821,False
100,19,295,0.15913453698158264,False
100,19,300,0.18601150810718536,False
100,19,305,0.17859746515750885,False
100,19,310,0.22033055126667023,False
100,19,315,0.14935554563999176,False
100,19,320,0.14541630446910858,False
100,19,325,0.15888814628124237,False
100,19,330,0.17200568318367004,False
100,19,335,0.18674412369728088,False
100,19,340,0.12585917115211487,False
100,19,345,0.08056674897670746,False
100,19,350,0.22819478809833527,False
100,19,355,0.23719701170921326,False
100,19,360,0.1773107647895813,False
100,19,365,0.23106808960437775,False
100,19,370,0.18241523206233978,False
100,19,375,0.1327148675918579,False
100,19,380,0.07711059600114822,False
100,19,385,0.04960060492157936,False
100,19,390,0.0557887963950634,False
100,19,395,0.05651048198342323,False
100,19,400,0.03708529472351074,False
100,19,405,0.058797307312488556,False
100,20,10,0.17250430583953857,False
100,20,15,0.2551718056201935,False
100,20,20,0.31934747099876404,False
100,20,25,0.24569815397262573,False
100,20,30,0.1643332839012146,False
100,20,35,0.24469617009162903,False
100,20,40,0.21512044966220856,False
100,20,45,0.1972614824771881,False
100,20,50,0.21143855154514313,False
100,20,55,0.2089078724384308,False
100,20,60,0.24104122817516327,False
100,20,65,0.24741050601005554,False
100,20,70,0.18946479260921478,False
100,20,75,0.23975369334220886,False
100,20,80,0.2766861915588379,False
100,20,85,0.2856711149215698,False
100,20,90,0.2834262549877167,False
100,20,95,0.2725001871585846,False
100,20,100,0.13099762797355652,False
100,20,105,0.30743667483329773,False
100,20,110,0.2051851451396942,False
100,20,115,0.2381674349308014,False
100,20,120,0.2538803517818451,False
100,20,125,0.19122746586799622,False
100,20,130,0.2512783110141754,False
100,20,135,0.2943694591522217,False
100,20,140,0.21339578926563263,False
100,20,145,0.2636515498161316,False
100,20,150,0.2847515642642975,False
100,20,155,0.29821011424064636,False
100,20,160,0.39031580090522766,False
100,20,165,0.22445684671401978,False
100,20,170,0.18924450874328613,False
100,20,175,0.17787328362464905,False
100,20,180,0.2601783871650696,False
100,20,185,0.21645168960094452,False
100,20,190,0.3594866693019867,False
100,20,195,0.3231360912322998,False
100,20,200,0.1416543871164322,False
100,20,205,0.16842852532863617,False
100,20,210,0.13465020060539246,False
100,20,215,0.09546193480491638,False
100,20,220,0.11696673929691315,False
100,20,225,0.3756188452243805,False
100,20,230,0.3240901529788971,False
100,20,235,0.08151283860206604,False
100,20,240,0.08941515535116196,False
100,20,245,0.25177082419395447,False
100,20,250,0.1579321175813675,False
100,20,255,0.14001497626304626,False
100,20,260,0.26177170872688293,False
100,20,265,0.24742311239242554,False
100,20,270,0.21207664906978607,False
100,20,275,0.27706167101860046,False
100,20,280,0.21570439636707306,False
100,20,285,0.2491115778684616,False
100,20,290,0.09395261853933334,False
100,20,295,0.04486044496297836,False
100,20,300,0.09949836134910583,False
100,20,305,0.043877117335796356,False
100,20,310,0.05006891116499901,False
100,20,315,0.07747725397348404,False
100,20,320,0.06390714645385742,False
100,20,325,0.037537068128585815,False
100,20,330,0.05970774590969086,False
100,20,335,0.10472063720226288,False
100,20,340,0.18454581499099731,False
100,20,345,0.30475670099258423,False
100,20,350,0.5178486108779907,False
100,20,355,0.4745572507381439,False
100,20,360,0.28457072377204895,False
100,20,365,0.281083345413208,False
100,20,370,0.3961586654186249,False
100,20,375,0.4502525329589844,False
100,20,380,0.26433858275413513,False
100,20,385,0.2161039561033249,False
100,20,390,0.26138606667518616,False
100,20,395,0.04483073949813843,False
100,20,400,0.03191949799656868,False
100,20,405,0.12302988767623901,False
100,21,10,0.05400741845369339,False
100,21,15,0.2094832956790924,False
100,21,20,0.40070465207099915,False
100,21,25,0.4270714223384857,False
100,21,30,0.509081244468689,False
100,21,35,0.5504511594772339,False
100,21,40,0.3706928789615631,False
100,21,45,0.5611588954925537,False
100,21,50,0.17432086169719696,False
100,21,55,0.140342578291893,False
100,21,60,0.39811912178993225,False
100,21,65,0.405190646648407,False
100,21,70,0.5451371073722839,False
100,21,75,0.5011739730834961,False
100,21,80,0.5091856122016907,False
100,21,85,1.2479501962661743,False
100,21,90,0.2609487473964691,False
100,21,95,0.21466827392578125,False
100,21,100,0.4143925607204437,False
100,21,105,0.19581203162670135,False
100,21,110,0.352730929851532,False
100,21,115,0.3731500506401062,False
100,21,120,0.33680903911590576,False
100,21,125,0.33087053894996643,False
100,21,130,0.42910856008529663,False
100,21,135,0.4540575444698334,False
100,21,140,0.21833674609661102,False
100,21,145,0.26374319195747375,False
100,21,150,0.48565584421157837,False
100,21,155,0.3643098771572113,False
100,21,160,0.5193079710006714,False
100,21,165,0.3356839418411255,False
100,21,170,0.2641761302947998,False
100,21,175,0.8653117418289185,False
100,21,180,0.13310673832893372,False
100,21,185,0.48125916719436646,False
100,21,190,0.33267927169799805,False
100,21,195,0.3701074421405792,False
100,21,200,0.29866328835487366,False
100,21,205,0.2523723244667053,False
100,21,210,0.202228382229805,False
100,21,215,0.41349902749061584,False
100,21,220,0.1941918581724167,False
100,21,225,0.2346828430891037,False
100,21,230,0.22105015814304352,False
100,21,235,0.2650882303714752,False
100,21,240,0.3153211772441864,False
100,21,245,0.12616276741027832,False
100,21,250,0.22981716692447662,False
100,21,255,0.13724850118160248,False
100,21,260,0.21810081601142883,False
100,21,265,0.2829844057559967,False
100,21,270,0.27075809240341187,False
100,21,275,0.27086710929870605,False
100,21,280,0.2386457920074463,False
100,21,285,0.07108145207166672,False
100,21,290,0.3662525415420532,False
100,21,295,0.32491543889045715,False
100,21,300,0.2385745495557785,False
100,21,305,0.198991060256958,False
100,21,310,0.21678584814071655,False
100,21,315,0.28866878151893616,False
100,21,320,0.20640866458415985,False
100,21,325,0.23646272718906403,False
100,21,330,0.06201299652457237,False
100,21,335,0.2474755048751831,False
100,21,340,0.24598883092403412,False
100,21,345,0.26895710825920105,False
100,21,350,0.2599954605102539,False
100,21,355,0.24897250533103943,False
100,21,360,0.21669311821460724,False
100,21,365,0.3850088119506836,False
100,21,370,0.5824512839317322,False
100,21,375,0.4061104953289032,False
100,21,380,0.22432610392570496,False
100,21,385,0.37587592005729675,False
100,21,390,0.32144874334335327,False
100,21,395,0.11536172032356262,False
100,21,400,0.0459321029484272,False
100,21,405,0.13663485646247864,False
100,22,10,0.190123051404953,False
100,22,15,0.25717589259147644,False
100,22,20,0.36662793159484863,False
100,22,25,0.3322446644306183,False
100,22,30,0.346376895904541,False
100,22,35,0.4759892523288727,False
100,22,40,0.6516678333282471,False
100,22,45,0.5749570727348328,False
100,22,50,0.5290221571922302,False
100,22,55,0.1759878247976303,False
100,22,60,0.2644708454608917,False
100,22,65,0.506905734539032,False
100,22,70,0.7850350141525269,False
100,22,75,0.8546918034553528,False
100,22,80,1.6619776487350464,False
100,22,85,1.1131994724273682,False
100,22,90,1.9004426002502441,False
100,22,95,0.3032189607620239,False
100,22,100,0.3146936595439911,False
100,22,105,0.5531381964683533,False
100,22,110,0.4365006983280182,False
100,22,115,0.23665094375610352,False
100,22,120,0.24088101089000702,False
100,22,125,1.0797079801559448,False
100,22,130,0.3709928095340729,False
100,22,135,0.25573253631591797,False
100,22,140,0.5565114617347717,False
100,22,145,0.2629077434539795,False
100,22,150,0.47743281722068787,False
100,22,155,0.5139375925064087,False
100,22,160,0.6409603953361511,False
100,22,165,2.0747313499450684,False
100,22,170,2.0719101428985596,False
100,22,175,0.4805513620376587,False
100,22,180,2.002164363861084,False
100,22,185,0.09397327899932861,False
100,22,190,0.07140490412712097,False
100,22,195,0.10624788701534271,False
100,22,200,0.1996125876903534,False
100,22,205,0.1052907258272171,False
100,22,210,0.15766772627830505,False
100,22,215,0.1659458577632904,False
100,22,220,0.07873598486185074,False
100,22,225,0.18163709342479706,False
100,22,230,0.12979649007320404,False
100,22,235,0.13796022534370422,False
100,22,240,0.06919214129447937,False
100,22,245,0.20560432970523834,False
100,22,250,0.07947647571563721,False
100,22,255,0.2806491255760193,False
100,22,260,0.07901568710803986,False
100,22,265,0.123456671833992,False
100,22,270,0.23079565167427063,False
100,22,275,0.21132120490074158,False
100,22,280,0.37169593572616577,False
100,22,285,0.1703033745288849,False
100,22,290,0.27545925974845886,False
100,22,295,0.45545774698257446,False
100,22,300,0.2896033823490143,False
100,22,305,0.19929064810276031,False
100,22,310,0.25456809997558594,False
100,22,315,0.3097987473011017,False
100,22,320,0.18457725644111633,False
100,22,325,0.22343315184116364,False
100,22,330,0.204794242978096,False
100,22,335,0.40152862668037415,False
100,22,340,0.3507113456726074,False
100,22,345,0.27302253246307373,False
100,22,350,0.2667585611343384,False
100,22,355,0.2583332061767578,False
100,22,360,0.28883686661720276,False
100,22,365,0.24451284110546112,False
100,22,370,0.24355731904506683,False
100,22,375,0.16936224699020386,False
100,22,380,0.22300979495048523,False
100,22,385,0.1706879585981369,False
100,22,390,0.23092137277126312,False
100,22,395,0.16130325198173523,False
100,22,400,0.24827007949352264,False
100,22,405,0.24616830050945282,False
100,23,10,0.08289807289838791,False
100,23,15,0.24569591879844666,False
100,23,20,0.4101950526237488,False
100,23,25,0.41635558009147644,False
100,23,30,0.5037339925765991,False
100,23,35,0.4602990746498108,False
100,23,40,0.37475350499153137,False
100,23,45,0.2513791024684906,False
100,23,50,0.2518290877342224,False
100,23,55,0.37241408228874207,False
100,23,60,0.24662455916404724,False
100,23,65,0.5446499586105347,False
100,23,70,0.5174575448036194,False
100,23,75,0.5825648307800293,False
100,23,80,0.25005999207496643,False
100,23,85,0.33313098549842834,False
100,23,90,0.31378796696662903,False
100,23,95,0.09858351945877075,False
100,23,100,0.2697741687297821,False
100,23,105,0.08489901572465897,False
100,23,110,0.6657775640487671,False
100,23,115,2.036163806915283,False
100,23,120,2.0597116947174072,False
100,23,125,1.717334270477295,False
100,23,130,0.5729225277900696,False
100,23,135,0.9313057661056519,False
100,23,140,0.6844089031219482,False
100,23,145,0.4621821343898773,False
100,23,150,0.6665048599243164,False
100,23,155,0.6323699355125427,False
100,23,160,0.5755958557128906,False
100,23,165,0.4276690185070038,False
100,23,170,0.4673577547073364,False
100,23,175,0.2983928322792053,False
100,23,180,2.011190176010132,False
100,23,185,2.0467872619628906,False
100,23,190,2.046027660369873,False
100,23,195,2.082551956176758,False
100,23,200,1.9870154857635498,False
100,23,205,1.954032301902771,False
100,23,210,0.5098201036453247,False
100,23,215,0.37510988116264343,False
100,23,220,0.14656978845596313,False
100,23,225,0.45107772946357727,False
100,23,230,0.21353909373283386,False
100,23,235,0.23692242801189423,False
100,23,240,0.24324922263622284,False
100,23,245,0.7745824456214905,False
100,23,250,0.2560882568359375,False
100,23,255,0.43225330114364624,False
100,23,260,0.21721099317073822,False
100,23,265,0.3328959345817566,False
100,23,270,0.3558410406112671,False
100,23,275,0.4038148522377014,False
100,23,280,0.48070600628852844,False
100,23,285,0.06925833970308304,False
100,23,290,0.5744847655296326,False
100,23,295,0.3834695518016815,False
100,23,300,0.29166337847709656,False
100,23,305,0.33884644508361816,False
100,23,310,0.4150099456310272,False
100,23,315,0.49079498648643494,False
100,23,320,0.30153313279151917,False
100,23,325,1.4516642093658447,False
100,23,330,1.6376603841781616,False
100,23,335,0.40448981523513794,False
100,23,340,0.38997286558151245,False
100,23,345,0.2221921682357788,False
100,23,350,1.1522674560546875,False
100,23,355,0.4329373240470886,False
100,23,360,0.5128124356269836,False
100,23,365,0.7429185509681702,False
100,23,370,0.6231518983840942,False
100,23,375,0.3981262445449829,False
100,23,380,0.5828757286071777,False
100,23,385,0.4257314205169678,False
100,23,390,1.3785425424575806,False
100,23,395,1.5464199781417847,False
100,23,400,1.342954158782959,False
100,23,405,0.44563257694244385,False
100,24,10,0.04527457058429718,False
100,24,15,0.16334575414657593,False
100,24,20,0.3347892165184021,False
100,24,25,0.40748563408851624,False
100,24,30,0.46990248560905457,False
100,24,35,0.5372014045715332,False
100,24,40,0.5151936411857605,False
100,24,45,0.6852129697799683,False
100,24,50,0.84285968542099,False
100,24,55,0.1634424328804016,False
100,24,60,0.38643503189086914,False
100,24,65,0.5106154680252075,False
100,24,70,0.19673465192317963,False
100,24,75,0.5466577410697937,False
100,24,80,0.5653059482574463,False
100,24,85,1.4528015851974487,False
100,24,90,0.26314401626586914,False
100,24,95,0.41240859031677246,False
100,24,100,0.40287572145462036,False
100,24,105,0.247676819562912,False
100,24,110,0.42403674125671387,False
100,24,115,1.4994664192199707,False
100,24,120,0.569091796875,False
100,24,125,2.0775065422058105,False
100,24,130,0.22099587321281433,False
100,24,135,0.3004043698310852,False
100,24,140,1.9818624258041382,False
100,24,145,1.706627368927002,False
100,24,150,2.0188212394714355,False
100,24,155,2.015749216079712,False
100,24,160,1.9960256814956665,False
100,24,165,0.6389110684394836,False
100,24,170,2.0823891162872314,False
100,24,175,0.4368332624435425,False
100,24,180,0.16595327854156494,False
100,24,185,0.11360957473516464,False
100,24,190,0.18605686724185944,False
100,24,195,0.19858093559741974,False
100,24,200,0.44490575790405273,False
100,24,205,0.29622793197631836,False
100,24,210,0.285645455121994,False
100,24,215,0.38076967000961304,False
100,24,220,0.33370012044906616,False
100,24,225,0.12258995324373245,False
100,24,230,0.12466231733560562,False
100,24,235,0.1906469166278839,False
100,24,240,0.2240990549325943,False
100,24,245,0.1673024296760559,False
100,24,250,1.0036883354187012,False
100,24,255,0.25178438425064087,False
100,24,260,0.41161730885505676,False
100,24,265,0.2449055165052414,False
100,24,270,0.9412137866020203,False
100,24,275,0.18720367550849915,False
100,24,280,0.1976359784603119,False
100,24,285,0.2086479216814041,False
100,24,290,0.12007854878902435,False
100,24,295,0.2096978724002838,False
100,24,300,0.09026343375444412,False
100,24,305,0.25651973485946655,False
100,24,310,0.03699163720011711,False
100,24,315,0.07158078253269196,False
100,24,320,0.0877654179930687,False
100,24,325,0.05212171748280525,False
100,24,330,0.06763514131307602,False
100,24,335,0.09457521140575409,False
100,24,340,0.10012450069189072,False
100,24,345,0.8963189125061035,False
100,24,350,0.024977950379252434,False
100,24,355,0.07309119403362274,False
100,24,360,0.17046815156936646,False
100,24,365,0.2034238874912262,False
100,24,370,0.6580038070678711,False
100,24,375,0.6303150057792664,False
100,24,380,0.5463123321533203,False
100,24,385,0.0910005122423172,False
100,24,390,0.28522592782974243,False
100,24,395,0.15754061937332153,False
100,24,400,0.07309944182634354,False
100,24,405,0.3108402192592621,False
100,25,10,0.05912002921104431,False
100,25,15,0.1510273963212967,False
100,25,20,0.3120515048503876,False
100,25,25,0.4294106960296631,False
100,25,30,0.5193175077438354,False
100,25,35,0.7080271244049072,False
100,25,40,0.7340302467346191,False
100,25,45,0.6978520154953003,False
100,25,50,0.4242713153362274,False
100,25,55,0.21559377014636993,False
100,25,60,0.5204790830612183,False
100,25,65,0.5774132013320923,False
100,25,70,0.4251897931098938,False
100,25,75,0.5524961352348328,False
100,25,80,0.5413271188735962,False
100,25,85,1.4482059478759766,False
100,25,90,0.2783620059490204,False
100,25,95,0.43671637773513794,False
100,25,100,0.30588001012802124,False
100,25,105,0.20165912806987762,False
100,25,110,1.4785246849060059,False
100,25,115,0.3516736924648285,False
100,25,120,1.4711624383926392,False
100,25,125,1.7529871463775635,False
100,25,130,0.156162828207016,False
100,25,135,1.9553453922271729,False
100,25,140,1.764467716217041,False
100,25,145,1.1806905269622803,False
100,25,150,0.09906794875860214,False
100,25,155,0.19053234159946442,False
100,25,160,0.2128189355134964,False
100,25,165,0.13384926319122314,False
100,25,170,0.9114697575569153,False
100,25,175,0.37184426188468933,False
100,25,180,0.9238258004188538,False
100,25,185,0.2317313253879547,False
100,25,190,0.24505402147769928,False
100,25,195,0.2517838180065155,False
100,25,200,0.2692662477493286,False
100,25,205,0.15011365711688995,False
100,25,210,0.0603485181927681,False
100,25,215,0.12980759143829346,False
100,25,220,0.1755116879940033,False
100,25,225,0.08249517530202866,False
100,25,230,0.11299356818199158,False
100,25,235,0.20937111973762512,False
100,25,240,0.23220431804656982,False
100,25,245,0.12552443146705627,False
100,25,250,0.06358436495065689,False
100,25,255,0.07062733173370361,False
100,25,260,0.04915595427155495,False
100,25,265,0.06550145149230957,False
100,25,270,0.7904696464538574,False
100,25,275,0.10172706842422485,False
100,25,280,0.07219330966472626,False
100,25,285,0.05592311918735504,False
100,25,290,0.028308959677815437,False
100,25,295,0.27528977394104004,False
100,25,300,0.09313958883285522,False
100,25,305,0.46032166481018066,False
100,25,310,0.644798994064331,False
100,25,315,0.6898742914199829,False
100,25,320,0.6595194339752197,False
100,25,325,0.7793862819671631,False
100,25,330,0.5623223781585693,False
100,25,335,0.44737938046455383,False
100,25,340,0.2760518491268158,False
100,25,345,0.3841821253299713,False
100,25,350,0.2527364194393158,False
100,25,355,0.43311426043510437,False
100,25,360,0.4228766858577728,False
100,25,365,0.44067567586898804,False
100,25,370,0.17840294539928436,False
100,25,375,0.27105724811553955,False
100,25,380,0.4636625647544861,False
100,25,385,0.3321487009525299,False
100,25,390,0.38522350788116455,False
100,25,395,0.665338933467865,False
100,25,400,0.4865286946296692,False
100,25,405,0.2619726061820984,False
100,26,10,0.23997201025485992,False
100,26,15,0.23092573881149292,False
100,26,20,0.3140471577644348,False
100,26,25,0.23689281940460205,False
100,26,30,0.17102597653865814,False
100,26,35,0.18460847437381744,False
100,26,40,0.2542079985141754,False
100,26,45,0.10762190818786621,False
100,26,50,0.15576589107513428,False
100,26,55,0.14862209558486938,False
100,26,60,0.14789366722106934,False
100,26,65,0.15486817061901093,False
100,26,70,0.10216158628463745,False
100,26,75,0.18863734602928162,False
100,26,80,0.16425572335720062,False
100,26,85,0.10442041605710983,False
100,26,90,0.07763278484344482,False
100,26,95,0.05127013474702835,False
100,26,100,0.07782740890979767,False
100,26,105,0.16225190460681915,False
100,26,110,0.10659370571374893,False
100,26,115,0.13401447236537933,False
100,26,120,0.15466801822185516,False
100,26,125,0.15102092921733856,False
100,26,130,0.28685712814331055,False
100,26,135,0.3567969799041748,False
100,26,140,0.271475225687027,False
100,26,145,0.33691808581352234,False
100,26,150,0.40148505568504333,False
100,26,155,0.42782455682754517,False
100,26,160,0.4845319390296936,False
100,26,165,0.4597965478897095,False
100,26,170,0.5011499524116516,False
100,26,175,0.5394834876060486,False
100,26,180,0.5566437840461731,False
100,26,185,0.6116514801979065,False
100,26,190,0.37532955408096313,False
100,26,195,0.4114144742488861,False
100,26,200,0.34715068340301514,False
100,26,205,0.5401992201805115,False
100,26,210,0.5956459045410156,False
100,26,215,0.5855066180229187,False
100,26,220,0.30728450417518616,False
100,26,225,0.450816810131073,False
100,26,230,0.5822144150733948,False
100,26,235,0.46021634340286255,False
100,26,240,0.5461389422416687,False
100,26,245,0.22040744125843048,False
100,26,250,0.5929418206214905,False
100,26,255,0.5172086358070374,False
100,26,260,0.21152521669864655,False
100,26,265,0.5740792155265808,False
100,26,270,0.5987937450408936,False
100,26,275,0.6473840475082397,False
100,26,280,1.0840692520141602,False
100,26,285,0.1640055924654007,False
100,26,290,0.4844631552696228,False
100,26,295,0.8138862252235413,False
100,26,300,0.5738722085952759,False
100,26,305,0.3116186261177063,False
100,26,310,0.7383609414100647,False
100,26,315,0.8601625561714172,False
100,26,320,0.5279422998428345,False
100,26,325,0.4021620750427246,False
100,26,330,0.566698431968689,False
100,26,335,0.6706879138946533,False
100,26,340,0.411513090133667,False
100,26,345,0.7388133406639099,False
100,26,350,0.6727620959281921,False
100,26,355,0.3811001181602478,False
100,26,360,0.8063635230064392,False
100,26,365,0.3815009593963623,False
100,26,370,0.6856908798217773,False
100,26,375,0.4466608166694641,False
100,26,380,0.7824017405509949,False
100,26,385,0.47673875093460083,False
100,26,390,0.317462295293808,False
100,26,395,0.5418828129768372,False
100,26,400,0.5448732972145081,False
100,26,405,0.4330376386642456,False
100,27,10,0.10688765347003937,False
100,27,15,0.22361484169960022,False
100,27,20,0.28640711307525635,False
100,27,25,0.2894216477870941,False
100,27,30,0.29580745100975037,False
100,27,35,0.46623659133911133,False
100,27,40,0.6407526135444641,False
100,27,45,0.7836868762969971,False
100,27,50,0.7942606806755066,False
100,27,55,0.17593640089035034,False
100,27,60,0.4456057548522949,False
100,27,65,0.6532273292541504,False
100,27,70,0.3328738510608673,False
100,27,75,0.5867902636528015,False
100,27,80,0.5031834244728088,False
100,27,85,1.6991151571273804,False
100,27,90,0.3241924047470093,False
100,27,95,0.8670146465301514,False
100,27,100,0.31135591864585876,False
100,27,105,0.47701430320739746,False
100,27,110,0.32802796363830566,False
100,27,115,0.2712796926498413,False
100,27,120,0.2425285279750824,False
100,27,125,0.27535614371299744,False
100,27,130,0.35787150263786316,False
100,27,135,0.3683983087539673,False
100,27,140,0.45068565011024475,False
100,27,145,0.342446506023407,False
100,27,150,0.5376508235931396,False
100,27,155,0.3872310519218445,False
100,27,160,0.5850836634635925,False
100,27,165,1.9762325286865234,False
100,27,170,0.2493380457162857,False
100,27,175,1.5620958805084229,False
100,27,180,0.1505078822374344,False
100,27,185,0.5244588255882263,False
100,27,190,0.4305199384689331,False
100,27,195,0.402515172958374,False
100,27,200,0.35093268752098083,False
100,27,205,1.7030525207519531,False
100,27,210,0.2712860405445099,False
100,27,215,0.3335370123386383,False
100,27,220,0.24521073698997498,False
100,27,225,0.17831534147262573,False
100,27,230,0.4050838351249695,False
100,27,235,0.4014890193939209,False
100,27,240,0.3300677239894867,False
100,27,245,0.24268405139446259,False
100,27,250,0.3024556338787079,False
100,27,255,0.19017530977725983,False
100,27,260,0.31041961908340454,False
100,27,265,0.48136401176452637,False
100,27,270,0.4441021680831909,False
100,27,275,0.5024471879005432,False
100,27,280,0.2257310003042221,False
100,27,285,0.23712927103042603,False
100,27,290,0.24048751592636108,False
100,27,295,0.523555338382721,False
100,27,300,0.2690766155719757,False
100,27,305,0.14683908224105835,False
100,27,310,0.145144522190094,False
100,27,315,0.21028706431388855,False
100,27,320,0.07114779949188232,False
100,27,325,0.1144832968711853,False
100,27,330,0.12723658978939056,False
100,27,335,0.11982361972332001,False
100,27,340,0.11071965098381042,False
100,27,345,0.29648545384407043,False
100,27,350,0.09772869199514389,False
100,27,355,0.12213040888309479,False
100,27,360,0.13198097050189972,False
100,27,365,0.11920364946126938,False
100,27,370,0.11884157359600067,False
100,27,375,0.1291481852531433,False
100,27,380,0.11482764035463333,False
100,27,385,0.14130322635173798,False
100,27,390,0.0997338816523552,False
100,27,395,0.18320779502391815,False
100,27,400,0.16889548301696777,False
100,27,405,0.11628618091344833,False
100,28,10,0.09376851469278336,False
100,28,15,0.21397216618061066,False
100,28,20,0.3706856966018677,False
100,28,25,0.3438125252723694,False
100,28,30,0.3441104292869568,False
100,28,35,0.3186923861503601,False
100,28,40,0.29152002930641174,False
100,28,45,0.40625277161598206,False
100,28,50,0.4206642806529999,False
100,28,55,0.1614772528409958,False
100,28,60,0.36813172698020935,False
100,28,65,0.6400187611579895,False
100,28,70,0.2791312336921692,False
100,28,75,0.4757482707500458,False
100,28,80,1.465801477432251,False
100,28,85,1.1492674350738525,False
100,28,90,1.9720185995101929,False
100,28,95,0.415562242269516,False
100,28,100,0.3962414562702179,False
100,28,105,0.5484548807144165,False
100,28,110,1.8262321949005127,False
100,28,115,1.8104126453399658,False
100,28,120,0.28316712379455566,False
100,28,125,1.3273478746414185,False
100,28,130,0.258512943983078,False
100,28,135,0.22968119382858276,False
100,28,140,0.612393856048584,False
100,28,145,0.28674817085266113,False
100,28,150,0.40924525260925293,False
100,28,155,2.0184056758880615,False
100,28,160,0.5555111765861511,False
100,28,165,2.100259780883789,False
100,28,170,2.087763786315918,False
100,28,175,0.510090172290802,False
100,28,180,0.09256698191165924,False
100,28,185,0.03637513890862465,False
100,28,190,0.08932856470346451,False
100,28,195,0.08979944884777069,False
100,28,200,0.1884162276983261,False
100,28,205,0.08580685406923294,False
100,28,210,0.15321935713291168,False
100,28,215,0.22895383834838867,False
100,28,220,0.10889440029859543,False
100,28,225,0.19384261965751648,False
100,28,230,0.16179640591144562,False
100,28,235,0.2060222625732422,False
100,28,240,0.17368057370185852,False
100,28,245,0.17137880623340607,False
100,28,250,0.0950852781534195,False
100,28,255,0.22767043113708496,False
100,28,260,0.09264755994081497,False
100,28,265,0.3738323152065277,False
100,28,270,0.24998655915260315,False
100,28,275,0.37462732195854187,False
100,28,280,0.2037377506494522,False
100,28,285,0.18785326182842255,False
100,28,290,0.12259411811828613,False
100,28,295,0.2294255495071411,False
100,28,300,0.1866493821144104,False
100,28,305,0.31371331214904785,False
100,28,310,0.3198494613170624,False
100,28,315,0.20883584022521973,False
100,28,320,0.20878955721855164,False
100,28,325,0.23818624019622803,False
100,28,330,0.33585700392723083,False
100,28,335,0.1772027462720871,False
100,28,340,0.24728065729141235,False
100,28,345,0.2654665410518646,False
100,28,350,0.3266284465789795,False
100,28,355,0.2523094415664673,False
100,28,360,0.12847302854061127,False
100,28,365,0.23963426053524017,False
100,28,370,0.2656474709510803,False
100,28,375,0.15970636904239655,False
100,28,380,0.18370085954666138,False
100,28,385,0.14119698107242584,False
100,28,390,0.21968989074230194,False
100,28,395,0.11179912835359573,False
100,28,400,0.18098868429660797,False
100,28,405,0.20110049843788147,False
100,29,10,0.26986876130104065,False
100,29,15,0.31846100091934204,False
100,29,20,0.3690786361694336,False
100,29,25,0.30342897772789,False
100,29,30,0.21754899621009827,False
100,29,35,0.3071834146976471,False
100,29,40,0.252177894115448,False
100,29,45,0.3913285732269287,False
100,29,50,0.3508208394050598,False
100,29,55,0.27976930141448975,False
100,29,60,0.356196790933609,False
100,29,65,0.27832096815109253,False
100,29,70,0.13880063593387604,False
100,29,75,0.23029087483882904,False
100,29,80,0.2455294281244278,False
100,29,85,0.311720609664917,False
100,29,90,0.23988176882266998,False
100,29,95,0.1982918530702591,False
100,29,100,0.2262866199016571,False
100,29,105,0.2846387028694153,False
100,29,110,0.19887752830982208,False
100,29,115,0.22625242173671722,False
100,29,120,0.20455853641033173,False
100,29,125,0.11876913160085678,False
100,29,130,0.2297315150499344,False
100,29,135,0.29179391264915466,False
100,29,140,0.33441904187202454,False
100,29,145,0.385547399520874,False
100,29,150,0.40789031982421875,False
100,29,155,0.3504650890827179,False
100,29,160,0.2686891257762909,False
100,29,165,0.23304253816604614,False
100,29,170,0.2718600630760193,False
100,29,175,0.21790313720703125,False
100,29,180,0.19830460846424103,False
100,29,185,0.3295801281929016,False
100,29,190,0.3499535620212555,False
100,29,195,0.23518043756484985,False
100,29,200,0.2213389277458191,False
100,29,205,0.179645836353302,False
100,29,210,0.05739128589630127,False
100,29,215,0.052227675914764404,False
100,29,220,0.12578818202018738,False
100,29,225,0.16078534722328186,False
100,29,230,0.19071823358535767,False
100,29,235,0.04762177914381027,False
100,29,240,0.08555632829666138,False
100,29,245,0.35288766026496887,False
100,29,250,0.1931838095188141,False
100,29,255,0.21537305414676666,False
100,29,260,0.07310948520898819,False
100,29,265,0.10397317260503769,False
100,29,270,0.22583577036857605,False
100,29,275,0.2585624158382416,False
100,29,280,0.2728312015533447,False
100,29,285,0.3175899088382721,False
100,29,290,0.26448655128479004,False
100,29,295,0.06440325081348419,False
100,29,300,0.141288161277771,False
100,29,305,0.19973407685756683,False
100,29,310,0.07030002027750015,False
100,29,315,0.0768364667892456,False
100,29,320,0.20522910356521606,False
100,29,325,0.08547726273536682,False
100,29,330,0.04164271801710129,False
100,29,335,0.10023002326488495,False
100,29,340,0.10953626781702042,False
100,29,345,0.07678954303264618,False
100,29,350,0.1698678433895111,False
100,29,355,0.10635098814964294,False
100,29,360,0.08210959285497665,False
100,29,365,0.140952467918396,False
100,29,370,0.06475134193897247,False
100,29,375,0.04133830592036247,False
100,29,380,0.07116547226905823,False
100,29,385,0.04198993742465973,False
100,29,390,0.06029476225376129,False
100,29,395,0.1241542175412178,False
100,29,400,0.07726088166236877,False
100,29,405,0.0212977547198534,False
100,30,10,0.22330841422080994,False
100,30,15,0.25228336453437805,False
100,30,20,0.2612171173095703,False
100,30,25,0.22451117634773254,False
100,30,30,0.23112362623214722,False
100,30,35,0.18693538010120392,False
100,30,40,0.12609539926052094,False
100,30,45,0.11960556358098984,False
100,30,50,0.12338787317276001,False
100,30,55,0.3564853370189667,False
100,30,60,0.18641410768032074,False
100,30,65,0.26232755184173584,False
100,30,70,0.2931165099143982,False
100,30,75,0.12439274042844772,False
100,30,80,0.19913551211357117,False
100,30,85,0.2660342752933502,False
100,30,90,0.22949209809303284,False
100,30,95,0.29405447840690613,False
100,30,100,0.305804580450058,False
100,30,105,0.222352534532547,False
100,30,110,0.3372373580932617,False
100,30,115,0.44164687395095825,False
100,30,120,0.3367091715335846,False
100,30,125,0.40488389134407043,False
100,30,130,0.3668980896472931,False
100,30,135,0.09272263199090958,False
100,30,140,0.09484058618545532,False
100,30,145,0.043152227997779846,False
100,30,150,0.07147626578807831,False
100,30,155,0.10604248195886612,False
100,30,160,0.06612410396337509,False
100,30,165,0.04299960285425186,False
100,30,170,0.046277984976768494,False
100,30,175,0.2815918028354645,False
100,30,180,0.44552257657051086,False
100,30,185,0.839952826499939,False
100,30,190,0.9425367116928101,False
100,30,195,0.07205048203468323,False
100,30,200,0.030606940388679504,False
100,30,205,0.03533821925520897,False
100,30,210,0.08501838147640228,False
100,30,215,0.07735112309455872,False
100,30,220,0.03423779457807541,False
100,30,225,0.06564880907535553,False
100,30,230,0.0715462863445282,False
100,30,235,0.08458944410085678,False
100,30,240,0.048922840505838394,False
100,30,245,0.1297464221715927,False
100,30,250,0.300931453704834,False
100,30,255,0.1302569955587387,False
100,30,260,0.09153636544942856,False
100,30,265,0.11014516651630402,False
100,30,270,0.06446058303117752,False
100,30,275,0.20720826089382172,False
100,30,280,0.14054399728775024,False
100,30,285,0.3509088158607483,False
100,30,290,0.284907728433609,False
100,30,295,0.2849122881889343,False
100,30,300,0.3390325903892517,False
100,30,305,0.2781384587287903,False
100,30,310,0.1310284286737442,False
100,30,315,0.4149766266345978,False
100,30,320,0.2402765303850174,False
100,30,325,0.24533532559871674,False
100,30,330,0.2935763895511627,False
100,30,335,0.26183754205703735,False
100,30,340,0.12453179806470871,False
100,30,345,0.27167069911956787,False
100,30,350,0.06545159220695496,False
100,30,355,0.057961609214544296,False
100,30,360,0.15672816336154938,False
100,30,365,0.14468799531459808,False
100,30,370,0.2827366292476654,False
100,30,375,0.14195896685123444,False
100,30,380,0.3111696243286133,False
100,30,385,0.43381595611572266,False
100,30,390,0.24242864549160004,False
100,30,395,0.36294040083885193,False
100,30,400,0.37571391463279724,False
100,30,405,0.4428396224975586,False
100,31,10,0.0615786537528038,False
100,31,15,0.12384399026632309,False
100,31,20,0.2361220121383667,False
100,31,25,0.2613861858844757,False
100,31,30,0.3392751216888428,False
100,31,35,0.26944831013679504,False
100,31,40,0.20841030776500702,False
100,31,45,0.3449612855911255,False
100,31,50,0.25819501280784607,False
100,31,55,0.3110237419605255,False
100,31,60,0.24291089177131653,False
100,31,65,0.2837078273296356,False
100,31,70,0.21411149203777313,False
100,31,75,0.24770967662334442,False
100,31,80,0.18495893478393555,False
100,31,85,0.2256130874156952,False
100,31,90,0.19567818939685822,False
100,31,95,0.15618383884429932,False
100,31,100,0.22435082495212555,False
100,31,105,0.24739930033683777,False
100,31,110,0.19007062911987305,False
100,31,115,0.15239673852920532,False
100,31,120,0.1756538301706314,False
100,31,125,0.21766412258148193,False
100,31,130,0.38257208466529846,False
100,31,135,0.3308819830417633,False
100,31,140,0.25929203629493713,False
100,31,145,0.12918750941753387,False
100,31,150,0.305600106716156,False
100,31,155,0.19554643332958221,False
100,31,160,0.1678524762392044,False
100,31,165,0.3477550446987152,False
100,31,170,0.3798036575317383,False
100,31,175,0.4022146165370941,False
100,31,180,0.2869093120098114,False
100,31,185,0.25139614939689636,False
100,31,190,0.31621554493904114,False
100,31,195,0.23441307246685028,False
100,31,200,0.3246994912624359,False
100,31,205,0.3592323064804077,False
100,31,210,0.32588037848472595,False
100,31,215,0.29861703515052795,False
100,31,220,0.3420567512512207,False
100,31,225,0.3836965560913086,False
100,31,230,0.3122650682926178,False
100,31,235,0.27741244435310364,False
100,31,240,0.33876103162765503,False
100,31,245,0.33739444613456726,False
100,31,250,0.34656909108161926,False
100,31,255,0.16083793342113495,False
100,31,260,0.2880250811576843,False
100,31,265,0.3386421203613281,False
100,31,270,0.32267922163009644,False
100,31,275,0.3460831046104431,False
100,31,280,0.24870792031288147,False
100,31,285,0.3467516303062439,False
100,31,290,0.29308661818504333,False
100,31,295,0.2859818637371063,False
100,31,300,0.32483020424842834,False
100,31,305,0.3103744089603424,False
100,31,310,0.341900497674942,False
100,31,315,0.33543917536735535,False
100,31,320,0.3554181754589081,False
100,31,325,0.299355685710907,False
100,31,330,0.26634642481803894,False
100,31,335,0.3132990300655365,False
100,31,340,0.3120878040790558,False
100,31,345,0.3223039507865906,False
100,31,350,0.2645333707332611,False
100,31,355,0.2600323557853699,False
100,31,360,0.2770047187805176,False
100,31,365,0.35596972703933716,False
100,31,370,0.36804547905921936,False
100,31,375,0.19744457304477692,False
100,31,380,0.4642440974712372,False
100,31,385,0.32031556963920593,False
100,31,390,0.4444561302661896,False
100,31,395,0.3404010832309723,False
100,31,400,0.4048343598842621,False
100,31,405,0.4240635931491852,False
100,32,10,0.05572770535945892,False
100,32,15,0.1500459909439087,False
100,32,20,0.22763733565807343,False
100,32,25,0.2716595530509949,False
100,32,30,0.28349974751472473,False
100,32,35,0.3079650402069092,False
100,32,40,0.2592180073261261,False
100,32,45,0.24123559892177582,False
100,32,50,0.371518611907959,False
100,32,55,0.38610389828681946,False
100,32,60,0.40630337595939636,False
100,32,65,0.17107383906841278,False
100,32,70,0.26926082372665405,False
100,32,75,0.08015395700931549,False
100,32,80,0.10233412683010101,False
100,32,85,0.06671030074357986,False
100,32,90,0.11961807310581207,False
100,32,95,0.14673788845539093,False
100,32,100,0.1143263652920723,False
100,32,105,0.14108207821846008,False
100,32,110,0.038784854114055634,False
100,32,115,0.052486684173345566,False
100,32,120,0.09887856245040894,False
100,32,125,0.14630021154880524,False
100,32,130,0.15136882662773132,False
100,32,135,0.2072426974773407,False
100,32,140,0.19844147562980652,False
100,32,145,0.20177194476127625,False
100,32,150,0.13294297456741333,False
100,32,155,0.09247355163097382,False
100,32,160,0.056158944964408875,False
100,32,165,0.10310127586126328,False
100,32,170,0.04319296404719353,False
100,32,175,0.0789734423160553,False
100,32,180,0.06087280437350273,False
100,32,185,0.23442552983760834,False
100,32,190,0.22391147911548615,False
100,32,195,0.7028412818908691,False
100,32,200,0.7110344767570496,False
100,32,205,0.8081128001213074,False
100,32,210,0.5249743461608887,False
100,32,215,0.33585333824157715,False
100,32,220,0.3871305584907532,False
100,32,225,0.32761678099632263,False
100,32,230,0.13544580340385437,False
100,32,235,0.7055498361587524,False
100,32,240,0.9392659068107605,False
100,32,245,0.1280108392238617,False
100,32,250,0.08296142518520355,False
100,32,255,0.02509782463312149,False
100,32,260,0.13493064045906067,False
100,32,265,0.19743148982524872,False
100,32,270,0.13353830575942993,False
100,32,275,0.24811382591724396,False
100,32,280,0.17028561234474182,False
100,32,285,0.06965015828609467,False
100,32,290,0.04983505979180336,False
100,32,295,0.08690883219242096,False
100,32,300,0.16140182316303253,False
100,32,305,0.10447446256875992,False
100,32,310,0.0713772177696228,False
100,32,315,0.16055606305599213,False
100,32,320,0.12697257101535797,False
100,32,325,0.12646375596523285,False
100,32,330,0.5284578204154968,False
100,32,335,0.17241919040679932,False
100,32,340,0.25958219170570374,False
100,32,345,0.11352401971817017,False
100,32,350,0.32286500930786133,False
100,32,355,1.1837832927703857,False
100,32,360,0.12617729604244232,False
100,32,365,0.2180478423833847,False
100,32,370,0.2225039154291153,False
100,32,375,0.33300256729125977,False
100,32,380,0.560642659664154,False
100,32,385,0.12448566406965256,False
100,32,390,1.5550553798675537,False
100,32,395,0.2658558189868927,False
100,32,400,0.23867593705654144,False
100,32,405,0.2814870774745941,False
100,33,10,0.06460321694612503,False
100,33,15,0.2295106202363968,False
100,33,20,0.4394777715206146,False
100,33,25,0.40592092275619507,False
100,33,30,0.45784255862236023,False
100,33,35,0.41182488203048706,False
100,33,40,0.34033453464508057,False
100,33,45,0.5119478702545166,False
100,33,50,0.33290255069732666,False
100,33,55,0.4138108193874359,False
100,33,60,0.3418312072753906,False
100,33,65,0.3343464732170105,False
100,33,70,0.47278741002082825,False
100,33,75,0.5124306082725525,False
100,33,80,0.47357574105262756,False
100,33,85,0.43310657143592834,False
100,33,90,0.2750839293003082,False
100,33,95,0.2849487066268921,False
100,33,100,0.41306647658348083,False
100,33,105,0.346553236246109,False
100,33,110,0.25772595405578613,False
100,33,115,0.28421011567115784,False
100,33,120,0.1794392466545105,False
100,33,125,0.24517115950584412,False
100,33,130,0.198747456073761,False
100,33,135,0.19894027709960938,False
100,33,140,0.3918865919113159,False
100,33,145,0.1845700740814209,False
100,33,150,0.27417856454849243,False
100,33,155,0.18740960955619812,False
100,33,160,0.24510718882083893,False
100,33,165,0.3367493152618408,False
100,33,170,0.20038585364818573,False
100,33,175,0.25902441143989563,False
100,33,180,0.2549102008342743,False
100,33,185,0.22694163024425507,False
100,33,190,0.23656749725341797,False
100,33,195,0.419943243265152,False
100,33,200,0.23550640046596527,False
100,33,205,0.17213301360607147,False
100,33,210,0.15935009717941284,False
100,33,215,0.27500009536743164,False
100,33,220,0.134730264544487,False
100,33,225,0.2648870646953583,False
100,33,230,0.15843848884105682,False
100,33,235,0.07022687792778015,False
100,33,240,0.11477067321538925,False
100,33,245,0.13968773186206818,False
100,33,250,0.09886174649000168,False
100,33,255,0.0995125100016594,False
100,33,260,0.2443445324897766,False
100,33,265,0.2388789802789688,False
100,33,270,0.1857672780752182,False
100,33,275,0.19985252618789673,False
100,33,280,0.1411065310239792,False
100,33,285,0.156296968460083,False
100,33,290,0.13073305785655975,False
100,33,295,0.08900433778762817,False
100,33,300,0.11883145570755005,False
100,33,305,0.08169768005609512,False
100,33,310,0.03656326234340668,False
100,33,315,0.09840337932109833,False
100,33,320,0.05868009477853775,False
100,33,325,0.15409007668495178,False
100,33,330,0.08959876745939255,False
100,33,335,0.06904487311840057,False
100,33,340,0.040855102241039276,False
100,33,345,0.039811789989471436,False
100,33,350,0.061385829001665115,False
100,33,355,0.055693045258522034,False
100,33,360,0.05704420804977417,False
100,33,365,0.13435660302639008,False
100,33,370,0.05309614539146423,False
100,33,375,0.04395173490047455,False
100,33,380,0.045920588076114655,False
100,33,385,0.10423365980386734,False
100,33,390,0.0864204689860344,False
100,33,395,0.3793606460094452,False
100,33,400,0.3174605071544647,False
100,33,405,0.3360369801521301,False
100,34,10,0.13131774961948395,False
100,34,15,0.30300506949424744,False
100,34,20,0.3841819167137146,False
100,34,25,0.3326623737812042,False
100,34,30,0.40403273701667786,False
100,34,35,0.3342796564102173,False
100,34,40,0.44579559564590454,False
100,34,45,0.3798694312572479,False
100,34,50,0.2150171548128128,False
100,34,55,0.3722923994064331,False
100,34,60,0.5631914138793945,False
100,34,65,0.4661264419555664,False
100,34,70,1.338040828704834,False
100,34,75,0.3336314857006073,False
100,34,80,1.6799187660217285,False
100,34,85,0.23076748847961426,False
100,34,90,1.9453030824661255,False
100,34,95,1.9803022146224976,False
100,34,100,0.3557361960411072,False
100,34,105,0.3656684160232544,False
100,34,110,0.43319329619407654,False
100,34,115,0.23557224869728088,False
100,34,120,0.24830901622772217,False
100,34,125,1.0748192071914673,False
100,34,130,0.2594156861305237,False
100,34,135,0.20582592487335205,False
100,34,140,0.549812376499176,False
100,34,145,0.19977571070194244,False
100,34,150,0.27054715156555176,False
100,34,155,0.3554023504257202,False
100,34,160,0.49605804681777954,False
100,34,165,2.025935649871826,False
100,34,170,0.3210205137729645,False
100,34,175,1.4494267702102661,False
100,34,180,0.2156144678592682,False
100,34,185,0.4093809425830841,False
100,34,190,0.3982981741428375,False
100,34,195,0.41689562797546387,False
100,34,200,0.3172820210456848,False
100,34,205,0.22446267306804657,False
100,34,210,0.1870386302471161,False
100,34,215,0.21714141964912415,False
100,34,220,0.20160996913909912,False
100,34,225,0.22013002634048462,False
100,34,230,0.27288246154785156,False
100,34,235,0.24790416657924652,False
100,34,240,0.8613676428794861,False
100,34,245,0.44297632575035095,False
100,34,250,0.26976174116134644,False
100,34,255,0.14326132833957672,False
100,34,260,0.21508735418319702,False
100,34,265,0.3180879056453705,False
100,34,270,0.32453811168670654,False
100,34,275,0.4160710871219635,False
100,34,280,0.9252864718437195,False
100,34,285,0.15137195587158203,False
100,34,290,0.42250704765319824,False
100,34,295,0.4409791827201843,False
100,34,300,0.22263400256633759,False
100,34,305,0.18138983845710754,False
100,34,310,0.20794224739074707,False
100,34,315,0.1664157658815384,False
100,34,320,0.1664326936006546,False
100,34,325,0.1815914660692215,False
100,34,330,0.11001013219356537,False
100,34,335,0.2869870066642761,False
100,34,340,0.2635982632637024,False
100,34,345,0.12790262699127197,False
100,34,350,0.16373638808727264,False
100,34,355,0.1743837594985962,False
100,34,360,0.3886205554008484,False
100,34,365,0.26343798637390137,False
100,34,370,0.22594532370567322,False
100,34,375,0.13281039893627167,False
100,34,380,0.3078456223011017,False
100,34,385,0.209915429353714,False
100,34,390,0.1718456894159317,False
100,34,395,0.4179087281227112,False
100,34,400,0.29178616404533386,False
100,34,405,0.213717520236969,False
100,35,10,0.224314346909523,False
100,35,15,0.2931079566478729,False
100,35,20,0.35198724269866943,False
100,35,25,0.3448294997215271,False
100,35,30,0.3231709599494934,False
100,35,35,0.27472448348999023,False
100,35,40,0.43752914667129517,False
100,35,45,0.1587347537279129,False
100,35,50,0.5211267471313477,False
100,35,55,0.3022046685218811,False
100,35,60,0.9313552379608154,False
100,35,65,0.48966091871261597,False
100,35,70,0.19330812990665436,False
100,35,75,0.24236281216144562,False
100,35,80,0.2941644489765167,False
100,35,85,0.13114804029464722,False
100,35,90,0.16159865260124207,False
100,35,95,0.06837798655033112,False
100,35,100,0.03665544092655182,False
100,35,105,0.18725638091564178,False
100,35,110,0.19294029474258423,False
100,35,115,0.1889946609735489,False
100,35,120,0.1772623509168625,False
100,35,125,0.1798928678035736,False
100,35,130,0.13308396935462952,False
100,35,135,0.07291165739297867,False
100,35,140,0.061893757432699203,False
100,35,145,0.05596412718296051,False
100,35,150,0.08628527820110321,False
100,35,155,0.07207246124744415,False
100,35,160,0.041410479694604874,False
100,35,165,0.19818593561649323,False
100,35,170,0.24541230499744415,False
100,35,175,0.08444970846176147,False
100,35,180,0.1540573090314865,False
100,35,185,0.13939620554447174,False
100,35,190,0.08842896670103073,False
100,35,195,0.40361642837524414,False
100,35,200,0.3839421570301056,False
100,35,205,0.5497005581855774,False
100,35,210,0.3403322100639343,False
100,35,215,0.2770267724990845,False
100,35,220,0.2621534466743469,False
100,35,225,0.18783724308013916,False
100,35,230,0.18282835185527802,False
100,35,235,0.4253275692462921,False
100,35,240,0.34152284264564514,False
100,35,245,0.12250660359859467,False
100,35,250,0.46251562237739563,False
100,35,255,0.33364009857177734,False
100,35,260,0.32260724902153015,False
100,35,265,0.46806102991104126,False
100,35,270,0.554184079170227,False
100,35,275,0.40525147318840027,False
100,35,280,0.366604745388031,False
100,35,285,0.08276977390050888,False
100,35,290,0.41734030842781067,False
100,35,295,0.7408280968666077,False
100,35,300,0.45077523589134216,False
100,35,305,0.4845369756221771,False
100,35,310,0.5979000329971313,False
100,35,315,0.6698453426361084,False
100,35,320,0.4165797531604767,False
100,35,325,0.19272945821285248,False
100,35,330,0.3489193320274353,False
100,35,335,0.5576654672622681,False
100,35,340,0.509196400642395,False
100,35,345,0.40257424116134644,False
100,35,350,0.2348359078168869,False
100,35,355,0.37574949860572815,False
100,35,360,0.23333829641342163,False
100,35,365,0.5547468066215515,False
100,35,370,0.5140541791915894,False
100,35,375,0.22498655319213867,False
100,35,380,0.31213852763175964,False
100,35,385,0.20798979699611664,False
100,35,390,0.28061115741729736,False
100,35,395,0.33844080567359924,False
100,35,400,0.17523454129695892,False
100,35,405,0.3005756139755249,False
100,36,10,0.10559674352407455,False
100,36,15,0.2226460576057434,False
100,36,20,0.33868253231048584,False
100,36,25,0.3439018428325653,False
100,36,30,0.310159295797348,False
100,36,35,0.27021583914756775,False
100,36,40,0.2335883527994156,False
100,36,45,0.36472395062446594,False
100,36,50,0.4242483377456665,False
100,36,55,0.28552842140197754,False
100,36,60,0.30666741728782654,False
100,36,65,0.5233347415924072,False
100,36,70,0.5216109156608582,False
100,36,75,0.3745444416999817,False
100,36,80,0.2413650006055832,False
100,36,85,0.4393993616104126,False
100,36,90,0.45955777168273926,False
100,36,95,0.08686932176351547,False
100,36,100,0.08757364004850388,False
100,36,105,0.14205364882946014,False
100,36,110,0.07025627791881561,False
100,36,115,0.08280661702156067,False
100,36,120,0.10890800505876541,False
100,36,125,0.11695641279220581,False
100,36,130,0.1197013258934021,False
100,36,135,0.18880602717399597,False
100,36,140,0.20351184904575348,False
100,36,145,0.1381041556596756,False
100,36,150,0.21502958238124847,False
100,36,155,0.19632433354854584,False
100,36,160,0.17368441820144653,False
100,36,165,1.9730010032653809,False
100,36,170,0.12998594343662262,False
100,36,175,0.12880827486515045,False
100,36,180,0.2424764633178711,False
100,36,185,0.9062251448631287,False
100,36,190,0.13326816260814667,False
100,36,195,0.17923542857170105,False
100,36,200,0.15754614770412445,False
100,36,205,0.12370488792657852,False
100,36,210,1.5977901220321655,False
100,36,215,1.2649683952331543,False
100,36,220,2.0550992488861084,False
100,36,225,0.038078464567661285,False
100,36,230,0.04845047742128372,False
100,36,235,0.16950443387031555,False
100,36,240,0.13517487049102783,False
100,36,245,0.1437436193227768,False
100,36,250,0.08350636810064316,False
100,36,255,0.1391703188419342,False
100,36,260,0.15100407600402832,False
100,36,265,0.04811020940542221,False
100,36,270,0.11075778305530548,False
100,36,275,0.2597457468509674,False
100,36,280,0.3738440275192261,False
100,36,285,0.39675137400627136,False
100,36,290,0.2348264902830124,False
100,36,295,0.28531521558761597,False
100,36,300,0.16475030779838562,False
100,36,305,0.17622973024845123,False
100,36,310,0.09463678300380707,False
100,36,315,0.10587217658758163,False
100,36,320,1.286383867263794,False
100,36,325,0.0743914321064949,False
100,36,330,0.09577523916959763,False
100,36,335,0.10587867349386215,False
100,36,340,0.07632748782634735,False
100,36,345,0.1311577707529068,False
100,36,350,0.26301732659339905,False
100,36,355,0.24830566346645355,False
100,36,360,0.22778438031673431,False
100,36,365,0.22634968161582947,False
100,36,370,0.09902429580688477,False
100,36,375,0.06930094212293625,False
100,36,380,0.09957172721624374,False
100,36,385,0.05947429686784744,False
100,36,390,0.3456055819988251,False
100,36,395,1.0593228340148926,False
100,36,400,0.13817255198955536,False
100,36,405,0.16419078409671783,False
100,37,10,0.0843936875462532,False
100,37,15,0.24006080627441406,False
100,37,20,0.43113255500793457,False
100,37,25,0.4175094664096832,False
100,37,30,0.5299323797225952,False
100,37,35,0.5534215569496155,False
100,37,40,0.4727350175380707,False
100,37,45,0.6278196573257446,False
100,37,50,0.7128981947898865,False
100,37,55,0.4819122552871704,False
100,37,60,0.42914870381355286,False
100,37,65,0.34475377202033997,False
100,37,70,0.41864097118377686,False
100,37,75,0.5040596723556519,False
100,37,80,0.4331193268299103,False
100,37,85,1.5028971433639526,False
100,37,90,0.2384025603532791,False
100,37,95,0.19153396785259247,False
100,37,100,0.4749405086040497,False
100,37,105,0.26539069414138794,False
100,37,110,0.42855775356292725,False
100,37,115,0.4200124144554138,False
100,37,120,0.33161628246307373,False
100,37,125,0.3687019348144531,False
100,37,130,0.49069806933403015,False
100,37,135,0.3886149823665619,False
100,37,140,0.1852136254310608,False
100,37,145,0.294610857963562,False
100,37,150,0.37585172057151794,False
100,37,155,0.24295178055763245,False
100,37,160,0.4696905016899109,False
100,37,165,0.29798009991645813,False
100,37,170,0.22094137966632843,False
100,37,175,0.684643030166626,False
100,37,180,0.3432472050189972,False
100,37,185,0.3660302460193634,False
100,37,190,0.34604668617248535,False
100,37,195,0.4117361009120941,False
100,37,200,0.21910445392131805,False
100,37,205,0.22528675198554993,False
100,37,210,0.19883906841278076,False
100,37,215,0.2518671154975891,False
100,37,220,0.15348052978515625,False
100,37,225,0.222441166639328,False
100,37,230,0.20186790823936462,False
100,37,235,0.18185415863990784,False
100,37,240,0.28157714009284973,False
100,37,245,0.18087996542453766,False
100,37,250,0.20744402706623077,False
100,37,255,0.11238288134336472,False
100,37,260,0.19626083970069885,False
100,37,265,0.1668502390384674,False
100,37,270,0.16526466608047485,False
100,37,275,0.23047156631946564,False
100,37,280,0.09465394914150238,False
100,37,285,0.08572015166282654,False
100,37,290,0.07227445393800735,False
100,37,295,0.1792536973953247,False
100,37,300,0.11129509657621384,False
100,37,305,0.15276886522769928,False
100,37,310,0.14477886259555817,False
100,37,315,0.0856366902589798,False
100,37,320,0.12962259352207184,False
100,37,325,0.16418686509132385,False
100,37,330,0.09754453599452972,False
100,37,335,0.041144099086523056,False
100,37,340,0.02553425170481205,False
100,37,345,0.023316459730267525,False
100,37,350,0.041162166744470596,False
100,37,355,0.06317322701215744,False
100,37,360,0.12116210162639618,False
100,37,365,0.058856986463069916,False
100,37,370,0.033383049070835114,False
100,37,375,0.0387733057141304,False
100,37,380,0.04770103469491005,False
100,37,385,0.03638844937086105,False
100,37,390,0.16857530176639557,False
100,37,395,0.069710373878479,False
100,37,400,0.28010720014572144,False
100,37,405,0.22309814393520355,False
100,38,10,0.1384516954421997,False
100,38,15,0.22298859059810638,False
100,38,20,0.3271847069263458,False
100,38,25,0.36499014496803284,False
100,38,30,0.37245994806289673,False
100,38,35,0.4551559388637543,False
100,38,40,0.4497787654399872,False
100,38,45,0.5008878707885742,False
100,38,50,0.8190665245056152,False
100,38,55,0.4866495728492737,False
100,38,60,0.40154558420181274,False
100,38,65,0.8603430986404419,False
100,38,70,0.30600103735923767,False
100,38,75,0.41091135144233704,False
100,38,80,1.1013010740280151,False
100,38,85,1.0273667573928833,False
100,38,90,1.1597071886062622,False
100,38,95,0.1284826248884201,False
100,38,100,0.5731413960456848,False
100,38,105,0.51610267162323,False
100,38,110,0.37226903438568115,False
100,38,115,0.28494760394096375,False
100,38,120,0.24452807009220123,False
100,38,125,0.3506753444671631,False
100,38,130,0.4725061058998108,False
100,38,135,0.28488168120384216,False
100,38,140,0.6534580588340759,False
100,38,145,0.23900914192199707,False
100,38,150,0.40727588534355164,False
100,38,155,0.09619457274675369,False
100,38,160,0.5365427136421204,False
100,38,165,0.43461963534355164,False
100,38,170,0.3253030776977539,False
100,38,175,0.9213613271713257,False
100,38,180,0.20347179472446442,False
100,38,185,0.22748062014579773,False
100,38,190,0.38751572370529175,False
100,38,195,0.24439486861228943,False
100,38,200,0.1990337371826172,False
100,38,205,0.18817341327667236,False
100,38,210,0.28235119581222534,False
100,38,215,0.2048071324825287,False
100,38,220,0.1420176923274994,False
100,38,225,0.1875675618648529,False
100,38,230,0.11888435482978821,False
100,38,235,0.10810631513595581,False
100,38,240,0.08935894072055817,False
100,38,245,0.08739159256219864,False
100,38,250,0.0917268618941307,False
100,38,255,0.2620875835418701,False
100,38,260,0.09448065608739853,False
100,38,265,0.12583594024181366,False
100,38,270,0.12737835943698883,False
100,38,275,0.13225319981575012,False
100,38,280,0.3281804025173187,False
100,38,285,0.4672696888446808,False
100,38,290,0.25853338837623596,False
100,38,295,0.14774489402770996,False
100,38,300,0.2694246470928192,False
100,38,305,0.17203761637210846,False
100,38,310,0.2247818410396576,False
100,38,315,0.397737592458725,False
100,38,320,0.23425637185573578,False
100,38,325,0.2335873395204544,False
100,38,330,0.48321932554244995,False
100,38,335,0.18834896385669708,False
100,38,340,0.16294841468334198,False
100,38,345,0.31616780161857605,False
100,38,350,0.1324273943901062,False
100,38,355,0.1369009166955948,False
100,38,360,0.3095915913581848,False
100,38,365,0.2406722754240036,False
100,38,370,0.39157986640930176,False
100,38,375,0.19771495461463928,False
100,38,380,0.18777672946453094,False
100,38,385,0.19177491962909698,False
100,38,390,0.15483342111110687,False
100,38,395,0.142446368932724,False
100,38,400,0.1605556160211563,False
100,38,405,0.14867755770683289,False
100,39,10,0.282231867313385,False
100,39,15,0.315474271774292,False
100,39,20,0.3176242411136627,False
100,39,25,0.34494149684906006,False
100,39,30,0.3553822934627533,False
100,39,35,0.6615698337554932,False
100,39,40,0.6506147384643555,False
100,39,45,0.4854205250740051,False
100,39,50,0.18972980976104736,False
100,39,55,0.14062227308750153,False
100,39,60,0.23084023594856262,False
100,39,65,0.27079251408576965,False
100,39,70,0.2599934935569763,False
100,39,75,0.443978488445282,False
100,39,80,0.5038732886314392,False
100,39,85,0.5858394503593445,False
100,39,90,0.09586231410503387,False
100,39,95,0.09365536272525787,False
100,39,100,0.27179279923439026,False
100,39,105,0.04539282247424126,False
100,39,110,0.0711062103509903,False
100,39,115,0.10296203196048737,False
100,39,120,0.2753300964832306,False
100,39,125,0.35268446803092957,False
100,39,130,0.27358028292655945,False
100,39,135,0.176789790391922,False
100,39,140,0.34072333574295044,False
100,39,145,0.36882656812667847,False
100,39,150,0.29949715733528137,False
100,39,155,0.11439146101474762,False
100,39,160,0.10925692319869995,False
100,39,165,0.21149417757987976,False
100,39,170,0.17956890165805817,False
100,39,175,0.1847485899925232,False
100,39,180,0.19080908596515656,False
100,39,185,0.25939926505088806,False
100,39,190,0.15652857720851898,False
100,39,195,0.27286583185195923,False
100,39,200,0.12496435642242432,False
100,39,205,0.09326725453138351,False
100,39,210,0.15421873331069946,False
100,39,215,0.12374553084373474,False
100,39,220,0.0902971476316452,False
100,39,225,0.1004130095243454,False
100,39,230,0.15616945922374725,False
100,39,235,0.5245314836502075,False
100,39,240,0.23476633429527283,False
100,39,245,0.6402208209037781,False
100,39,250,0.3685198128223419,False
100,39,255,0.5883411765098572,False
100,39,260,0.3321956694126129,False
100,39,265,0.14987267553806305,False
100,39,270,0.23664118349552155,False
100,39,275,0.15848100185394287,False
100,39,280,0.15429836511611938,False
100,39,285,0.04459163174033165,False
100,39,290,0.05886102467775345,False
100,39,295,0.1068982258439064,False
100,39,300,0.09203485399484634,False
100,39,305,0.16332672536373138,False
100,39,310,0.5095486640930176,False
100,39,315,1.041541576385498,False
100,39,320,1.1329256296157837,False
100,39,325,1.118388056755066,False
100,39,330,0.10437075048685074,False
100,39,335,0.11656957119703293,False
100,39,340,0.07215011864900589,False
100,39,345,0.15050016343593597,False
100,39,350,0.11792421340942383,False
100,39,355,0.07595501095056534,False
100,39,360,0.09248842298984528,False
100,39,365,0.13316790759563446,False
100,39,370,0.07048333436250687,False
100,39,375,0.07477208226919174,False
100,39,380,0.049723513424396515,False
100,39,385,0.04081946611404419,False
100,39,390,0.2315022200345993,False
100,39,395,0.2145010083913803,False
100,39,400,0.23880358040332794,False
100,39,405,0.4194291830062866,False
100,40,10,0.22518615424633026,False
100,40,15,0.23969802260398865,False
100,40,20,0.3727414906024933,False
100,40,25,0.33101731538772583,False
100,40,30,0.4484993815422058,False
100,40,35,0.2842157781124115,False
100,40,40,0.299545019865036,False
100,40,45,0.37925073504447937,False
100,40,50,0.5555016994476318,False
100,40,55,0.28454074263572693,False
100,40,60,1.4136569499969482,False
100,40,65,0.3228493630886078,False
100,40,70,1.3676098585128784,False
100,40,75,0.8062282204627991,False
100,40,80,1.4005205631256104,False
100,40,85,0.1361672580242157,False
100,40,90,0.33118686079978943,False
100,40,95,0.3824268579483032,False
100,40,100,0.31842586398124695,False
100,40,105,0.499801903963089,False
100,40,110,0.4183325171470642,False
100,40,115,0.13600583374500275,False
100,40,120,0.20022304356098175,False
100,40,125,0.17170511186122894,False
100,40,130,0.29749321937561035,False
100,40,135,0.2530136704444885,False
100,40,140,0.5270999670028687,False
100,40,145,0.29016607999801636,False
100,40,150,0.5173947215080261,False
100,40,155,0.24834223091602325,False
100,40,160,0.4183058738708496,False
100,40,165,0.30916187167167664,False
100,40,170,0.3281143009662628,False
100,40,175,1.7799506187438965,False
100,40,180,0.41143661737442017,False
100,40,185,0.40254947543144226,False
100,40,190,0.4255586862564087,False
100,40,195,0.35163769125938416,False
100,40,200,0.3829522132873535,False
100,40,205,0.37719976902008057,False
100,40,210,0.48490798473358154,False
100,40,215,1.8864043951034546,False
100,40,220,0.31586000323295593,False
100,40,225,0.4526072144508362,False
100,40,230,0.46654191613197327,False
100,40,235,0.3982056975364685,False
100,40,240,2.0286457538604736,False
100,40,245,1.8134502172470093,False
100,40,250,0.407911092042923,False
100,40,255,0.21858786046504974,False
100,40,260,0.30223605036735535,False
100,40,265,0.49746283888816833,False
100,40,270,0.37170925736427307,False
100,40,275,0.4325343072414398,False
100,40,280,1.5339020490646362,False
100,40,285,2.0296199321746826,False
100,40,290,0.40044254064559937,False
100,40,295,0.6340208053588867,False
100,40,300,0.352739542722702,False
100,40,305,0.36071035265922546,False
100,40,310,0.3655264973640442,False
100,40,315,0.46703091263771057,False
100,40,320,0.3070685863494873,False
100,40,325,0.2528349757194519,False
100,40,330,0.2918519079685211,False
100,40,335,0.5415753722190857,False
100,40,340,0.33700796961784363,False
100,40,345,0.2671022117137909,False
100,40,350,0.3638824224472046,False
100,40,355,0.3848114311695099,False
100,40,360,0.3476611375808716,False
100,40,365,0.5752431750297546,False
100,40,370,0.5438647270202637,False
100,40,375,0.5140648484230042,False
100,40,380,0.6730647683143616,False
100,40,385,0.5740070343017578,False
100,40,390,0.513069212436676,False
100,40,395,2.0227017402648926,False
100,40,400,1.8822855949401855,False
100,40,405,0.6623231768608093,False
100,41,10,0.32839155197143555,False
100,41,15,0.2917497158050537,False
100,41,20,0.3366822600364685,False
100,41,25,0.39079833030700684,False
100,41,30,0.4869944751262665,False
100,41,35,0.4732866585254669,False
100,41,40,0.5078306794166565,False
100,41,45,0.4184081554412842,False
100,41,50,0.26546186208724976,False
100,41,55,0.17314200103282928,False
100,41,60,0.19751965999603271,False
100,41,65,0.5280289649963379,False
100,41,70,0.4775344431400299,False
100,41,75,0.42073261737823486,False
100,41,80,1.4454591274261475,False
100,41,85,1.7932926416397095,False
100,41,90,1.5210139751434326,False
100,41,95,1.4200868606567383,False
100,41,100,1.0524442195892334,False
100,41,105,0.2525199055671692,False
100,41,110,1.278512716293335,False
100,41,115,0.1862080991268158,False
100,41,120,0.18005606532096863,False
100,41,125,0.7512105703353882,False
100,41,130,0.1337708979845047,False
100,41,135,0.1704872101545334,False
100,41,140,0.563551664352417,False
100,41,145,0.20120981335639954,False
100,41,150,0.3006700873374939,False
100,41,155,0.7856866121292114,False
100,41,160,0.28839683532714844,False
100,41,165,0.27565500140190125,False
100,41,170,0.23308348655700684,False
100,41,175,0.3185863494873047,False
100,41,180,0.1988527774810791,False
100,41,185,0.16640807688236237,False
100,41,190,0.09348086267709732,False
100,41,195,0.11754026263952255,False
100,41,200,0.27674299478530884,False
100,41,205,0.33191046118736267,False
100,41,210,0.20966218411922455,False
100,41,215,0.05390263721346855,False
100,41,220,0.12214019149541855,False
100,41,225,0.1351364403963089,False
100,41,230,0.24863018095493317,False
100,41,235,0.19552753865718842,False
100,41,240,0.11859279125928879,False
100,41,245,0.153194397687912,False
100,41,250,0.21093305945396423,False
100,41,255,0.03622327744960785,False
100,41,260,0.2123366892337799,False
100,41,265,0.10997645556926727,False
100,41,270,2.120081901550293,False
100,41,275,1.1921980381011963,False
100,41,280,0.23020216822624207,False
100,41,285,0.19434122741222382,False
100,41,290,0.15774516761302948,False
100,41,295,0.081090547144413,False
100,41,300,0.1239030510187149,False
100,41,305,0.07211825996637344,False
100,41,310,0.15243712067604065,False
100,41,315,0.07762463390827179,False
100,41,320,0.18458501994609833,False
100,41,325,0.14199236035346985,False
100,41,330,0.07892157882452011,False
100,41,335,0.04748963192105293,False
100,41,340,0.047639839351177216,False
100,41,345,0.09536314010620117,False
100,41,350,0.048307403922080994,False
100,41,355,0.07091798633337021,False
100,41,360,0.07007205486297607,False
100,41,365,0.05597813427448273,False
100,41,370,0.06583242118358612,False
100,41,375,0.06760337203741074,False
100,41,380,0.8247522115707397,False
100,41,385,0.8752101063728333,False
100,41,390,0.04955512285232544,False
100,41,395,0.07207417488098145,False
100,41,400,0.05578005313873291,False
100,41,405,0.0960376188158989,False
100,42,10,0.11146993190050125,False
100,42,15,0.18879039585590363,False
100,42,20,0.2674329876899719,False
100,42,25,0.31108662486076355,False
100,42,30,0.18643325567245483,False
100,42,35,0.24918220937252045,False
100,42,40,0.2408408522605896,False
100,42,45,0.18822132050991058,False
100,42,50,0.2366064041852951,False
100,42,55,0.2604890763759613,False
100,42,60,0.26517540216445923,False
100,42,65,0.2734428942203522,False
100,42,70,0.18557196855545044,False
100,42,75,0.3044867515563965,False
100,42,80,0.2572014331817627,False
100,42,85,0.3330457806587219,False
100,42,90,0.3724088966846466,False
100,42,95,0.26524046063423157,False
100,42,100,0.20631743967533112,False
100,42,105,0.39339298009872437,False
100,42,110,0.2698184549808502,False
100,42,115,0.32579681277275085,False
100,42,120,0.2823565900325775,False
100,42,125,0.18154339492321014,False
100,42,130,0.2565106153488159,False
100,42,135,0.36065515875816345,False
100,42,140,0.46780598163604736,False
100,42,145,0.2513115108013153,False
100,42,150,0.2712942957878113,False
100,42,155,0.4279310703277588,False
100,42,160,0.24515579640865326,False
100,42,165,0.2406817376613617,False
100,42,170,0.1665782481431961,False
100,42,175,0.246540829539299,False
100,42,180,0.2660283148288727,False
100,42,185,0.34769973158836365,False
100,42,190,0.5406852960586548,False
100,42,195,0.5159144997596741,False
100,42,200,0.29847392439842224,False
100,42,205,0.3493809401988983,False
100,42,210,0.2472006231546402,False
100,42,215,0.2408609837293625,False
100,42,220,0.2351633459329605,False
100,42,225,0.12270298600196838,False
100,42,230,0.3016025424003601,False
100,42,235,0.22970503568649292,False
100,42,240,0.31817352771759033,False
100,42,245,0.11342587321996689,False
100,42,250,0.24473698437213898,False
100,42,255,0.1969718486070633,False
100,42,260,0.22318053245544434,False
100,42,265,0.283763587474823,False
100,42,270,0.38301780819892883,False
100,42,275,0.12040285766124725,False
100,42,280,0.12679438292980194,False
100,42,285,0.16237927973270416,False
100,42,290,0.14883755147457123,False
100,42,295,0.17947717010974884,False
100,42,300,0.058338869363069534,False
100,42,305,0.13406643271446228,False
100,42,310,0.17691782116889954,False
100,42,315,0.15744726359844208,False
100,42,320,0.1772754043340683,False
100,42,325,0.1174861416220665,False
100,42,330,0.13907013833522797,False
100,42,335,0.1494092345237732,False
100,42,340,0.1340257078409195,False
100,42,345,0.1018008291721344,False
100,42,350,0.14716365933418274,False
100,42,355,0.13281066715717316,False
100,42,360,0.1423594355583191,False
100,42,365,0.1399761438369751,False
100,42,370,0.10899373143911362,False
100,42,375,0.09512286633253098,False
100,42,380,0.11336740106344223,False
100,42,385,0.09623701125383377,False
100,42,390,0.11683538556098938,False
100,42,395,0.09228789806365967,False
100,42,400,0.09815274178981781,False
100,42,405,0.1337786167860031,False
100,43,10,0.21247252821922302,False
100,43,15,0.29699262976646423,False
100,43,20,0.3491436839103699,False
100,43,25,0.3221369981765747,False
100,43,30,0.33619847893714905,False
100,43,35,0.40133559703826904,False
100,43,40,0.3933846950531006,False
100,43,45,0.3974609375,False
100,43,50,0.29414552450180054,False
100,43,55,0.11933692544698715,False
100,43,60,0.5003266930580139,False
100,43,65,0.49902570247650146,False
100,43,70,0.14429786801338196,False
100,43,75,0.325996994972229,False
100,43,80,0.35006245970726013,False
100,43,85,0.19005897641181946,False
100,43,90,0.1762024164199829,False
100,43,95,0.45973333716392517,False
100,43,100,0.22131387889385223,False
100,43,105,0.11060354858636856,False
100,43,110,0.09861709922552109,False
100,43,115,0.2844792604446411,False
100,43,120,0.2958548367023468,False
100,43,125,0.31715306639671326,False
100,43,130,1.950376033782959,False
100,43,135,0.39994922280311584,False
100,43,140,1.8941292762756348,False
100,43,145,0.2186916470527649,False
100,43,150,0.14012253284454346,False
100,43,155,0.20935140550136566,False
100,43,160,0.8226267099380493,False
100,43,165,0.19239701330661774,False
100,43,170,0.15419283509254456,False
100,43,175,0.2102641761302948,False
100,43,180,0.17044998705387115,False
100,43,185,0.9263895750045776,False
100,43,190,0.9389890432357788,False
100,43,195,0.332520991563797,False
100,43,200,1.1422576904296875,False
100,43,205,0.4870077073574066,False
100,43,210,0.35094672441482544,False
100,43,215,0.3242281973361969,False
100,43,220,0.16491252183914185,False
100,43,225,0.1022602915763855,False
100,43,230,0.25793617963790894,False
100,43,235,0.8827816843986511,False
100,43,240,0.42515453696250916,False
100,43,245,0.11819155514240265,False
100,43,250,0.24113433063030243,False
100,43,255,0.10783971101045609,False
100,43,260,0.10259461402893066,False
100,43,265,0.08454044908285141,False
100,43,270,0.1300860494375229,False
100,43,275,0.16148172318935394,False
100,43,280,0.25029245018959045,False
100,43,285,0.29862281680107117,False
100,43,290,0.10168212652206421,False
100,43,295,0.19061411917209625,False
100,43,300,0.15978609025478363,False
100,43,305,0.1549767255783081,False
100,43,310,0.10397426784038544,False
100,43,315,0.14396530389785767,False
100,43,320,0.1264580637216568,False
100,43,325,0.07898956537246704,False
100,43,330,0.09069399535655975,False
100,43,335,0.17698311805725098,False
100,43,340,0.34377753734588623,False
100,43,345,0.5847638249397278,False
100,43,350,0.5963456630706787,False
100,43,355,0.37261220812797546,False
100,43,360,0.2984978258609772,False
100,43,365,0.5187737941741943,False
100,43,370,0.21126286685466766,False
100,43,375,0.23977579176425934,False
100,43,380,0.34830304980278015,False
100,43,385,0.24774257838726044,False
100,43,390,0.2584111988544464,False
100,43,395,0.22310590744018555,False
100,43,400,0.3443635404109955,False
100,43,405,0.27178460359573364,False
100,44,10,0.23048166930675507,False
100,44,15,0.24942442774772644,False
100,44,20,0.26663738489151,False
100,44,25,0.24195314943790436,False
100,44,30,0.2201835811138153,False
100,44,35,0.17228955030441284,False
100,44,40,0.07183510065078735,False
100,44,45,0.12836489081382751,False
100,44,50,0.06142164766788483,False
100,44,55,0.132686048746109,False
100,44,60,0.09464313089847565,False
100,44,65,0.10869760811328888,False
100,44,70,0.06125189736485481,False
100,44,75,0.06184091791510582,False
100,44,80,0.055836573243141174,False
100,44,85,0.06005604937672615,False
100,44,90,0.06051581725478172,False
100,44,95,0.05830954760313034,False
100,44,100,0.05645378679037094,False
100,44,105,0.04054199904203415,False
100,44,110,0.10527436435222626,False
100,44,115,0.07191817462444305,False
100,44,120,0.06661143898963928,False
100,44,125,0.07921966165304184,False
100,44,130,0.06533034890890121,False
100,44,135,0.12850633263587952,False
100,44,140,0.8847350478172302,False
100,44,145,0.04660113900899887,False
100,44,150,0.0633929967880249,False
100,44,155,0.11244644224643707,False
100,44,160,0.12406118214130402,False
100,44,165,0.05358508601784706,False
100,44,170,0.16085441410541534,False
100,44,175,0.18561658263206482,False
100,44,180,0.1213698759675026,False
100,44,185,0.081123948097229,False
100,44,190,0.036963265389204025,False
100,44,195,0.05436648055911064,False
100,44,200,0.08467577397823334,False
100,44,205,0.13915474712848663,False
100,44,210,0.04991668090224266,False
100,44,215,0.04244700446724892,False
100,44,220,0.07532118260860443,False
100,44,225,0.09286442399024963,False
100,44,230,0.3858744502067566,False
100,44,235,0.3714117109775543,False
100,44,240,0.3730583190917969,False
100,44,245,0.41140216588974,False
100,44,250,0.4426353871822357,False
100,44,255,0.6240047812461853,False
100,44,260,0.468453049659729,False
100,44,265,0.3544880449771881,False
100,44,270,0.454612672328949,False
100,44,275,0.4167754054069519,False
100,44,280,0.27005013823509216,False
100,44,285,0.32758042216300964,False
100,44,290,0.3176690638065338,False
100,44,295,0.18756474554538727,False
100,44,300,0.12435083836317062,False
100,44,305,0.13267767429351807,False
100,44,310,0.11305360496044159,False
100,44,315,0.10808492451906204,False
100,44,320,0.20610885322093964,False
100,44,325,0.27473118901252747,False
100,44,330,0.475671648979187,False
100,44,335,0.3969830274581909,False
100,44,340,0.315039724111557,False
100,44,345,0.17738939821720123,False
100,44,350,0.15542122721672058,False
100,44,355,0.09236191213130951,False
100,44,360,0.14312824606895447,False
100,44,365,0.1998753845691681,False
100,44,370,0.14118900895118713,False
100,44,375,0.1794317215681076,False
100,44,380,0.05401081591844559,False
100,44,385,0.06399956345558167,False
100,44,390,0.07570800930261612,False
100,44,395,0.07281351834535599,False
100,44,400,0.06924564391374588,False
100,44,405,0.04354153573513031,False
100,45,10,0.2126498818397522,False
100,45,15,0.25142762064933777,False
100,45,20,0.29601427912712097,False
100,45,25,0.3156207799911499,False
100,45,30,0.18200328946113586,False
100,45,35,0.21462352573871613,False
100,45,40,0.19475144147872925,False
100,45,45,0.2438594549894333,False
100,45,50,0.1413230299949646,False
100,45,55,0.27254408597946167,False
100,45,60,0.3678781986236572,False
100,45,65,0.25070640444755554,False
100,45,70,0.1448916792869568,False
100,45,75,0.15897592902183533,False
100,45,80,0.1908387392759323,False
100,45,85,0.373811274766922,False
100,45,90,0.13279102742671967,False
100,45,95,0.1265643984079361,False
100,45,100,0.12249874323606491,False
100,45,105,0.1795741319656372,False
100,45,110,0.09043122828006744,False
100,45,115,0.06312324106693268,False
100,45,120,0.06512559950351715,False
100,45,125,0.10865270346403122,False
100,45,130,0.17382240295410156,False
100,45,135,0.27612075209617615,False
100,45,140,0.12823405861854553,False
100,45,145,0.20655058324337006,False
100,45,150,0.24698729813098907,False
100,45,155,0.143295019865036,False
100,45,160,0.11931312829256058,False
100,45,165,0.050434403121471405,False
100,45,170,0.09175433218479156,False
100,45,175,0.09454040229320526,False
100,45,180,0.05760399252176285,False
100,45,185,0.035550713539123535,False
100,45,190,0.08316945284605026,False
100,45,195,0.09190978109836578,False
100,45,200,0.22123543918132782,False
100,45,205,0.3496004343032837,False
100,45,210,0.7457748651504517,False
100,45,215,0.6299850940704346,False
100,45,220,0.47910377383232117,False
100,45,225,0.2688162624835968,False
100,45,230,0.08723802119493484,False
100,45,235,0.07316943258047104,False
100,45,240,0.19851751625537872,False
100,45,245,0.09472928196191788,False
100,45,250,0.28514280915260315,False
100,45,255,0.3234221637248993,False
100,45,260,0.28551751375198364,False
100,45,265,0.2299385666847229,False
100,45,270,0.32473286986351013,False
100,45,275,0.4011114537715912,False
100,45,280,0.3130403757095337,False
100,45,285,0.2238190621137619,False
100,45,290,0.3345867097377777,False
100,45,295,0.3147050142288208,False
100,45,300,0.2327820211648941,False
100,45,305,0.21508640050888062,False
100,45,310,0.15188181400299072,False
100,45,315,0.28416138887405396,False
100,45,320,0.2762659788131714,False
100,45,325,0.2966046929359436,False
100,45,330,0.3507912755012512,False
100,45,335,0.4123494327068329,False
100,45,340,0.407410204410553,False
100,45,345,0.34100812673568726,False
100,45,350,0.4641280174255371,False
100,45,355,0.37887877225875854,False
100,45,360,0.22267967462539673,False
100,45,365,0.3087749779224396,False
100,45,370,0.32027897238731384,False
100,45,375,0.3618885576725006,False
100,45,380,0.3942742347717285,False
100,45,385,0.4539686441421509,False
100,45,390,0.34200286865234375,False
100,45,395,0.1931012123823166,False
100,45,400,0.36668723821640015,False
100,45,405,0.3954755663871765,False
100,46,10,0.08302679657936096,False
100,46,15,0.20378325879573822,False
100,46,20,0.29271313548088074,False
100,46,25,0.2920709550380707,False
100,46,30,0.34192243218421936,False
100,46,35,0.4611701965332031,False
100,46,40,0.5094452500343323,False
100,46,45,0.5511576533317566,False
100,46,50,0.41799086332321167,False
100,46,55,0.2020559161901474,False
100,46,60,0.3548792898654938,False
100,46,65,0.26422250270843506,False
100,46,70,0.40396803617477417,False
100,46,75,0.19174784421920776,False
100,46,80,0.2513013482093811,False
100,46,85,0.08119548857212067,False
100,46,90,0.07749947160482407,False
100,46,95,0.10599387437105179,False
100,46,100,0.13712772727012634,False
100,46,105,0.17144466936588287,False
100,46,110,0.28116127848625183,False
100,46,115,0.23281636834144592,False
100,46,120,0.30499204993247986,False
100,46,125,0.12644697725772858,False
100,46,130,0.07645219564437866,False
100,46,135,0.11339724063873291,False
100,46,140,0.19693665206432343,False
100,46,145,0.17768344283103943,False
100,46,150,1.2418643236160278,False
100,46,155,0.1509830802679062,False
100,46,160,0.0468914695084095,False
100,46,165,0.07791000604629517,False
100,46,170,0.058274343609809875,False
100,46,175,0.05409541726112366,False
100,46,180,0.06358539313077927,False
100,46,185,0.07969454675912857,False
100,46,190,0.05576379597187042,False
100,46,195,0.06292834877967834,False
100,46,200,0.12715354561805725,False
100,46,205,0.046081941574811935,False
100,46,210,0.14755836129188538,False
100,46,215,0.10649339854717255,False
100,46,220,0.043980371206998825,False
100,46,225,0.027042483910918236,False
100,46,230,0.038561493158340454,False
100,46,235,0.05756768211722374,False
100,46,240,0.07003006339073181,False
100,46,245,0.055001284927129745,False
100,46,250,0.028149347752332687,False
100,46,255,0.052780792117118835,False
100,46,260,0.05661759525537491,False
100,46,265,0.2104550451040268,False
100,46,270,0.23350077867507935,False
100,46,275,0.4995408058166504,False
100,46,280,0.5127973556518555,False
100,46,285,0.30277544260025024,False
100,46,290,0.7157173156738281,False
100,46,295,0.6618772149085999,False
100,46,300,0.3039643168449402,False
100,46,305,0.2692231237888336,False
100,46,310,0.42935889959335327,False
100,46,315,0.1496681571006775,False
100,46,320,0.1530534327030182,False
100,46,325,0.14407384395599365,False
100,46,330,0.19817551970481873,False
100,46,335,0.21888545155525208,False
100,46,340,0.1833084225654602,False
100,46,345,0.1496591717004776,False
100,46,350,0.25900015234947205,False
100,46,355,0.07659895718097687,False
100,46,360,0.1825229525566101,False
100,46,365,0.14211781322956085,False
100,46,370,0.1014474481344223,False
100,46,375,0.39901062846183777,False
100,46,380,0.18084195256233215,False
100,46,385,0.34739160537719727,False
100,46,390,0.3219430148601532,False
100,46,395,0.1875646710395813,False
100,46,400,0.44451555609703064,False
100,46,405,0.06087270751595497,False
100,47,10,0.12261109799146652,False
100,47,15,0.2399839609861374,False
100,47,20,0.35251113772392273,False
100,47,25,0.40087616443634033,False
100,47,30,0.34268879890441895,False
100,47,35,0.5156801342964172,False
100,47,40,0.44737935066223145,False
100,47,45,0.5000770092010498,False
100,47,50,0.3065895140171051,False
100,47,55,0.12095726281404495,False
100,47,60,0.23838552832603455,False
100,47,65,0.18054232001304626,False
100,47,70,0.1756456196308136,False
100,47,75,0.44631361961364746,False
100,47,80,0.43907874822616577,False
100,47,85,0.32690465450286865,False
100,47,90,0.21189364790916443,False
100,47,95,0.6032204031944275,False
100,47,100,0.31901028752326965,False
100,47,105,0.041003428399562836,False
100,47,110,0.08393698185682297,False
100,47,115,0.255928099155426,False
100,47,120,0.09910169243812561,False
100,47,125,0.16192328929901123,False
100,47,130,1.1968015432357788,False
100,47,135,0.862747848033905,False
100,47,140,0.24436084926128387,False
100,47,145,0.08142444491386414,False
100,47,150,0.12196895480155945,False
100,47,155,0.21429435908794403,False
100,47,160,0.19601842761039734,False
100,47,165,0.2838647663593292,False
100,47,170,0.1990499049425125,False
100,47,175,0.16073039174079895,False
100,47,180,0.1600208282470703,False
100,47,185,0.16424912214279175,False
100,47,190,0.22503039240837097,False
100,47,195,1.280381441116333,False
100,47,200,1.4219626188278198,False
100,47,205,0.24182243645191193,False
100,47,210,0.22946381568908691,False
100,47,215,0.2353455126285553,False
100,47,220,0.10898952186107635,False
100,47,225,0.059825289994478226,False
100,47,230,0.18444707989692688,False
100,47,235,0.12134935706853867,False
100,47,240,0.10197144001722336,False
100,47,245,0.10581858456134796,False
100,47,250,0.09493016451597214,False
100,47,255,0.09222420305013657,False
100,47,260,0.044608574360609055,False
100,47,265,0.0655941292643547,False
100,47,270,0.09865791350603104,False
100,47,275,0.0876617357134819,False
100,47,280,0.07183178514242172,False
100,47,285,0.04931876063346863,False
100,47,290,0.0374906063079834,False
100,47,295,0.09680131077766418,False
100,47,300,0.09205140918493271,False
100,47,305,0.21801726520061493,False
100,47,310,0.40032443404197693,False
100,47,315,0.11931141465902328,False
100,47,320,0.2983854413032532,False
100,47,325,0.7100194096565247,False
100,47,330,0.3322567641735077,False
100,47,335,0.515304684638977,False
100,47,340,0.1578873246908188,False
100,47,345,0.2291552871465683,False
100,47,350,0.06205040216445923,False
100,47,355,0.12600073218345642,False
100,47,360,0.139468714594841,False
100,47,365,0.17051024734973907,False
100,47,370,0.1392933577299118,False
100,47,375,0.12448125332593918,False
100,47,380,0.17562322318553925,False
100,47,385,0.30238741636276245,False
100,47,390,0.28700122237205505,False
100,47,395,0.1664072722196579,False
100,47,400,0.2836219072341919,False
100,47,405,0.1352812498807907,False
100,48,10,0.18360334634780884,False
100,48,15,0.2185700386762619,False
100,48,20,0.2596457600593567,False
100,48,25,0.22117918729782104,False
100,48,30,0.156187504529953,False
100,48,35,0.19290141761302948,False
100,48,40,0.2627260684967041,False
100,48,45,0.2250068485736847,False
100,48,50,0.11778366565704346,False
100,48,55,0.2024414986371994,False
100,48,60,0.13404589891433716,False
100,48,65,0.18719570338726044,False
100,48,70,0.2520879805088043,False
100,48,75,0.20130929350852966,False
100,48,80,0.27326932549476624,False
100,48,85,0.23981378972530365,False
100,48,90,0.1700522005558014,False
100,48,95,0.256036639213562,False
100,48,100,0.1663413941860199,False
100,48,105,0.1953056901693344,False
100,48,110,0.22944465279579163,False
100,48,115,0.20735669136047363,False
100,48,120,0.1428864598274231,False
100,48,125,0.12974987924098969,False
100,48,130,0.2636938691139221,False
100,48,135,0.14996154606342316,False
100,48,140,0.13597385585308075,False
100,48,145,0.08815697580575943,False
100,48,150,0.11410010606050491,False
100,48,155,0.15919700264930725,False
100,48,160,0.0843316912651062,False
100,48,165,0.09466645866632462,False
100,48,170,0.1558513194322586,False
100,48,175,0.1294628083705902,False
100,48,180,0.21051429212093353,False
100,48,185,0.13550931215286255,False
100,48,190,0.14782197773456573,False
100,48,195,0.22501476109027863,False
100,48,200,0.16888752579689026,False
100,48,205,0.1358608901500702,False
100,48,210,0.09171763807535172,False
100,48,215,0.13048958778381348,False
100,48,220,0.15822550654411316,False
100,48,225,0.035252995789051056,False
100,48,230,0.06543385237455368,False
100,48,235,0.21439078450202942,False
100,48,240,0.13396354019641876,False
100,48,245,0.04495221748948097,False
100,48,250,0.15254683792591095,False
100,48,255,0.16358992457389832,False
100,48,260,0.19200439751148224,False
100,48,265,0.1335035264492035,False
100,48,270,0.13353517651557922,False
100,48,275,0.10744758695363998,False
100,48,280,0.07080069929361343,False
100,48,285,0.03754667565226555,False
100,48,290,0.056858550757169724,False
100,48,295,0.073875293135643,False
100,48,300,0.10055970400571823,False
100,48,305,0.10899263620376587,False
100,48,310,1.269587755203247,False
100,48,315,0.024783816188573837,False
100,48,320,0.04621397703886032,False
100,48,325,0.04539795219898224,False
100,48,330,0.12194857001304626,False
100,48,335,0.18478286266326904,False
100,48,340,0.08771178871393204,False
100,48,345,0.050212517380714417,False
100,48,350,0.03755451738834381,False
100,48,355,0.15801632404327393,False
100,48,360,0.09992615878582001,False
100,48,365,0.08144927024841309,False
100,48,370,0.0690087378025055,False
100,48,375,0.07546674460172653,False
100,48,380,0.15627016127109528,False
100,48,385,0.23290814459323883,False
100,48,390,0.1572866439819336,False
100,48,395,0.13857923448085785,False
100,48,400,0.19140368700027466,False
100,48,405,0.24293816089630127,False
100,49,10,0.15663620829582214,False
100,49,15,0.25499099493026733,False
100,49,20,0.31160274147987366,False
100,49,25,0.3357682228088379,False
100,49,30,0.3508990406990051,False
100,49,35,0.38603153824806213,False
100,49,40,0.21243174374103546,False
100,49,45,0.48975229263305664,False
100,49,50,0.47472602128982544,False
100,49,55,0.42044052481651306,False
100,49,60,0.27485811710357666,False
100,49,65,0.4688103497028351,False
100,49,70,0.3235574960708618,False
100,49,75,0.24146518111228943,False
100,49,80,0.5929818153381348,False
100,49,85,2.037907361984253,False
100,49,90,1.6168426275253296,False
100,49,95,2.0380451679229736,False
100,49,100,1.3740665912628174,False
100,49,105,1.7334531545639038,False
100,49,110,1.961691975593567,False
100,49,115,1.9603129625320435,False
100,49,120,1.8511507511138916,False
100,49,125,1.9587351083755493,False
100,49,130,1.712782382965088,False
100,49,135,1.9239128828048706,False
100,49,140,1.993051528930664,False
100,49,145,0.29469043016433716,False
100,49,150,0.2565633952617645,False
100,49,155,0.3054182827472687,False
100,49,160,0.1372615247964859,False
100,49,165,2.037703275680542,False
100,49,170,0.49735862016677856,False
100,49,175,1.302978277206421,False
100,49,180,0.0661931037902832,False
100,49,185,0.026454010978341103,False
100,49,190,0.13087928295135498,False
100,49,195,0.1525033414363861,False
100,49,200,0.3070148825645447,False
100,49,205,0.2475498616695404,False
100,49,210,1.4548704624176025,False
100,49,215,0.28156620264053345,False
100,49,220,0.2529224157333374,False
100,49,225,0.16914257407188416,False
100,49,230,0.37473419308662415,False
100,49,235,0.2800755798816681,False
100,49,240,0.1221703588962555,False
100,49,245,0.09286689013242722,False
100,49,250,0.20328927040100098,False
100,49,255,0.13406668603420258,False
100,49,260,0.10586005449295044,False
100,49,265,0.17098963260650635,False
100,49,270,0.26259925961494446,False
100,49,275,0.24944786727428436,False
100,49,280,0.10789801180362701,False
100,49,285,0.07795689254999161,False
100,49,290,0.06412110477685928,False
100,49,295,0.044295039027929306,False
100,49,300,0.06744342297315598,False
100,49,305,0.03839113190770149,False
100,49,310,0.061704121530056,False
100,49,315,0.14256127178668976,False
100,49,320,0.9136504530906677,False
100,49,325,0.07706216722726822,False
100,49,330,0.07376841455698013,False
100,49,335,0.16280341148376465,False
100,49,340,0.2816619277000427,False
100,49,345,0.34911078214645386,False
100,49,350,0.4807021915912628,False
100,49,355,0.5133139491081238,False
100,49,360,0.21415965259075165,False
100,49,365,0.1897391378879547,False
100,49,370,0.14296987652778625,False
100,49,375,0.09948427230119705,False
100,49,380,0.18964974582195282,False
100,49,385,0.3237592577934265,False
100,49,390,0.366731733083725,False
100,49,395,0.26072266697883606,False
100,49,400,0.09838695079088211,False
100,49,405,0.40389031171798706,False
200,0,10,0.08070091903209686,False
200,0,15,0.18742074072360992,False
200,0,20,0.3228582739830017,False
200,0,25,0.34040823578834534,False
200,0,30,0.36031225323677063,False
200,0,35,0.4090624749660492,False
200,0,40,0.347851425409317,False
200,0,45,0.3024575710296631,False
200,0,50,0.41517767310142517,False
200,0,55,0.3550831377506256,False
200,0,60,0.6392395496368408,False
200,0,65,0.551860511302948,False
200,0,70,0.18920360505580902,False
200,0,75,0.24874050915241241,False
200,0,80,0.28647375106811523,False
200,0,85,1.3060587644577026,False
200,0,90,0.2012055218219757,False
200,0,95,0.2976902425289154,False
200,0,100,0.22383391857147217,False
200,0,105,0.5273278951644897,False
200,0,110,0.28025898337364197,False
200,0,115,0.13884662091732025,False
200,0,120,0.22394214570522308,False
200,0,125,0.20259876549243927,False
200,0,130,0.22942230105400085,False
200,0,135,0.3081599175930023,False
200,0,140,0.28990185260772705,False
200,0,145,0.10215283185243607,False
200,0,150,0.30187106132507324,False
200,0,155,0.40020662546157837,False
200,0,160,0.2997421324253082,False
200,0,165,0.08102863281965256,False
200,0,170,0.07741731405258179,False
200,0,175,0.4371843636035919,False
200,0,180,0.5199780464172363,False
200,0,185,0.4093922972679138,False
200,0,190,0.27751317620277405,False
200,0,195,0.2547682821750641,False
200,0,200,0.08727109432220459,False
200,0,205,0.09115242213010788,False
200,0,210,0.2576453983783722,False
200,0,215,0.30555063486099243,False
200,0,220,0.10443255305290222,False
200,0,225,0.2425856590270996,False
200,0,230,0.10659926384687424,False
200,0,235,0.12383110821247101,False
200,0,240,0.06953000277280807,False
200,0,245,0.45606115460395813,False
200,0,250,0.05977613478899002,False
200,0,255,0.41628536581993103,False
200,0,260,0.11459760367870331,False
200,0,265,0.0981987714767456,False
200,0,270,0.18051855266094208,False
200,0,275,0.17271000146865845,False
200,0,280,0.31620702147483826,False
200,0,285,0.5381951332092285,False
200,0,290,0.37769797444343567,False
200,0,295,0.25115475058555603,False
200,0,300,0.2675851881504059,False
200,0,305,0.04760326072573662,False
200,0,310,0.06757112592458725,False
200,0,315,0.22327551245689392,False
200,0,320,0.10058961063623428,False
200,0,325,0.09695424884557724,False
200,0,330,0.4896864891052246,False
200,0,335,0.1191149428486824,False
200,0,340,0.11161300539970398,False
200,0,345,0.29822099208831787,False
200,0,350,0.20038984715938568,False
200,0,355,0.16142889857292175,False
200,0,360,0.17879536747932434,False
200,0,365,0.13580666482448578,False
200,0,370,0.26892244815826416,False
200,0,375,0.10897993296384811,False
200,0,380,0.08593064546585083,False
200,0,385,0.08389906585216522,False
200,0,390,0.10257545113563538,False
200,0,395,0.16319437325000763,False
200,0,400,0.16144324839115143,False
200,0,405,0.16277435421943665,False
200,1,10,0.12644466757774353,False
200,1,15,0.28827059268951416,False
200,1,20,0.477497935295105,False
200,1,25,0.35266467928886414,False
200,1,30,0.3911462724208832,False
200,1,35,0.4297943711280823,False
200,1,40,0.3207152187824249,False
200,1,45,0.5853726267814636,False
200,1,50,0.6306599378585815,False
200,1,55,0.12215573340654373,False
200,1,60,0.19775539636611938,False
200,1,65,0.5651701092720032,False
200,1,70,0.242000550031662,False
200,1,75,0.47091302275657654,False
200,1,80,0.4463310241699219,False
200,1,85,1.2292542457580566,False
200,1,90,0.28768691420555115,False
200,1,95,0.10752764344215393,False
200,1,100,0.4127473533153534,False
200,1,105,0.207061767578125,False
200,1,110,0.44025951623916626,False
200,1,115,0.3414266109466553,False
200,1,120,0.37657642364501953,False
200,1,125,0.3108775317668915,False
200,1,130,0.22393767535686493,False
200,1,135,0.4001910090446472,False
200,1,140,0.3834463655948639,False
200,1,145,0.34705454111099243,False
200,1,150,0.5549593567848206,False
200,1,155,0.44065532088279724,False
200,1,160,0.5797675848007202,False
200,1,165,0.5968448519706726,False
200,1,170,0.37046295404434204,False
200,1,175,0.16749705374240875,False
200,1,180,0.07077258825302124,False
200,1,185,0.35744795203208923,False
200,1,190,0.26350468397140503,False
200,1,195,0.19444173574447632,False
200,1,200,0.24479900300502777,False
200,1,205,0.30717891454696655,False
200,1,210,0.2560153901576996,False
200,1,215,0.4271802306175232,False
200,1,220,0.23568609356880188,False
200,1,225,0.27134329080581665,False
200,1,230,0.2566353976726532,False
200,1,235,0.27223044633865356,False
200,1,240,0.3505067527294159,False
200,1,245,0.11995792388916016,False
200,1,250,0.2526254951953888,False
200,1,255,0.17416203022003174,False
200,1,260,0.3081307113170624,False
200,1,265,0.32101970911026,False
200,1,270,0.4354325830936432,False
200,1,275,0.3629480004310608,False
200,1,280,0.34235602617263794,False
200,1,285,0.25953954458236694,False
200,1,290,0.478872686624527,False
200,1,295,0.5050708055496216,False
200,1,300,0.36672136187553406,False
200,1,305,0.32790952920913696,False
200,1,310,0.29860201478004456,False
200,1,315,0.5149337649345398,False
200,1,320,0.3184545636177063,False
200,1,325,1.5068442821502686,False
200,1,330,0.2550422251224518,False
200,1,335,0.32853853702545166,False
200,1,340,0.4439442455768585,False
200,1,345,0.14705277979373932,False
200,1,350,0.3782399594783783,False
200,1,355,0.3704526424407959,False
200,1,360,0.29791197180747986,False
200,1,365,0.43017464876174927,False
200,1,370,0.2605065405368805,False
200,1,375,0.1623624712228775,False
200,1,380,0.25940051674842834,False
200,1,385,0.34488344192504883,False
200,1,390,0.247030571103096,False
200,1,395,0.20075160264968872,False
200,1,400,0.17190323770046234,False
200,1,405,0.36429139971733093,False
200,2,10,0.05217056721448898,False
200,2,15,0.2088777720928192,False
200,2,20,0.39998671412467957,False
200,2,25,0.3746826946735382,False
200,2,30,0.5085611343383789,False
200,2,35,0.42786911129951477,False
200,2,40,0.43431586027145386,False
200,2,45,0.5407924056053162,False
200,2,50,0.36937931180000305,False
200,2,55,0.24723081290721893,False
200,2,60,0.3888366222381592,False
200,2,65,0.4465599060058594,False
200,2,70,0.2263377606868744,False
200,2,75,0.6387950778007507,False
200,2,80,0.40404394268989563,False
200,2,85,1.09727942943573,False
200,2,90,0.24488133192062378,False
200,2,95,0.2443479597568512,False
200,2,100,0.2829069197177887,False
200,2,105,0.45772039890289307,False
200,2,110,0.39054906368255615,False
200,2,115,0.1971261203289032,False
200,2,120,0.18527962267398834,False
200,2,125,0.2403693050146103,False
200,2,130,0.3000928461551666,False
200,2,135,0.2643534243106842,False
200,2,140,0.3517555594444275,False
200,2,145,0.2980496883392334,False
200,2,150,0.5722123384475708,False
200,2,155,0.33917737007141113,False
200,2,160,0.3812439739704132,False
200,2,165,0.44062021374702454,False
200,2,170,0.40168294310569763,False
200,2,175,0.23710261285305023,False
200,2,180,2.017908811569214,False
200,2,185,2.0293471813201904,False
200,2,190,0.1779286414384842,False
200,2,195,0.13057544827461243,False
200,2,200,0.381854385137558,False
200,2,205,0.4057287871837616,False
200,2,210,0.22971925139427185,False
200,2,215,0.14089767634868622,False
200,2,220,0.4251069128513336,False
200,2,225,0.2746005654335022,False
200,2,230,0.454199880361557,False
200,2,235,0.486304372549057,False
200,2,240,0.5311264395713806,False
200,2,245,0.23607639968395233,False
200,2,250,0.4255529046058655,False
200,2,255,0.17782025039196014,False
200,2,260,0.29509562253952026,False
200,2,265,0.3215560019016266,False
200,2,270,0.21490168571472168,False
200,2,275,0.2092297375202179,False
200,2,280,0.09976726770401001,False
200,2,285,0.3335736393928528,False
200,2,290,0.29347142577171326,False
200,2,295,0.19494713842868805,False
200,2,300,0.09987229108810425,False
200,2,305,0.21405887603759766,False
200,2,310,0.21418018639087677,False
200,2,315,0.18912208080291748,False
200,2,320,0.1656530797481537,False
200,2,325,0.18639172613620758,False
200,2,330,0.11261248588562012,False
200,2,335,0.13901181519031525,False
200,2,340,0.15733830630779266,False
200,2,345,0.06387517601251602,False
200,2,350,0.18649140000343323,False
200,2,355,0.15303349494934082,False
200,2,360,0.06896883994340897,False
200,2,365,0.0805223286151886,False
200,2,370,0.08604998141527176,False
200,2,375,0.0868716686964035,False
200,2,380,0.12699317932128906,False
200,2,385,0.09210928529500961,False
200,2,390,0.15012945234775543,False
200,2,395,0.10896666347980499,False
200,2,400,0.12571753561496735,False
200,2,405,0.22615426778793335,False
200,3,10,0.0975184217095375,False
200,3,15,0.302237868309021,False
200,3,20,0.4778537452220917,False
200,3,25,0.5166321396827698,False
200,3,30,0.40264108777046204,False
200,3,35,0.4928421080112457,False
200,3,40,0.48366212844848633,False
200,3,45,0.4358929991722107,False
200,3,50,0.37061333656311035,False
200,3,55,0.3201875686645508,False
200,3,60,0.5639843344688416,False
200,3,65,0.4774186611175537,False
200,3,70,0.4142220914363861,False
200,3,75,0.6173684000968933,False
200,3,80,0.3288412094116211,False
200,3,85,1.1595755815505981,False
200,3,90,0.39867857098579407,False
200,3,95,0.11114738136529922,False
200,3,100,0.3639884889125824,False
200,3,105,0.48413577675819397,False
200,3,110,0.5114800333976746,False
200,3,115,0.4835609793663025,False
200,3,120,0.5359878540039062,False
200,3,125,0.5113851428031921,False
200,3,130,0.6127918362617493,False
200,3,135,0.6503151655197144,False
200,3,140,0.23019275069236755,False
200,3,145,0.4312579035758972,False
200,3,150,0.5075150728225708,False
200,3,155,1.1539167165756226,False
200,3,160,0.6565228700637817,False
200,3,165,0.4100091755390167,False
200,3,170,0.27512356638908386,False
200,3,175,0.3426138460636139,False
200,3,180,1.9781216382980347,False
200,3,185,2.000197649002075,False
200,3,190,0.3437938094139099,False
200,3,195,0.6187503337860107,False
200,3,200,1.6858123540878296,False
200,3,205,1.7442102432250977,False
200,3,210,2.043436050415039,False
200,3,215,1.9567731618881226,False
200,3,220,1.3208285570144653,False
200,3,225,1.2347303628921509,False
200,3,230,1.6329532861709595,False
200,3,235,1.1134746074676514,False
200,3,240,0.8832557797431946,False
200,3,245,1.9332833290100098,False
200,3,250,0.28836435079574585,False
200,3,255,2.007641077041626,False
200,3,260,2.078995943069458,False
200,3,265,1.2306140661239624,False
200,3,270,0.28677523136138916,False
200,3,275,1.5490394830703735,False
200,3,280,1.3481435775756836,False
200,3,285,0.1346326321363449,False
200,3,290,0.3902486562728882,False
200,3,295,0.2953835129737854,False
200,3,300,0.7926837801933289,False
200,3,305,0.43865588307380676,False
200,3,310,0.3054383397102356,False
200,3,315,0.41666415333747864,False
200,3,320,0.25902679562568665,False
200,3,325,0.19107326865196228,False
200,3,330,0.9155768752098083,False
200,3,335,0.21110928058624268,False
200,3,340,0.2447235882282257,False
200,3,345,0.057946983724832535,False
200,3,350,0.17745807766914368,False
200,3,355,0.22041180729866028,False
200,3,360,0.18234804272651672,False
200,3,365,0.23819224536418915,False
200,3,370,0.20356695353984833,False
200,3,375,0.2883782982826233,False
200,3,380,0.23359845578670502,False
200,3,385,0.31410884857177734,False
200,3,390,0.2185530960559845,False
200,3,395,0.13973763585090637,False
200,3,400,0.20975090563297272,False
200,3,405,0.23193855583667755,False
200,4,10,0.17699237167835236,False
200,4,15,0.22084403038024902,False
200,4,20,0.30669620633125305,False
200,4,25,0.29740503430366516,False
200,4,30,0.14772428572177887,False
200,4,35,0.26688650250434875,False
200,4,40,0.30810075998306274,False
200,4,45,0.4277549684047699,False
200,4,50,0.2940865159034729,False
200,4,55,0.21067900955677032,False
200,4,60,0.44642752408981323,False
200,4,65,0.36364588141441345,False
200,4,70,0.1882600039243698,False
200,4,75,0.23480087518692017,False
200,4,80,0.3401584029197693,False
200,4,85,0.27569258213043213,False
200,4,90,0.16432493925094604,False
200,4,95,0.416930228471756,False
200,4,100,0.18295279145240784,False
200,4,105,0.3443606197834015,False
200,4,110,0.19741322100162506,False
200,4,115,0.16986626386642456,False
200,4,120,0.17083947360515594,False
200,4,125,0.18587207794189453,False
200,4,130,0.5128688216209412,False
200,4,135,0.3070010244846344,False
200,4,140,0.6598827838897705,False
200,4,145,0.28856730461120605,False
200,4,150,0.6361274123191833,False
200,4,155,0.7691317200660706,False
200,4,160,0.6056811809539795,False
200,4,165,0.5125404596328735,False
200,4,170,0.32316654920578003,False
200,4,175,0.44998979568481445,False
200,4,180,0.32234346866607666,False
200,4,185,0.21001332998275757,False
200,4,190,0.20832955837249756,False
200,4,195,0.2353644073009491,False
200,4,200,0.2665322422981262,False
200,4,205,0.22023004293441772,False
200,4,210,0.17143158614635468,False
200,4,215,0.15826991200447083,False
200,4,220,0.17580610513687134,False
200,4,225,0.11025069653987885,False
200,4,230,0.18253061175346375,False
200,4,235,0.2734648883342743,False
200,4,240,0.19447863101959229,False
200,4,245,0.11456068605184555,False
200,4,250,0.19717194139957428,False
200,4,255,0.35818418860435486,False
200,4,260,0.12431950867176056,False
200,4,265,0.2353581339120865,False
200,4,270,0.19844740629196167,False
200,4,275,0.18302929401397705,False
200,4,280,0.13674785196781158,False
200,4,285,0.3746490776538849,False
200,4,290,0.31782934069633484,False
200,4,295,0.08616103231906891,False
200,4,300,0.17420415580272675,False
200,4,305,0.16513246297836304,False
200,4,310,0.0461878627538681,False
200,4,315,0.27651453018188477,False
200,4,320,0.20439036190509796,False
200,4,325,0.11001668870449066,False
200,4,330,0.3294331133365631,False
200,4,335,0.14246632158756256,False
200,4,340,0.10232367366552353,False
200,4,345,0.22066642343997955,False
200,4,350,0.10413295775651932,False
200,4,355,0.13889536261558533,False
200,4,360,0.16022245585918427,False
200,4,365,0.23395459353923798,False
200,4,370,0.13452084362506866,False
200,4,375,0.13974981009960175,False
200,4,380,0.1885240077972412,False
200,4,385,0.1101687029004097,False
200,4,390,0.12071604281663895,False
200,4,395,0.07592609524726868,False
200,4,400,0.18563951551914215,False
200,4,405,0.16341939568519592,False
200,5,10,0.07941698282957077,False
200,5,15,0.31929969787597656,False
200,5,20,0.5055911540985107,False
200,5,25,0.3648475408554077,False
200,5,30,0.28889837861061096,False
200,5,35,0.4422372877597809,False
200,5,40,0.5291821360588074,False
200,5,45,0.549922525882721,False
200,5,50,0.4436802864074707,False
200,5,55,0.352206289768219,False
200,5,60,0.5152519345283508,False
200,5,65,0.4168814718723297,False
200,5,70,0.22149264812469482,False
200,5,75,0.5227070450782776,False
200,5,80,0.48239290714263916,False
200,5,85,0.7339886426925659,False
200,5,90,0.18567126989364624,False
200,5,95,0.4962223470211029,False
200,5,100,0.29050111770629883,False
200,5,105,0.5704132914543152,False
200,5,110,0.34548938274383545,False
200,5,115,0.3734155595302582,False
200,5,120,0.21531690657138824,False
200,5,125,0.4137659966945648,False
200,5,130,0.5409016013145447,False
200,5,135,0.21076847612857819,False
200,5,140,0.23629122972488403,False
200,5,145,0.22448885440826416,False
200,5,150,0.5955027341842651,False
200,5,155,0.49545660614967346,False
200,5,160,0.5645862221717834,False
200,5,165,0.5027400255203247,False
200,5,170,0.3062531650066376,False
200,5,175,1.6404362916946411,False
200,5,180,0.5798051357269287,False
200,5,185,0.3823204040527344,False
200,5,190,0.41821184754371643,False
200,5,195,0.5107285976409912,False
200,5,200,0.4261893332004547,False
200,5,205,0.3611624538898468,False
200,5,210,0.17341680824756622,False
200,5,215,0.25254949927330017,False
200,5,220,0.22531068325042725,False
200,5,225,0.32276278734207153,False
200,5,230,0.35776782035827637,False
200,5,235,0.3344200849533081,False
200,5,240,0.32190701365470886,False
200,5,245,0.23581251502037048,False
200,5,250,0.29520466923713684,False
200,5,255,0.20371508598327637,False
200,5,260,0.25258007645606995,False
200,5,265,0.2757143974304199,False
200,5,270,0.3002147972583771,False
200,5,275,0.3178909420967102,False
200,5,280,0.5141154527664185,False
200,5,285,0.2664544880390167,False
200,5,290,0.4238791763782501,False
200,5,295,0.42232081294059753,False
200,5,300,0.30861690640449524,False
200,5,305,0.3244739770889282,False
200,5,310,0.26519647240638733,False
200,5,315,0.49353650212287903,False
200,5,320,0.3682160973548889,False
200,5,325,0.16707730293273926,False
200,5,330,0.10836631804704666,False
200,5,335,0.39559343457221985,False
200,5,340,0.25914642214775085,False
200,5,345,0.045179400593042374,False
200,5,350,0.2250455766916275,False
200,5,355,0.23272398114204407,False
200,5,360,0.22137418389320374,False
200,5,365,0.5077275633811951,False
200,5,370,0.3804222047328949,False
200,5,375,0.17417821288108826,False
200,5,380,1.4693739414215088,False
200,5,385,0.8024593591690063,False
200,5,390,0.26353585720062256,False
200,5,395,1.413866400718689,False
200,5,400,0.16365094482898712,False
200,5,405,0.2846641540527344,False
200,6,10,0.11464153230190277,False
200,6,15,0.2436005026102066,False
200,6,20,0.3689683675765991,False
200,6,25,0.35866013169288635,False
200,6,30,0.20005489885807037,False
200,6,35,0.2315884530544281,False
200,6,40,0.15884217619895935,False
200,6,45,0.1859278380870819,False
200,6,50,0.12987899780273438,False
200,6,55,0.28394609689712524,False
200,6,60,0.15922224521636963,False
200,6,65,0.1716199517250061,False
200,6,70,0.16148576140403748,False
200,6,75,0.12502504885196686,False
200,6,80,0.1903262436389923,False
200,6,85,0.17161722481250763,False
200,6,90,0.1048673763871193,False
200,6,95,0.10631433129310608,False
200,6,100,0.08863632380962372,False
200,6,105,0.19970615208148956,False
200,6,110,0.08284341543912888,False
200,6,115,0.15452121198177338,False
200,6,120,0.14925825595855713,False
200,6,125,0.18667353689670563,False
200,6,130,0.1869402527809143,False
200,6,135,0.29677054286003113,False
200,6,140,0.11142079532146454,False
200,6,145,0.14411795139312744,False
200,6,150,0.27890101075172424,False
200,6,155,0.08331019431352615,False
200,6,160,0.1567452847957611,False
200,6,165,0.22100985050201416,False
200,6,170,0.29511356353759766,False
200,6,175,0.6898380517959595,False
200,6,180,0.1478109061717987,False
200,6,185,0.15610048174858093,False
200,6,190,0.1548851579427719,False
200,6,195,0.10633339732885361,False
200,6,200,0.3705283999443054,False
200,6,205,0.2955695390701294,False
200,6,210,0.12007013708353043,False
200,6,215,0.1717211753129959,False
200,6,220,0.32161033153533936,False
200,6,225,0.31581011414527893,False
200,6,230,0.10538584738969803,False
200,6,235,0.0833110511302948,False
200,6,240,0.19515711069107056,False
200,6,245,0.3622594475746155,False
200,6,250,0.16239966452121735,False
200,6,255,0.3111211955547333,False
200,6,260,0.18037064373493195,False
200,6,265,0.21256954967975616,False
200,6,270,0.26139190793037415,False
200,6,275,0.12812195718288422,False
200,6,280,0.20738786458969116,False
200,6,285,0.40220263600349426,False
200,6,290,0.16088876128196716,False
200,6,295,0.0807977095246315,False
200,6,300,0.10447666049003601,False
200,6,305,0.23085880279541016,False
200,6,310,0.24775506556034088,False
200,6,315,0.3148821294307709,False
200,6,320,0.11664054542779922,False
200,6,325,0.19982002675533295,False
200,6,330,0.30578896403312683,False
200,6,335,0.06368983536958694,False
200,6,340,0.09306105226278305,False
200,6,345,0.3676214814186096,False
200,6,350,0.11411944031715393,False
200,6,355,0.12488944828510284,False
200,6,360,0.12185122072696686,False
200,6,365,0.12349027395248413,False
200,6,370,0.1761704683303833,False
200,6,375,0.18186940252780914,False
200,6,380,0.10886979848146439,False
200,6,385,0.11473603546619415,False
200,6,390,0.11229120194911957,False
200,6,395,0.15526579320430756,False
200,6,400,0.10549371689558029,False
200,6,405,0.12724186480045319,False
200,7,10,0.07049623131752014,False
200,7,15,0.20808303356170654,False
200,7,20,0.3855228126049042,False
200,7,25,0.3354206383228302,False
200,7,30,0.2837308943271637,False
200,7,35,0.3558290898799896,False
200,7,40,0.3606828451156616,False
200,7,45,0.26956796646118164,False
200,7,50,0.19715812802314758,False
200,7,55,0.17685307562351227,False
200,7,60,0.23172873258590698,False
200,7,65,0.20727846026420593,False
200,7,70,0.17298078536987305,False
200,7,75,0.10452575236558914,False
200,7,80,0.2693738639354706,False
200,7,85,0.20844754576683044,False
200,7,90,0.14284802973270416,False
200,7,95,0.3197242319583893,False
200,7,100,0.18651655316352844,False
200,7,105,0.32849133014678955,False
200,7,110,0.16504012048244476,False
200,7,115,0.14558427035808563,False
200,7,120,0.16022968292236328,False
200,7,125,0.215724378824234,False
200,7,130,0.2675802707672119,False
200,7,135,0.23571768403053284,False
200,7,140,0.3309093415737152,False
200,7,145,0.12184792011976242,False
200,7,150,0.18555742502212524,False
200,7,155,0.20196905732154846,False
200,7,160,0.17726483941078186,False
200,7,165,0.24238087236881256,False
200,7,170,0.3063361644744873,False
200,7,175,1.1102594137191772,False
200,7,180,0.2729528844356537,False
200,7,185,0.1282845437526703,False
200,7,190,0.19599398970603943,False
200,7,195,0.28101086616516113,False
200,7,200,0.3226310908794403,False
200,7,205,0.25499099493026733,False
200,7,210,0.18022005259990692,False
200,7,215,0.28016579151153564,False
200,7,220,0.24901796877384186,False
200,7,225,0.3371734321117401,False
200,7,230,0.13599519431591034,False
200,7,235,0.11858956515789032,False
200,7,240,0.2420067936182022,False
200,7,245,0.29514825344085693,False
200,7,250,0.2998010814189911,False
200,7,255,0.2611899673938751,False
200,7,260,0.27192261815071106,False
200,7,265,0.28454965353012085,False
200,7,270,0.23035162687301636,False
200,7,275,0.12161961942911148,False
200,7,280,0.7848656177520752,False
200,7,285,0.461504727602005,False
200,7,290,0.1434139758348465,False
200,7,295,0.09341990202665329,False
200,7,300,0.2338102161884308,False
200,7,305,0.35414332151412964,False
200,7,310,0.32637983560562134,False
200,7,315,0.23284317553043365,False
200,7,320,0.3022328317165375,False
200,7,325,0.3035094141960144,False
200,7,330,0.3811149299144745,False
200,7,335,0.22409935295581818,False
200,7,340,0.20513056218624115,False
200,7,345,0.3198922574520111,False
200,7,350,0.31192463636398315,False
200,7,355,0.24358445405960083,False
200,7,360,0.24294264614582062,False
200,7,365,0.2733628451824188,False
200,7,370,0.3017463684082031,False
200,7,375,0.30472779273986816,False
200,7,380,0.2932915985584259,False
200,7,385,0.21494720876216888,False
200,7,390,0.20347870886325836,False
200,7,395,0.17178255319595337,False
200,7,400,0.18934300541877747,False
200,7,405,0.13408473134040833,False
200,8,10,0.24658551812171936,False
200,8,15,0.28916147351264954,False
200,8,20,0.3214631676673889,False
200,8,25,0.32551470398902893,False
200,8,30,0.2201516032218933,False
200,8,35,0.1809825897216797,False
200,8,40,0.3714580237865448,False
200,8,45,0.46161893010139465,False
200,8,50,0.12373022735118866,False
200,8,55,0.294469952583313,False
200,8,60,0.07302297651767731,False
200,8,65,0.7983254194259644,False
200,8,70,0.11696206033229828,False
200,8,75,0.10962395370006561,False
200,8,80,0.11428587883710861,False
200,8,85,0.13759927451610565,False
200,8,90,0.05446140840649605,False
200,8,95,0.29827892780303955,False
200,8,100,1.069894790649414,False
200,8,105,1.0246083736419678,False
200,8,110,0.15612582862377167,False
200,8,115,0.08945654332637787,False
200,8,120,0.05082409828901291,False
200,8,125,0.09239910542964935,False
200,8,130,0.11571856588125229,False
200,8,135,0.07085613906383514,False
200,8,140,0.09271275997161865,False
200,8,145,0.08450178802013397,False
200,8,150,0.20973072946071625,False
200,8,155,0.6157562136650085,False
200,8,160,0.7223390340805054,False
200,8,165,0.13902270793914795,False
200,8,170,0.1443479359149933,False
200,8,175,0.16365185379981995,False
200,8,180,0.1804284006357193,False
200,8,185,0.17277786135673523,False
200,8,190,0.26494231820106506,False
200,8,195,0.06315230578184128,False
200,8,200,0.18088698387145996,False
200,8,205,0.07674406468868256,False
200,8,210,0.14226330816745758,False
200,8,215,0.25980687141418457,False
200,8,220,0.06243462488055229,False
200,8,225,0.23559768497943878,False
200,8,230,1.1837166547775269,False
200,8,235,1.222683072090149,False
200,8,240,1.5206246376037598,False
200,8,245,0.35318928956985474,False
200,8,250,0.1997254192829132,False
200,8,255,0.25813713669776917,False
200,8,260,0.1714145541191101,False
200,8,265,0.2881335914134979,False
200,8,270,0.3284887373447418,False
200,8,275,0.35318803787231445,False
200,8,280,0.2450869232416153,False
200,8,285,0.09204893559217453,False
200,8,290,0.06094404309988022,False
200,8,295,0.10802756249904633,False
200,8,300,0.17634715139865875,False
200,8,305,0.15963570773601532,False
200,8,310,0.16136883199214935,False
200,8,315,0.10331746190786362,False
200,8,320,0.11239559948444366,False
200,8,325,0.1296265572309494,False
200,8,330,0.10695022344589233,False
200,8,335,0.20323216915130615,False
200,8,340,0.20574159920215607,False
200,8,345,0.12841704487800598,False
200,8,350,0.23416557908058167,False
200,8,355,0.0861177146434784,False
200,8,360,0.061336226761341095,False
200,8,365,0.12804952263832092,False
200,8,370,0.07346485555171967,False
200,8,375,0.16808664798736572,False
200,8,380,0.21218515932559967,False
200,8,385,0.1372128576040268,False
200,8,390,0.2168082445859909,False
200,8,395,0.3258343040943146,False
200,8,400,0.24822162091732025,False
200,8,405,0.29451432824134827,False
200,9,10,0.095115527510643,False
200,9,15,0.16663549840450287,False
200,9,20,0.32643258571624756,False
200,9,25,0.3617612421512604,False
200,9,30,0.300881564617157,False
200,9,35,0.4079506993293762,False
200,9,40,0.3394697904586792,False
200,9,45,0.32929790019989014,False
200,9,50,0.2774212956428528,False
200,9,55,0.3500615060329437,False
200,9,60,0.2931888699531555,False
200,9,65,0.2656075954437256,False
200,9,70,0.2364877164363861,False
200,9,75,0.28383803367614746,False
200,9,80,0.27607274055480957,False
200,9,85,0.3416247069835663,False
200,9,90,0.3739577829837799,False
200,9,95,0.3807932138442993,False
200,9,100,0.30456793308258057,False
200,9,105,0.39974820613861084,False
200,9,110,0.3630801737308502,False
200,9,115,0.39420127868652344,False
200,9,120,0.3126010298728943,False
200,9,125,0.34008774161338806,False
200,9,130,0.4098290503025055,False
200,9,135,0.3795531094074249,False
200,9,140,0.4854990541934967,False
200,9,145,0.28207385540008545,False
200,9,150,0.7403056621551514,False
200,9,155,0.5993294715881348,False
200,9,160,0.7285952568054199,False
200,9,165,0.4670146107673645,False
200,9,170,0.4253537952899933,False
200,9,175,1.0026462078094482,False
200,9,180,0.1516726315021515,False
200,9,185,0.4836450517177582,False
200,9,190,0.538881242275238,False
200,9,195,0.6274924874305725,False
200,9,200,0.26495108008384705,False
200,9,205,0.8680621385574341,False
200,9,210,0.8214578032493591,False
200,9,215,0.2980416417121887,False
200,9,220,0.4866504669189453,False
200,9,225,0.26017850637435913,False
200,9,230,0.1949373185634613,False
200,9,235,0.29741281270980835,False
200,9,240,0.5130322575569153,False
200,9,245,0.11449477076530457,False
200,9,250,0.31347137689590454,False
200,9,255,0.42378169298171997,False
200,9,260,0.3073175549507141,False
200,9,265,0.3154214322566986,False
200,9,270,0.44152987003326416,False
200,9,275,0.7025865912437439,False
200,9,280,0.24118320643901825,False
200,9,285,0.1849965751171112,False
200,9,290,0.05985252931714058,False
200,9,295,0.6404988765716553,False
200,9,300,0.40926188230514526,False
200,9,305,0.44064947962760925,False
200,9,310,0.3853220045566559,False
200,9,315,0.5392085313796997,False
200,9,320,0.2551960349082947,False
200,9,325,0.5170408487319946,False
200,9,330,0.42842021584510803,False
200,9,335,0.4420320689678192,False
200,9,340,0.2601638734340668,False
200,9,345,0.18898093700408936,False
200,9,350,0.43396463990211487,False
200,9,355,0.43623125553131104,False
200,9,360,0.504666805267334,False
200,9,365,0.11267779767513275,False
200,9,370,0.09777145087718964,False
200,9,375,0.3601773679256439,False
200,9,380,0.6086814403533936,False
200,9,385,0.11709748208522797,False
200,9,390,0.21088284254074097,False
200,9,395,0.6411646604537964,False
200,9,400,0.19794505834579468,False
200,9,405,0.2750544548034668,False
200,10,10,0.19337163865566254,False
200,10,15,0.2333696186542511,False
200,10,20,0.33208712935447693,False
200,10,25,0.2941942811012268,False
200,10,30,0.2517209053039551,False
200,10,35,0.20361636579036713,False
200,10,40,0.4070124924182892,False
200,10,45,0.4291955828666687,False
200,10,50,0.25214049220085144,False
200,10,55,0.3037029206752777,False
200,10,60,0.12778927385807037,False
200,10,65,0.19597190618515015,False
200,10,70,0.186187282204628,False
200,10,75,0.09781359136104584,False
200,10,80,0.2818955183029175,False
200,10,85,0.5168737173080444,False
200,10,90,0.29740431904792786,False
200,10,95,0.3281032145023346,False
200,10,100,0.11347346007823944,False
200,10,105,0.21319438517093658,False
200,10,110,0.21668852865695953,False
200,10,115,0.2631462514400482,False
200,10,120,0.20965802669525146,False
200,10,125,0.3633681535720825,False
200,10,130,0.34800267219543457,False
200,10,135,0.13191385567188263,False
200,10,140,0.17004328966140747,False
200,10,145,0.0813816711306572,False
200,10,150,0.40174996852874756,False
200,10,155,0.4827287197113037,False
200,10,160,0.5655246376991272,False
200,10,165,0.47482940554618835,False
200,10,170,0.4214252233505249,False
200,10,175,0.43602365255355835,False
200,10,180,0.5737016201019287,False
200,10,185,0.5105095505714417,False
200,10,190,0.3660147786140442,False
200,10,195,0.5155274868011475,False
200,10,200,0.19937187433242798,False
200,10,205,0.33452308177948,False
200,10,210,0.24491581320762634,False
200,10,215,0.11790911853313446,False
200,10,220,0.12769368290901184,False
200,10,225,0.23952436447143555,False
200,10,230,0.09821806848049164,False
200,10,235,0.036927733570337296,False
200,10,240,0.08913347870111465,False
200,10,245,0.04617566987872124,False
200,10,250,0.0964900478720665,False
200,10,255,0.3187952935695648,False
200,10,260,0.5115424990653992,False
200,10,265,0.9662898182868958,False
200,10,270,1.1495400667190552,False
200,10,275,1.146440863609314,False
200,10,280,0.08906137943267822,False
200,10,285,0.05045288801193237,False
200,10,290,0.04276416450738907,False
200,10,295,0.08638737350702286,False
200,10,300,0.06352685391902924,False
200,10,305,0.6081736087799072,False
200,10,310,0.7121138572692871,False
200,10,315,0.14149734377861023,False
200,10,320,0.07271400094032288,False
200,10,325,0.11678391695022583,False
200,10,330,0.09215230494737625,False
200,10,335,0.032897546887397766,False
200,10,340,0.02998262457549572,False
200,10,345,0.10897965729236603,False
200,10,350,0.28706425428390503,False
200,10,355,0.25632521510124207,False
200,10,360,0.3012252151966095,False
200,10,365,0.3248237371444702,False
200,10,370,0.40086114406585693,False
200,10,375,0.31556302309036255,False
200,10,380,0.6977118849754333,False
200,10,385,0.6588802337646484,False
200,10,390,0.48299047350883484,False
200,10,395,0.6269471049308777,False
200,10,400,0.37369269132614136,False
200,10,405,0.4026123285293579,False
200,11,10,0.0880296379327774,False
200,11,15,0.23093150556087494,False
200,11,20,0.4377972185611725,False
200,11,25,0.42730921506881714,False
200,11,30,0.3996337950229645,False
200,11,35,0.5319574475288391,False
200,11,40,0.5999321341514587,False
200,11,45,0.788202702999115,False
200,11,50,0.4798576235771179,False
200,11,55,1.3457478284835815,False
200,11,60,0.46997204422950745,False
200,11,65,0.3979033827781677,False
200,11,70,0.7814070582389832,False
200,11,75,0.39993685483932495,False
200,11,80,1.6664811372756958,False
200,11,85,0.22976356744766235,False
200,11,90,1.9346740245819092,False
200,11,95,0.14566725492477417,False
200,11,100,0.33372849225997925,False
200,11,105,0.3280823528766632,False
200,11,110,0.3872254192829132,False
200,11,115,0.2038075178861618,False
200,11,120,0.23052199184894562,False
200,11,125,0.19981582462787628,False
200,11,130,0.2696378827095032,False
200,11,135,0.34401652216911316,False
200,11,140,0.18258561193943024,False
200,11,145,0.1992035061120987,False
200,11,150,0.2314755916595459,False
200,11,155,0.24334391951560974,False
200,11,160,0.31979843974113464,False
200,11,165,0.14708982408046722,False
200,11,170,0.12176238745450974,False
200,11,175,0.1604139357805252,False
200,11,180,0.3297252953052521,False
200,11,185,0.3000032603740692,False
200,11,190,0.1987019032239914,False
200,11,195,0.09779472649097443,False
200,11,200,0.12441831827163696,False
200,11,205,0.23778271675109863,False
200,11,210,0.28090089559555054,False
200,11,215,0.1890009194612503,False
200,11,220,0.3939778804779053,False
200,11,225,0.2807994484901428,False
200,11,230,0.3869522213935852,False
200,11,235,0.45547378063201904,False
200,11,240,0.37065672874450684,False
200,11,245,0.308492511510849,False
200,11,250,0.27701336145401,False
200,11,255,0.24784967303276062,False
200,11,260,0.3356640040874481,False
200,11,265,0.41158151626586914,False
200,11,270,0.3984697163105011,False
200,11,275,0.32761481404304504,False
200,11,280,0.3536188304424286,False
200,11,285,0.3466259241104126,False
200,11,290,0.33787283301353455,False
200,11,295,0.4577423632144928,False
200,11,300,0.30341657996177673,False
200,11,305,0.35203856229782104,False
200,11,310,0.39978161454200745,False
200,11,315,0.33936652541160583,False
200,11,320,0.3695111572742462,False
200,11,325,0.36186590790748596,False
200,11,330,0.36825376749038696,False
200,11,335,0.481869101524353,False
200,11,340,0.48294201493263245,False
200,11,345,0.2361196130514145,False
200,11,350,0.44968876242637634,False
200,11,355,0.4341565668582916,False
200,11,360,0.3611501455307007,False
200,11,365,0.49333086609840393,False
200,11,370,0.38486409187316895,False
200,11,375,0.34241145849227905,False
200,11,380,0.4704551696777344,False
200,11,385,0.25745758414268494,False
200,11,390,0.4441358149051666,False
200,11,395,0.3807329833507538,False
200,11,400,0.3488906919956207,False
200,11,405,0.3847086727619171,False
200,12,10,0.20025062561035156,False
200,12,15,0.27593210339546204,False
200,12,20,0.4205973744392395,False
200,12,25,0.303532212972641,False
200,12,30,0.16146384179592133,False
200,12,35,0.2421116679906845,False
200,12,40,0.22036290168762207,False
200,12,45,0.3126859664916992,False
200,12,50,0.15181753039360046,False
200,12,55,0.12155275791883469,False
200,12,60,0.17159634828567505,False
200,12,65,0.18636465072631836,False
200,12,70,0.11874010413885117,False
200,12,75,0.1775319129228592,False
200,12,80,0.2673099935054779,False
200,12,85,0.33781898021698,False
200,12,90,0.4537257254123688,False
200,12,95,0.3189356327056885,False
200,12,100,0.4419894516468048,False
200,12,105,0.4209453761577606,False
200,12,110,0.3982450067996979,False
200,12,115,0.3209608197212219,False
200,12,120,0.2787364721298218,False
200,12,125,0.2472844421863556,False
200,12,130,0.22760185599327087,False
200,12,135,0.26010072231292725,False
200,12,140,0.23230820894241333,False
200,12,145,0.25485339760780334,False
200,12,150,0.36703428626060486,False
200,12,155,0.30732813477516174,False
200,12,160,0.2087259739637375,False
200,12,165,0.2444823831319809,False
200,12,170,0.2440170794725418,False
200,12,175,0.11330462247133255,False
200,12,180,0.13774242997169495,False
200,12,185,0.18504734337329865,False
200,12,190,0.17965753376483917,False
200,12,195,0.3752257823944092,False
200,12,200,0.18465963006019592,False
200,12,205,0.1872020661830902,False
200,12,210,0.11854328215122223,False
200,12,215,0.09764669835567474,False
200,12,220,0.2938946783542633,False
200,12,225,0.2503982186317444,False
200,12,230,0.164608895778656,False
200,12,235,0.11240153759717941,False
200,12,240,0.2634509801864624,False
200,12,245,0.17599061131477356,False
200,12,250,0.27684101462364197,False
200,12,255,0.16504012048244476,False
200,12,260,0.275344580411911,False
200,12,265,0.33846747875213623,False
200,12,270,0.1549185812473297,False
200,12,275,0.1339390128850937,False
200,12,280,0.06588256359100342,False
200,12,285,0.38435715436935425,False
200,12,290,0.1998850256204605,False
200,12,295,0.15037497878074646,False
200,12,300,0.1465355008840561,False
200,12,305,0.282467782497406,False
200,12,310,0.2794187366962433,False
200,12,315,0.42469578981399536,False
200,12,320,0.13529625535011292,False
200,12,325,0.1702878475189209,False
200,12,330,0.46918928623199463,False
200,12,335,0.10714849829673767,False
200,12,340,0.05780539661645889,False
200,12,345,0.282646119594574,False
200,12,350,0.1987026035785675,False
200,12,355,0.07036709785461426,False
200,12,360,0.25876277685165405,False
200,12,365,0.3932494819164276,False
200,12,370,0.29694342613220215,False
200,12,375,0.18656818568706512,False
200,12,380,0.21925480663776398,False
200,12,385,0.26509353518486023,False
200,12,390,0.19236725568771362,False
200,12,395,0.21818958222866058,False
200,12,400,0.12769855558872223,False
200,12,405,0.11415193229913712,False
200,13,10,0.08791837841272354,False
200,13,15,0.24606482684612274,False
200,13,20,0.36910319328308105,False
200,13,25,0.4003022313117981,False
200,13,30,0.43942978978157043,False
200,13,35,0.37742602825164795,False
200,13,40,0.447969526052475,False
200,13,45,0.4543054401874542,False
200,13,50,0.4301705062389374,False
200,13,55,0.1864178627729416,False
200,13,60,0.3754342198371887,False
200,13,65,0.5392528772354126,False
200,13,70,0.26429858803749084,False
200,13,75,0.4804650545120239,False
200,13,80,0.5625988841056824,False
200,13,85,0.2497994303703308,False
200,13,90,0.459504097700119,False
200,13,95,0.1688658893108368,False
200,13,100,0.3580992519855499,False
200,13,105,0.043991945683956146,False
200,13,110,0.5371706485748291,False
200,13,115,0.47276076674461365,False
200,13,120,0.45053791999816895,False
200,13,125,0.4450097680091858,False
200,13,130,0.3813241720199585,False
200,13,135,0.4534924030303955,False
200,13,140,0.27149516344070435,False
200,13,145,0.3428804278373718,False
200,13,150,0.5605248808860779,False
200,13,155,0.5524649620056152,False
200,13,160,0.61188143491745,False
200,13,165,0.6161980032920837,False
200,13,170,0.5394061803817749,False
200,13,175,1.3973547220230103,False
200,13,180,0.6435327529907227,False
200,13,185,0.4049193561077118,False
200,13,190,0.4190177619457245,False
200,13,195,0.44692498445510864,False
200,13,200,0.5234778523445129,False
200,13,205,0.4082321524620056,False
200,13,210,0.1935529112815857,False
200,13,215,0.20873025059700012,False
200,13,220,0.2178521603345871,False
200,13,225,0.3919777572154999,False
200,13,230,0.34903186559677124,False
200,13,235,0.26711273193359375,False
200,13,240,0.2434236705303192,False
200,13,245,0.19537362456321716,False
200,13,250,0.2742045819759369,False
200,13,255,0.09843697398900986,False
200,13,260,0.21789859235286713,False
200,13,265,0.2824142873287201,False
200,13,270,0.2365468442440033,False
200,13,275,0.22337917983531952,False
200,13,280,0.3795115053653717,False
200,13,285,0.13812541961669922,False
200,13,290,0.3499087691307068,False
200,13,295,0.2879599928855896,False
200,13,300,0.09779489785432816,False
200,13,305,0.07526898384094238,False
200,13,310,0.2039848119020462,False
200,13,315,0.3718937039375305,False
200,13,320,0.11193186044692993,False
200,13,325,0.1321946531534195,False
200,13,330,0.30052193999290466,False
200,13,335,0.06464903801679611,False
200,13,340,0.15781238675117493,False
200,13,345,0.24171115458011627,False
200,13,350,0.19196154177188873,False
200,13,355,0.19311299920082092,False
200,13,360,0.1403190642595291,False
200,13,365,0.14200304448604584,False
200,13,370,0.15979117155075073,False
200,13,375,0.18136051297187805,False
200,13,380,0.14400508999824524,False
200,13,385,0.14346188306808472,False
200,13,390,0.1702665239572525,False
200,13,395,0.07068769633769989,False
200,13,400,0.16964003443717957,False
200,13,405,0.13313701748847961,False
200,14,10,0.11409862339496613,False
200,14,15,0.28440409898757935,False
200,14,20,0.6008868217468262,False
200,14,25,0.5988385081291199,False
200,14,30,0.5837289094924927,False
200,14,35,0.5398315787315369,False
200,14,40,0.5411609411239624,False
200,14,45,0.4594956338405609,False
200,14,50,0.4529550075531006,False
200,14,55,0.3661237061023712,False
200,14,60,0.26331275701522827,False
200,14,65,0.24249057471752167,False
200,14,70,0.24330918490886688,False
200,14,75,0.3573014438152313,False
200,14,80,0.8601229786872864,False
200,14,85,1.7393486499786377,False
200,14,90,0.28421464562416077,False
200,14,95,0.7952095866203308,False
200,14,100,0.23958715796470642,False
200,14,105,0.45919331908226013,False
200,14,110,0.34751802682876587,False
200,14,115,0.2409289926290512,False
200,14,120,0.33161771297454834,False
200,14,125,0.4978068768978119,False
200,14,130,0.34269019961357117,False
200,14,135,0.35587507486343384,False
200,14,140,0.10076745599508286,False
200,14,145,0.43251922726631165,False
200,14,150,0.32721737027168274,False
200,14,155,0.1987886279821396,False
200,14,160,0.4798605740070343,False
200,14,165,0.42195555567741394,False
200,14,170,0.47625932097435,False
200,14,175,1.2248008251190186,False
200,14,180,0.13126932084560394,False
200,14,185,0.24316106736660004,False
200,14,190,0.2833535373210907,False
200,14,195,0.3751373589038849,False
200,14,200,0.3459530174732208,False
200,14,205,0.225274920463562,False
200,14,210,0.21017767488956451,False
200,14,215,0.2953696846961975,False
200,14,220,0.19478610157966614,False
200,14,225,0.1646701842546463,False
200,14,230,0.2960823178291321,False
200,14,235,0.3306061327457428,False
200,14,240,0.29109880328178406,False
200,14,245,0.16247598826885223,False
200,14,250,0.2947486340999603,False
200,14,255,0.08610129356384277,False
200,14,260,0.23836199939250946,False
200,14,265,0.33376315236091614,False
200,14,270,0.3068965971469879,False
200,14,275,0.41873374581336975,False
200,14,280,0.2792999744415283,False
200,14,285,0.2950076460838318,False
200,14,290,0.33848708868026733,False
200,14,295,0.29067692160606384,False
200,14,300,0.1456604301929474,False
200,14,305,0.22684991359710693,False
200,14,310,0.2490001916885376,False
200,14,315,0.25749796628952026,False
200,14,320,0.19277846813201904,False
200,14,325,0.16988016664981842,False
200,14,330,0.20102117955684662,False
200,14,335,0.25223931670188904,False
200,14,340,0.2548772096633911,False
200,14,345,0.17875982820987701,False
200,14,350,0.31455516815185547,False
200,14,355,0.2505674660205841,False
200,14,360,0.21713952720165253,False
200,14,365,0.31702280044555664,False
200,14,370,0.28551310300827026,False
200,14,375,0.2000238001346588,False
200,14,380,0.2773277461528778,False
200,14,385,0.23144468665122986,False
200,14,390,0.3112107813358307,False
200,14,395,0.36469006538391113,False
200,14,400,0.25996819138526917,False
200,14,405,0.27636855840682983,False
200,15,10,0.2616569697856903,False
200,15,15,0.24437718093395233,False
200,15,20,0.2876926064491272,False
200,15,25,0.12356064468622208,False
200,15,30,0.08250918984413147,False
200,15,35,0.12623809278011322,False
200,15,40,0.09866587072610855,False
200,15,45,0.11101595312356949,False
200,15,50,0.09495015442371368,False
200,15,55,0.12821151316165924,False
200,15,60,0.12371405214071274,False
200,15,65,0.11753300577402115,False
200,15,70,0.07613646239042282,False
200,15,75,0.08250248432159424,False
200,15,80,0.07517938315868378,False
200,15,85,0.13069160282611847,False
200,15,90,0.12460881471633911,False
200,15,95,0.09940128773450851,False
200,15,100,0.08898825198411942,False
200,15,105,0.086443692445755,False
200,15,110,0.1375642716884613,False
200,15,115,0.13165348768234253,False
200,15,120,0.13685688376426697,False
200,15,125,0.15899276733398438,False
200,15,130,0.3497714400291443,False
200,15,135,0.3861956000328064,False
200,15,140,0.7649292349815369,False
200,15,145,0.5137799978256226,False
200,15,150,0.5787065029144287,False
200,15,155,0.6072474122047424,False
200,15,160,0.4450206756591797,False
200,15,165,0.12694746255874634,False
200,15,170,0.17179128527641296,False
200,15,175,0.19400662183761597,False
200,15,180,0.24982644617557526,False
200,15,185,0.16799508035182953,False
200,15,190,0.11132929474115372,False
200,15,195,0.10197281092405319,False
200,15,200,0.20171336829662323,False
200,15,205,0.0630936324596405,False
200,15,210,0.15319038927555084,False
200,15,215,0.05741582438349724,False
200,15,220,0.05766363814473152,False
200,15,225,0.07093343883752823,False
200,15,230,0.14030079543590546,False
200,15,235,0.16999517381191254,False
200,15,240,0.2651100754737854,False
200,15,245,0.3634457290172577,False
200,15,250,0.6099943518638611,False
200,15,255,0.13895146548748016,False
200,15,260,0.07940301299095154,False
200,15,265,0.09870754927396774,False
200,15,270,0.11648328602313995,False
200,15,275,0.09434355795383453,False
200,15,280,0.1125490739941597,False
200,15,285,0.07840882986783981,False
200,15,290,0.07502248138189316,False
200,15,295,0.08119000494480133,False
200,15,300,0.06258981674909592,False
200,15,305,0.9027028679847717,False
200,15,310,0.09276722371578217,False
200,15,315,0.11356603354215622,False
200,15,320,0.4274199903011322,False
200,15,325,0.21400032937526703,False
200,15,330,0.31498804688453674,False
200,15,335,0.4480533301830292,False
200,15,340,0.5464335680007935,False
200,15,345,0.6582083702087402,False
200,15,350,0.5177350044250488,False
200,15,355,0.5620787143707275,False
200,15,360,0.5779110789299011,False
200,15,365,0.6043049693107605,False
200,15,370,0.6029624938964844,False
200,15,375,0.4710196256637573,False
200,15,380,0.5800259113311768,False
200,15,385,0.6226755976676941,False
200,15,390,0.45748794078826904,False
200,15,395,0.3342730700969696,False
200,15,400,0.3522193431854248,False
200,15,405,0.34015515446662903,False
200,16,10,0.14313951134681702,False
200,16,15,0.27307793498039246,False
200,16,20,0.309274286031723,False
200,16,25,0.21704858541488647,False
200,16,30,0.42467615008354187,False
200,16,35,0.29131409525871277,False
200,16,40,0.36915323138237,False
200,16,45,0.28484752774238586,False
200,16,50,0.2010323703289032,False
200,16,55,0.1361939162015915,False
200,16,60,0.36361396312713623,False
200,16,65,0.3066951334476471,False
200,16,70,0.22044311463832855,False
200,16,75,0.07503680139780045,False
200,16,80,0.06167910248041153,False
200,16,85,0.03151017427444458,False
200,16,90,0.05206107720732689,False
200,16,95,0.12497186660766602,False
200,16,100,0.135007843375206,False
200,16,105,0.22131849825382233,False
200,16,110,0.136980801820755,False
200,16,115,0.17179463803768158,False
200,16,120,0.12526282668113708,False
200,16,125,0.07690545916557312,False
200,16,130,0.07673420011997223,False
200,16,135,0.0775749534368515,False
200,16,140,0.07359738647937775,False
200,16,145,0.10568644851446152,False
200,16,150,0.9243270754814148,False
200,16,155,0.02858191542327404,False
200,16,160,0.053122326731681824,False
200,16,165,0.20125606656074524,False
200,16,170,0.10478603839874268,False
200,16,175,0.32102346420288086,False
200,16,180,0.12284862250089645,False
200,16,185,0.1805010586977005,False
200,16,190,0.23373718559741974,False
200,16,195,0.23536647856235504,False
200,16,200,0.36864474415779114,False
200,16,205,0.2678293287754059,False
200,16,210,0.11127398908138275,False
200,16,215,0.1565268486738205,False
200,16,220,0.09575334191322327,False
200,16,225,0.20178575813770294,False
200,16,230,0.11606699973344803,False
200,16,235,0.10281573235988617,False
200,16,240,0.06569858640432358,False
200,16,245,0.054291024804115295,False
200,16,250,0.059679388999938965,False
200,16,255,0.261493444442749,False
200,16,260,0.1310308426618576,False
200,16,265,0.15093311667442322,False
200,16,270,0.2964542508125305,False
200,16,275,0.10533352941274643,False
200,16,280,0.12487230449914932,False
200,16,285,0.19842039048671722,False
200,16,290,0.08232185989618301,False
200,16,295,0.30725279450416565,False
200,16,300,0.4227314591407776,False
200,16,305,0.20509670674800873,False
200,16,310,0.2746347486972809,False
200,16,315,0.1357940286397934,False
200,16,320,0.30728253722190857,False
200,16,325,0.3441399037837982,False
200,16,330,0.1472785323858261,False
200,16,335,0.27182549238204956,False
200,16,340,0.12665794789791107,False
200,16,345,0.3509885370731354,False
200,16,350,0.09308785200119019,False
200,16,355,0.5820303559303284,False
200,16,360,0.2383308857679367,False
200,16,365,0.5772203207015991,False
200,16,370,0.5700541734695435,False
200,16,375,0.4168325960636139,False
200,16,380,0.6490591168403625,False
200,16,385,0.49029335379600525,False
200,16,390,0.3583323359489441,False
200,16,395,0.21372497081756592,False
200,16,400,0.3054788112640381,False
200,16,405,0.16522279381752014,False
200,17,10,0.19810543954372406,False
200,17,15,0.31219011545181274,False
200,17,20,0.40302279591560364,False
200,17,25,0.42209312319755554,False
200,17,30,0.47926223278045654,False
200,17,35,0.48159876465797424,False
200,17,40,0.40981054306030273,False
200,17,45,0.5768357515335083,False
200,17,50,0.5576524138450623,False
200,17,55,0.21825166046619415,False
200,17,60,0.5125976204872131,False
200,17,65,0.3698587119579315,False
200,17,70,0.7883090972900391,False
200,17,75,0.4305969774723053,False
200,17,80,1.6562061309814453,False
200,17,85,0.22176429629325867,False
200,17,90,1.936946988105774,False
200,17,95,1.980358362197876,False
200,17,100,0.34312233328819275,False
200,17,105,0.4700686037540436,False
200,17,110,0.41029515862464905,False
200,17,115,0.27862197160720825,False
200,17,120,0.2741129994392395,False
200,17,125,1.953506588935852,False
200,17,130,1.4693464040756226,False
200,17,135,1.9266172647476196,False
200,17,140,2.0042693614959717,False
200,17,145,0.33436545729637146,False
200,17,150,0.6556075811386108,False
200,17,155,0.510612428188324,False
200,17,160,0.5987362265586853,False
200,17,165,0.5567455887794495,False
200,17,170,0.5532627701759338,False
200,17,175,0.48055917024612427,False
200,17,180,1.9953385591506958,False
200,17,185,0.10646392405033112,False
200,17,190,0.37158751487731934,False
200,17,195,0.4693545699119568,False
200,17,200,0.42815688252449036,False
200,17,205,1.7242251634597778,False
200,17,210,0.8499144911766052,False
200,17,215,1.848835825920105,False
200,17,220,0.34036287665367126,False
200,17,225,0.29198023676872253,False
200,17,230,0.39199888706207275,False
200,17,235,0.3647253215312958,False
200,17,240,2.058061122894287,False
200,17,245,0.1395672708749771,False
200,17,250,0.37308016419410706,False
200,17,255,0.20909883081912994,False
200,17,260,0.23802617192268372,False
200,17,265,0.3815743327140808,False
200,17,270,0.4691973328590393,False
200,17,275,0.3831306993961334,False
200,17,280,0.21676266193389893,False
200,17,285,2.006920576095581,False
200,17,290,0.12268555164337158,False
200,17,295,0.5637584924697876,False
200,17,300,0.2973567545413971,False
200,17,305,0.2921696603298187,False
200,17,310,0.3542006313800812,False
200,17,315,0.3954068720340729,False
200,17,320,0.22372640669345856,False
200,17,325,0.23796789348125458,False
200,17,330,0.19916604459285736,False
200,17,335,0.37432265281677246,False
200,17,340,0.38817697763442993,False
200,17,345,0.19007708132266998,False
200,17,350,0.34561991691589355,False
200,17,355,0.34713801741600037,False
200,17,360,0.32401347160339355,False
200,17,365,0.4526878595352173,False
200,17,370,0.3204571306705475,False
200,17,375,0.3527694046497345,False
200,17,380,0.4602411389350891,False
200,17,385,0.4613010883331299,False
200,17,390,0.34932902455329895,False
200,17,395,1.1263610124588013,False
200,17,400,0.24946171045303345,False
200,17,405,0.5309871435165405,False
200,18,10,0.17902517318725586,False
200,18,15,0.30092543363571167,False
200,18,20,0.38026246428489685,False
200,18,25,0.36098161339759827,False
200,18,30,0.2832444906234741,False
200,18,35,0.42520037293434143,False
200,18,40,0.2946053147315979,False
200,18,45,0.31442463397979736,False
200,18,50,0.31516700983047485,False
200,18,55,0.4108436703681946,False
200,18,60,0.2992788553237915,False
200,18,65,0.35703688859939575,False
200,18,70,0.41165557503700256,False
200,18,75,0.5257808566093445,False
200,18,80,0.34845107793807983,False
200,18,85,0.4680173695087433,False
200,18,90,0.5954763293266296,False
200,18,95,0.5210235118865967,False
200,18,100,0.6334260702133179,False
200,18,105,0.13620136678218842,False
200,18,110,0.5927854776382446,False
200,18,115,0.46186232566833496,False
200,18,120,0.515776515007019,False
200,18,125,0.4642940163612366,False
200,18,130,0.48091980814933777,False
200,18,135,0.7300922870635986,False
200,18,140,0.07729638367891312,False
200,18,145,0.5190832018852234,False
200,18,150,0.7100105285644531,False
200,18,155,0.49532803893089294,False
200,18,160,0.7705584764480591,False
200,18,165,0.42745620012283325,False
200,18,170,0.41257619857788086,False
200,18,175,1.3826652765274048,False
200,18,180,0.4629516899585724,False
200,18,185,0.5905320048332214,False
200,18,190,0.3746536374092102,False
200,18,195,0.5527440309524536,False
200,18,200,0.29622629284858704,False
200,18,205,0.32360348105430603,False
200,18,210,0.5495882034301758,False
200,18,215,0.5635815858840942,False
200,18,220,0.26853451132774353,False
200,18,225,0.3526504337787628,False
200,18,230,0.5473451614379883,False
200,18,235,0.5269531607627869,False
200,18,240,0.4280218482017517,False
200,18,245,0.4669816792011261,False
200,18,250,0.24852292239665985,False
200,18,255,0.5481603145599365,False
200,18,260,0.2370373159646988,False
200,18,265,0.445873886346817,False
200,18,270,0.3724164664745331,False
200,18,275,0.4130249619483948,False
200,18,280,0.6208699345588684,False
200,18,285,0.106167271733284,False
200,18,290,0.19605576992034912,False
200,18,295,0.16324198246002197,False
200,18,300,0.10553351044654846,False
200,18,305,0.0995369702577591,False
200,18,310,0.10979870706796646,False
200,18,315,0.1521897315979004,False
200,18,320,0.11324852705001831,False
200,18,325,0.08695892989635468,False
200,18,330,0.3017476499080658,False
200,18,335,0.1638123095035553,False
200,18,340,0.14512085914611816,False
200,18,345,0.19694560766220093,False
200,18,350,0.12187721580266953,False
200,18,355,0.14821481704711914,False
200,18,360,0.2249361276626587,False
200,18,365,0.23003941774368286,False
200,18,370,0.4478396773338318,False
200,18,375,0.22951872646808624,False
200,18,380,0.22606314718723297,False
200,18,385,0.23945525288581848,False
200,18,390,0.10984272509813309,False
200,18,395,0.18401356041431427,False
200,18,400,0.1395689696073532,False
200,18,405,0.17381048202514648,False
200,19,10,0.13816270232200623,False
200,19,15,0.30571576952934265,False
200,19,20,0.3890914022922516,False
200,19,25,0.4090844392776489,False
200,19,30,0.4325442910194397,False
200,19,35,0.5242190361022949,False
200,19,40,0.5838373303413391,False
200,19,45,0.7804026007652283,False
200,19,50,0.6947360038757324,False
200,19,55,0.17900969088077545,False
200,19,60,0.4483991861343384,False
200,19,65,0.8688780069351196,False
200,19,70,0.5619775056838989,False
200,19,75,0.4789058566093445,False
200,19,80,0.5629910826683044,False
200,19,85,0.8505232930183411,False
200,19,90,2.0160679817199707,False
200,19,95,2.0746450424194336,False
200,19,100,0.16625355184078217,False
200,19,105,0.13135217130184174,False
200,19,110,1.3824281692504883,False
200,19,115,1.9793310165405273,False
200,19,120,1.9880810976028442,False
200,19,125,1.912483811378479,False
200,19,130,1.6423090696334839,False
200,19,135,1.424476146697998,False
200,19,140,0.5444499254226685,False
200,19,145,0.366679847240448,False
200,19,150,2.0486505031585693,False
200,19,155,1.9748841524124146,False
200,19,160,2.0022876262664795,False
200,19,165,1.2459310293197632,False
200,19,170,1.7221713066101074,False
200,19,175,0.32542991638183594,False
200,19,180,1.997754693031311,False
200,19,185,1.9749280214309692,False
200,19,190,0.1797303557395935,False
200,19,195,0.2675003111362457,False
200,19,200,0.24124528467655182,False
200,19,205,0.23990219831466675,False
200,19,210,0.1573161482810974,False
200,19,215,0.12901471555233002,False
200,19,220,0.14705589413642883,False
200,19,225,0.20383836328983307,False
200,19,230,0.4008215665817261,False
200,19,235,0.4916064441204071,False
200,19,240,0.3719492554664612,False
200,19,245,0.31388577818870544,False
200,19,250,0.26504507660865784,False
200,19,255,0.35278546810150146,False
200,19,260,0.2477249950170517,False
200,19,265,0.3417215049266815,False
200,19,270,0.37116295099258423,False
200,19,275,0.396732896566391,False
200,19,280,0.3355174958705902,False
200,19,285,0.28620830178260803,False
200,19,290,0.32524195313453674,False
200,19,295,0.3831062316894531,False
200,19,300,0.17151696979999542,False
200,19,305,0.30576810240745544,False
200,19,310,0.26263418793678284,False
200,19,315,0.4468788802623749,False
200,19,320,0.32918545603752136,False
200,19,325,0.3433246612548828,False
200,19,330,0.5635994076728821,False
200,19,335,0.4032982289791107,False
200,19,340,0.2693851888179779,False
200,19,345,0.3631720244884491,False
200,19,350,0.24406187236309052,False
200,19,355,0.23066213726997375,False
200,19,360,0.32523325085639954,False
200,19,365,0.4223131537437439,False
200,19,370,0.4361546039581299,False
200,19,375,0.31847307085990906,False
200,19,380,0.34312769770622253,False
200,19,385,0.3161441385746002,False
200,19,390,0.27057841420173645,False
200,19,395,0.3285398483276367,False
200,19,400,0.25990617275238037,False
200,19,405,0.29463616013526917,False
200,20,10,0.16700872778892517,False
200,20,15,0.2768087685108185,False
200,20,20,0.35800009965896606,False
200,20,25,0.2527947425842285,False
200,20,30,0.17544341087341309,False
200,20,35,0.24798133969306946,False
200,20,40,0.17064882814884186,False
200,20,45,0.2015533596277237,False
200,20,50,0.175521120429039,False
200,20,55,0.21288831532001495,False
200,20,60,0.2288994938135147,False
200,20,65,0.24001500010490417,False
200,20,70,0.14955104887485504,False
200,20,75,0.292296826839447,False
200,20,80,0.23379778861999512,False
200,20,85,0.29808667302131653,False
200,20,90,0.36740753054618835,False
200,20,95,0.31466007232666016,False
200,20,100,0.30472439527511597,False
200,20,105,0.4570838212966919,False
200,20,110,0.4803164601325989,False
200,20,115,0.4657858610153198,False
200,20,120,0.4850202798843384,False
200,20,125,0.395352840423584,False
200,20,130,0.43607988953590393,False
200,20,135,0.441879540681839,False
200,20,140,0.20196451246738434,False
200,20,145,0.400086373090744,False
200,20,150,0.42718562483787537,False
200,20,155,0.4156038761138916,False
200,20,160,0.4374397099018097,False
200,20,165,0.22680428624153137,False
200,20,170,0.13854049146175385,False
200,20,175,0.13666307926177979,False
200,20,180,0.2297906130552292,False
200,20,185,0.24479125440120697,False
200,20,190,0.2706666886806488,False
200,20,195,0.330426424741745,False
200,20,200,0.18220937252044678,False
200,20,205,0.15481047332286835,False
200,20,210,0.06226819008588791,False
200,20,215,0.04180096834897995,False
200,20,220,0.16585130989551544,False
200,20,225,0.12226708233356476,False
200,20,230,0.09334434568881989,False
200,20,235,0.14431719481945038,False
200,20,240,0.31271135807037354,False
200,20,245,0.3383023738861084,False
200,20,250,0.17446695268154144,False
200,20,255,0.23884329199790955,False
200,20,260,0.2872755527496338,False
200,20,265,0.2494925707578659,False
200,20,270,0.11440089344978333,False
200,20,275,0.16429685056209564,False
200,20,280,0.17872217297554016,False
200,20,285,0.39942795038223267,False
200,20,290,0.14819882810115814,False
200,20,295,0.1013040691614151,False
200,20,300,0.1073843464255333,False
200,20,305,0.21595457196235657,False
200,20,310,0.21666954457759857,False
200,20,315,0.26899999380111694,False
200,20,320,0.13059048354625702,False
200,20,325,0.25799986720085144,False
200,20,330,0.31608206033706665,False
200,20,335,0.11755574494600296,False
200,20,340,0.17736680805683136,False
200,20,345,0.3031674027442932,False
200,20,350,0.1792788952589035,False
200,20,355,0.15895892679691315,False
200,20,360,0.316182017326355,False
200,20,365,0.32161134481430054,False
200,20,370,0.3440430462360382,False
200,20,375,0.15775543451309204,False
200,20,380,0.25866347551345825,False
200,20,385,0.13068503141403198,False
200,20,390,0.12570635974407196,False
200,20,395,0.2504050135612488,False
200,20,400,0.13244348764419556,False
200,20,405,0.06465241312980652,False
200,21,10,0.06417690217494965,False
200,21,15,0.2448378950357437,False
200,21,20,0.518753707408905,False
200,21,25,0.4711804986000061,False
200,21,30,0.4852830469608307,False
200,21,35,0.5991629362106323,False
200,21,40,0.5095927119255066,False
200,21,45,0.6867640018463135,False
200,21,50,0.3072297275066376,False
200,21,55,0.17185980081558228,False
200,21,60,0.37779590487480164,False
200,21,65,0.5181233286857605,False
200,21,70,0.4503030478954315,False
200,21,75,0.5440241098403931,False
200,21,80,0.5149665474891663,False
200,21,85,1.209930181503296,False
200,21,90,0.24189063906669617,False
200,21,95,0.22705858945846558,False
200,21,100,0.4639330208301544,False
200,21,105,0.3426145017147064,False
200,21,110,0.39083385467529297,False
200,21,115,0.38927987217903137,False
200,21,120,0.37538519501686096,False
200,21,125,0.3604036569595337,False
200,21,130,0.44768062233924866,False
200,21,135,0.4077918827533722,False
200,21,140,0.33225876092910767,False
200,21,145,0.36373060941696167,False
200,21,150,0.42127567529678345,False
200,21,155,0.36732959747314453,False
200,21,160,0.4881400167942047,False
200,21,165,0.40080422163009644,False
200,21,170,0.280035138130188,False
200,21,175,0.8403232097625732,False
200,21,180,0.11317040026187897,False
200,21,185,0.3477581739425659,False
200,21,190,0.1428782343864441,False
200,21,195,0.559470534324646,False
200,21,200,0.3479962944984436,False
200,21,205,0.4174753725528717,False
200,21,210,0.2970782220363617,False
200,21,215,0.1694275587797165,False
200,21,220,0.2046668976545334,False
200,21,225,0.36431217193603516,False
200,21,230,0.44968268275260925,False
200,21,235,0.5051946043968201,False
200,21,240,0.413152277469635,False
200,21,245,0.49385160207748413,False
200,21,250,0.3637178838253021,False
200,21,255,0.3122420310974121,False
200,21,260,0.3228556215763092,False
200,21,265,0.28704920411109924,False
200,21,270,0.3006742596626282,False
200,21,275,0.35253193974494934,False
200,21,280,0.9677198529243469,False
200,21,285,0.17827610671520233,False
200,21,290,0.30120110511779785,False
200,21,295,0.533568799495697,False
200,21,300,0.29703444242477417,False
200,21,305,0.20538438856601715,False
200,21,310,0.13717037439346313,False
200,21,315,0.5232005715370178,False
200,21,320,0.2884635329246521,False
200,21,325,0.336605042219162,False
200,21,330,0.5534700155258179,False
200,21,335,0.3900757431983948,False
200,21,340,0.447177529335022,False
200,21,345,0.37120553851127625,False
200,21,350,0.29945406317710876,False
200,21,355,0.30292052030563354,False
200,21,360,0.2387225180864334,False
200,21,365,0.30203935503959656,False
200,21,370,0.2293136715888977,False
200,21,375,0.3582116365432739,False
200,21,380,0.2899864614009857,False
200,21,385,0.3163013160228729,False
200,21,390,0.1730295717716217,False
200,21,395,0.17497499287128448,False
200,21,400,0.21358521282672882,False
200,21,405,0.2524186074733734,False
200,22,10,0.1812002956867218,False
200,22,15,0.27730032801628113,False
200,22,20,0.3859021067619324,False
200,22,25,0.3292713761329651,False
200,22,30,0.3569985330104828,False
200,22,35,0.31497299671173096,False
200,22,40,0.5342215299606323,False
200,22,45,0.7343559265136719,False
200,22,50,0.7150359749794006,False
200,22,55,0.5509302616119385,False
200,22,60,0.41554296016693115,False
200,22,65,0.30932095646858215,False
200,22,70,0.2830672264099121,False
200,22,75,0.2977423369884491,False
200,22,80,0.2234233170747757,False
200,22,85,0.30191293358802795,False
200,22,90,0.18742085993289948,False
200,22,95,0.23540295660495758,False
200,22,100,0.3313280940055847,False
200,22,105,0.3755306005477905,False
200,22,110,0.33253714442253113,False
200,22,115,0.3435361087322235,False
200,22,120,0.3135201334953308,False
200,22,125,0.31485715508461,False
200,22,130,0.29987984895706177,False
200,22,135,0.2133011817932129,False
200,22,140,0.3111919164657593,False
200,22,145,0.3353111147880554,False
200,22,150,0.3425365090370178,False
200,22,155,0.24383002519607544,False
200,22,160,0.2485978603363037,False
200,22,165,0.3431370258331299,False
200,22,170,0.32534268498420715,False
200,22,175,0.29969602823257446,False
200,22,180,0.26999613642692566,False
200,22,185,0.32636743783950806,False
200,22,190,0.2673168182373047,False
200,22,195,0.30232396721839905,False
200,22,200,0.27851974964141846,False
200,22,205,0.31450483202934265,False
200,22,210,0.37186986207962036,False
200,22,215,0.41292065382003784,False
200,22,220,0.43972301483154297,False
200,22,225,0.2833937704563141,False
200,22,230,0.4306604862213135,False
200,22,235,0.44636446237564087,False
200,22,240,0.3773582875728607,False
200,22,245,0.30423665046691895,False
200,22,250,0.256222128868103,False
200,22,255,0.32874780893325806,False
200,22,260,0.2700597941875458,False
200,22,265,0.3247285783290863,False
200,22,270,0.3642946183681488,False
200,22,275,0.4560205638408661,False
200,22,280,0.8495646119117737,False
200,22,285,0.313021183013916,False
200,22,290,0.2711998224258423,False
200,22,295,0.3191315829753876,False
200,22,300,0.25884419679641724,False
200,22,305,0.17078948020935059,False
200,22,310,0.19577664136886597,False
200,22,315,0.2882314622402191,False
200,22,320,0.23396144807338715,False
200,22,325,0.2736263871192932,False
200,22,330,0.2500467002391815,False
200,22,335,0.3465060591697693,False
200,22,340,0.3209192156791687,False
200,22,345,0.44477131962776184,False
200,22,350,0.30879026651382446,False
200,22,355,0.288970947265625,False
200,22,360,0.29834410548210144,False
200,22,365,0.3843114674091339,False
200,22,370,0.3050936162471771,False
200,22,375,0.2276240736246109,False
200,22,380,0.3582754135131836,False
200,22,385,0.18187454342842102,False
200,22,390,0.22478234767913818,False
200,22,395,0.3259758949279785,False
200,22,400,0.2915666997432709,False
200,22,405,0.25407835841178894,False
200,23,10,0.09858182817697525,False
200,23,15,0.27589496970176697,False
200,23,20,0.4537576138973236,False
200,23,25,0.43348070979118347,False
200,23,30,0.49657708406448364,False
200,23,35,0.5246639251708984,False
200,23,40,0.579771101474762,False
200,23,45,0.49609559774398804,False
200,23,50,0.8542034029960632,False
200,23,55,0.3452877998352051,False
200,23,60,0.48541730642318726,False
200,23,65,0.5838387608528137,False
200,23,70,0.36732879281044006,False
200,23,75,0.4165451228618622,False
200,23,80,0.46808043122291565,False
200,23,85,1.843390941619873,False
200,23,90,0.8744397163391113,False
200,23,95,0.42355766892433167,False
200,23,100,0.4064374268054962,False
200,23,105,0.5630818605422974,False
200,23,110,0.5001860857009888,False
200,23,115,0.3406185805797577,False
200,23,120,0.44909408688545227,False
200,23,125,0.4064508080482483,False
200,23,130,0.5310721397399902,False
200,23,135,0.42844513058662415,False
200,23,140,0.5996121168136597,False
200,23,145,0.451516330242157,False
200,23,150,0.5362741947174072,False
200,23,155,0.5612213015556335,False
200,23,160,0.5183500051498413,False
200,23,165,0.3105977773666382,False
200,23,170,0.2673899829387665,False
200,23,175,1.6641591787338257,False
200,23,180,0.4882556200027466,False
200,23,185,0.5402309894561768,False
200,23,190,0.5348305106163025,False
200,23,195,0.9237167835235596,False
200,23,200,0.26570144295692444,False
200,23,205,0.27168944478034973,False
200,23,210,0.4359072744846344,False
200,23,215,0.2563142478466034,False
200,23,220,1.3495961427688599,False
200,23,225,1.6383802890777588,False
200,23,230,0.3705568015575409,False
200,23,235,0.2680647671222687,False
200,23,240,1.591066837310791,False
200,23,245,0.5196410417556763,False
200,23,250,1.5283695459365845,False
200,23,255,0.11843094229698181,False
200,23,260,0.30023106932640076,False
200,23,265,0.2643274962902069,False
200,23,270,0.2647824287414551,False
200,23,275,0.3332170248031616,False
200,23,280,0.20980340242385864,False
200,23,285,0.08985910564661026,False
200,23,290,0.2615478038787842,False
200,23,295,0.283733069896698,False
200,23,300,0.10948310047388077,False
200,23,305,0.20143984258174896,False
200,23,310,0.21212109923362732,False
200,23,315,0.23033079504966736,False
200,23,320,0.1822490096092224,False
200,23,325,0.16167600452899933,False
200,23,330,0.13562585413455963,False
200,23,335,0.21959742903709412,False
200,23,340,0.41982582211494446,False
200,23,345,0.24182835221290588,False
200,23,350,0.2935498058795929,False
200,23,355,0.3668903112411499,False
200,23,360,0.4116843044757843,False
200,23,365,0.5945628881454468,False
200,23,370,0.29356029629707336,False
200,23,375,0.24193550646305084,False
200,23,380,0.37650057673454285,False
200,23,385,0.5049017071723938,False
200,23,390,0.45274120569229126,False
200,23,395,0.31725752353668213,False
200,23,400,0.2202971875667572,False
200,23,405,0.5830718874931335,False
200,24,10,0.04839915782213211,False
200,24,15,0.22194810211658478,False
200,24,20,0.4214450418949127,False
200,24,25,0.4794609248638153,False
200,24,30,0.4570186138153076,False
200,24,35,0.558387041091919,False
200,24,40,0.6945686936378479,False
200,24,45,0.6768203377723694,False
200,24,50,0.4568539559841156,False
200,24,55,0.1708400994539261,False
200,24,60,0.6592297554016113,False
200,24,65,0.5998364686965942,False
200,24,70,0.17221519351005554,False
200,24,75,0.23012875020503998,False
200,24,80,0.33342960476875305,False
200,24,85,1.2971075773239136,False
200,24,90,0.24216629564762115,False
200,24,95,0.25298720598220825,False
200,24,100,0.27707773447036743,False
200,24,105,0.3832027018070221,False
200,24,110,0.3056055009365082,False
200,24,115,0.28957048058509827,False
200,24,120,0.2631445527076721,False
200,24,125,0.2782747447490692,False
200,24,130,0.3717552423477173,False
200,24,135,0.27618181705474854,False
200,24,140,0.412331223487854,False
200,24,145,0.21332615613937378,False
200,24,150,0.34580618143081665,False
200,24,155,0.32113397121429443,False
200,24,160,0.34413689374923706,False
200,24,165,0.3268584907054901,False
200,24,170,0.31307971477508545,False
200,24,175,1.6957271099090576,False
200,24,180,0.4872828722000122,False
200,24,185,0.35393476486206055,False
200,24,190,0.31997498869895935,False
200,24,195,0.36467334628105164,False
200,24,200,0.3582761883735657,False
200,24,205,0.30726736783981323,False
200,24,210,0.23314164578914642,False
200,24,215,0.13536563515663147,False
200,24,220,0.22139398753643036,False
200,24,225,0.4079436957836151,False
200,24,230,0.19379682838916779,False
200,24,235,0.14589262008666992,False
200,24,240,0.2159421592950821,False
200,24,245,0.42588213086128235,False
200,24,250,0.3676242232322693,False
200,24,255,0.19592627882957458,False
200,24,260,0.2773243188858032,False
200,24,265,0.5033416748046875,False
200,24,270,0.3971054255962372,False
200,24,275,0.38463783264160156,False
200,24,280,0.44261112809181213,False
200,24,285,0.22466589510440826,False
200,24,290,0.29160621762275696,False
200,24,295,0.3802091181278229,False
200,24,300,0.21221870183944702,False
200,24,305,0.34050115942955017,False
200,24,310,0.22127601504325867,False
200,24,315,0.17819859087467194,False
200,24,320,0.3318934440612793,False
200,24,325,0.3355155289173126,False
200,24,330,0.14712540805339813,False
200,24,335,0.21145842969417572,False
200,24,340,0.29970452189445496,False
200,24,345,0.3309561312198639,False
200,24,350,0.19550500810146332,False
200,24,355,0.276131272315979,False
200,24,360,0.4209381937980652,False
200,24,365,0.4394100308418274,False
200,24,370,0.35597681999206543,False
200,24,375,0.24365587532520294,False
200,24,380,0.46603286266326904,False
200,24,385,0.3996927738189697,False
200,24,390,0.4084630310535431,False
200,24,395,0.35999417304992676,False
200,24,400,0.18869401514530182,False
200,24,405,0.21165965497493744,False
200,25,10,0.0773027166724205,False
200,25,15,0.20341959595680237,False
200,25,20,0.3897174894809723,False
200,25,25,0.4298979341983795,False
200,25,30,0.4453660249710083,False
200,25,35,0.6505757570266724,False
200,25,40,0.8094266653060913,False
200,25,45,0.5459184050559998,False
200,25,50,0.5982531309127808,False
200,25,55,0.4536426365375519,False
200,25,60,0.34465479850769043,False
200,25,65,0.3702106177806854,False
200,25,70,0.4722609221935272,False
200,25,75,0.5577895641326904,False
200,25,80,0.3820313811302185,False
200,25,85,1.829378366470337,False
200,25,90,0.2592368423938751,False
200,25,95,0.2479042261838913,False
200,25,100,0.5470643043518066,False
200,25,105,0.3966517448425293,False
200,25,110,0.5209855437278748,False
200,25,115,0.5555688738822937,False
200,25,120,0.48341163992881775,False
200,25,125,0.3686501979827881,False
200,25,130,0.5602918267250061,False
200,25,135,0.428264319896698,False
200,25,140,0.33816105127334595,False
200,25,145,0.3364775478839874,False
200,25,150,0.5540991425514221,False
200,25,155,0.4481969475746155,False
200,25,160,0.47629496455192566,False
200,25,165,0.5073983073234558,False
200,25,170,0.24067509174346924,False
200,25,175,0.11667873710393906,False
200,25,180,0.20441998541355133,False
200,25,185,1.5426887273788452,False
200,25,190,0.31870895624160767,False
200,25,195,0.27647265791893005,False
200,25,200,0.30455267429351807,False
200,25,205,0.35135993361473083,False
200,25,210,0.25095081329345703,False
200,25,215,0.42011791467666626,False
200,25,220,0.2103203684091568,False
200,25,225,0.2382425218820572,False
200,25,230,0.3297867476940155,False
200,25,235,0.23468710482120514,False
200,25,240,0.31823602318763733,False
200,25,245,0.4130389392375946,False
200,25,250,0.362091064453125,False
200,25,255,0.13512811064720154,False
200,25,260,0.281230628490448,False
200,25,265,0.3282824456691742,False
200,25,270,0.4479466676712036,False
200,25,275,0.4899143576622009,False
200,25,280,0.41846638917922974,False
200,25,285,0.24410364031791687,False
200,25,290,0.48980480432510376,False
200,25,295,0.6072620153427124,False
200,25,300,0.37965303659439087,False
200,25,305,0.35590845346450806,False
200,25,310,0.28516897559165955,False
200,25,315,0.3930121660232544,False
200,25,320,0.36568793654441833,False
200,25,325,0.29703813791275024,False
200,25,330,0.5635329484939575,False
200,25,335,0.4951758086681366,False
200,25,340,0.40499627590179443,False
200,25,345,0.3560918867588043,False
200,25,350,0.4042969048023224,False
200,25,355,0.47806304693222046,False
200,25,360,0.5373140573501587,False
200,25,365,0.4491751790046692,False
200,25,370,0.3882721960544586,False
200,25,375,0.1953420341014862,False
200,25,380,0.23569922149181366,False
200,25,385,0.33683541417121887,False
200,25,390,0.25982019305229187,False
200,25,395,0.5592432618141174,False
200,25,400,0.32535645365715027,False
200,25,405,0.25565096735954285,False
200,26,10,0.22572200000286102,False
200,26,15,0.271230548620224,False
200,26,20,0.3503780961036682,False
200,26,25,0.27536553144454956,False
200,26,30,0.14233095943927765,False
200,26,35,0.19134621322155,False
200,26,40,0.23171637952327728,False
200,26,45,0.28360509872436523,False
200,26,50,0.20989097654819489,False
200,26,55,0.19844023883342743,False
200,26,60,0.23231634497642517,False
200,26,65,0.23253750801086426,False
200,26,70,0.12683522701263428,False
200,26,75,0.20963561534881592,False
200,26,80,0.2694953382015228,False
200,26,85,0.5150192379951477,False
200,26,90,0.5393335819244385,False
200,26,95,0.3735283613204956,False
200,26,100,0.4986201524734497,False
200,26,105,0.47570890188217163,False
200,26,110,0.6195525527000427,False
200,26,115,0.4985693395137787,False
200,26,120,0.5313693881034851,False
200,26,125,0.455891877412796,False
200,26,130,0.5664341449737549,False
200,26,135,0.5952001810073853,False
200,26,140,0.2232923060655594,False
200,26,145,0.44005462527275085,False
200,26,150,0.6589617133140564,False
200,26,155,0.43861252069473267,False
200,26,160,0.5915006399154663,False
200,26,165,0.3765578866004944,False
200,26,170,0.3477778434753418,False
200,26,175,1.2155113220214844,False
200,26,180,0.6120118498802185,False
200,26,185,0.5504227876663208,False
200,26,190,0.39018094539642334,False
200,26,195,0.63954758644104,False
200,26,200,0.3225337862968445,False
200,26,205,0.3665800988674164,False
200,26,210,0.5067782998085022,False
200,26,215,0.3857135772705078,False
200,26,220,0.2634800374507904,False
200,26,225,0.3055538237094879,False
200,26,230,0.4013272821903229,False
200,26,235,0.2028295397758484,False
200,26,240,0.16109859943389893,False
200,26,245,0.18751095235347748,False
200,26,250,0.3502441644668579,False
200,26,255,0.3655356466770172,False
200,26,260,0.24959644675254822,False
200,26,265,0.43856194615364075,False
200,26,270,0.20598919689655304,False
200,26,275,0.21383056044578552,False
200,26,280,0.8638268113136292,False
200,26,285,0.345302551984787,False
200,26,290,0.22748281061649323,False
200,26,295,0.29144784808158875,False
200,26,300,1.0738286972045898,False
200,26,305,0.3795909881591797,False
200,26,310,0.43980997800827026,False
200,26,315,1.1469964981079102,False
200,26,320,0.17750254273414612,False
200,26,325,0.1268565058708191,False
200,26,330,1.6928805112838745,False
200,26,335,0.14201702177524567,False
200,26,340,0.42937588691711426,False
200,26,345,0.7538265585899353,False
200,26,350,1.1216950416564941,False
200,26,355,1.1517667770385742,False
200,26,360,0.23335668444633484,False
200,26,365,0.4058927595615387,False
200,26,370,1.2076871395111084,False
200,26,375,0.21725042164325714,False
200,26,380,1.4758086204528809,False
200,26,385,0.8322340250015259,False
200,26,390,1.4467756748199463,False
200,26,395,1.3914039134979248,False
200,26,400,1.3413149118423462,False
200,26,405,0.4631640911102295,False
200,27,10,0.10540566593408585,False
200,27,15,0.25849953293800354,False
200,27,20,0.36961954832077026,False
200,27,25,0.36560380458831787,False
200,27,30,0.3974349796772003,False
200,27,35,0.5035411715507507,False
200,27,40,0.6035076975822449,False
200,27,45,0.7355341911315918,False
200,27,50,0.697860836982727,False
200,27,55,0.3727864623069763,False
200,27,60,0.5507776737213135,False
200,27,65,0.44786205887794495,False
200,27,70,0.34379056096076965,False
200,27,75,0.4089221954345703,False
200,27,80,0.4753018617630005,False
200,27,85,0.19361571967601776,False
200,27,90,1.9448611736297607,False
200,27,95,0.13432832062244415,False
200,27,100,0.1855674535036087,False
200,27,105,0.09678438305854797,False
200,27,110,0.35881659388542175,False
200,27,115,0.16721029579639435,False
200,27,120,0.17289867997169495,False
200,27,125,0.16884413361549377,False
200,27,130,0.34752926230430603,False
200,27,135,0.43001270294189453,False
200,27,140,0.41514670848846436,False
200,27,145,0.27863189578056335,False
200,27,150,0.281948983669281,False
200,27,155,0.39663124084472656,False
200,27,160,0.409888356924057,False
200,27,165,0.19420917332172394,False
200,27,170,0.1239239051938057,False
200,27,175,0.18382030725479126,False
200,27,180,0.49001285433769226,False
200,27,185,0.47379985451698303,False
200,27,190,0.5348421931266785,False
200,27,195,0.4593545198440552,False
200,27,200,0.15486781299114227,False
200,27,205,0.14044852554798126,False
200,27,210,0.35336729884147644,False
200,27,215,0.3556655943393707,False
200,27,220,0.1259695291519165,False
200,27,225,0.4019540846347809,False
200,27,230,0.22012625634670258,False
200,27,235,0.1724875569343567,False
200,27,240,0.14447873830795288,False
200,27,245,0.5393627285957336,False
200,27,250,0.13800500333309174,False
200,27,255,0.45579540729522705,False
200,27,260,0.18178951740264893,False
200,27,265,0.1439206749200821,False
200,27,270,0.28608810901641846,False
200,27,275,0.2182491421699524,False
200,27,280,0.43564000725746155,False
200,27,285,0.4643735885620117,False
200,27,290,0.5354931950569153,False
200,27,295,0.5023728013038635,False
200,27,300,0.34215766191482544,False
200,27,305,0.10859343409538269,False
200,27,310,0.11190687865018845,False
200,27,315,0.25444304943084717,False
200,27,320,0.18182671070098877,False
200,27,325,0.17179451882839203,False
200,27,330,0.5504924058914185,False
200,27,335,0.3440331220626831,False
200,27,340,0.2382628470659256,False
200,27,345,0.486073762178421,False
200,27,350,0.21428492665290833,False
200,27,355,0.15117467939853668,False
200,27,360,0.4330935478210449,False
200,27,365,0.32409539818763733,False
200,27,370,0.49138137698173523,False
200,27,375,0.2612304091453552,False
200,27,380,0.3072831630706787,False
200,27,385,0.3571804463863373,False
200,27,390,0.23781302571296692,False
200,27,395,0.4022233188152313,False
200,27,400,0.19830037653446198,False
200,27,405,0.18205881118774414,False
200,28,10,0.09823085367679596,False
200,28,15,0.2608485519886017,False
200,28,20,0.39096421003341675,False
200,28,25,0.34344831109046936,False
200,28,30,0.3422582745552063,False
200,28,35,0.3413853943347931,False
200,28,40,0.34410539269447327,False
200,28,45,0.40679609775543213,False
200,28,50,0.4609798491001129,False
200,28,55,0.12914790213108063,False
200,28,60,1.4193572998046875,False
200,28,65,0.8391498327255249,False
200,28,70,1.4015551805496216,False
200,28,75,1.6583181619644165,False
200,28,80,1.6937984228134155,False
200,28,85,0.23752984404563904,False
200,28,90,1.966118574142456,False
200,28,95,2.0370001792907715,False
200,28,100,0.4051150381565094,False
200,28,105,0.5289621949195862,False
200,28,110,1.374773383140564,False
200,28,115,0.2954140603542328,False
200,28,120,0.27203568816185,False
200,28,125,1.051013708114624,False
200,28,130,0.3330394923686981,False
200,28,135,0.23029257357120514,False
200,28,140,0.3337601125240326,False
200,28,145,0.25615641474723816,False
200,28,150,0.4388108253479004,False
200,28,155,1.9791682958602905,False
200,28,160,0.5071306824684143,False
200,28,165,0.46351033449172974,False
200,28,170,0.43275994062423706,False
200,28,175,0.43465059995651245,False
200,28,180,1.995975136756897,False
200,28,185,0.04009038209915161,False
200,28,190,0.12399064749479294,False
200,28,195,0.381492555141449,False
200,28,200,0.38776129484176636,False
200,28,205,0.31686246395111084,False
200,28,210,0.27619484066963196,False
200,28,215,0.3565572500228882,False
200,28,220,0.22784937918186188,False
200,28,225,0.13431581854820251,False
200,28,230,0.3508129417896271,False
200,28,235,0.3112182021141052,False
200,28,240,0.3558059632778168,False
200,28,245,0.33481544256210327,False
200,28,250,0.24718666076660156,False
200,28,255,0.2042011320590973,False
200,28,260,0.23847748339176178,False
200,28,265,0.1189960390329361,False
200,28,270,0.1933005154132843,False
200,28,275,0.15855547785758972,False
200,28,280,0.16718772053718567,False
200,28,285,0.3021104037761688,False
200,28,290,0.18240922689437866,False
200,28,295,0.06508201360702515,False
200,28,300,0.11518639326095581,False
200,28,305,0.1175103634595871,False
200,28,310,0.19850754737854004,False
200,28,315,0.1464708000421524,False
200,28,320,0.18268094956874847,False
200,28,325,0.23315833508968353,False
200,28,330,0.37571969628334045,False
200,28,335,0.10480842739343643,False
200,28,340,0.1170973852276802,False
200,28,345,0.31620901823043823,False
200,28,350,0.1401260942220688,False
200,28,355,0.07141684740781784,False
200,28,360,0.3573976457118988,False
200,28,365,0.31460699439048767,False
200,28,370,0.4531271755695343,False
200,28,375,0.34012356400489807,False
200,28,380,0.3014976680278778,False
200,28,385,0.39427098631858826,False
200,28,390,0.3942406475543976,False
200,28,395,0.3688826262950897,False
200,28,400,0.15265509486198425,False
200,28,405,0.14847378432750702,False
200,29,10,0.22030271589756012,False
200,29,15,0.29777392745018005,False
200,29,20,0.3730340600013733,False
200,29,25,0.332672119140625,False
200,29,30,0.1547340452671051,False
200,29,35,0.2530547082424164,False
200,29,40,0.3083571493625641,False
200,29,45,0.30976855754852295,False
200,29,50,0.25049889087677,False
200,29,55,0.20249468088150024,False
200,29,60,0.32903340458869934,False
200,29,65,0.2722684144973755,False
200,29,70,0.11803212761878967,False
200,29,75,0.2788446545600891,False
200,29,80,0.15099658071994781,False
200,29,85,0.1579539179801941,False
200,29,90,0.17661987245082855,False
200,29,95,0.3180675506591797,False
200,29,100,0.1775861531496048,False
200,29,105,0.31124719977378845,False
200,29,110,0.20543096959590912,False
200,29,115,0.08055168390274048,False
200,29,120,0.15621626377105713,False
200,29,125,0.07953307777643204,False
200,29,130,0.12545639276504517,False
200,29,135,0.19759520888328552,False
200,29,140,0.1737377792596817,False
200,29,145,0.14070089161396027,False
200,29,150,0.17478838562965393,False
200,29,155,0.20563317835330963,False
200,29,160,0.21972134709358215,False
200,29,165,0.11763922870159149,False
200,29,170,0.1806241124868393,False
200,29,175,0.19656828045845032,False
200,29,180,0.31125569343566895,False
200,29,185,0.2896162271499634,False
200,29,190,0.19241856038570404,False
200,29,195,0.33287960290908813,False
200,29,200,0.08960216492414474,False
200,29,205,0.1868927925825119,False
200,29,210,0.24603910744190216,False
200,29,215,0.22280143201351166,False
200,29,220,0.11704861372709274,False
200,29,225,0.10660422593355179,False
200,29,230,0.10273600369691849,False
200,29,235,0.13180837035179138,False
200,29,240,0.1525319665670395,False
200,29,245,0.09155993908643723,False
200,29,250,0.10920381546020508,False
200,29,255,0.26249459385871887,False
200,29,260,0.09351731836795807,False
200,29,265,0.16336746513843536,False
200,29,270,0.14256639778614044,False
200,29,275,0.09671111404895782,False
200,29,280,0.08108409494161606,False
200,29,285,0.2763925790786743,False
200,29,290,0.2212798148393631,False
200,29,295,0.18355724215507507,False
200,29,300,1.0988976955413818,False
200,29,305,1.9121966361999512,False
200,29,310,1.27242910861969,False
200,29,315,0.21611927449703217,False
200,29,320,0.500786542892456,False
200,29,325,0.16455258429050446,False
200,29,330,0.12059526145458221,False
200,29,335,0.1239241361618042,False
200,29,340,0.08685172349214554,False
200,29,345,0.05405619367957115,False
200,29,350,0.11116907000541687,False
200,29,355,0.08151492476463318,False
200,29,360,0.250406950712204,False
200,29,365,0.7334849834442139,False
200,29,370,0.4981921315193176,False
200,29,375,0.22290386259555817,False
200,29,380,0.4773835837841034,False
200,29,385,0.43018463253974915,False
200,29,390,0.37444478273391724,False
200,29,395,0.44673579931259155,False
200,29,400,0.23743604123592377,False
200,29,405,0.1598414182662964,False
200,30,10,0.2455672323703766,False
200,30,15,0.2968333661556244,False
200,30,20,0.3156825006008148,False
200,30,25,0.08094078302383423,False
200,30,30,0.1222686916589737,False
200,30,35,0.10670650750398636,False
200,30,40,0.08749605715274811,False
200,30,45,0.07183745503425598,False
200,30,50,0.08226938545703888,False
200,30,55,0.25128427147865295,False
200,30,60,0.14360789954662323,False
200,30,65,0.1195678785443306,False
200,30,70,0.16369172930717468,False
200,30,75,0.09795589745044708,False
200,30,80,0.1551538109779358,False
200,30,85,0.18665458261966705,False
200,30,90,0.16328653693199158,False
200,30,95,0.3024193346500397,False
200,30,100,0.23657894134521484,False
200,30,105,0.1532946676015854,False
200,30,110,0.11667995899915695,False
200,30,115,0.09644782543182373,False
200,30,120,0.1114189475774765,False
200,30,125,0.047203171998262405,False
200,30,130,0.021483512595295906,False
200,30,135,0.09654606878757477,False
200,30,140,0.15242083370685577,False
200,30,145,0.18668235838413239,False
200,30,150,0.1931026130914688,False
200,30,155,0.11421369016170502,False
200,30,160,0.048426225781440735,False
200,30,165,0.05117391049861908,False
200,30,170,0.07834719121456146,False
200,30,175,0.08128279447555542,False
200,30,180,0.1258172243833542,False
200,30,185,0.08088982105255127,False
200,30,190,0.040726564824581146,False
200,30,195,0.08982645720243454,False
200,30,200,0.11602652817964554,False
200,30,205,0.16016952693462372,False
200,30,210,0.4352057874202728,False
200,30,215,0.5858504772186279,False
200,30,220,0.3980620205402374,False
200,30,225,0.44578245282173157,False
200,30,230,0.5649384260177612,False
200,30,235,0.312631219625473,False
200,30,240,0.11410949379205704,False
200,30,245,0.16715945303440094,False
200,30,250,0.2526870667934418,False
200,30,255,0.28296107053756714,False
200,30,260,0.10813320428133011,False
200,30,265,0.20469880104064941,False
200,30,270,0.23152677714824677,False
200,30,275,0.179046630859375,False
200,30,280,0.09529194980859756,False
200,30,285,1.5754756927490234,False
200,30,290,1.4291309118270874,False
200,30,295,0.07755306363105774,False
200,30,300,0.2169649302959442,False
200,30,305,0.2275753766298294,False
200,30,310,0.23077824711799622,False
200,30,315,0.33717262744903564,False
200,30,320,0.2384205460548401,False
200,30,325,0.15482699871063232,False
200,30,330,0.33000460267066956,False
200,30,335,0.3354339599609375,False
200,30,340,0.4406145215034485,False
200,30,345,0.3002302944660187,False
200,30,350,0.2152988165616989,False
200,30,355,0.3510299026966095,False
200,30,360,0.41495373845100403,False
200,30,365,0.5275959968566895,False
200,30,370,0.23357421159744263,False
200,30,375,0.296032190322876,False
200,30,380,0.477448433637619,False
200,30,385,0.3531814217567444,False
200,30,390,0.30625924468040466,False
200,30,395,0.1788136512041092,False
200,30,400,0.2073705494403839,False
200,30,405,0.4825344383716583,False
200,31,10,0.06787669658660889,False
200,31,15,0.17446959018707275,False
200,31,20,0.2681066393852234,False
200,31,25,0.29531052708625793,False
200,31,30,0.30765455961227417,False
200,31,35,0.3124937117099762,False
200,31,40,0.2250290960073471,False
200,31,45,0.20554904639720917,False
200,31,50,0.1797284036874771,False
200,31,55,0.29427316784858704,False
200,31,60,0.23986463248729706,False
200,31,65,0.26254037022590637,False
200,31,70,0.23381079733371735,False
200,31,75,0.27534252405166626,False
200,31,80,0.2165025919675827,False
200,31,85,0.20242954790592194,False
200,31,90,0.18584296107292175,False
200,31,95,0.16515806317329407,False
200,31,100,0.17428770661354065,False
200,31,105,0.23733961582183838,False
200,31,110,0.12225800007581711,False
200,31,115,0.09476946294307709,False
200,31,120,0.134776309132576,False
200,31,125,0.10762669891119003,False
200,31,130,0.1143125519156456,False
200,31,135,0.21284538507461548,False
200,31,140,0.1724519580602646,False
200,31,145,0.11400026082992554,False
200,31,150,0.25268346071243286,False
200,31,155,0.25062498450279236,False
200,31,160,0.3464156687259674,False
200,31,165,0.21546733379364014,False
200,31,170,0.25016525387763977,False
200,31,175,0.7601667046546936,False
200,31,180,0.20250754058361053,False
200,31,185,0.290382444858551,False
200,31,190,0.3416239619255066,False
200,31,195,0.2108558863401413,False
200,31,200,0.1664709448814392,False
200,31,205,0.20634141564369202,False
200,31,210,0.18355344235897064,False
200,31,215,0.15817448496818542,False
200,31,220,0.19942277669906616,False
200,31,225,0.18341441452503204,False
200,31,230,0.10189661383628845,False
200,31,235,0.10689286887645721,False
200,31,240,0.2500317394733429,False
200,31,245,0.2079315483570099,False
200,31,250,0.23498868942260742,False
200,31,255,0.28201374411582947,False
200,31,260,0.2344619631767273,False
200,31,265,0.29710519313812256,False
200,31,270,0.2321631759405136,False
200,31,275,0.30229929089546204,False
200,31,280,0.10015755146741867,False
200,31,285,0.41358083486557007,False
200,31,290,0.2454632818698883,False
200,31,295,0.13614098727703094,False
200,31,300,0.21580085158348083,False
200,31,305,0.24593311548233032,False
200,31,310,0.25712427496910095,False
200,31,315,0.25631260871887207,False
200,31,320,0.20177233219146729,False
200,31,325,0.34899020195007324,False
200,31,330,0.42373350262641907,False
200,31,335,0.08176974207162857,False
200,31,340,0.14384596049785614,False
200,31,345,0.3926483392715454,False
200,31,350,0.1896049529314041,False
200,31,355,0.17704901099205017,False
200,31,360,0.28665420413017273,False
200,31,365,0.3405430316925049,False
200,31,370,0.39834949374198914,False
200,31,375,0.39611563086509705,False
200,31,380,0.36846548318862915,False
200,31,385,0.35324811935424805,False
200,31,390,0.38306689262390137,False
200,31,395,0.36661842465400696,False
200,31,400,0.1431865096092224,False
200,31,405,0.22833074629306793,False
200,32,10,0.06932568550109863,False
200,32,15,0.1955181509256363,False
200,32,20,0.27133312821388245,False
200,32,25,0.354051798582077,False
200,32,30,0.253085732460022,False
200,32,35,0.23636558651924133,False
200,32,40,0.2475777566432953,False
200,32,45,0.31951504945755005,False
200,32,50,0.29894715547561646,False
200,32,55,0.311867356300354,False
200,32,60,0.3354118764400482,False
200,32,65,0.42950475215911865,False
200,32,70,0.3261425495147705,False
200,32,75,0.17055027186870575,False
200,32,80,0.27346453070640564,False
200,32,85,0.3619028627872467,False
200,32,90,0.12750567495822906,False
200,32,95,0.18338051438331604,False
200,32,100,0.06186036393046379,False
200,32,105,0.10670832544565201,False
200,32,110,0.08605946600437164,False
200,32,115,0.13169993460178375,False
200,32,120,0.11833363026380539,False
200,32,125,0.05249970033764839,False
200,32,130,0.0427008792757988,False
200,32,135,0.15563224256038666,False
200,32,140,0.23650987446308136,False
200,32,145,0.14848199486732483,False
200,32,150,0.14617836475372314,False
200,32,155,0.12850327789783478,False
200,32,160,0.08373305201530457,False
200,32,165,0.028938239440321922,False
200,32,170,0.04344428330659866,False
200,32,175,0.03906218707561493,False
200,32,180,0.08227311819791794,False
200,32,185,0.10434307903051376,False
200,32,190,0.0555838905274868,False
200,32,195,0.03235236927866936,False
200,32,200,0.1286720484495163,False
200,32,205,0.13100573420524597,False
200,32,210,0.8626026511192322,False
200,32,215,0.41400882601737976,False
200,32,220,0.8309476375579834,False
200,32,225,0.16100181639194489,False
200,32,230,0.48986101150512695,False
200,32,235,0.46985530853271484,False
200,32,240,0.21532703936100006,False
200,32,245,0.3068462014198303,False
200,32,250,0.5309309363365173,False
200,32,255,0.13010835647583008,False
200,32,260,0.19874517619609833,False
200,32,265,0.2228904515504837,False
200,32,270,0.3889617919921875,False
200,32,275,0.14854474365711212,False
200,32,280,0.42598047852516174,False
200,32,285,0.18298527598381042,False
200,32,290,0.13070639967918396,False
200,32,295,0.2380591481924057,False
200,32,300,0.25940361618995667,False
200,32,305,0.36469465494155884,False
200,32,310,0.17703700065612793,False
200,32,315,0.33791670203208923,False
200,32,320,0.23683953285217285,False
200,32,325,0.11906014382839203,False
200,32,330,1.0674996376037598,False
200,32,335,0.11867412179708481,False
200,32,340,0.13229715824127197,False
200,32,345,0.18974624574184418,False
200,32,350,0.19751819968223572,False
200,32,355,0.24895882606506348,False
200,32,360,0.263565331697464,False
200,32,365,0.34025561809539795,False
200,32,370,0.06899140775203705,False
200,32,375,0.11322855949401855,False
200,32,380,0.16475766897201538,False
200,32,385,0.32525092363357544,False
200,32,390,0.22893689572811127,False
200,32,395,0.31234028935432434,False
200,32,400,0.24784202873706818,False
200,32,405,0.24871590733528137,False
200,33,10,0.06889694184064865,False
200,33,15,0.2630462050437927,False
200,33,20,0.45548197627067566,False
200,33,25,0.44994476437568665,False
200,33,30,0.39409705996513367,False
200,33,35,0.42425909638404846,False
200,33,40,0.4601762890815735,False
200,33,45,0.4949997663497925,False
200,33,50,0.7117589712142944,False
200,33,55,0.4322543442249298,False
200,33,60,0.42901933193206787,False
200,33,65,0.3649219870567322,False
200,33,70,0.36161571741104126,False
200,33,75,0.34630128741264343,False
200,33,80,0.48355454206466675,False
200,33,85,0.16621768474578857,False
200,33,90,0.19183571636676788,False
200,33,95,0.40379151701927185,False
200,33,100,0.29316967725753784,False
200,33,105,0.5935045480728149,False
200,33,110,0.29710620641708374,False
200,33,115,0.1553816944360733,False
200,33,120,0.1390937864780426,False
200,33,125,0.26247015595436096,False
200,33,130,0.1964510828256607,False
200,33,135,0.09877923130989075,False
200,33,140,0.4126626253128052,False
200,33,145,0.20197373628616333,False
200,33,150,0.5629450082778931,False
200,33,155,0.5031406879425049,False
200,33,160,0.4792229235172272,False
200,33,165,0.4466964602470398,False
200,33,170,0.3312728703022003,False
200,33,175,1.1879889965057373,False
200,33,180,0.30108705163002014,False
200,33,185,0.38301268219947815,False
200,33,190,0.4187822639942169,False
200,33,195,0.5120137333869934,False
200,33,200,0.31075766682624817,False
200,33,205,0.3506123721599579,False
200,33,210,0.31876295804977417,False
200,33,215,0.28759410977363586,False
200,33,220,0.21161048114299774,False
200,33,225,0.15573857724666595,False
200,33,230,0.46423324942588806,False
200,33,235,0.4897588789463043,False
200,33,240,0.5148218274116516,False
200,33,245,0.23373036086559296,False
200,33,250,0.282808780670166,False
200,33,255,0.2262895405292511,False
200,33,260,0.3674371838569641,False
200,33,265,0.36408597230911255,False
200,33,270,0.41019898653030396,False
200,33,275,0.4936956465244293,False
200,33,280,0.44739747047424316,False
200,33,285,0.4634411036968231,False
200,33,290,0.44834306836128235,False
200,33,295,0.31994011998176575,False
200,33,300,0.31846094131469727,False
200,33,305,0.3010805547237396,False
200,33,310,0.3287501633167267,False
200,33,315,0.4450075626373291,False
200,33,320,0.3092970550060272,False
200,33,325,0.34970489144325256,False
200,33,330,0.4445560574531555,False
200,33,335,0.21683982014656067,False
200,33,340,0.3559281527996063,False
200,33,345,0.32456135749816895,False
200,33,350,0.26586538553237915,False
200,33,355,0.4484861195087433,False
200,33,360,0.41236889362335205,False
200,33,365,0.4259091317653656,False
200,33,370,0.33092814683914185,False
200,33,375,0.24054692685604095,False
200,33,380,0.053112782537937164,False
200,33,385,0.05007348954677582,False
200,33,390,0.15925051271915436,False
200,33,395,0.061540063470602036,False
200,33,400,0.10473567247390747,False
200,33,405,0.14823158085346222,False
200,34,10,0.12204010039567947,False
200,34,15,0.30517905950546265,False
200,34,20,0.44167080521583557,False
200,34,25,0.3617253005504608,False
200,34,30,0.3742524981498718,False
200,34,35,0.3309876620769501,False
200,34,40,0.3545236587524414,False
200,34,45,0.40566518902778625,False
200,34,50,0.3767034411430359,False
200,34,55,0.28323718905448914,False
200,34,60,0.3017658591270447,False
200,34,65,0.4943665564060211,False
200,34,70,1.3659988641738892,False
200,34,75,0.8447556495666504,False
200,34,80,1.7163976430892944,False
200,34,85,0.21855227649211884,False
200,34,90,1.9376943111419678,False
200,34,95,0.2165105938911438,False
200,34,100,0.119254931807518,False
200,34,105,0.082028828561306,False
200,34,110,0.30816519260406494,False
200,34,115,1.8387596607208252,False
200,34,120,1.6020537614822388,False
200,34,125,1.820805311203003,False
200,34,130,0.17403382062911987,False
200,34,135,1.3042110204696655,False
200,34,140,1.6930967569351196,False
200,34,145,0.2407006323337555,False
200,34,150,0.3378058969974518,False
200,34,155,1.1130270957946777,False
200,34,160,0.8463556170463562,False
200,34,165,0.3364253044128418,False
200,34,170,0.3207843601703644,False
200,34,175,0.939794659614563,False
200,34,180,0.10500919073820114,False
200,34,185,0.06317373365163803,False
200,34,190,0.3177499771118164,False
200,34,195,0.3065519332885742,False
200,34,200,0.33701616525650024,False
200,34,205,0.25057849287986755,False
200,34,210,0.18765436112880707,False
200,34,215,0.22428376972675323,False
200,34,220,0.20431022346019745,False
200,34,225,0.1509983092546463,False
200,34,230,0.2532174289226532,False
200,34,235,0.25355610251426697,False
200,34,240,0.313509076833725,False
200,34,245,0.15067164599895477,False
200,34,250,0.25162196159362793,False
200,34,255,0.13879266381263733,False
200,34,260,0.2080826461315155,False
200,34,265,0.19298551976680756,False
200,34,270,0.17791876196861267,False
200,34,275,0.23664326965808868,False
200,34,280,0.09062088280916214,False
200,34,285,0.19260857999324799,False
200,34,290,0.12081235647201538,False
200,34,295,0.38519102334976196,False
200,34,300,0.18014365434646606,False
200,34,305,0.05337372049689293,False
200,34,310,0.11371638625860214,False
200,34,315,0.13701294362545013,False
200,34,320,0.11090679466724396,False
200,34,325,0.36329400539398193,False
200,34,330,0.17437036335468292,False
200,34,335,0.30707699060440063,False
200,34,340,0.3384722173213959,False
200,34,345,0.2239488810300827,False
200,34,350,0.2886052131652832,False
200,34,355,0.22694939374923706,False
200,34,360,0.20348334312438965,False
200,34,365,0.24285531044006348,False
200,34,370,0.271547794342041,False
200,34,375,0.2633700966835022,False
200,34,380,0.2539757788181305,False
200,34,385,0.2276756912469864,False
200,34,390,0.19259041547775269,False
200,34,395,0.19535739719867706,False
200,34,400,0.18169666826725006,False
200,34,405,0.2367514967918396,False
200,35,10,0.24021492898464203,False
200,35,15,0.3353446424007416,False
200,35,20,0.45567798614501953,False
200,35,25,0.41492557525634766,False
200,35,30,0.2936953902244568,False
200,35,35,0.33300527930259705,False
200,35,40,0.522321879863739,False
200,35,45,0.451682984828949,False
200,35,50,0.348533570766449,False
200,35,55,0.4200671315193176,False
200,35,60,0.4726707935333252,False
200,35,65,0.5047386884689331,False
200,35,70,0.38324496150016785,False
200,35,75,0.5243759155273438,False
200,35,80,0.5492493510246277,False
200,35,85,0.6231417655944824,False
200,35,90,0.5362169146537781,False
200,35,95,0.6904733180999756,False
200,35,100,0.6689372062683105,False
200,35,105,0.28976908326148987,False
200,35,110,0.6964678168296814,False
200,35,115,0.6117266416549683,False
200,35,120,0.5664292573928833,False
200,35,125,0.6475639343261719,False
200,35,130,0.4308004081249237,False
200,35,135,0.73228520154953,False
200,35,140,0.1349954605102539,False
200,35,145,0.7668737769126892,False
200,35,150,0.7331371903419495,False
200,35,155,0.5873581767082214,False
200,35,160,0.8117420077323914,False
200,35,165,0.5494319796562195,False
200,35,170,0.38347819447517395,False
200,35,175,0.957703709602356,False
200,35,180,0.8688461184501648,False
200,35,185,0.8581939935684204,False
200,35,190,0.5749927163124084,False
200,35,195,0.4344545304775238,False
200,35,200,0.5527747869491577,False
200,35,205,0.7380132675170898,False
200,35,210,0.9225577712059021,False
200,35,215,0.8461223840713501,False
200,35,220,0.5458231568336487,False
200,35,225,0.3674272298812866,False
200,35,230,0.8599697947502136,False
200,35,235,0.7877848148345947,False
200,35,240,0.7215545773506165,False
200,35,245,0.3378066122531891,False
200,35,250,0.7650721073150635,False
200,35,255,0.8877090215682983,False
200,35,260,0.2435186803340912,False
200,35,265,0.45826780796051025,False
200,35,270,0.6765036582946777,False
200,35,275,0.45743972063064575,False
200,35,280,0.5267083048820496,False
200,35,285,0.1677830070257187,False
200,35,290,0.6643356084823608,False
200,35,295,0.8179638385772705,False
200,35,300,0.32708969712257385,False
200,35,305,0.46519678831100464,False
200,35,310,0.5852825045585632,False
200,35,315,0.7686412930488586,False
200,35,320,0.5755361318588257,False
200,35,325,0.2467339187860489,False
200,35,330,0.11790405213832855,False
200,35,335,0.4738161265850067,False
200,35,340,0.4436572194099426,False
200,35,345,0.24703001976013184,False
200,35,350,0.12629568576812744,False
200,35,355,0.2839958667755127,False
200,35,360,0.30852168798446655,False
200,35,365,0.44168445467948914,False
200,35,370,0.16755910217761993,False
200,35,375,0.19461560249328613,False
200,35,380,0.3763309717178345,False
200,35,385,0.29975229501724243,False
200,35,390,0.14356756210327148,False
200,35,395,0.23621433973312378,False
200,35,400,0.15321339666843414,False
200,35,405,0.27150940895080566,False
200,36,10,0.1176048144698143,False
200,36,15,0.25612130761146545,False
200,36,20,0.4083500802516937,False
200,36,25,0.33706265687942505,False
200,36,30,0.25729212164878845,False
200,36,35,0.21942342817783356,False
200,36,40,0.2376752644777298,False
200,36,45,0.30974891781806946,False
200,36,50,0.19479341804981232,False
200,36,55,0.2539101839065552,False
200,36,60,0.21641701459884644,False
200,36,65,0.2248571366071701,False
200,36,70,0.1874438375234604,False
200,36,75,0.22667130827903748,False
200,36,80,0.2404082715511322,False
200,36,85,0.3420615494251251,False
200,36,90,0.4617595076560974,False
200,36,95,0.24798652529716492,False
200,36,100,0.305548757314682,False
200,36,105,0.19119416177272797,False
200,36,110,0.193560391664505,False
200,36,115,0.20533260703086853,False
200,36,120,0.22682000696659088,False
200,36,125,0.2062329649925232,False
200,36,130,0.2692987024784088,False
200,36,135,0.3024117350578308,False
200,36,140,0.37540537118911743,False
200,36,145,0.19441652297973633,False
200,36,150,0.348005473613739,False
200,36,155,0.2947802245616913,False
200,36,160,0.3993658721446991,False
200,36,165,0.21408717334270477,False
200,36,170,0.2221580445766449,False
200,36,175,0.17472587525844574,False
200,36,180,0.2693949043750763,False
200,36,185,0.22410526871681213,False
200,36,190,0.2561597228050232,False
200,36,195,0.4500272870063782,False
200,36,200,0.16530832648277283,False
200,36,205,0.1281614601612091,False
200,36,210,0.07443241775035858,False
200,36,215,0.058794982731342316,False
200,36,220,0.10313138365745544,False
200,36,225,0.31431034207344055,False
200,36,230,0.06320789456367493,False
200,36,235,0.07363343983888626,False
200,36,240,0.15371474623680115,False
200,36,245,0.396978497505188,False
200,36,250,0.16135241091251373,False
200,36,255,0.4333079159259796,False
200,36,260,0.09074936807155609,False
200,36,265,0.121272511780262,False
200,36,270,0.19927451014518738,False
200,36,275,0.19477853178977966,False
200,36,280,0.3653140068054199,False
200,36,285,0.31177064776420593,False
200,36,290,0.17276431620121002,False
200,36,295,0.1770874559879303,False
200,36,300,0.17458942532539368,False
200,36,305,0.34020674228668213,False
200,36,310,0.23320093750953674,False
200,36,315,0.45047450065612793,False
200,36,320,0.3010818660259247,False
200,36,325,0.15247566998004913,False
200,36,330,0.4989147484302521,False
200,36,335,0.20305827260017395,False
200,36,340,0.10734663903713226,False
200,36,345,0.3785925507545471,False
200,36,350,0.0497576929628849,False
200,36,355,0.1642499417066574,False
200,36,360,0.2875444293022156,False
200,36,365,0.26442426443099976,False
200,36,370,0.23319093883037567,False
200,36,375,0.12130898982286453,False
200,36,380,0.29297345876693726,False
200,36,385,0.290751188993454,False
200,36,390,0.24351172149181366,False
200,36,395,0.28125274181365967,False
200,36,400,0.14495401084423065,False
200,36,405,0.14611215889453888,False
200,37,10,0.0923224687576294,False
200,37,15,0.30216270685195923,False
200,37,20,0.5255517959594727,False
200,37,25,0.46765628457069397,False
200,37,30,0.5057104229927063,False
200,37,35,0.5675315856933594,False
200,37,40,0.5650182962417603,False
200,37,45,0.524946391582489,False
200,37,50,0.5846039056777954,False
200,37,55,0.2173197716474533,False
200,37,60,0.4853121340274811,False
200,37,65,0.4686749577522278,False
200,37,70,0.22672803699970245,False
200,37,75,0.35665425658226013,False
200,37,80,0.37366893887519836,False
200,37,85,1.2402323484420776,False
200,37,90,0.22189614176750183,False
200,37,95,0.3296377658843994,False
200,37,100,0.38575804233551025,False
200,37,105,0.45187675952911377,False
200,37,110,0.3298276364803314,False
200,37,115,0.3965791165828705,False
200,37,120,0.4840453565120697,False
200,37,125,0.2868087887763977,False
200,37,130,0.322845458984375,False
200,37,135,0.24726635217666626,False
200,37,140,0.20645134150981903,False
200,37,145,0.23880448937416077,False
200,37,150,0.35504430532455444,False
200,37,155,0.11770500987768173,False
200,37,160,0.4061669111251831,False
200,37,165,0.3561672270298004,False
200,37,170,0.3250078558921814,False
200,37,175,1.1048725843429565,False
200,37,180,0.04208133742213249,False
200,37,185,0.35617905855178833,False
200,37,190,0.18162010610103607,False
200,37,195,0.051458220928907394,False
200,37,200,0.2544633746147156,False
200,37,205,0.29054027795791626,False
200,37,210,0.2865936756134033,False
200,37,215,0.2083689272403717,False
200,37,220,0.20227931439876556,False
200,37,225,0.1798485517501831,False
200,37,230,0.2717539072036743,False
200,37,235,0.2854607105255127,False
200,37,240,0.4804440140724182,False
200,37,245,0.2515038847923279,False
200,37,250,0.3987509608268738,False
200,37,255,0.1845649629831314,False
200,37,260,0.33074793219566345,False
200,37,265,0.4043096601963043,False
200,37,270,0.3475865423679352,False
200,37,275,0.40885129570961,False
200,37,280,0.3222600817680359,False
200,37,285,0.371528297662735,False
200,37,290,0.39826396107673645,False
200,37,295,0.4844822883605957,False
200,37,300,0.3275497257709503,False
200,37,305,0.30596625804901123,False
200,37,310,0.22198142111301422,False
200,37,315,0.1956101655960083,False
200,37,320,0.3248749077320099,False
200,37,325,0.16415221989154816,False
200,37,330,0.43928539752960205,False
200,37,335,0.38926905393600464,False
200,37,340,0.4389338195323944,False
200,37,345,0.3075942397117615,False
200,37,350,0.19761206209659576,False
200,37,355,0.2927500605583191,False
200,37,360,0.3379000723361969,False
200,37,365,0.3313625156879425,False
200,37,370,0.33180713653564453,False
200,37,375,0.3086484670639038,False
200,37,380,0.16270166635513306,False
200,37,385,0.1971554458141327,False
200,37,390,0.18881051242351532,False
200,37,395,0.12142583727836609,False
200,37,400,0.07921146601438522,False
200,37,405,0.08141868561506271,False
200,38,10,0.12844829261302948,False
200,38,15,0.20826318860054016,False
200,38,20,0.3550157845020294,False
200,38,25,0.30348899960517883,False
200,38,30,0.24787399172782898,False
200,38,35,0.1723710149526596,False
200,38,40,0.10855699330568314,False
200,38,45,0.2191404104232788,False
200,38,50,0.08147668838500977,False
200,38,55,0.21578814089298248,False
200,38,60,0.2364911288022995,False
200,38,65,0.29727697372436523,False
200,38,70,0.13622143864631653,False
200,38,75,0.17907653748989105,False
200,38,80,0.31772059202194214,False
200,38,85,0.5301815271377563,False
200,38,90,0.5403606295585632,False
200,38,95,0.08997044712305069,False
200,38,100,0.08997561782598495,False
200,38,105,0.12508070468902588,False
200,38,110,0.07143186032772064,False
200,38,115,0.1289743185043335,False
200,38,120,0.1397477686405182,False
200,38,125,0.11487043648958206,False
200,38,130,0.1784428358078003,False
200,38,135,0.17254537343978882,False
200,38,140,0.6548224687576294,False
200,38,145,0.32929709553718567,False
200,38,150,0.5925950407981873,False
200,38,155,0.606833815574646,False
200,38,160,0.5396516919136047,False
200,38,165,0.5878746509552002,False
200,38,170,0.5303938388824463,False
200,38,175,0.5864124894142151,False
200,38,180,0.4520725607872009,False
200,38,185,0.39963775873184204,False
200,38,190,0.24682752788066864,False
200,38,195,0.15244819223880768,False
200,38,200,0.20864315330982208,False
200,38,205,0.3783867359161377,False
200,38,210,0.3113006055355072,False
200,38,215,0.15787121653556824,False
200,38,220,0.22529174387454987,False
200,38,225,0.3994233310222626,False
200,38,230,0.19374309480190277,False
200,38,235,0.30943161249160767,False
200,38,240,0.26370149850845337,False
200,38,245,0.5617225170135498,False
200,38,250,0.2727999985218048,False
200,38,255,0.3459159731864929,False
200,38,260,0.19630327820777893,False
200,38,265,0.13377107679843903,False
200,38,270,0.20499706268310547,False
200,38,275,0.1035938560962677,False
200,38,280,0.18943311274051666,False
200,38,285,0.21728992462158203,False
200,38,290,0.11607231199741364,False
200,38,295,0.07298807054758072,False
200,38,300,0.18983274698257446,False
200,38,305,0.317463219165802,False
200,38,310,0.17822016775608063,False
200,38,315,0.3238108158111572,False
200,38,320,0.21721242368221283,False
200,38,325,0.08727957308292389,False
200,38,330,0.3305644989013672,False
200,38,335,0.22976550459861755,False
200,38,340,0.11579249054193497,False
200,38,345,0.1938917636871338,False
200,38,350,0.13212481141090393,False
200,38,355,0.14324858784675598,False
200,38,360,0.2349909245967865,False
200,38,365,0.28073206543922424,False
200,38,370,0.2827962040901184,False
200,38,375,0.16663259267807007,False
200,38,380,0.20648810267448425,False
200,38,385,0.16111646592617035,False
200,38,390,0.12155620753765106,False
200,38,395,0.22063851356506348,False
200,38,400,0.11839859932661057,False
200,38,405,0.10960129648447037,False
200,39,10,0.2312806397676468,False
200,39,15,0.3045377731323242,False
200,39,20,0.36159321665763855,False
200,39,25,0.3394322991371155,False
200,39,30,0.2955560088157654,False
200,39,35,0.46668538451194763,False
200,39,40,0.5031046867370605,False
200,39,45,0.7549586296081543,False
200,39,50,0.7846686244010925,False
200,39,55,0.4617559611797333,False
200,39,60,0.23368674516677856,False
200,39,65,0.34031569957733154,False
200,39,70,0.37058788537979126,False
200,39,75,0.45661962032318115,False
200,39,80,0.5070511102676392,False
200,39,85,1.116714596748352,False
200,39,90,0.3213357627391815,False
200,39,95,0.19104953110218048,False
200,39,100,0.37199023365974426,False
200,39,105,0.22431710362434387,False
200,39,110,0.5224775075912476,False
200,39,115,0.5563950538635254,False
200,39,120,0.4366506040096283,False
200,39,125,0.33800840377807617,False
200,39,130,0.2350837141275406,False
200,39,135,0.397429883480072,False
200,39,140,0.14156343042850494,False
200,39,145,0.357528418302536,False
200,39,150,0.5146023035049438,False
200,39,155,0.15791055560112,False
200,39,160,0.38364794850349426,False
200,39,165,0.3531624972820282,False
200,39,170,0.37546730041503906,False
200,39,175,1.9000840187072754,False
200,39,180,0.18479734659194946,False
200,39,185,0.5384144186973572,False
200,39,190,0.18935483694076538,False
200,39,195,0.2108542025089264,False
200,39,200,0.31866949796676636,False
200,39,205,0.3733077943325043,False
200,39,210,0.4535662829875946,False
200,39,215,0.3599856495857239,False
200,39,220,0.26243704557418823,False
200,39,225,0.1928478330373764,False
200,39,230,0.45646417140960693,False
200,39,235,0.3209015727043152,False
200,39,240,0.3654724657535553,False
200,39,245,0.27518343925476074,False
200,39,250,0.11629927158355713,False
200,39,255,0.23543627560138702,False
200,39,260,0.16184170544147491,False
200,39,265,0.19456985592842102,False
200,39,270,0.2769390344619751,False
200,39,275,0.3400762379169464,False
200,39,280,0.1383925974369049,False
200,39,285,0.07041677832603455,False
200,39,290,0.34279829263687134,False
200,39,295,0.2664971351623535,False
200,39,300,0.13416965305805206,False
200,39,305,0.1609431654214859,False
200,39,310,0.11739388853311539,False
200,39,315,0.20472466945648193,False
200,39,320,0.15321257710456848,False
200,39,325,0.09799134731292725,False
200,39,330,0.20978835225105286,False
200,39,335,0.24872741103172302,False
200,39,340,0.20932720601558685,False
200,39,345,0.11661447584629059,False
200,39,350,0.11803490668535233,False
200,39,355,0.19494105875492096,False
200,39,360,0.16276559233665466,False
200,39,365,0.22641561925411224,False
200,39,370,0.1489012986421585,False
200,39,375,0.14704257249832153,False
200,39,380,0.16208505630493164,False
200,39,385,0.15361188352108002,False
200,39,390,0.1077994853258133,False
200,39,395,0.14525683224201202,False
200,39,400,0.09106206893920898,False
200,39,405,0.16960082948207855,False
200,40,10,0.24750462174415588,False
200,40,15,0.32625624537467957,False
200,40,20,0.48890283703804016,False
200,40,25,0.3915088474750519,False
200,40,30,0.41547664999961853,False
200,40,35,0.5450000166893005,False
200,40,40,0.4270817041397095,False
200,40,45,0.38771817088127136,False
200,40,50,0.4972337484359741,False
200,40,55,1.377219796180725,False
200,40,60,0.562517523765564,False
200,40,65,0.45002302527427673,False
200,40,70,1.4017601013183594,False
200,40,75,0.3696620762348175,False
200,40,80,1.6661865711212158,False
200,40,85,0.18589478731155396,False
200,40,90,1.9998871088027954,False
200,40,95,2.0364489555358887,False
200,40,100,0.2905147969722748,False
200,40,105,0.424167275428772,False
200,40,110,0.3711848556995392,False
200,40,115,0.21843363344669342,False
200,40,120,0.24593450129032135,False
200,40,125,1.0997143983840942,False
200,40,130,0.3550771474838257,False
200,40,135,0.8438866138458252,False
200,40,140,0.4912286400794983,False
200,40,145,0.28103384375572205,False
200,40,150,0.4229346215724945,False
200,40,155,1.1430528163909912,False
200,40,160,0.4342404901981354,False
200,40,165,0.39807575941085815,False
200,40,170,0.35379448533058167,False
200,40,175,0.5043542981147766,False
200,40,180,0.10312727093696594,False
200,40,185,0.07578903436660767,False
200,40,190,0.07638195902109146,False
200,40,195,0.0723779946565628,False
200,40,200,0.1624356210231781,False
200,40,205,0.10851547122001648,False
200,40,210,0.14980536699295044,False
200,40,215,0.0894445925951004,False
200,40,220,0.08222310245037079,False
200,40,225,0.16079863905906677,False
200,40,230,0.1340920329093933,False
200,40,235,0.1311170756816864,False
200,40,240,0.10221819579601288,False
200,40,245,0.21011480689048767,False
200,40,250,0.13171248137950897,False
200,40,255,0.18616604804992676,False
200,40,260,0.11107591539621353,False
200,40,265,0.1156955361366272,False
200,40,270,0.14201603829860687,False
200,40,275,0.1678658276796341,False
200,40,280,0.20083996653556824,False
200,40,285,0.20919562876224518,False
200,40,290,0.20760555565357208,False
200,40,295,0.1210366040468216,False
200,40,300,0.09934131801128387,False
200,40,305,0.18601562082767487,False
200,40,310,0.1707179844379425,False
200,40,315,0.10375869274139404,False
200,40,320,0.07535932958126068,False
200,40,325,0.10062891244888306,False
200,40,330,0.4758642315864563,False
200,40,335,0.15280666947364807,False
200,40,340,0.09634260833263397,False
200,40,345,0.36611300706863403,False
200,40,350,0.11554110795259476,False
200,40,355,0.1294550895690918,False
200,40,360,0.1335182636976242,False
200,40,365,0.12892884016036987,False
200,40,370,0.22705407440662384,False
200,40,375,0.1620814949274063,False
200,40,380,0.16049528121948242,False
200,40,385,0.07779821753501892,False
200,40,390,0.21534205973148346,False
200,40,395,0.10191140323877335,False
200,40,400,0.18484827876091003,False
200,40,405,0.17890828847885132,False
200,41,10,0.3299802243709564,False
200,41,15,0.3362734019756317,False
200,41,20,0.3681528568267822,False
200,41,25,0.3672144114971161,False
200,41,30,0.38950130343437195,False
200,41,35,0.41168472170829773,False
200,41,40,0.42948389053344727,False
200,41,45,0.6879395842552185,False
200,41,50,0.4559481739997864,False
200,41,55,0.18409188091754913,False
200,41,60,0.2934309244155884,False
200,41,65,0.29496997594833374,False
200,41,70,0.2788500487804413,False
200,41,75,0.26565685868263245,False
200,41,80,0.21522404253482819,False
200,41,85,0.21327464282512665,False
200,41,90,0.15456557273864746,False
200,41,95,0.15674786269664764,False
200,41,100,0.08512207865715027,False
200,41,105,0.1671169251203537,False
200,41,110,0.17320990562438965,False
200,41,115,0.2748733460903168,False
200,41,120,0.11503425985574722,False
200,41,125,0.14390163123607635,False
200,41,130,0.25025853514671326,False
200,41,135,0.29100164771080017,False
200,41,140,0.2418123334646225,False
200,41,145,0.1496797353029251,False
200,41,150,0.26600131392478943,False
200,41,155,0.2947445809841156,False
200,41,160,0.21832430362701416,False
200,41,165,0.18528629839420319,False
200,41,170,0.2925332188606262,False
200,41,175,0.4111926257610321,False
200,41,180,0.3814009130001068,False
200,41,185,0.17796675860881805,False
200,41,190,0.121724933385849,False
200,41,195,0.24434271454811096,False
200,41,200,0.23862048983573914,False
200,41,205,0.12999223172664642,False
200,41,210,0.15043583512306213,False
200,41,215,0.0781371146440506,False
200,41,220,0.11883214116096497,False
200,41,225,0.08654320240020752,False
200,41,230,0.2171141654253006,False
200,41,235,0.2128591239452362,False
200,41,240,0.2181640863418579,False
200,41,245,0.37503769993782043,False
200,41,250,0.13733209669589996,False
200,41,255,0.2529076337814331,False
200,41,260,0.11879228055477142,False
200,41,265,0.202585369348526,False
200,41,270,0.11947645246982574,False
200,41,275,0.10101684927940369,False
200,41,280,0.2145334929227829,False
200,41,285,0.3487144112586975,False
200,41,290,0.19384652376174927,False
200,41,295,0.1249615028500557,False
200,41,300,0.047397345304489136,False
200,41,305,0.1548362821340561,False
200,41,310,0.12134574353694916,False
200,41,315,0.4496815800666809,False
200,41,320,0.10107481479644775,False
200,41,325,0.13003858923912048,False
200,41,330,0.43599122762680054,False
200,41,335,0.21574772894382477,False
200,41,340,0.1677258312702179,False
200,41,345,0.4061465859413147,False
200,41,350,0.14217442274093628,False
200,41,355,0.09935019165277481,False
200,41,360,0.24295464158058167,False
200,41,365,0.4170074760913849,False
200,41,370,0.23236209154129028,False
200,41,375,0.360406756401062,False
200,41,380,0.2813302278518677,False
200,41,385,0.19884946942329407,False
200,41,390,0.27000313997268677,False
200,41,395,0.2806428074836731,False
200,41,400,0.07919496297836304,False
200,41,405,0.12834703922271729,False
200,42,10,0.12073956429958344,False
200,42,15,0.23862934112548828,False
200,42,20,0.33840852975845337,False
200,42,25,0.3171348571777344,False
200,42,30,0.2490580976009369,False
200,42,35,0.3174423277378082,False
200,42,40,0.2581212818622589,False
200,42,45,0.19823764264583588,False
200,42,50,0.18949079513549805,False
200,42,55,0.2996559143066406,False
200,42,60,0.22692489624023438,False
200,42,65,0.20073208212852478,False
200,42,70,0.17356900870800018,False
200,42,75,0.2840326726436615,False
200,42,80,0.2143143266439438,False
200,42,85,0.2950153946876526,False
200,42,90,0.3265446424484253,False
200,42,95,0.17570099234580994,False
200,42,100,0.2745445668697357,False
200,42,105,0.32846274971961975,False
200,42,110,0.2939956784248352,False
200,42,115,0.2786006033420563,False
200,42,120,0.26139140129089355,False
200,42,125,0.20178695023059845,False
200,42,130,0.28077349066734314,False
200,42,135,0.3023865520954132,False
200,42,140,0.40259310603141785,False
200,42,145,0.16226953268051147,False
200,42,150,0.23230673372745514,False
200,42,155,0.24910669028759003,False
200,42,160,0.2516900897026062,False
200,42,165,0.17186778783798218,False
200,42,170,0.2278355062007904,False
200,42,175,1.332704782485962,False
200,42,180,0.3290707767009735,False
200,42,185,0.20915324985980988,False
200,42,190,0.134992778301239,False
200,42,195,0.207102969288826,False
200,42,200,0.15851135551929474,False
200,42,205,0.10479717701673508,False
200,42,210,0.09828654676675797,False
200,42,215,0.050820764154195786,False
200,42,220,0.13072356581687927,False
200,42,225,0.05106464400887489,False
200,42,230,0.2779392600059509,False
200,42,235,0.10864918678998947,False
200,42,240,0.12221293151378632,False
200,42,245,0.17317941784858704,False
200,42,250,0.11562635004520416,False
200,42,255,0.12324407696723938,False
200,42,260,0.2066146731376648,False
200,42,265,0.3343088626861572,False
200,42,270,0.14437983930110931,False
200,42,275,0.12814010679721832,False
200,42,280,0.14687933027744293,False
200,42,285,0.27071234583854675,False
200,42,290,0.1766408085823059,False
200,42,295,0.09812796860933304,False
200,42,300,0.032269831746816635,False
200,42,305,0.2584787905216217,False
200,42,310,0.2883738875389099,False
200,42,315,0.29732993245124817,False
200,42,320,0.17405590415000916,False
200,42,325,0.15999950468540192,False
200,42,330,0.2144927978515625,False
200,42,335,0.18087640404701233,False
200,42,340,0.15984860062599182,False
200,42,345,0.13423395156860352,False
200,42,350,0.14927706122398376,False
200,42,355,0.18027707934379578,False
200,42,360,0.18355363607406616,False
200,42,365,0.17456315457820892,False
200,42,370,0.23860542476177216,False
200,42,375,0.1879052370786667,False
200,42,380,0.14115026593208313,False
200,42,385,0.15078221261501312,False
200,42,390,0.09017587453126907,False
200,42,395,0.22588381171226501,False
200,42,400,0.19882245361804962,False
200,42,405,0.18583250045776367,False
200,43,10,0.17221221327781677,False
200,43,15,0.3100546598434448,False
200,43,20,0.41621389985084534,False
200,43,25,0.3024483621120453,False
200,43,30,0.25521525740623474,False
200,43,35,0.3042866587638855,False
200,43,40,0.36003920435905457,False
200,43,45,0.3705921769142151,False
200,43,50,0.248465433716774,False
200,43,55,0.23088577389717102,False
200,43,60,0.29289209842681885,False
200,43,65,0.24935220181941986,False
200,43,70,0.2586785852909088,False
200,43,75,0.396720826625824,False
200,43,80,0.44027793407440186,False
200,43,85,1.31328284740448,False
200,43,90,0.18212291598320007,False
200,43,95,0.3554023206233978,False
200,43,100,0.30853986740112305,False
200,43,105,0.3648218810558319,False
200,43,110,0.27318987250328064,False
200,43,115,0.18330609798431396,False
200,43,120,0.2276780903339386,False
200,43,125,0.2242407202720642,False
200,43,130,0.17845450341701508,False
200,43,135,0.26799577474594116,False
200,43,140,0.25011879205703735,False
200,43,145,0.2045610398054123,False
200,43,150,0.19593913853168488,False
200,43,155,0.23641186952590942,False
200,43,160,0.12187577039003372,False
200,43,165,0.24687165021896362,False
200,43,170,0.22228378057479858,False
200,43,175,0.1854129284620285,False
200,43,180,0.4791505038738251,False
200,43,185,0.3760004937648773,False
200,43,190,0.07332002371549606,False
200,43,195,0.5558074712753296,False
200,43,200,0.048694908618927,False
200,43,205,0.15656019747257233,False
200,43,210,0.12097106128931046,False
200,43,215,0.2123473882675171,False
200,43,220,0.1231057196855545,False
200,43,225,0.3095305263996124,False
200,43,230,0.14180338382720947,False
200,43,235,0.17662766575813293,False
200,43,240,0.17561376094818115,False
200,43,245,0.5695708394050598,False
200,43,250,0.2401154488325119,False
200,43,255,0.4455219805240631,False
200,43,260,0.14005735516548157,False
200,43,265,0.07107125967741013,False
200,43,270,0.23182182013988495,False
200,43,275,0.16709107160568237,False
200,43,280,0.3993934392929077,False
200,43,285,0.4744478762149811,False
200,43,290,0.24721407890319824,False
200,43,295,0.2820736765861511,False
200,43,300,0.29541194438934326,False
200,43,305,0.14182333648204803,False
200,43,310,0.16435933113098145,False
200,43,315,0.17288725078105927,False
200,43,320,0.09228023886680603,False
200,43,325,0.14365532994270325,False
200,43,330,0.49466946721076965,False
200,43,335,0.08941729366779327,False
200,43,340,0.08906278014183044,False
200,43,345,0.40691080689430237,False
200,43,350,0.1452772319316864,False
200,43,355,0.08601877838373184,False
200,43,360,0.34196344017982483,False
200,43,365,0.24922305345535278,False
200,43,370,0.471119225025177,False
200,43,375,0.09184931218624115,False
200,43,380,0.25242915749549866,False
200,43,385,0.36121103167533875,False
200,43,390,0.20170298218727112,False
200,43,395,0.3114885687828064,False
200,43,400,0.12695994973182678,False
200,43,405,0.08482339978218079,False
200,44,10,0.22225485742092133,False
200,44,15,0.25819531083106995,False
200,44,20,0.2727682590484619,False
200,44,25,0.19644558429718018,False
200,44,30,0.13476455211639404,False
200,44,35,0.1590816229581833,False
200,44,40,0.05571553111076355,False
200,44,45,0.039620112627744675,False
200,44,50,0.07676362991333008,False
200,44,55,0.8302039504051208,False
200,44,60,0.04951038956642151,False
200,44,65,0.09869655221700668,False
200,44,70,0.24448807537555695,False
200,44,75,0.3072914183139801,False
200,44,80,0.6595926880836487,False
200,44,85,0.10785944014787674,False
200,44,90,0.07859175652265549,False
200,44,95,0.06566153466701508,False
200,44,100,0.13156694173812866,False
200,44,105,0.1301487386226654,False
200,44,110,0.13074538111686707,False
200,44,115,0.1408766210079193,False
200,44,120,0.052879612892866135,False
200,44,125,0.06699036061763763,False
200,44,130,0.22554151713848114,False
200,44,135,0.036319274455308914,False
200,44,140,0.2971356213092804,False
200,44,145,0.0690058171749115,False
200,44,150,0.1146099790930748,False
200,44,155,0.2580716013908386,False
200,44,160,0.24198439717292786,False
200,44,165,0.2434803992509842,False
200,44,170,0.1343146413564682,False
200,44,175,1.098462700843811,False
200,44,180,0.1265619993209839,False
200,44,185,0.04509329795837402,False
200,44,190,0.1701614409685135,False
200,44,195,0.15251424908638,False
200,44,200,0.08862321078777313,False
200,44,205,0.2848743200302124,False
200,44,210,0.4235191345214844,False
200,44,215,0.10730037093162537,False
200,44,220,0.5128172636032104,False
200,44,225,0.3253171741962433,False
200,44,230,0.29426243901252747,False
200,44,235,0.33552077412605286,False
200,44,240,0.20905806124210358,False
200,44,245,0.22370952367782593,False
200,44,250,0.23678690195083618,False
200,44,255,0.09091035276651382,False
200,44,260,0.3827093243598938,False
200,44,265,0.31032782793045044,False
200,44,270,0.23715978860855103,False
200,44,275,0.25132232904434204,False
200,44,280,0.7261641621589661,False
200,44,285,0.3324517607688904,False
200,44,290,0.2295246422290802,False
200,44,295,0.5707605481147766,False
200,44,300,0.24287189543247223,False
200,44,305,0.4458373785018921,False
200,44,310,0.507773756980896,False
200,44,315,0.6898114681243896,False
200,44,320,0.45748475193977356,False
200,44,325,0.2275019735097885,False
200,44,330,0.793176531791687,False
200,44,335,0.5429960489273071,False
200,44,340,0.6517242789268494,False
200,44,345,0.565812349319458,False
200,44,350,0.512679398059845,False
200,44,355,0.5499683618545532,False
200,44,360,0.5868591070175171,False
200,44,365,0.6372764706611633,False
200,44,370,0.6728836894035339,False
200,44,375,0.43865376710891724,False
200,44,380,0.6485294699668884,False
200,44,385,0.4307233691215515,False
200,44,390,0.4558658003807068,False
200,44,395,0.6282709836959839,False
200,44,400,0.30479246377944946,False
200,44,405,0.5878576040267944,False
200,45,10,0.16953910887241364,False
200,45,15,0.26666805148124695,False
200,45,20,0.29763779044151306,False
200,45,25,0.30052292346954346,False
200,45,30,0.1667255461215973,False
200,45,35,0.189896360039711,False
200,45,40,0.5861108899116516,False
200,45,45,0.7268405556678772,False
200,45,50,0.27341827750205994,False
200,45,55,0.2895033061504364,False
200,45,60,0.5198878645896912,False
200,45,65,0.3926796019077301,False
200,45,70,0.13608983159065247,False
200,45,75,0.2236325740814209,False
200,45,80,0.2725556790828705,False
200,45,85,0.23701155185699463,False
200,45,90,0.3176734447479248,False
200,45,95,0.4993246793746948,False
200,45,100,0.4789060354232788,False
200,45,105,0.2882029116153717,False
200,45,110,0.2312048077583313,False
200,45,115,0.2170001119375229,False
200,45,120,0.2709825932979584,False
200,45,125,0.31349536776542664,False
200,45,130,0.6401466131210327,False
200,45,135,0.6663503050804138,False
200,45,140,0.7121482491493225,False
200,45,145,0.3729003965854645,False
200,45,150,0.2767956852912903,False
200,45,155,0.3027989864349365,False
200,45,160,0.3382435739040375,False
200,45,165,0.35316237807273865,False
200,45,170,0.21637648344039917,False
200,45,175,0.27690234780311584,False
200,45,180,0.2230360507965088,False
200,45,185,0.2089443802833557,False
200,45,190,0.39580464363098145,False
200,45,195,0.29009711742401123,False
200,45,200,0.19108055531978607,False
200,45,205,0.41026878356933594,False
200,45,210,0.3381528854370117,False
200,45,215,0.17544035613536835,False
200,45,220,0.26316678524017334,False
200,45,225,0.3046129643917084,False
200,45,230,0.2440922111272812,False
200,45,235,0.18493108451366425,False
200,45,240,0.3893744945526123,False
200,45,245,0.20408107340335846,False
200,45,250,0.17641429603099823,False
200,45,255,0.22320550680160522,False
200,45,260,0.13667340576648712,False
200,45,265,0.20035691559314728,False
200,45,270,0.17866621911525726,False
200,45,275,0.19836315512657166,False
200,45,280,0.18378059566020966,False
200,45,285,0.4024604558944702,False
200,45,290,0.25307729840278625,False
200,45,295,0.2957060635089874,False
200,45,300,0.10739541798830032,False
200,45,305,0.1546739637851715,False
200,45,310,0.09346242249011993,False
200,45,315,0.34837815165519714,False
200,45,320,0.21024733781814575,False
200,45,325,0.13617731630802155,False
200,45,330,0.42886918783187866,False
200,45,335,0.1829935610294342,False
200,45,340,0.126353919506073,False
200,45,345,0.26367270946502686,False
200,45,350,0.1640297770500183,False
200,45,355,0.11562183499336243,False
200,45,360,0.14517921209335327,False
200,45,365,0.2171454280614853,False
200,45,370,0.2701002061367035,False
200,45,375,0.22810544073581696,False
200,45,380,0.2425517439842224,False
200,45,385,0.15116657316684723,False
200,45,390,0.22465597093105316,False
200,45,395,0.15255068242549896,False
200,45,400,0.114851213991642,False
200,45,405,0.10069964081048965,False
200,46,10,0.1035742238163948,False
200,46,15,0.23775500059127808,False
200,46,20,0.3503968119621277,False
200,46,25,0.3452436625957489,False
200,46,30,0.3996697962284088,False
200,46,35,0.46814966201782227,False
200,46,40,0.6166998744010925,False
200,46,45,0.53792405128479,False
200,46,50,0.5960306525230408,False
200,46,55,0.2356327623128891,False
200,46,60,0.3252062499523163,False
200,46,65,0.45257556438446045,False
200,46,70,0.48827773332595825,False
200,46,75,0.4004376232624054,False
200,46,80,0.3689920902252197,False
200,46,85,0.45438823103904724,False
200,46,90,0.3906347155570984,False
200,46,95,0.8345341682434082,False
200,46,100,1.1652923822402954,False
200,46,105,1.8796876668930054,False
200,46,110,0.1939014196395874,False
200,46,115,0.16299541294574738,False
200,46,120,0.1210906058549881,False
200,46,125,0.14730942249298096,False
200,46,130,0.1719447374343872,False
200,46,135,1.2683292627334595,False
200,46,140,0.21279548108577728,False
200,46,145,0.31981223821640015,False
200,46,150,0.25408658385276794,False
200,46,155,0.24789834022521973,False
200,46,160,0.2065548598766327,False
200,46,165,0.1219303235411644,False
200,46,170,0.02986379899084568,False
200,46,175,0.04709057882428169,False
200,46,180,0.14623701572418213,False
200,46,185,0.14601770043373108,False
200,46,190,0.16206365823745728,False
200,46,195,0.18346358835697174,False
200,46,200,0.157855823636055,False
200,46,205,0.22579079866409302,False
200,46,210,0.14835970103740692,False
200,46,215,0.07496324926614761,False
200,46,220,0.09459102153778076,False
200,46,225,0.10042253881692886,False
200,46,230,0.07850125432014465,False
200,46,235,0.07729911804199219,False
200,46,240,0.11561530828475952,False
200,46,245,0.06916043907403946,False
200,46,250,0.2268100529909134,False
200,46,255,0.626594066619873,False
200,46,260,0.43774059414863586,False
200,46,265,0.529787540435791,False
200,46,270,0.4479464888572693,False
200,46,275,0.2211131602525711,False
200,46,280,0.32048484683036804,False
200,46,285,0.19464290142059326,False
200,46,290,0.0644497349858284,False
200,46,295,0.07488685101270676,False
200,46,300,1.0754610300064087,False
200,46,305,0.3796517848968506,False
200,46,310,0.20057950913906097,False
200,46,315,0.10444207489490509,False
200,46,320,0.22295114398002625,False
200,46,325,0.46138450503349304,False
200,46,330,0.5905835628509521,False
200,46,335,0.6026990413665771,False
200,46,340,0.5788113474845886,False
200,46,345,0.45635947585105896,False
200,46,350,0.34573352336883545,False
200,46,355,0.6041408181190491,False
200,46,360,0.6228580474853516,False
200,46,365,0.6959003210067749,False
200,46,370,0.39476948976516724,False
200,46,375,0.46402761340141296,False
200,46,380,0.6134536266326904,False
200,46,385,0.5071361660957336,False
200,46,390,0.3592190742492676,False
200,46,395,0.5380801558494568,False
200,46,400,0.2344931811094284,False
200,46,405,0.45481154322624207,False
200,47,10,0.1226637065410614,False
200,47,15,0.2921367287635803,False
200,47,20,0.41831696033477783,False
200,47,25,0.3902784585952759,False
200,47,30,0.2954612076282501,False
200,47,35,0.4222230017185211,False
200,47,40,0.298112690448761,False
200,47,45,0.3416547477245331,False
200,47,50,0.3241351544857025,False
200,47,55,0.23853665590286255,False
200,47,60,0.2622598111629486,False
200,47,65,0.2347431629896164,False
200,47,70,0.2285943329334259,False
200,47,75,0.26256054639816284,False
200,47,80,0.2212543487548828,False
200,47,85,1.3098523616790771,False
200,47,90,0.18390792608261108,False
200,47,95,0.27104347944259644,False
200,47,100,0.24043302237987518,False
200,47,105,0.33570295572280884,False
200,47,110,0.24339686334133148,False
200,47,115,0.20518584549427032,False
200,47,120,0.23504211008548737,False
200,47,125,0.5106840133666992,False
200,47,130,0.12833881378173828,False
200,47,135,0.13534784317016602,False
200,47,140,0.22636041045188904,False
200,47,145,0.17615549266338348,False
200,47,150,0.24997028708457947,False
200,47,155,0.18182046711444855,False
200,47,160,0.1545790582895279,False
200,47,165,0.12685199081897736,False
200,47,170,0.12072253972291946,False
200,47,175,0.7492775321006775,False
200,47,180,0.07787502557039261,False
200,47,185,0.13534243404865265,False
200,47,190,0.13910232484340668,False
200,47,195,0.24787725508213043,False
200,47,200,0.2783752381801605,False
200,47,205,0.2929116189479828,False
200,47,210,0.13804684579372406,False
200,47,215,0.1732352375984192,False
200,47,220,0.24793802201747894,False
200,47,225,0.27194640040397644,False
200,47,230,0.1778586357831955,False
200,47,235,0.13122734427452087,False
200,47,240,0.25686177611351013,False
200,47,245,0.20126740634441376,False
200,47,250,0.2116655707359314,False
200,47,255,0.21810239553451538,False
200,47,260,0.27766522765159607,False
200,47,265,0.3076399266719818,False
200,47,270,0.2183569073677063,False
200,47,275,0.2816977798938751,False
200,47,280,0.16041679680347443,False
200,47,285,0.24143990874290466,False
200,47,290,0.10299518704414368,False
200,47,295,0.2506967782974243,False
200,47,300,0.24388347566127777,False
200,47,305,0.329257071018219,False
200,47,310,0.3559128940105438,False
200,47,315,0.2630777060985565,False
200,47,320,0.2815001308917999,False
200,47,325,0.33433178067207336,False
200,47,330,0.20939622819423676,False
200,47,335,0.2056649923324585,False
200,47,340,0.24870410561561584,False
200,47,345,0.17963966727256775,False
200,47,350,0.2966872453689575,False
200,47,355,0.24644958972930908,False
200,47,360,0.09656202793121338,False
200,47,365,0.15994638204574585,False
200,47,370,0.18548886477947235,False
200,47,375,0.17870639264583588,False
200,47,380,0.16170524060726166,False
200,47,385,0.09398055821657181,False
200,47,390,0.18617700040340424,False
200,47,395,0.10060057044029236,False
200,47,400,0.1505412459373474,False
200,47,405,0.10001932084560394,False
200,48,10,0.21445658802986145,False
200,48,15,0.22481021285057068,False
200,48,20,0.30300769209861755,False
200,48,25,0.2976636290550232,False
200,48,30,0.15575888752937317,False
200,48,35,0.1407153159379959,False
200,48,40,0.18139754235744476,False
200,48,45,0.2047145515680313,False
200,48,50,0.17431232333183289,False
200,48,55,0.3122415244579315,False
200,48,60,0.2899024784564972,False
200,48,65,0.26774540543556213,False
200,48,70,0.26220959424972534,False
200,48,75,0.17330031096935272,False
200,48,80,0.24352510273456573,False
200,48,85,0.19778287410736084,False
200,48,90,0.19324848055839539,False
200,48,95,0.2822459638118744,False
200,48,100,0.15305925905704498,False
200,48,105,0.21017654240131378,False
200,48,110,0.1714116930961609,False
200,48,115,0.14699794352054596,False
200,48,120,0.14265568554401398,False
200,48,125,0.14444059133529663,False
200,48,130,0.24764017760753632,False
200,48,135,0.15768378973007202,False
200,48,140,0.4557836651802063,False
200,48,145,0.09038801491260529,False
200,48,150,0.15226571261882782,False
200,48,155,0.19146302342414856,False
200,48,160,0.14152410626411438,False
200,48,165,0.21089281141757965,False
200,48,170,0.24539737403392792,False
200,48,175,0.1955154836177826,False
200,48,180,0.5042089819908142,False
200,48,185,0.7215521931648254,False
200,48,190,0.6431618928909302,False
200,48,195,0.35696038603782654,False
200,48,200,0.31276431679725647,False
200,48,205,0.36110955476760864,False
200,48,210,0.3512265980243683,False
200,48,215,0.1161765307188034,False
200,48,220,0.133416086435318,False
200,48,225,0.3292400538921356,False
200,48,230,0.20663630962371826,False
200,48,235,0.36708733439445496,False
200,48,240,0.23922322690486908,False
200,48,245,0.38286927342414856,False
200,48,250,0.2215014547109604,False
200,48,255,0.17504781484603882,False
200,48,260,0.09147145599126816,False
200,48,265,0.13986438512802124,False
200,48,270,0.13774512708187103,False
200,48,275,0.08038163930177689,False
200,48,280,0.257382869720459,False
200,48,285,0.3448980152606964,False
200,48,290,0.1720409095287323,False
200,48,295,0.1859976053237915,False
200,48,300,0.1309402585029602,False
200,48,305,0.26749157905578613,False
200,48,310,0.2641459107398987,False
200,48,315,0.1879682093858719,False
200,48,320,0.1938631683588028,False
200,48,325,0.05768193304538727,False
200,48,330,0.015946371480822563,False
200,48,335,0.04623553529381752,False
200,48,340,0.16637444496154785,False
200,48,345,0.1101752445101738,False
200,48,350,0.13106141984462738,False
200,48,355,0.10329277068376541,False
200,48,360,0.18359333276748657,False
200,48,365,0.11482619494199753,False
200,48,370,0.03566461801528931,False
200,48,375,0.04679626226425171,False
200,48,380,0.033628690987825394,False
200,48,385,0.06514222174882889,False
200,48,390,1.108497977256775,False
200,48,395,0.09834260493516922,False
200,48,400,0.06368438154459,False
200,48,405,0.05018298700451851,False
200,49,10,0.1710096150636673,False
200,49,15,0.3153409957885742,False
200,49,20,0.35914069414138794,False
200,49,25,0.3232478201389313,False
200,49,30,0.2673013210296631,False
200,49,35,0.29212716221809387,False
200,49,40,0.3226705491542816,False
200,49,45,0.38710254430770874,False
200,49,50,0.2205905020236969,False
200,49,55,0.39710381627082825,False
200,49,60,0.30503225326538086,False
200,49,65,0.3918800950050354,False
200,49,70,0.3967851996421814,False
200,49,75,0.4630865454673767,False
200,49,80,0.4602213203907013,False
200,49,85,0.5594202280044556,False
200,49,90,0.5989906191825867,False
200,49,95,0.5798441171646118,False
200,49,100,0.6037436723709106,False
200,49,105,0.28994742035865784,False
200,49,110,0.5658249855041504,False
200,49,115,0.549254298210144,False
200,49,120,0.5314549803733826,False
200,49,125,0.5861876010894775,False
200,49,130,0.5085175633430481,False
200,49,135,0.6451064348220825,False
200,49,140,0.25860556960105896,False
200,49,145,0.43953779339790344,False
200,49,150,0.6816803216934204,False
200,49,155,0.5796399712562561,False
200,49,160,0.728320300579071,False
200,49,165,0.3685072064399719,False
200,49,170,0.45308616757392883,False
200,49,175,0.5662568807601929,False
200,49,180,0.6480671763420105,False
200,49,185,0.7345320582389832,False
200,49,190,0.4155140519142151,False
200,49,195,0.6339093446731567,False
200,49,200,0.47628700733184814,False
200,49,205,0.6379618644714355,False
200,49,210,0.7206096053123474,False
200,49,215,0.6010034680366516,False
200,49,220,0.4048040509223938,False
200,49,225,0.6083927750587463,False
200,49,230,0.6012215614318848,False
200,49,235,0.5777434706687927,False
200,49,240,0.5863615274429321,False
200,49,245,0.1741524338722229,False
200,49,250,0.3442310690879822,False
200,49,255,0.2910207211971283,False
200,49,260,0.2819623053073883,False
200,49,265,0.5047550201416016,False
200,49,270,0.541441023349762,False
200,49,275,0.528254508972168,False
200,49,280,0.5392302870750427,False
200,49,285,0.16999217867851257,False
200,49,290,0.7228608131408691,False
200,49,295,0.6980686187744141,False
200,49,300,0.35351845622062683,False
200,49,305,0.22922588884830475,False
200,49,310,0.19845904409885406,False
200,49,315,0.44943881034851074,False
200,49,320,0.22887426614761353,False
200,49,325,0.22731485962867737,False
200,49,330,0.3634364604949951,False
200,49,335,0.367374062538147,False
200,49,340,0.28821274638175964,False
200,49,345,0.5746319890022278,False
200,49,350,0.2870112657546997,False
200,49,355,0.21140433847904205,False
200,49,360,0.4669867157936096,False
200,49,365,0.41317498683929443,False
200,49,370,0.48266318440437317,False
200,49,375,0.3721534013748169,False
200,49,380,0.37941497564315796,False
200,49,385,0.42067059874534607,False
200,49,390,0.3756832778453827,False
200,49,395,0.22348114848136902,False
200,49,400,0.18547534942626953,False
200,49,405,0.18346109986305237,False
300,0,10,0.09157311916351318,False
300,0,15,0.20528742671012878,False
300,0,20,0.3511514663696289,False
300,0,25,0.37542107701301575,False
300,0,30,0.3472280502319336,False
300,0,35,0.3289076089859009,False
300,0,40,0.39583706855773926,False
300,0,45,0.4598326086997986,False
300,0,50,0.6710938811302185,False
300,0,55,0.36965668201446533,False
300,0,60,0.3401026427745819,False
300,0,65,0.2657736539840698,False
300,0,70,0.2034430205821991,False
300,0,75,0.23958724737167358,False
300,0,80,0.21493063867092133,False
300,0,85,1.525923728942871,False
300,0,90,0.22200679779052734,False
300,0,95,0.28564131259918213,False
300,0,100,0.27240893244743347,False
300,0,105,0.3213772177696228,False
300,0,110,0.3670051395893097,False
300,0,115,0.18887600302696228,False
300,0,120,0.11169479787349701,False
300,0,125,0.08609321713447571,False
300,0,130,0.22288016974925995,False
300,0,135,0.2799369990825653,False
300,0,140,0.35225987434387207,False
300,0,145,0.2842341363430023,False
300,0,150,0.14756424725055695,False
300,0,155,0.3232359290122986,False
300,0,160,0.3370034396648407,False
300,0,165,0.16857899725437164,False
300,0,170,0.10135804116725922,False
300,0,175,1.7010738849639893,False
300,0,180,0.1809101551771164,False
300,0,185,0.3276541531085968,False
300,0,190,0.17109857499599457,False
300,0,195,0.13529933989048004,False
300,0,200,0.09796329587697983,False
300,0,205,0.2029195874929428,False
300,0,210,0.24504518508911133,False
300,0,215,0.23159193992614746,False
300,0,220,0.1437562108039856,False
300,0,225,0.34468403458595276,False
300,0,230,0.08203041553497314,False
300,0,235,0.09486886113882065,False
300,0,240,0.11264370381832123,False
300,0,245,0.47343429923057556,False
300,0,250,0.0714227631688118,False
300,0,255,0.3818540573120117,False
300,0,260,0.06201622262597084,False
300,0,265,0.05789212882518768,False
300,0,270,0.19997088611125946,False
300,0,275,0.22402580082416534,False
300,0,280,0.35867416858673096,False
300,0,285,0.4796724021434784,False
300,0,290,0.35052651166915894,False
300,0,295,0.2655683755874634,False
300,0,300,0.23214972019195557,False
300,0,305,0.06095012649893761,False
300,0,310,0.07162982225418091,False
300,0,315,0.2205004245042801,False
300,0,320,0.0969233438372612,False
300,0,325,0.13207761943340302,False
300,0,330,0.44599011540412903,False
300,0,335,0.11907584965229034,False
300,0,340,0.15545427799224854,False
300,0,345,0.335976779460907,False
300,0,350,0.21033884584903717,False
300,0,355,0.18075332045555115,False
300,0,360,0.14315631985664368,False
300,0,365,0.19265741109848022,False
300,0,370,0.3457649350166321,False
300,0,375,0.1450529843568802,False
300,0,380,0.10879886150360107,False
300,0,385,0.08267512172460556,False
300,0,390,0.14179322123527527,False
300,0,395,0.12745420634746552,False
300,0,400,0.20467138290405273,False
300,0,405,0.17528444528579712,False
300,1,10,0.12046387046575546,False
300,1,15,0.3345504403114319,False
300,1,20,0.4703007936477661,False
300,1,25,0.3705994784832001,False
300,1,30,0.3423245847225189,False
300,1,35,0.3276818096637726,False
300,1,40,0.5663256049156189,False
300,1,45,0.4366283714771271,False
300,1,50,0.33571547269821167,False
300,1,55,0.16682547330856323,False
300,1,60,0.32768553495407104,False
300,1,65,0.30226245522499084,False
300,1,70,1.101227879524231,False
300,1,75,0.2980218529701233,False
300,1,80,1.172177791595459,False
300,1,85,1.7039611339569092,False
300,1,90,1.0808568000793457,False
300,1,95,1.2139211893081665,False
300,1,100,0.3052140474319458,False
300,1,105,0.4188683032989502,False
300,1,110,1.3494254350662231,False
300,1,115,0.3329550325870514,False
300,1,120,0.27036917209625244,False
300,1,125,1.128139615058899,False
300,1,130,0.16723941266536713,False
300,1,135,1.3833881616592407,False
300,1,140,0.1793011724948883,False
300,1,145,0.2662728726863861,False
300,1,150,0.39957571029663086,False
300,1,155,0.8035646677017212,False
300,1,160,0.3940862715244293,False
300,1,165,0.36614078283309937,False
300,1,170,0.3066917061805725,False
300,1,175,1.7874820232391357,False
300,1,180,0.13894034922122955,False
300,1,185,0.33350127935409546,False
300,1,190,0.22626209259033203,False
300,1,195,0.15140481293201447,False
300,1,200,0.251112699508667,False
300,1,205,0.2808138430118561,False
300,1,210,0.19055020809173584,False
300,1,215,0.21370448172092438,False
300,1,220,0.20903320610523224,False
300,1,225,0.15508964657783508,False
300,1,230,0.21386857330799103,False
300,1,235,0.38715845346450806,False
300,1,240,0.4846363961696625,False
300,1,245,0.4516258239746094,False
300,1,250,0.30512934923171997,False
300,1,255,0.18697786331176758,False
300,1,260,0.2953537702560425,False
300,1,265,0.18592336773872375,False
300,1,270,0.14603979885578156,False
300,1,275,0.13365033268928528,False
300,1,280,0.1113356426358223,False
300,1,285,0.2506643533706665,False
300,1,290,0.28023669123649597,False
300,1,295,0.2093239575624466,False
300,1,300,0.09229622781276703,False
300,1,305,0.13760380446910858,False
300,1,310,0.09153959155082703,False
300,1,315,0.3388380706310272,False
300,1,320,0.08842948824167252,False
300,1,325,0.08187097311019897,False
300,1,330,0.45076146721839905,False
300,1,335,0.30195826292037964,False
300,1,340,0.3037724792957306,False
300,1,345,0.19114673137664795,False
300,1,350,0.14279064536094666,False
300,1,355,0.4152028262615204,False
300,1,360,0.42387697100639343,False
300,1,365,0.41641849279403687,False
300,1,370,0.15656542778015137,False
300,1,375,0.43036046624183655,False
300,1,380,0.3433201313018799,False
300,1,385,0.4728201627731323,False
300,1,390,0.39205312728881836,False
300,1,395,0.32967409491539,False
300,1,400,0.37863847613334656,False
300,1,405,0.42574426531791687,False
300,2,10,0.05504162237048149,False
300,2,15,0.20935940742492676,False
300,2,20,0.4078982174396515,False
300,2,25,0.392696350812912,False
300,2,30,0.48443153500556946,False
300,2,35,0.41767439246177673,False
300,2,40,0.35126006603240967,False
300,2,45,0.4701392948627472,False
300,2,50,0.2452351301908493,False
300,2,55,0.2849999964237213,False
300,2,60,0.4203084111213684,False
300,2,65,0.3573663830757141,False
300,2,70,0.2568663954734802,False
300,2,75,0.5244238972663879,False
300,2,80,0.46967461705207825,False
300,2,85,1.011436104774475,False
300,2,90,1.5753403902053833,False
300,2,95,0.3694196045398712,False
300,2,100,0.2026953399181366,False
300,2,105,0.2636137306690216,False
300,2,110,0.6227816343307495,False
300,2,115,0.4232657551765442,False
300,2,120,0.4174235463142395,False
300,2,125,0.3403267562389374,False
300,2,130,0.39587125182151794,False
300,2,135,0.4396469295024872,False
300,2,140,0.16946063935756683,False
300,2,145,0.4307234287261963,False
300,2,150,0.376964271068573,False
300,2,155,0.38601425290107727,False
300,2,160,0.45468199253082275,False
300,2,165,0.28339487314224243,False
300,2,170,0.24142198264598846,False
300,2,175,1.3571069240570068,False
300,2,180,0.17260266840457916,False
300,2,185,0.4719030559062958,False
300,2,190,0.35023146867752075,False
300,2,195,0.41077694296836853,False
300,2,200,0.2911984622478485,False
300,2,205,0.22832554578781128,False
300,2,210,0.21409538388252258,False
300,2,215,0.1616431325674057,False
300,2,220,0.23634713888168335,False
300,2,225,0.24527134001255035,False
300,2,230,0.32075148820877075,False
300,2,235,0.2975674867630005,False
300,2,240,0.26903048157691956,False
300,2,245,0.3341895639896393,False
300,2,250,0.20145338773727417,False
300,2,255,0.2918897867202759,False
300,2,260,0.1431923657655716,False
300,2,265,0.19109749794006348,False
300,2,270,0.2198852300643921,False
300,2,275,0.2051229476928711,False
300,2,280,0.3074445128440857,False
300,2,285,0.3014833629131317,False
300,2,290,0.28216564655303955,False
300,2,295,0.274236261844635,False
300,2,300,0.1731175184249878,False
300,2,305,0.18277128040790558,False
300,2,310,0.18046215176582336,False
300,2,315,0.1633574217557907,False
300,2,320,0.14524531364440918,False
300,2,325,0.18470104038715363,False
300,2,330,0.31411483883857727,False
300,2,335,0.16684889793395996,False
300,2,340,0.1670912504196167,False
300,2,345,0.18871524930000305,False
300,2,350,0.13702049851417542,False
300,2,355,0.14120161533355713,False
300,2,360,0.13215188682079315,False
300,2,365,0.14772826433181763,False
300,2,370,0.12040465325117111,False
300,2,375,0.14318977296352386,False
300,2,380,0.20868048071861267,False
300,2,385,0.16025589406490326,False
300,2,390,0.1800944060087204,False
300,2,395,0.26123476028442383,False
300,2,400,0.1498359590768814,False
300,2,405,0.20061422884464264,False
300,3,10,0.09903902560472488,False
300,3,15,0.3194558620452881,False
300,3,20,0.4394572079181671,False
300,3,25,0.4518794119358063,False
300,3,30,0.37246862053871155,False
300,3,35,0.5212421417236328,False
300,3,40,0.4365312457084656,False
300,3,45,0.44292590022087097,False
300,3,50,1.1755987405776978,False
300,3,55,0.36400216817855835,False
300,3,60,0.395342618227005,False
300,3,65,0.31493520736694336,False
300,3,70,0.2679145932197571,False
300,3,75,0.4238798916339874,False
300,3,80,0.2817501723766327,False
300,3,85,0.20658725500106812,False
300,3,90,1.9449187517166138,False
300,3,95,2.0176005363464355,False
300,3,100,0.33614209294319153,False
300,3,105,0.38785699009895325,False
300,3,110,0.3380127251148224,False
300,3,115,0.29842644929885864,False
300,3,120,0.3456282317638397,False
300,3,125,0.35742661356925964,False
300,3,130,0.32635796070098877,False
300,3,135,0.32100796699523926,False
300,3,140,0.380420058965683,False
300,3,145,0.31573721766471863,False
300,3,150,0.5816594958305359,False
300,3,155,0.48085930943489075,False
300,3,160,0.4823354482650757,False
300,3,165,0.4701716899871826,False
300,3,170,0.3661499321460724,False
300,3,175,1.7097795009613037,False
300,3,180,0.33537352085113525,False
300,3,185,0.38780179619789124,False
300,3,190,0.3866090178489685,False
300,3,195,0.41747286915779114,False
300,3,200,0.31883054971694946,False
300,3,205,0.27070319652557373,False
300,3,210,0.2769423723220825,False
300,3,215,0.2624315023422241,False
300,3,220,0.28843072056770325,False
300,3,225,0.30447182059288025,False
300,3,230,0.33128243684768677,False
300,3,235,0.33029648661613464,False
300,3,240,0.474639892578125,False
300,3,245,0.198611781001091,False
300,3,250,0.4006611704826355,False
300,3,255,0.27796313166618347,False
300,3,260,0.2865039110183716,False
300,3,265,0.364612877368927,False
300,3,270,0.4985404312610626,False
300,3,275,0.5706285834312439,False
300,3,280,0.2575366497039795,False
300,3,285,0.08493880182504654,False
300,3,290,0.42720717191696167,False
300,3,295,0.469962477684021,False
300,3,300,0.26366543769836426,False
300,3,305,0.24802514910697937,False
300,3,310,0.287042498588562,False
300,3,315,0.32421186566352844,False
300,3,320,0.24775321781635284,False
300,3,325,0.22723451256752014,False
300,3,330,0.2193852961063385,False
300,3,335,0.43160873651504517,False
300,3,340,0.461101770401001,False
300,3,345,0.29931512475013733,False
300,3,350,0.30111438035964966,False
300,3,355,0.32695356011390686,False
300,3,360,0.40464481711387634,False
300,3,365,0.5502086877822876,False
300,3,370,0.20540392398834229,False
300,3,375,0.394218385219574,False
300,3,380,0.4209675192832947,False
300,3,385,0.3444533050060272,False
300,3,390,0.2555719316005707,False
300,3,395,0.37590163946151733,False
300,3,400,0.15891721844673157,False
300,3,405,0.36191797256469727,False
300,4,10,0.188905730843544,False
300,4,15,0.24383550882339478,False
300,4,20,0.3330433964729309,False
300,4,25,0.31675729155540466,False
300,4,30,0.2541208863258362,False
300,4,35,0.18057648837566376,False
300,4,40,0.28985536098480225,False
300,4,45,0.3158821165561676,False
300,4,50,0.34664735198020935,False
300,4,55,0.28855645656585693,False
300,4,60,0.3355807065963745,False
300,4,65,0.25267040729522705,False
300,4,70,0.1144573912024498,False
300,4,75,0.21361950039863586,False
300,4,80,0.34719032049179077,False
300,4,85,0.4034256637096405,False
300,4,90,0.6431973576545715,False
300,4,95,0.46753671765327454,False
300,4,100,0.48438844084739685,False
300,4,105,0.7128089666366577,False
300,4,110,0.5169474482536316,False
300,4,115,0.2942505478858948,False
300,4,120,0.4030942916870117,False
300,4,125,0.4507473111152649,False
300,4,130,0.6393996477127075,False
300,4,135,0.7328072786331177,False
300,4,140,0.5896575450897217,False
300,4,145,0.4472365379333496,False
300,4,150,0.5439910888671875,False
300,4,155,0.589055597782135,False
300,4,160,0.4621417820453644,False
300,4,165,0.3200891613960266,False
300,4,170,0.4643494784832001,False
300,4,175,0.5442143082618713,False
300,4,180,0.47120505571365356,False
300,4,185,0.25816044211387634,False
300,4,190,0.07083664834499359,False
300,4,195,0.28538817167282104,False
300,4,200,0.245305597782135,False
300,4,205,0.2030917853116989,False
300,4,210,0.23607714474201202,False
300,4,215,0.13355715572834015,False
300,4,220,0.10078828036785126,False
300,4,225,0.17120562493801117,False
300,4,230,0.2536529302597046,False
300,4,235,0.3242756128311157,False
300,4,240,0.22570571303367615,False
300,4,245,0.06504114717245102,False
300,4,250,0.15259598195552826,False
300,4,255,0.18272504210472107,False
300,4,260,0.16071562469005585,False
300,4,265,0.29409506916999817,False
300,4,270,0.28117823600769043,False
300,4,275,0.1649075597524643,False
300,4,280,0.11973939090967178,False
300,4,285,0.1064513623714447,False
300,4,290,0.0414474792778492,False
300,4,295,0.03994568809866905,False
300,4,300,0.04532497003674507,False
300,4,305,0.05660123750567436,False
300,4,310,0.06487967073917389,False
300,4,315,0.01739571988582611,False
300,4,320,0.07384759187698364,False
300,4,325,0.07641225308179855,False
300,4,330,0.0509808212518692,False
300,4,335,0.05488221347332001,False
300,4,340,0.06109942868351936,False
300,4,345,0.08694314956665039,False
300,4,350,0.12187109887599945,False
300,4,355,0.14363406598567963,False
300,4,360,0.33145421743392944,False
300,4,365,0.2810141444206238,False
300,4,370,0.48605403304100037,False
300,4,375,0.4719046950340271,False
300,4,380,0.6373688578605652,False
300,4,385,0.43009063601493835,False
300,4,390,0.46249958872795105,False
300,4,395,0.8085014224052429,False
300,4,400,0.6433495283126831,False
300,4,405,0.7089656591415405,False
300,5,10,0.08746384084224701,False
300,5,15,0.3220592737197876,False
300,5,20,0.5033518671989441,False
300,5,25,0.3989057242870331,False
300,5,30,0.25568681955337524,False
300,5,35,0.38257914781570435,False
300,5,40,0.4092481732368469,False
300,5,45,0.48033732175827026,False
300,5,50,0.3621637523174286,False
300,5,55,0.3009970784187317,False
300,5,60,0.3284662067890167,False
300,5,65,0.4489074647426605,False
300,5,70,0.39205095171928406,False
300,5,75,0.20854152739048004,False
300,5,80,0.4407389461994171,False
300,5,85,0.15788502991199493,False
300,5,90,1.259831190109253,False
300,5,95,0.2878446578979492,False
300,5,100,0.03851362317800522,False
300,5,105,0.1598677784204483,False
300,5,110,0.4353141486644745,False
300,5,115,0.2911190092563629,False
300,5,120,0.34716686606407166,False
300,5,125,0.7520933747291565,False
300,5,130,0.35855790972709656,False
300,5,135,0.2272978276014328,False
300,5,140,0.44184499979019165,False
300,5,145,0.25646471977233887,False
300,5,150,0.4149664044380188,False
300,5,155,0.3256675601005554,False
300,5,160,0.40948522090911865,False
300,5,165,0.3345853090286255,False
300,5,170,0.2202570140361786,False
300,5,175,1.7960233688354492,False
300,5,180,0.2160181701183319,False
300,5,185,0.19327132403850555,False
300,5,190,0.20418915152549744,False
300,5,195,0.12853600084781647,False
300,5,200,0.23664826154708862,False
300,5,205,0.2127172350883484,False
300,5,210,0.15779522061347961,False
300,5,215,0.1710074543952942,False
300,5,220,0.1736949235200882,False
300,5,225,0.12846709787845612,False
300,5,230,0.22051110863685608,False
300,5,235,0.22901806235313416,False
300,5,240,0.4374675154685974,False
300,5,245,0.27973952889442444,False
300,5,250,0.18941713869571686,False
300,5,255,0.19994711875915527,False
300,5,260,0.23100809752941132,False
300,5,265,0.28692469000816345,False
300,5,270,0.2125224620103836,False
300,5,275,0.32121652364730835,False
300,5,280,0.18715959787368774,False
300,5,285,0.35774028301239014,False
300,5,290,0.18162164092063904,False
300,5,295,0.3505738079547882,False
300,5,300,0.21340245008468628,False
300,5,305,0.1750553399324417,False
300,5,310,0.14209067821502686,False
300,5,315,0.12077441066503525,False
300,5,320,0.10636310279369354,False
300,5,325,0.15744085609912872,False
300,5,330,0.12083449959754944,False
300,5,335,0.11873257160186768,False
300,5,340,0.16991418600082397,False
300,5,345,0.0831359475851059,False
300,5,350,0.20073875784873962,False
300,5,355,0.1063666120171547,False
300,5,360,0.200596883893013,False
300,5,365,0.1525201052427292,False
300,5,370,0.2370573878288269,False
300,5,375,0.2614240348339081,False
300,5,380,0.22179847955703735,False
300,5,385,0.31770533323287964,False
300,5,390,0.3312797546386719,False
300,5,395,0.2514877915382385,False
300,5,400,0.0853491798043251,False
300,5,405,0.1150575503706932,False
300,6,10,0.11253730207681656,False
300,6,15,0.2518517076969147,False
300,6,20,0.3847270607948303,False
300,6,25,0.3546764850616455,False
300,6,30,0.18010564148426056,False
300,6,35,0.21403735876083374,False
300,6,40,0.14692801237106323,False
300,6,45,0.164421945810318,False
300,6,50,0.11770905554294586,False
300,6,55,0.2128530740737915,False
300,6,60,0.10973519831895828,False
300,6,65,0.08958868682384491,False
300,6,70,0.11752106249332428,False
300,6,75,0.10764206945896149,False
300,6,80,0.16441363096237183,False
300,6,85,0.13861487805843353,False
300,6,90,0.12106816470623016,False
300,6,95,0.1424548327922821,False
300,6,100,0.12336964905261993,False
300,6,105,0.16776731610298157,False
300,6,110,0.09675274044275284,False
300,6,115,0.13110895454883575,False
300,6,120,0.11536933481693268,False
300,6,125,0.13114461302757263,False
300,6,130,0.11966326087713242,False
300,6,135,0.18266873061656952,False
300,6,140,0.14902903139591217,False
300,6,145,0.07547499239444733,False
300,6,150,0.16081835329532623,False
300,6,155,0.06168850138783455,False
300,6,160,0.12998627126216888,False
300,6,165,0.2270815521478653,False
300,6,170,0.2932186722755432,False
300,6,175,0.3839972913265228,False
300,6,180,0.06006106361746788,False
300,6,185,0.14827147126197815,False
300,6,190,0.13766098022460938,False
300,6,195,0.09175783395767212,False
300,6,200,0.3022133409976959,False
300,6,205,0.21950003504753113,False
300,6,210,0.1038346216082573,False
300,6,215,0.10051605850458145,False
300,6,220,0.24183498322963715,False
300,6,225,0.3694477081298828,False
300,6,230,0.08521796017885208,False
300,6,235,0.06522264331579208,False
300,6,240,0.2379378229379654,False
300,6,245,0.2277742624282837,False
300,6,250,0.1796385794878006,False
300,6,255,0.266719251871109,False
300,6,260,0.29104188084602356,False
300,6,265,0.21944525837898254,False
300,6,270,0.09989605844020844,False
300,6,275,0.1031317338347435,False
300,6,280,0.2408752590417862,False
300,6,285,0.5562677383422852,False
300,6,290,0.26841628551483154,False
300,6,295,0.12102604657411575,False
300,6,300,0.10434139519929886,False
300,6,305,0.05647967383265495,False
300,6,310,0.19224557280540466,False
300,6,315,0.11157266050577164,False
300,6,320,0.0872531458735466,False
300,6,325,0.20192427933216095,False
300,6,330,0.07732172310352325,False
300,6,335,0.14387673139572144,False
300,6,340,0.18015584349632263,False
300,6,345,0.14024613797664642,False
300,6,350,0.1533941924571991,False
300,6,355,0.12194613367319107,False
300,6,360,0.2890286445617676,False
300,6,365,0.18435326218605042,False
300,6,370,0.23569665849208832,False
300,6,375,0.4025530517101288,False
300,6,380,0.323699951171875,False
300,6,385,0.21711304783821106,False
300,6,390,0.2657856047153473,False
300,6,395,0.31794053316116333,False
300,6,400,0.2820075452327728,False
300,6,405,0.23112083971500397,False
300,7,10,0.0798405334353447,False
300,7,15,0.24271713197231293,False
300,7,20,0.43668729066848755,False
300,7,25,0.2923715114593506,False
300,7,30,0.2538808286190033,False
300,7,35,0.30110999941825867,False
300,7,40,0.2486879676580429,False
300,7,45,0.2774658203125,False
300,7,50,0.24679100513458252,False
300,7,55,0.1302107274532318,False
300,7,60,0.22207118570804596,False
300,7,65,0.20432886481285095,False
300,7,70,0.0745151937007904,False
300,7,75,0.3253635764122009,False
300,7,80,0.18406620621681213,False
300,7,85,0.15087613463401794,False
300,7,90,0.11307964473962784,False
300,7,95,0.14179398119449615,False
300,7,100,0.17396733164787292,False
300,7,105,0.26806360483169556,False
300,7,110,0.14083433151245117,False
300,7,115,0.257214218378067,False
300,7,120,0.21428850293159485,False
300,7,125,0.2331053465604782,False
300,7,130,0.08990097045898438,False
300,7,135,0.22620607912540436,False
300,7,140,0.25708112120628357,False
300,7,145,0.14717984199523926,False
300,7,150,0.22475817799568176,False
300,7,155,0.054586440324783325,False
300,7,160,0.32010409235954285,False
300,7,165,0.14108583331108093,False
300,7,170,0.1347326934337616,False
300,7,175,0.22143055498600006,False
300,7,180,0.30719757080078125,False
300,7,185,0.23036611080169678,False
300,7,190,0.29211992025375366,False
300,7,195,0.2915298044681549,False
300,7,200,0.14294366538524628,False
300,7,205,0.16867336630821228,False
300,7,210,0.3219374418258667,False
300,7,215,0.26093560457229614,False
300,7,220,0.10159684717655182,False
300,7,225,0.34791648387908936,False
300,7,230,0.24342302978038788,False
300,7,235,0.1774946004152298,False
300,7,240,0.2270616590976715,False
300,7,245,0.49979251623153687,False
300,7,250,0.3808620274066925,False
300,7,255,0.34367913007736206,False
300,7,260,0.19018329679965973,False
300,7,265,0.2249527871608734,False
300,7,270,0.3912924528121948,False
300,7,275,0.3996806740760803,False
300,7,280,0.3640458583831787,False
300,7,285,0.3774924874305725,False
300,7,290,0.24699050188064575,False
300,7,295,0.11323865503072739,False
300,7,300,0.0946471095085144,False
300,7,305,0.14957468211650848,False
300,7,310,0.2027105689048767,False
300,7,315,0.08917228877544403,False
300,7,320,0.14718018472194672,False
300,7,325,0.1996624767780304,False
300,7,330,0.09025897085666656,False
300,7,335,0.10980696231126785,False
300,7,340,0.13822762668132782,False
300,7,345,0.06053744629025459,False
300,7,350,0.20475003123283386,False
300,7,355,0.18982931971549988,False
300,7,360,0.07047361880540848,False
300,7,365,0.10104206949472427,False
300,7,370,0.076348215341568,False
300,7,375,0.18834012746810913,False
300,7,380,0.052990689873695374,False
300,7,385,0.22006933391094208,False
300,7,390,0.16912540793418884,False
300,7,395,0.056052252650260925,False
300,7,400,0.17398683726787567,False
300,7,405,0.1666654348373413,False
300,8,10,0.24598082900047302,False
300,8,15,0.2926698923110962,False
300,8,20,0.31804150342941284,False
300,8,25,0.27742987871170044,False
300,8,30,0.16868096590042114,False
300,8,35,0.19175107777118683,False
300,8,40,0.1799973100423813,False
300,8,45,0.6761430501937866,False
300,8,50,0.6334860324859619,False
300,8,55,0.26521268486976624,False
300,8,60,0.23830753564834595,False
300,8,65,0.14218243956565857,False
300,8,70,0.10054472088813782,False
300,8,75,0.29464107751846313,False
300,8,80,1.4584065675735474,False
300,8,85,1.8923031091690063,False
300,8,90,1.6346429586410522,False
300,8,95,0.2832297086715698,False
300,8,100,0.26049208641052246,False
300,8,105,1.2395886182785034,False
300,8,110,1.4073151350021362,False
300,8,115,0.08406952023506165,False
300,8,120,0.12830202281475067,False
300,8,125,0.06404493749141693,False
300,8,130,0.08237649500370026,False
300,8,135,0.06067902222275734,False
300,8,140,0.08314835280179977,False
300,8,145,1.9835796356201172,False
300,8,150,0.06344941258430481,False
300,8,155,0.03667968884110451,False
300,8,160,0.20596913993358612,False
300,8,165,0.9047942161560059,False
300,8,170,0.10209333151578903,False
300,8,175,0.07310929149389267,False
300,8,180,0.11201436072587967,False
300,8,185,2.1860780715942383,False
300,8,190,0.9210715889930725,False
300,8,195,1.2259235382080078,False
300,8,200,0.17213882505893707,False
300,8,205,0.18257103860378265,False
300,8,210,0.12146571278572083,False
300,8,215,0.14712925255298615,False
300,8,220,0.17708919942378998,False
300,8,225,0.03525839373469353,False
300,8,230,0.10646910220384598,False
300,8,235,0.16944091022014618,False
300,8,240,0.7533236145973206,False
300,8,245,1.0845139026641846,False
300,8,250,1.1740751266479492,False
300,8,255,1.2675697803497314,False
300,8,260,1.1344635486602783,False
300,8,265,1.13714599609375,False
300,8,270,0.10856379568576813,False
300,8,275,0.09322069585323334,False
300,8,280,0.4602815806865692,False
300,8,285,0.622463583946228,False
300,8,290,0.19128283858299255,False
300,8,295,0.13546423614025116,False
300,8,300,0.09263761341571808,False
300,8,305,0.08776026964187622,False
300,8,310,0.06425778567790985,False
300,8,315,0.04557139053940773,False
300,8,320,0.06059645861387253,False
300,8,325,0.15779626369476318,False
300,8,330,0.23831138014793396,False
300,8,335,0.41250425577163696,False
300,8,340,0.48284128308296204,False
300,8,345,0.48754072189331055,False
300,8,350,0.47807958722114563,False
300,8,355,0.4788442850112915,False
300,8,360,0.581879734992981,False
300,8,365,0.5347669124603271,False
300,8,370,0.5165896415710449,False
300,8,375,0.36995425820350647,False
300,8,380,0.34448671340942383,False
300,8,385,0.06803043931722641,False
300,8,390,0.15068793296813965,False
300,8,395,0.13557113707065582,False
300,8,400,0.07203150540590286,False
300,8,405,0.09729146957397461,False
300,9,10,0.10589054226875305,False
300,9,15,0.18411500751972198,False
300,9,20,0.3314993381500244,False
300,9,25,0.35024294257164,False
300,9,30,0.20339863002300262,False
300,9,35,0.2360244244337082,False
300,9,40,0.2619040012359619,False
300,9,45,0.39354217052459717,False
300,9,50,0.18750222027301788,False
300,9,55,0.257683128118515,False
300,9,60,0.1790153682231903,False
300,9,65,0.2156565636396408,False
300,9,70,0.15664997696876526,False
300,9,75,0.18724018335342407,False
300,9,80,0.21426884829998016,False
300,9,85,0.24971485137939453,False
300,9,90,0.3127218782901764,False
300,9,95,0.1686156988143921,False
300,9,100,0.2316301167011261,False
300,9,105,0.29509297013282776,False
300,9,110,0.28319427371025085,False
300,9,115,0.23940609395503998,False
300,9,120,0.2382274866104126,False
300,9,125,0.2082662284374237,False
300,9,130,0.26334115862846375,False
300,9,135,0.3520105183124542,False
300,9,140,0.20882686972618103,False
300,9,145,0.3514726459980011,False
300,9,150,0.4415889084339142,False
300,9,155,0.4473707675933838,False
300,9,160,0.39654815196990967,False
300,9,165,0.3005521595478058,False
300,9,170,0.18513958156108856,False
300,9,175,0.3488975763320923,False
300,9,180,0.35262414813041687,False
300,9,185,0.3976004719734192,False
300,9,190,0.3694715201854706,False
300,9,195,0.19688525795936584,False
300,9,200,0.19664008915424347,False
300,9,205,0.13533636927604675,False
300,9,210,0.06892949342727661,False
300,9,215,0.09144888818264008,False
300,9,220,0.1275625228881836,False
300,9,225,0.15804582834243774,False
300,9,230,0.07730769366025925,False
300,9,235,0.06729287654161453,False
300,9,240,0.13513487577438354,False
300,9,245,0.3761654794216156,False
300,9,250,0.13003109395503998,False
300,9,255,0.2943035364151001,False
300,9,260,0.14081630110740662,False
300,9,265,0.13896122574806213,False
300,9,270,0.14422784745693207,False
300,9,275,0.05951842665672302,False
300,9,280,0.4055856764316559,False
300,9,285,0.4237755239009857,False
300,9,290,0.23562221229076385,False
300,9,295,0.1781013309955597,False
300,9,300,0.1280844658613205,False
300,9,305,0.09114432334899902,False
300,9,310,0.09643259644508362,False
300,9,315,0.46289539337158203,False
300,9,320,0.19128386676311493,False
300,9,325,0.13535143435001373,False
300,9,330,0.44483596086502075,False
300,9,335,0.23874929547309875,False
300,9,340,0.17985574901103973,False
300,9,345,0.35452258586883545,False
300,9,350,0.10926393419504166,False
300,9,355,0.07195772230625153,False
300,9,360,0.2981831729412079,False
300,9,365,0.3563976585865021,False
300,9,370,0.5293194651603699,False
300,9,375,0.48048990964889526,False
300,9,380,0.48293036222457886,False
300,9,385,0.29563212394714355,False
300,9,390,0.3561711311340332,False
300,9,395,0.3469677269458771,False
300,9,400,0.17612047493457794,False
300,9,405,0.2024489790201187,False
300,10,10,0.20679038763046265,False
300,10,15,0.21739870309829712,False
300,10,20,0.3540910482406616,False
300,10,25,0.2553282380104065,False
300,10,30,0.2666987180709839,False
300,10,35,0.13502514362335205,False
300,10,40,0.18476474285125732,False
300,10,45,0.14486922323703766,False
300,10,50,0.19310444593429565,False
300,10,55,0.3319757878780365,False
300,10,60,0.38344916701316833,False
300,10,65,0.5648096799850464,False
300,10,70,0.29850655794143677,False
300,10,75,0.28522181510925293,False
300,10,80,0.4020918309688568,False
300,10,85,0.2742598056793213,False
300,10,90,0.3208795487880707,False
300,10,95,0.47665953636169434,False
300,10,100,0.2299550622701645,False
300,10,105,0.4222261607646942,False
300,10,110,0.3797065317630768,False
300,10,115,0.3149239420890808,False
300,10,120,0.4327424466609955,False
300,10,125,0.2642388939857483,False
300,10,130,0.337117075920105,False
300,10,135,0.13915972411632538,False
300,10,140,0.5614045858383179,False
300,10,145,0.18744201958179474,False
300,10,150,0.3480510711669922,False
300,10,155,0.32889077067375183,False
300,10,160,0.29661232233047485,False
300,10,165,0.3539097011089325,False
300,10,170,0.4383693337440491,False
300,10,175,0.48484084010124207,False
300,10,180,0.6466346383094788,False
300,10,185,0.6476686000823975,False
300,10,190,0.3722703754901886,False
300,10,195,0.2508019506931305,False
300,10,200,0.2132502645254135,False
300,10,205,0.20837916433811188,False
300,10,210,0.183720201253891,False
300,10,215,0.1332562416791916,False
300,10,220,0.07168297469615936,False
300,10,225,0.20054090023040771,False
300,10,230,0.04657535254955292,False
300,10,235,0.12605877220630646,False
300,10,240,0.06558610498905182,False
300,10,245,0.16559073328971863,False
300,10,250,0.16501395404338837,False
300,10,255,0.07711107283830643,False
300,10,260,0.12157514691352844,False
300,10,265,0.16317133605480194,False
300,10,270,0.05308075621724129,False
300,10,275,0.10405933856964111,False
300,10,280,0.1421327441930771,False
300,10,285,0.21688468754291534,False
300,10,290,0.1024768278002739,False
300,10,295,0.07817178964614868,False
300,10,300,0.06185578554868698,False
300,10,305,0.09307223558425903,False
300,10,310,0.07585380226373672,False
300,10,315,0.060203246772289276,False
300,10,320,0.08149506151676178,False
300,10,325,0.08700142055749893,False
300,10,330,0.13713222742080688,False
300,10,335,0.12397738546133041,False
300,10,340,0.07220347970724106,False
300,10,345,0.05308354273438454,False
300,10,350,0.08546359837055206,False
300,10,355,0.07486662268638611,False
300,10,360,0.27302151918411255,False
300,10,365,0.6072861552238464,False
300,10,370,0.23094868659973145,False
300,10,375,0.10305693000555038,False
300,10,380,0.11067313700914383,False
300,10,385,0.49318188428878784,False
300,10,390,0.16104158759117126,False
300,10,395,0.2509572505950928,False
300,10,400,0.2160617709159851,False
300,10,405,0.26870954036712646,False
300,11,10,0.0970470979809761,False
300,11,15,0.2437862753868103,False
300,11,20,0.5035708546638489,False
300,11,25,0.44677698612213135,False
300,11,30,0.3725135922431946,False
300,11,35,0.4463767111301422,False
300,11,40,0.6080992221832275,False
300,11,45,0.6448293924331665,False
300,11,50,0.5326662659645081,False
300,11,55,1.3576083183288574,False
300,11,60,0.4066096246242523,False
300,11,65,0.8211579918861389,False
300,11,70,1.3653221130371094,False
300,11,75,1.5967535972595215,False
300,11,80,1.6654303073883057,False
300,11,85,0.2070484757423401,False
300,11,90,1.9737848043441772,False
300,11,95,0.10238426178693771,False
300,11,100,0.4035974144935608,False
300,11,105,0.4532969892024994,False
300,11,110,0.3835832476615906,False
300,11,115,0.28600621223449707,False
300,11,120,0.26239773631095886,False
300,11,125,0.2542125880718231,False
300,11,130,0.3060702979564667,False
300,11,135,0.23377344012260437,False
300,11,140,0.4778813123703003,False
300,11,145,0.20049767196178436,False
300,11,150,0.5263625383377075,False
300,11,155,0.40845033526420593,False
300,11,160,0.4166499674320221,False
300,11,165,0.3192957639694214,False
300,11,170,0.31601762771606445,False
300,11,175,1.796187162399292,False
300,11,180,0.2704857885837555,False
300,11,185,0.2783636152744293,False
300,11,190,0.3645927906036377,False
300,11,195,0.22730135917663574,False
300,11,200,0.3177914321422577,False
300,11,205,0.3296096920967102,False
300,11,210,0.3023206889629364,False
300,11,215,0.30105024576187134,False
300,11,220,0.2965599596500397,False
300,11,225,0.3160107433795929,False
300,11,230,0.18505316972732544,False
300,11,235,0.12688839435577393,False
300,11,240,0.08477237075567245,False
300,11,245,0.12995019555091858,False
300,11,250,0.08791226148605347,False
300,11,255,0.1657315194606781,False
300,11,260,0.08215957880020142,False
300,11,265,0.09760832786560059,False
300,11,270,0.09322962164878845,False
300,11,275,0.11838191747665405,False
300,11,280,0.10025572776794434,False
300,11,285,0.2621331810951233,False
300,11,290,0.29820847511291504,False
300,11,295,0.24187062680721283,False
300,11,300,0.05997534096240997,False
300,11,305,0.07914332300424576,False
300,11,310,0.09045448154211044,False
300,11,315,0.41348719596862793,False
300,11,320,0.15882617235183716,False
300,11,325,0.10300132632255554,False
300,11,330,0.4318164885044098,False
300,11,335,0.22670844197273254,False
300,11,340,0.11539044231176376,False
300,11,345,0.4023483991622925,False
300,11,350,0.13373920321464539,False
300,11,355,0.20223760604858398,False
300,11,360,0.3080645501613617,False
300,11,365,0.3244137763977051,False
300,11,370,0.31271153688430786,False
300,11,375,0.2312585562467575,False
300,11,380,0.2783184349536896,False
300,11,385,0.2545643150806427,False
300,11,390,0.3160227835178375,False
300,11,395,0.37851130962371826,False
300,11,400,0.16438008844852448,False
300,11,405,0.24193847179412842,False
300,12,10,0.19076386094093323,False
300,12,15,0.2874520719051361,False
300,12,20,0.41900041699409485,False
300,12,25,0.321418434381485,False
300,12,30,0.1749781221151352,False
300,12,35,0.18138442933559418,False
300,12,40,0.24708953499794006,False
300,12,45,0.21036094427108765,False
300,12,50,0.12454916536808014,False
300,12,55,0.13714241981506348,False
300,12,60,0.1584344357252121,False
300,12,65,0.13342200219631195,False
300,12,70,0.07703427970409393,False
300,12,75,0.1539667248725891,False
300,12,80,0.23858946561813354,False
300,12,85,0.43392691016197205,False
300,12,90,0.43005838990211487,False
300,12,95,0.3804323971271515,False
300,12,100,0.4048905670642853,False
300,12,105,0.364202082157135,False
300,12,110,0.4899386167526245,False
300,12,115,0.48372313380241394,False
300,12,120,0.37360095977783203,False
300,12,125,0.2821827530860901,False
300,12,130,0.3643893897533417,False
300,12,135,0.3164740204811096,False
300,12,140,0.35628703236579895,False
300,12,145,0.34109634160995483,False
300,12,150,0.2724349796772003,False
300,12,155,0.16470564901828766,False
300,12,160,0.2627916932106018,False
300,12,165,0.41431716084480286,False
300,12,170,0.2341606169939041,False
300,12,175,0.2565295100212097,False
300,12,180,0.2955456078052521,False
300,12,185,0.28428196907043457,False
300,12,190,0.3396706283092499,False
300,12,195,0.39633864164352417,False
300,12,200,0.1405433714389801,False
300,12,205,0.22031158208847046,False
300,12,210,0.1583946943283081,False
300,12,215,0.14416836202144623,False
300,12,220,0.18002326786518097,False
300,12,225,0.21855296194553375,False
300,12,230,0.08225439488887787,False
300,12,235,0.08047898858785629,False
300,12,240,0.14882926642894745,False
300,12,245,0.35901644825935364,False
300,12,250,0.2822246551513672,False
300,12,255,0.2677893340587616,False
300,12,260,0.3186338543891907,False
300,12,265,0.30096495151519775,False
300,12,270,0.1697864532470703,False
300,12,275,0.06978306919336319,False
300,12,280,0.2520023584365845,False
300,12,285,0.4740896224975586,False
300,12,290,0.2754669785499573,False
300,12,295,0.09988027065992355,False
300,12,300,0.1421833038330078,False
300,12,305,0.13720643520355225,False
300,12,310,0.18513169884681702,False
300,12,315,0.3990689516067505,False
300,12,320,0.13462786376476288,False
300,12,325,0.12254536151885986,False
300,12,330,0.4696015417575836,False
300,12,335,0.09336277097463608,False
300,12,340,0.09125076234340668,False
300,12,345,0.3804734945297241,False
300,12,350,0.12721306085586548,False
300,12,355,0.13169656693935394,False
300,12,360,0.27133747935295105,False
300,12,365,0.3747656047344208,False
300,12,370,0.2986932098865509,False
300,12,375,0.3425741195678711,False
300,12,380,0.3998079299926758,False
300,12,385,0.37679463624954224,False
300,12,390,0.328808456659317,False
300,12,395,0.2748655080795288,False
300,12,400,0.13980627059936523,False
300,12,405,0.1595010608434677,False
300,13,10,0.0876016691327095,False
300,13,15,0.24588383734226227,False
300,13,20,0.36401769518852234,False
300,13,25,0.4208605885505676,False
300,13,30,0.4536459445953369,False
300,13,35,0.3563166856765747,False
300,13,40,0.4417940676212311,False
300,13,45,0.3764457404613495,False
300,13,50,0.33214014768600464,False
300,13,55,0.1687261164188385,False
300,13,60,0.48121070861816406,False
300,13,65,0.5153542160987854,False
300,13,70,0.46869197487831116,False
300,13,75,0.463674932718277,False
300,13,80,0.5047075748443604,False
300,13,85,1.5313931703567505,False
300,13,90,0.42958971858024597,False
300,13,95,0.3992059826850891,False
300,13,100,0.3552551567554474,False
300,13,105,0.4907281994819641,False
300,13,110,0.32208532094955444,False
300,13,115,0.2580847144126892,False
300,13,120,0.2254316210746765,False
300,13,125,0.25323814153671265,False
300,13,130,0.25967860221862793,False
300,13,135,0.2653611898422241,False
300,13,140,0.3151908814907074,False
300,13,145,0.34537601470947266,False
300,13,150,0.5712666511535645,False
300,13,155,0.40245530009269714,False
300,13,160,0.48869380354881287,False
300,13,165,2.040637731552124,False
300,13,170,1.9363908767700195,False
300,13,175,1.6297186613082886,False
300,13,180,0.19542089104652405,False
300,13,185,0.4094299376010895,False
300,13,190,0.36638495326042175,False
300,13,195,0.22575248777866364,False
300,13,200,0.4124307632446289,False
300,13,205,0.43414825201034546,False
300,13,210,0.2836110591888428,False
300,13,215,0.2837662994861603,False
300,13,220,0.21892760694026947,False
300,13,225,0.2458392083644867,False
300,13,230,0.3041357696056366,False
300,13,235,0.3083585500717163,False
300,13,240,0.4920145273208618,False
300,13,245,0.1333896815776825,False
300,13,250,0.3022412359714508,False
300,13,255,0.20660246908664703,False
300,13,260,0.248078852891922,False
300,13,265,0.3732985556125641,False
300,13,270,0.4883388578891754,False
300,13,275,0.5623037219047546,False
300,13,280,0.20096559822559357,False
300,13,285,0.07138313353061676,False
300,13,290,0.3919524848461151,False
300,13,295,0.4974276125431061,False
300,13,300,0.1981814205646515,False
300,13,305,0.20541194081306458,False
300,13,310,0.23424570262432098,False
300,13,315,0.2393578141927719,False
300,13,320,0.2139011174440384,False
300,13,325,0.2313874363899231,False
300,13,330,0.15649965405464172,False
300,13,335,0.4641987085342407,False
300,13,340,0.3805367648601532,False
300,13,345,0.14829620718955994,False
300,13,350,0.2799070179462433,False
300,13,355,0.1867634505033493,False
300,13,360,0.1096411645412445,False
300,13,365,0.12996035814285278,False
300,13,370,0.15121565759181976,False
300,13,375,0.13585235178470612,False
300,13,380,0.10558001697063446,False
300,13,385,0.18433766067028046,False
300,13,390,0.1509544998407364,False
300,13,395,0.14408834278583527,False
300,13,400,0.1656920611858368,False
300,13,405,0.2107568383216858,False
300,14,10,0.11009592562913895,False
300,14,15,0.28441548347473145,False
300,14,20,0.5620653033256531,False
300,14,25,0.5831019282341003,False
300,14,30,0.555461585521698,False
300,14,35,0.532060980796814,False
300,14,40,0.5341487526893616,False
300,14,45,0.48475182056427,False
300,14,50,0.5982691645622253,False
300,14,55,0.30884915590286255,False
300,14,60,0.38494929671287537,False
300,14,65,0.21479694545269012,False
300,14,70,0.24115689098834991,False
300,14,75,0.4710092842578888,False
300,14,80,0.43094298243522644,False
300,14,85,0.18762409687042236,False
300,14,90,1.9892299175262451,False
300,14,95,0.19227373600006104,False
300,14,100,0.31909677386283875,False
300,14,105,0.5551523566246033,False
300,14,110,0.3814653754234314,False
300,14,115,0.2994191348552704,False
300,14,120,0.3028104305267334,False
300,14,125,0.3541106879711151,False
300,14,130,0.22913089394569397,False
300,14,135,0.25089141726493835,False
300,14,140,0.20675592124462128,False
300,14,145,0.30975228548049927,False
300,14,150,0.48032355308532715,False
300,14,155,0.1364126056432724,False
300,14,160,0.5368136763572693,False
300,14,165,0.41562771797180176,False
300,14,170,0.46114179491996765,False
300,14,175,1.6521426439285278,False
300,14,180,0.08993299305438995,False
300,14,185,0.27982625365257263,False
300,14,190,0.14045414328575134,False
300,14,195,0.1351320445537567,False
300,14,200,0.36468568444252014,False
300,14,205,0.2875436842441559,False
300,14,210,0.32261255383491516,False
300,14,215,0.2008543610572815,False
300,14,220,0.3137921988964081,False
300,14,225,0.115644171833992,False
300,14,230,0.24493588507175446,False
300,14,235,0.2571887969970703,False
300,14,240,0.3568747937679291,False
300,14,245,0.1319008469581604,False
300,14,250,0.2223103791475296,False
300,14,255,0.11004350334405899,False
300,14,260,0.21035321056842804,False
300,14,265,0.34210050106048584,False
300,14,270,0.2989354729652405,False
300,14,275,0.2974207103252411,False
300,14,280,0.22675518691539764,False
300,14,285,0.2334377020597458,False
300,14,290,0.20703165233135223,False
300,14,295,0.4085817039012909,False
300,14,300,0.18593014776706696,False
300,14,305,0.35740911960601807,False
300,14,310,0.36855363845825195,False
300,14,315,0.39566248655319214,False
300,14,320,0.24397212266921997,False
300,14,325,0.29758307337760925,False
300,14,330,0.2528529465198517,False
300,14,335,0.4152410626411438,False
300,14,340,0.46903854608535767,False
300,14,345,0.18403691053390503,False
300,14,350,0.37981483340263367,False
300,14,355,0.3753771185874939,False
300,14,360,0.2923811376094818,False
300,14,365,0.3374688923358917,False
300,14,370,0.229913130402565,False
300,14,375,0.2387421727180481,False
300,14,380,0.34726279973983765,False
300,14,385,0.333851158618927,False
300,14,390,0.3548901677131653,False
300,14,395,0.47028207778930664,False
300,14,400,0.24330025911331177,False
300,14,405,0.37768498063087463,False
300,15,10,0.2671784460544586,False
300,15,15,0.24439659714698792,False
300,15,20,0.24471399188041687,False
300,15,25,0.09395691007375717,False
300,15,30,0.08446065336465836,False
300,15,35,0.12258904427289963,False
300,15,40,0.11111339926719666,False
300,15,45,0.09560639411211014,False
300,15,50,0.10219528526067734,False
300,15,55,0.09696333110332489,False
300,15,60,0.08700098097324371,False
300,15,65,0.09301610291004181,False
300,15,70,0.06182887777686119,False
300,15,75,0.10023324936628342,False
300,15,80,0.09850016236305237,False
300,15,85,0.1124444231390953,False
300,15,90,0.10895634442567825,False
300,15,95,0.12595541775226593,False
300,15,100,0.09514179080724716,False
300,15,105,0.16817638278007507,False
300,15,110,0.17008225619792938,False
300,15,115,0.1787046641111374,False
300,15,120,0.1935551017522812,False
300,15,125,0.36574482917785645,False
300,15,130,0.6291490197181702,False
300,15,135,0.6273566484451294,False
300,15,140,0.5922449231147766,False
300,15,145,0.4683820903301239,False
300,15,150,0.445536732673645,False
300,15,155,0.5449312329292297,False
300,15,160,0.5609613656997681,False
300,15,165,0.09423980116844177,False
300,15,170,0.07453321665525436,False
300,15,175,0.24692314863204956,False
300,15,180,0.285603791475296,False
300,15,185,0.16609585285186768,False
300,15,190,0.1937362402677536,False
300,15,195,0.12651324272155762,False
300,15,200,0.19595928490161896,False
300,15,205,0.08133135735988617,False
300,15,210,0.11449816077947617,False
300,15,215,0.12798291444778442,False
300,15,220,0.038805946707725525,False
300,15,225,0.07485930621623993,False
300,15,230,0.12708671391010284,False
300,15,235,0.1800210028886795,False
300,15,240,0.16274286806583405,False
300,15,245,0.08737976849079132,False
300,15,250,0.11526020616292953,False
300,15,255,0.12418419867753983,False
300,15,260,0.13247372210025787,False
300,15,265,0.1165749579668045,False
300,15,270,0.13377144932746887,False
300,15,275,0.1268165409564972,False
300,15,280,0.08549288660287857,False
300,15,285,0.10142888873815536,False
300,15,290,0.140587717294693,False
300,15,295,0.045696698129177094,False
300,15,300,0.03885359689593315,False
300,15,305,0.31354063749313354,False
300,15,310,0.34573614597320557,False
300,15,315,0.34058988094329834,False
300,15,320,0.10015581548213959,False
300,15,325,0.5403434038162231,False
300,15,330,0.6353185176849365,False
300,15,335,0.6727463006973267,False
300,15,340,0.6852898001670837,False
300,15,345,0.5177524089813232,False
300,15,350,0.4598478674888611,False
300,15,355,0.3263862431049347,False
300,15,360,0.10787399113178253,False
300,15,365,0.13034909963607788,False
300,15,370,0.14077605307102203,False
300,15,375,0.17844471335411072,False
300,15,380,0.10428638011217117,False
300,15,385,0.0790199264883995,False
300,15,390,0.10041600465774536,False
300,15,395,0.3969862759113312,False
300,15,400,0.2291259914636612,False
300,15,405,0.5747787952423096,False
300,16,10,0.14763015508651733,False
300,16,15,0.27433088421821594,False
300,16,20,0.3720587193965912,False
300,16,25,0.26268166303634644,False
300,16,30,0.40672174096107483,False
300,16,35,0.30728617310523987,False
300,16,40,0.3286294937133789,False
300,16,45,0.2793649733066559,False
300,16,50,0.27694597840309143,False
300,16,55,0.2130236178636551,False
300,16,60,0.1450609266757965,False
300,16,65,0.2666931450366974,False
300,16,70,0.25413721799850464,False
300,16,75,0.3136947751045227,False
300,16,80,0.35787850618362427,False
300,16,85,0.285888135433197,False
300,16,90,0.23834259808063507,False
300,16,95,0.544217586517334,False
300,16,100,0.13088153302669525,False
300,16,105,0.5505847930908203,False
300,16,110,0.4475191831588745,False
300,16,115,0.3085179924964905,False
300,16,120,0.20425046980381012,False
300,16,125,0.3879798650741577,False
300,16,130,0.5406484603881836,False
300,16,135,0.4645048975944519,False
300,16,140,0.8230171799659729,False
300,16,145,0.35199612379074097,False
300,16,150,0.2213257998228073,False
300,16,155,0.134799525141716,False
300,16,160,0.05049663782119751,False
300,16,165,0.1854536235332489,False
300,16,170,1.7038004398345947,False
300,16,175,0.1545797735452652,False
300,16,180,0.039589110761880875,False
300,16,185,0.08312803506851196,False
300,16,190,0.6592754125595093,False
300,16,195,0.13381846249103546,False
300,16,200,0.900874674320221,False
300,16,205,0.15973398089408875,False
300,16,210,0.11236314475536346,False
300,16,215,0.10326316207647324,False
300,16,220,0.07882627099752426,False
300,16,225,0.06163596734404564,False
300,16,230,0.0740436315536499,False
300,16,235,0.09586003422737122,False
300,16,240,0.09867264330387115,False
300,16,245,0.11416345834732056,False
300,16,250,0.12289733439683914,False
300,16,255,0.0699721947312355,False
300,16,260,0.042073775082826614,False
300,16,265,0.06072995811700821,False
300,16,270,0.05833502113819122,False
300,16,275,0.04511277377605438,False
300,16,280,0.07034225761890411,False
300,16,285,0.05004594847559929,False
300,16,290,0.04465549439191818,False
300,16,295,0.13777242600917816,False
300,16,300,0.27734142541885376,False
300,16,305,0.10859483480453491,False
300,16,310,0.6150683760643005,False
300,16,315,0.162527397274971,False
300,16,320,0.08328031748533249,False
300,16,325,0.11460655927658081,False
300,16,330,0.4884633421897888,False
300,16,335,0.1276775598526001,False
300,16,340,1.3799527883529663,False
300,16,345,1.3381677865982056,False
300,16,350,0.07586658746004105,False
300,16,355,0.05356072261929512,False
300,16,360,0.1272628754377365,False
300,16,365,1.7865557670593262,False
300,16,370,1.021173119544983,False
300,16,375,0.10836917906999588,False
300,16,380,0.23213636875152588,False
300,16,385,0.56004798412323,False
300,16,390,0.13662144541740417,False
300,16,395,0.10578754544258118,False
300,16,400,0.11644560098648071,False
300,16,405,0.1199290007352829,False
300,17,10,0.21478265523910522,False
300,17,15,0.31678640842437744,False
300,17,20,0.4243495464324951,False
300,17,25,0.43627506494522095,False
300,17,30,0.4349795877933502,False
300,17,35,0.48909294605255127,False
300,17,40,0.4058023691177368,False
300,17,45,0.43557289242744446,False
300,17,50,1.1640266180038452,False
300,17,55,1.3820537328720093,False
300,17,60,0.4572192430496216,False
300,17,65,0.4951419234275818,False
300,17,70,0.31968486309051514,False
300,17,75,0.43350884318351746,False
300,17,80,0.4737294018268585,False
300,17,85,0.19334876537322998,False
300,17,90,1.9436137676239014,False
300,17,95,1.993238091468811,False
300,17,100,0.3927891254425049,False
300,17,105,0.4390008747577667,False
300,17,110,0.35014277696609497,False
300,17,115,0.28458818793296814,False
300,17,120,0.3338928818702698,False
300,17,125,1.6827398538589478,False
300,17,130,0.44165438413619995,False
300,17,135,0.37591975927352905,False
300,17,140,0.3379988372325897,False
300,17,145,0.3030208349227905,False
300,17,150,0.5955331921577454,False
300,17,155,0.4624338150024414,False
300,17,160,0.4561840295791626,False
300,17,165,0.5076825618743896,False
300,17,170,0.41075971722602844,False
300,17,175,1.3970019817352295,False
300,17,180,0.1835702359676361,False
300,17,185,0.4293505847454071,False
300,17,190,0.3757379651069641,False
300,17,195,0.17529340088367462,False
300,17,200,0.38092660903930664,False
300,17,205,0.4187631607055664,False
300,17,210,0.30434852838516235,False
300,17,215,0.3306758403778076,False
300,17,220,0.2779313027858734,False
300,17,225,0.2083924263715744,False
300,17,230,0.30212631821632385,False
300,17,235,0.2733408808708191,False
300,17,240,1.740779995918274,False
300,17,245,0.19156703352928162,False
300,17,250,0.3137114942073822,False
300,17,255,0.22405120730400085,False
300,17,260,0.23735855519771576,False
300,17,265,0.3395037353038788,False
300,17,270,0.45965659618377686,False
300,17,275,0.5609921216964722,False
300,17,280,0.23916977643966675,False
300,17,285,0.09828928112983704,False
300,17,290,0.3796241283416748,False
300,17,295,0.45358866453170776,False
300,17,300,0.188912495970726,False
300,17,305,0.23351874947547913,False
300,17,310,0.26450586318969727,False
300,17,315,0.19151043891906738,False
300,17,320,0.18784630298614502,False
300,17,325,0.2074519842863083,False
300,17,330,0.16429774463176727,False
300,17,335,0.3439669609069824,False
300,17,340,0.47205987572669983,False
300,17,345,0.22686298191547394,False
300,17,350,0.36386388540267944,False
300,17,355,0.35972365736961365,False
300,17,360,0.520439863204956,False
300,17,365,0.49753621220588684,False
300,17,370,0.14201146364212036,False
300,17,375,0.3095053434371948,False
300,17,380,0.43372994661331177,False
300,17,385,0.355787068605423,False
300,17,390,0.26768019795417786,False
300,17,395,0.3190586566925049,False
300,17,400,0.14803887903690338,False
300,17,405,0.3430936336517334,False
300,18,10,0.17683036625385284,False
300,18,15,0.30794480443000793,False
300,18,20,0.39730942249298096,False
300,18,25,0.33176344633102417,False
300,18,30,0.23003031313419342,False
300,18,35,0.2455868124961853,False
300,18,40,0.29435208439826965,False
300,18,45,0.27227506041526794,False
300,18,50,0.1826315075159073,False
300,18,55,0.3014768958091736,False
300,18,60,0.19962261617183685,False
300,18,65,0.2682819962501526,False
300,18,70,0.3601556122303009,False
300,18,75,0.38982486724853516,False
300,18,80,0.2556971311569214,False
300,18,85,0.4354507327079773,False
300,18,90,0.4264218807220459,False
300,18,95,0.54343581199646,False
300,18,100,0.48181602358818054,False
300,18,105,0.13862375915050507,False
300,18,110,0.5888917446136475,False
300,18,115,0.6685984134674072,False
300,18,120,0.43700358271598816,False
300,18,125,0.49088147282600403,False
300,18,130,0.6240377426147461,False
300,18,135,0.6379537582397461,False
300,18,140,0.5478215217590332,False
300,18,145,0.45830675959587097,False
300,18,150,0.6205812096595764,False
300,18,155,0.5417171716690063,False
300,18,160,0.697650134563446,False
300,18,165,0.46503880620002747,False
300,18,170,0.3716159164905548,False
300,18,175,0.6007752418518066,False
300,18,180,0.2660050690174103,False
300,18,185,0.8549628853797913,False
300,18,190,0.3254115879535675,False
300,18,195,0.7371346950531006,False
300,18,200,0.4469563364982605,False
300,18,205,0.7495051026344299,False
300,18,210,0.5920434594154358,False
300,18,215,0.6549795269966125,False
300,18,220,0.4811181426048279,False
300,18,225,0.3258166015148163,False
300,18,230,0.8662838935852051,False
300,18,235,0.7031423449516296,False
300,18,240,0.5496022701263428,False
300,18,245,0.304001122713089,False
300,18,250,0.7566334009170532,False
300,18,255,0.46468663215637207,False
300,18,260,0.41900399327278137,False
300,18,265,0.6230841279029846,False
300,18,270,0.6180295348167419,False
300,18,275,0.6616599559783936,False
300,18,280,0.4828070104122162,False
300,18,285,0.11040470749139786,False
300,18,290,0.694852352142334,False
300,18,295,0.8219476342201233,False
300,18,300,0.10462269186973572,False
300,18,305,0.5450648665428162,False
300,18,310,0.5689488053321838,False
300,18,315,0.7788592576980591,False
300,18,320,0.5089206099510193,False
300,18,325,0.766934871673584,False
300,18,330,0.5864123702049255,False
300,18,335,0.5951055884361267,False
300,18,340,0.46445852518081665,False
300,18,345,0.5830960869789124,False
300,18,350,0.4873465299606323,False
300,18,355,0.4611760675907135,False
300,18,360,0.6431036591529846,False
300,18,365,0.44690755009651184,False
300,18,370,0.48830464482307434,False
300,18,375,0.4688754081726074,False
300,18,380,0.5838980078697205,False
300,18,385,0.5702525973320007,False
300,18,390,0.3871972858905792,False
300,18,395,0.22922471165657043,False
300,18,400,0.5518164038658142,False
300,18,405,0.5764296054840088,False
300,19,10,0.1424616575241089,False
300,19,15,0.30600300431251526,False
300,19,20,0.3999837040901184,False
300,19,25,0.42901113629341125,False
300,19,30,0.40988659858703613,False
300,19,35,0.46157366037368774,False
300,19,40,0.6537529826164246,False
300,19,45,0.7647539973258972,False
300,19,50,0.6868430376052856,False
300,19,55,0.21116229891777039,False
300,19,60,0.7291043400764465,False
300,19,65,0.6490529179573059,False
300,19,70,0.34357038140296936,False
300,19,75,0.47181811928749084,False
300,19,80,1.6556817293167114,False
300,19,85,0.8295673727989197,False
300,19,90,1.9863543510437012,False
300,19,95,2.0586233139038086,False
300,19,100,0.33079153299331665,False
300,19,105,0.41810864210128784,False
300,19,110,0.35915687680244446,False
300,19,115,0.3143520653247833,False
300,19,120,0.28464534878730774,False
300,19,125,0.814639151096344,False
300,19,130,0.26394590735435486,False
300,19,135,1.3799817562103271,False
300,19,140,0.2151326984167099,False
300,19,145,0.24486185610294342,False
300,19,150,0.3911137282848358,False
300,19,155,0.222639799118042,False
300,19,160,0.37419387698173523,False
300,19,165,0.4035223424434662,False
300,19,170,0.28913190960884094,False
300,19,175,1.8105840682983398,False
300,19,180,0.13587576150894165,False
300,19,185,0.03857323154807091,False
300,19,190,0.14801913499832153,False
300,19,195,0.08501772582530975,False
300,19,200,0.1676257848739624,False
300,19,205,0.23882152140140533,False
300,19,210,0.15322457253932953,False
300,19,215,0.11931087076663971,False
300,19,220,0.17084307968616486,False
300,19,225,0.3149452209472656,False
300,19,230,0.15245284140110016,False
300,19,235,0.19038990139961243,False
300,19,240,0.3268156945705414,False
300,19,245,0.19998593628406525,False
300,19,250,0.23914343118667603,False
300,19,255,0.27557632327079773,False
300,19,260,0.3703676462173462,False
300,19,265,0.20034310221672058,False
300,19,270,0.17938479781150818,False
300,19,275,0.19619491696357727,False
300,19,280,0.09028013050556183,False
300,19,285,0.26238980889320374,False
300,19,290,0.23702305555343628,False
300,19,295,0.3935111463069916,False
300,19,300,0.13413505256175995,False
300,19,305,0.11618703603744507,False
300,19,310,0.08316464722156525,False
300,19,315,0.06295594573020935,False
300,19,320,0.16268549859523773,False
300,19,325,0.1658814698457718,False
300,19,330,0.23560556769371033,False
300,19,335,0.3144476115703583,False
300,19,340,0.18029305338859558,False
300,19,345,0.1583952158689499,False
300,19,350,0.22889521718025208,False
300,19,355,0.2231954038143158,False
300,19,360,0.13014966249465942,False
300,19,365,0.20353680849075317,False
300,19,370,0.14519724249839783,False
300,19,375,0.4236479103565216,False
300,19,380,0.34685444831848145,False
300,19,385,0.45834168791770935,False
300,19,390,0.4034392237663269,False
300,19,395,0.4282231330871582,False
300,19,400,0.2501736283302307,False
300,19,405,0.4946250915527344,False
300,20,10,0.16702018678188324,False
300,20,15,0.27161189913749695,False
300,20,20,0.3982156813144684,False
300,20,25,0.27324575185775757,False
300,20,30,0.1573757380247116,False
300,20,35,0.2201317846775055,False
300,20,40,0.1990765631198883,False
300,20,45,0.23689012229442596,False
300,20,50,0.15968181192874908,False
300,20,55,0.15893058478832245,False
300,20,60,0.14754271507263184,False
300,20,65,0.1196502298116684,False
300,20,70,0.07534408569335938,False
300,20,75,0.11268157511949539,False
300,20,80,0.1101507619023323,False
300,20,85,0.18366871774196625,False
300,20,90,0.16412287950515747,False
300,20,95,0.13591723144054413,False
300,20,100,0.09789221733808517,False
300,20,105,0.29921385645866394,False
300,20,110,0.08923691511154175,False
300,20,115,0.05376860499382019,False
300,20,120,0.06581904739141464,False
300,20,125,0.09588081389665604,False
300,20,130,0.13815027475357056,False
300,20,135,0.1608542501926422,False
300,20,140,0.2159617692232132,False
300,20,145,0.049756165593862534,False
300,20,150,0.1020205095410347,False
300,20,155,0.1394912153482437,False
300,20,160,0.24068793654441833,False
300,20,165,0.19641819596290588,False
300,20,170,0.08184526115655899,False
300,20,175,0.06959500163793564,False
300,20,180,0.32146596908569336,False
300,20,185,0.4799191653728485,False
300,20,190,0.4093698263168335,False
300,20,195,0.548317015171051,False
300,20,200,0.3078112304210663,False
300,20,205,0.21309231221675873,False
300,20,210,0.2164284735918045,False
300,20,215,0.17988888919353485,False
300,20,220,0.1651117354631424,False
300,20,225,0.15867270529270172,False
300,20,230,0.1819772571325302,False
300,20,235,0.11612144112586975,False
300,20,240,0.10800366848707199,False
300,20,245,0.3066037595272064,False
300,20,250,0.15861259400844574,False
300,20,255,0.284324049949646,False
300,20,260,0.12334338575601578,False
300,20,265,0.17113438248634338,False
300,20,270,0.10690737515687943,False
300,20,275,0.16159477829933167,False
300,20,280,0.11001704633235931,False
300,20,285,0.2496112436056137,False
300,20,290,0.36164242029190063,False
300,20,295,0.2865181267261505,False
300,20,300,0.08818159252405167,False
300,20,305,0.1384960412979126,False
300,20,310,0.1490146964788437,False
300,20,315,0.1840256154537201,False
300,20,320,0.12707766890525818,False
300,20,325,0.11528903990983963,False
300,20,330,0.3407294452190399,False
300,20,335,0.11744363605976105,False
300,20,340,0.11575626581907272,False
300,20,345,0.2371901273727417,False
300,20,350,0.12478657811880112,False
300,20,355,0.11788573116064072,False
300,20,360,0.20282575488090515,False
300,20,365,0.236799955368042,False
300,20,370,0.18523932993412018,False
300,20,375,0.27220961451530457,False
300,20,380,0.3015928864479065,False
300,20,385,0.3748089075088501,False
300,20,390,0.3433517515659332,False
300,20,395,0.21980020403862,False
300,20,400,0.23251506686210632,False
300,20,405,0.10530073940753937,False
300,21,10,0.07774597406387329,False
300,21,15,0.2615624964237213,False
300,21,20,0.5132577419281006,False
300,21,25,0.4614546597003937,False
300,21,30,0.521632969379425,False
300,21,35,0.48990097641944885,False
300,21,40,0.46441614627838135,False
300,21,45,0.6055009365081787,False
300,21,50,0.543279767036438,False
300,21,55,0.18270796537399292,False
300,21,60,0.5245248079299927,False
300,21,65,0.3566199839115143,False
300,21,70,0.46496209502220154,False
300,21,75,0.44568943977355957,False
300,21,80,0.5261863470077515,False
300,21,85,0.17483702301979065,False
300,21,90,0.22462064027786255,False
300,21,95,0.45320525765419006,False
300,21,100,0.2587311863899231,False
300,21,105,0.6049412488937378,False
300,21,110,0.31744256615638733,False
300,21,115,0.2324358969926834,False
300,21,120,0.189615398645401,False
300,21,125,0.26394468545913696,False
300,21,130,0.3809402287006378,False
300,21,135,0.17277486622333527,False
300,21,140,0.3615587651729584,False
300,21,145,0.19597187638282776,False
300,21,150,0.3218880295753479,False
300,21,155,0.3443484902381897,False
300,21,160,0.4501129984855652,False
300,21,165,0.45520225167274475,False
300,21,170,0.323691189289093,False
300,21,175,0.31140586733818054,False
300,21,180,0.3722698986530304,False
300,21,185,0.3268269896507263,False
300,21,190,0.3207266330718994,False
300,21,195,0.40722140669822693,False
300,21,200,0.3333912193775177,False
300,21,205,0.2943572700023651,False
300,21,210,0.1766122728586197,False
300,21,215,0.2537536323070526,False
300,21,220,0.20275206863880157,False
300,21,225,0.1609404981136322,False
300,21,230,0.19791775941848755,False
300,21,235,0.25357145071029663,False
300,21,240,0.25825420022010803,False
300,21,245,0.2539883852005005,False
300,21,250,0.3323240876197815,False
300,21,255,0.1327972114086151,False
300,21,260,0.2263975292444229,False
300,21,265,0.40819618105888367,False
300,21,270,0.3636442720890045,False
300,21,275,0.38408711552619934,False
300,21,280,0.2615117132663727,False
300,21,285,0.228401780128479,False
300,21,290,0.5075851678848267,False
300,21,295,0.34735584259033203,False
300,21,300,0.20115303993225098,False
300,21,305,0.25944021344184875,False
300,21,310,0.2395220398902893,False
300,21,315,0.4051206707954407,False
300,21,320,0.2392319142818451,False
300,21,325,0.16130729019641876,False
300,21,330,0.0629003494977951,False
300,21,335,0.20513005554676056,False
300,21,340,0.19778388738632202,False
300,21,345,0.14198251068592072,False
300,21,350,0.18491888046264648,False
300,21,355,0.153643399477005,False
300,21,360,0.1837502270936966,False
300,21,365,0.14895400404930115,False
300,21,370,0.08211308717727661,False
300,21,375,0.06218566372990608,False
300,21,380,0.21741095185279846,False
300,21,385,0.1822829693555832,False
300,21,390,0.2541682720184326,False
300,21,395,0.13353808224201202,False
300,21,400,0.1445358693599701,False
300,21,405,0.4190768301486969,False
300,22,10,0.18889698386192322,False
300,22,15,0.29298365116119385,False
300,22,20,0.3818260133266449,False
300,22,25,0.30202239751815796,False
300,22,30,0.36504194140434265,False
300,22,35,0.27432698011398315,False
300,22,40,0.3653772175312042,False
300,22,45,0.6474243998527527,False
300,22,50,0.27310657501220703,False
300,22,55,0.5118584632873535,False
300,22,60,0.6183116436004639,False
300,22,65,0.7703930735588074,False
300,22,70,0.35657602548599243,False
300,22,75,0.6833230257034302,False
300,22,80,0.4311330020427704,False
300,22,85,0.1839194893836975,False
300,22,90,0.19790098071098328,False
300,22,95,0.7388029098510742,False
300,22,100,0.579372763633728,False
300,22,105,0.8656615018844604,False
300,22,110,0.7746126055717468,False
300,22,115,0.7228308916091919,False
300,22,120,0.7150639891624451,False
300,22,125,0.3162326514720917,False
300,22,130,0.24791814386844635,False
300,22,135,0.2014407515525818,False
300,22,140,0.20152118802070618,False
300,22,145,0.10499755293130875,False
300,22,150,0.08897319436073303,False
300,22,155,0.07685165852308273,False
300,22,160,0.07020410150289536,False
300,22,165,0.08091472089290619,False
300,22,170,0.04075741767883301,False
300,22,175,0.07658106833696365,False
300,22,180,0.13355806469917297,False
300,22,185,0.1816638708114624,False
300,22,190,0.1438719481229782,False
300,22,195,0.15230338275432587,False
300,22,200,0.16323022544384003,False
300,22,205,0.11149973422288895,False
300,22,210,0.07015126943588257,False
300,22,215,0.047601908445358276,False
300,22,220,0.057074032723903656,False
300,22,225,0.09561586380004883,False
300,22,230,0.14768032729625702,False
300,22,235,0.11583445221185684,False
300,22,240,0.05117274448275566,False
300,22,245,0.06635458767414093,False
300,22,250,0.35756704211235046,False
300,22,255,0.2813868820667267,False
300,22,260,0.17845788598060608,False
300,22,265,0.6128613948822021,False
300,22,270,0.7326908111572266,False
300,22,275,0.7304092645645142,False
300,22,280,0.11579914391040802,False
300,22,285,0.24331584572792053,False
300,22,290,0.12212532013654709,False
300,22,295,0.2899850308895111,False
300,22,300,0.8471888303756714,False
300,22,305,0.5363578200340271,False
300,22,310,0.23231235146522522,False
300,22,315,0.2392778992652893,False
300,22,320,0.2292836606502533,False
300,22,325,0.16709496080875397,False
300,22,330,0.15329329669475555,False
300,22,335,0.34112200140953064,False
300,22,340,0.2124604731798172,False
300,22,345,0.10975886881351471,False
300,22,350,0.3026101589202881,False
300,22,355,0.16815708577632904,False
300,22,360,0.12184392660856247,False
300,22,365,0.19300106167793274,False
300,22,370,0.24359802901744843,False
300,22,375,0.15456929802894592,False
300,22,380,0.17339791357517242,False
300,22,385,0.16234827041625977,False
300,22,390,0.23793908953666687,False
300,22,395,0.31335222721099854,False
300,22,400,0.23599202930927277,False
300,22,405,0.2363974004983902,False
300,23,10,0.1129162609577179,False
300,23,15,0.3106028139591217,False
300,23,20,0.45808035135269165,False
300,23,25,0.43329450488090515,False
300,23,30,0.4568023383617401,False
300,23,35,0.404408723115921,False
300,23,40,0.7328623533248901,False
300,23,45,0.3467523157596588,False
300,23,50,0.4171020984649658,False
300,23,55,0.3629477024078369,False
300,23,60,0.41479137539863586,False
300,23,65,0.45272430777549744,False
300,23,70,1.6167763471603394,False
300,23,75,1.9070152044296265,False
300,23,80,0.35651063919067383,False
300,23,85,0.16874732077121735,False
300,23,90,0.09801842272281647,False
300,23,95,0.08804939687252045,False
300,23,100,0.042502906173467636,False
300,23,105,0.04688932001590729,False
300,23,110,0.1502717286348343,False
300,23,115,0.331003338098526,False
300,23,120,0.482675701379776,False
300,23,125,1.4003596305847168,False
300,23,130,0.31618401408195496,False
300,23,135,1.354219675064087,False
300,23,140,1.726946234703064,False
300,23,145,1.136357307434082,False
300,23,150,0.5204464197158813,False
300,23,155,1.1828793287277222,False
300,23,160,0.885955274105072,False
300,23,165,1.2172056436538696,False
300,23,170,1.7159188985824585,False
300,23,175,0.2870527505874634,False
300,23,180,0.05512108653783798,False
300,23,185,0.06011860817670822,False
300,23,190,0.11403980851173401,False
300,23,195,0.9056019186973572,False
300,23,200,0.03313392028212547,False
300,23,205,0.3294927477836609,False
300,23,210,0.2901689410209656,False
300,23,215,0.16937482357025146,False
300,23,220,0.1338939219713211,False
300,23,225,0.22242820262908936,False
300,23,230,0.09952882677316666,False
300,23,235,0.16685424745082855,False
300,23,240,0.15079206228256226,False
300,23,245,0.12572935223579407,False
300,23,250,0.15504314005374908,False
300,23,255,0.13715791702270508,False
300,23,260,0.19657756388187408,False
300,23,265,0.2291538119316101,False
300,23,270,0.1201566830277443,False
300,23,275,0.09364549815654755,False
300,23,280,0.09154965728521347,False
300,23,285,0.29398679733276367,False
300,23,290,0.12386671453714371,False
300,23,295,0.16811507940292358,False
300,23,300,0.07816506922245026,False
300,23,305,0.2332766354084015,False
300,23,310,0.30477795004844666,False
300,23,315,0.18280766904354095,False
300,23,320,0.22782793641090393,False
300,23,325,0.23351429402828217,False
300,23,330,0.16810548305511475,False
300,23,335,0.13711072504520416,False
300,23,340,0.14418868720531464,False
300,23,345,0.16430866718292236,False
300,23,350,0.165281280875206,False
300,23,355,0.12033619731664658,False
300,23,360,0.2162613421678543,False
300,23,365,0.4145510494709015,False
300,23,370,0.40679246187210083,False
300,23,375,0.32718804478645325,False
300,23,380,0.39522266387939453,False
300,23,385,0.42639821767807007,False
300,23,390,0.4779946506023407,False
300,23,395,0.4256395697593689,False
300,23,400,0.1354355812072754,False
300,23,405,0.24243028461933136,False
300,24,10,0.05483878403902054,False
300,24,15,0.24938131868839264,False
300,24,20,0.44745850563049316,False
300,24,25,0.4819871485233307,False
300,24,30,0.44229114055633545,False
300,24,35,0.5408250093460083,False
300,24,40,0.6357218623161316,False
300,24,45,0.593144953250885,False
300,24,50,0.6250462532043457,False
300,24,55,0.14174193143844604,False
300,24,60,0.4673825204372406,False
300,24,65,0.47395941615104675,False
300,24,70,0.2785458564758301,False
300,24,75,0.36099544167518616,False
300,24,80,0.4268103241920471,False
300,24,85,1.3291808366775513,False
300,24,90,0.19242946803569794,False
300,24,95,0.1802881360054016,False
300,24,100,0.27439236640930176,False
300,24,105,0.1155187115073204,False
300,24,110,0.20065712928771973,False
300,24,115,0.27651864290237427,False
300,24,120,0.3089602291584015,False
300,24,125,1.0854949951171875,False
300,24,130,0.2646597623825073,False
300,24,135,0.18315400183200836,False
300,24,140,0.25251418352127075,False
300,24,145,0.24828235805034637,False
300,24,150,0.38571763038635254,False
300,24,155,0.22213385999202728,False
300,24,160,0.402007132768631,False
300,24,165,0.4104737341403961,False
300,24,170,0.3476100265979767,False
300,24,175,1.2070063352584839,False
300,24,180,0.10486903041601181,False
300,24,185,0.2660878300666809,False
300,24,190,0.2836146056652069,False
300,24,195,0.34979814291000366,False
300,24,200,0.31837961077690125,False
300,24,205,0.24869932234287262,False
300,24,210,0.223244771361351,False
300,24,215,0.19823475182056427,False
300,24,220,0.2495897263288498,False
300,24,225,0.15362702310085297,False
300,24,230,0.2562497556209564,False
300,24,235,0.24196189641952515,False
300,24,240,0.2625356614589691,False
300,24,245,0.24248719215393066,False
300,24,250,0.15666785836219788,False
300,24,255,0.11693580448627472,False
300,24,260,0.19109918177127838,False
300,24,265,0.30485275387763977,False
300,24,270,0.1333422064781189,False
300,24,275,0.28672710061073303,False
300,24,280,0.11283060908317566,False
300,24,285,0.23733355104923248,False
300,24,290,0.21991847455501556,False
300,24,295,0.2568548023700714,False
300,24,300,0.14847856760025024,False
300,24,305,0.2347772866487503,False
300,24,310,0.139104962348938,False
300,24,315,0.0456121452152729,False
300,24,320,0.09036087244749069,False
300,24,325,0.10566950589418411,False
300,24,330,0.05951658636331558,False
300,24,335,0.09370703995227814,False
300,24,340,0.0997387245297432,False
300,24,345,0.08917776495218277,False
300,24,350,0.20626437664031982,False
300,24,355,0.10709042847156525,False
300,24,360,0.2809499502182007,False
300,24,365,0.31921637058258057,False
300,24,370,0.4028733968734741,False
300,24,375,0.30100908875465393,False
300,24,380,0.2588193416595459,False
300,24,385,0.3950059413909912,False
300,24,390,0.3328816592693329,False
300,24,395,0.2351001352071762,False
300,24,400,0.16466829180717468,False
300,24,405,0.19130779802799225,False
300,25,10,0.09588715434074402,False
300,25,15,0.22109399735927582,False
300,25,20,0.446340411901474,False
300,25,25,0.3836531937122345,False
300,25,30,0.37971794605255127,False
300,25,35,0.5815532803535461,False
300,25,40,0.6608794927597046,False
300,25,45,0.5515015125274658,False
300,25,50,0.5881627202033997,False
300,25,55,0.4231676757335663,False
300,25,60,0.38910576701164246,False
300,25,65,0.4760608673095703,False
300,25,70,0.5811697840690613,False
300,25,75,0.46132877469062805,False
300,25,80,0.45943668484687805,False
300,25,85,0.9492881894111633,False
300,25,90,0.3701205253601074,False
300,25,95,0.18998324871063232,False
300,25,100,0.17990480363368988,False
300,25,105,0.12095683813095093,False
300,25,110,0.3977982699871063,False
300,25,115,0.5488242506980896,False
300,25,120,0.4095836281776428,False
300,25,125,0.4101106822490692,False
300,25,130,0.5635905265808105,False
300,25,135,0.5508061051368713,False
300,25,140,0.38780465722084045,False
300,25,145,0.47743114829063416,False
300,25,150,0.28151553869247437,False
300,25,155,0.25696080923080444,False
300,25,160,0.537692129611969,False
300,25,165,0.26401621103286743,False
300,25,170,0.13852109014987946,False
300,25,175,0.8587509989738464,False
300,25,180,0.4664190411567688,False
300,25,185,0.4211970269680023,False
300,25,190,0.33646872639656067,False
300,25,195,0.35054516792297363,False
300,25,200,0.24769368767738342,False
300,25,205,0.33253052830696106,False
300,25,210,0.3632282018661499,False
300,25,215,0.299016535282135,False
300,25,220,0.26616182923316956,False
300,25,225,0.13513612747192383,False
300,25,230,0.39955732226371765,False
300,25,235,0.3494237959384918,False
300,25,240,0.3445102572441101,False
300,25,245,0.2381848841905594,False
300,25,250,0.3051394820213318,False
300,25,255,0.30106884241104126,False
300,25,260,0.26035675406455994,False
300,25,265,0.2304813116788864,False
300,25,270,0.31591713428497314,False
300,25,275,0.34687742590904236,False
300,25,280,0.3993305265903473,False
300,25,285,0.1413310468196869,False
300,25,290,0.4801159203052521,False
300,25,295,0.4730921983718872,False
300,25,300,0.30115824937820435,False
300,25,305,0.29775649309158325,False
300,25,310,0.20510321855545044,False
300,25,315,0.28823962807655334,False
300,25,320,0.27222883701324463,False
300,25,325,0.22573411464691162,False
300,25,330,0.12442945688962936,False
300,25,335,0.422120600938797,False
300,25,340,0.33551451563835144,False
300,25,345,0.2679222524166107,False
300,25,350,0.32290521264076233,False
300,25,355,0.3109273612499237,False
300,25,360,0.3127793073654175,False
300,25,365,0.2264757752418518,False
300,25,370,0.28184691071510315,False
300,25,375,0.1704334020614624,False
300,25,380,0.2580324709415436,False
300,25,385,0.2632076144218445,False
300,25,390,0.1778739094734192,False
300,25,395,0.17734995484352112,False
300,25,400,0.18182218074798584,False
300,25,405,0.3357694447040558,False
300,26,10,0.2178589552640915,False
300,26,15,0.28396275639533997,False
300,26,20,0.3187483549118042,False
300,26,25,0.1994647979736328,False
300,26,30,0.1464081108570099,False
300,26,35,0.10351395606994629,False
300,26,40,0.4157907962799072,False
300,26,45,0.5239034295082092,False
300,26,50,0.2295912206172943,False
300,26,55,0.19288089871406555,False
300,26,60,0.21284644305706024,False
300,26,65,0.2547961175441742,False
300,26,70,0.22972925007343292,False
300,26,75,0.12433841824531555,False
300,26,80,0.15822763741016388,False
300,26,85,0.1746344417333603,False
300,26,90,0.1465739607810974,False
300,26,95,0.2598772943019867,False
300,26,100,0.18343617022037506,False
300,26,105,0.18122237920761108,False
300,26,110,0.2923831343650818,False
300,26,115,0.29162389039993286,False
300,26,120,0.253934770822525,False
300,26,125,0.2990613877773285,False
300,26,130,0.44806715846061707,False
300,26,135,0.2573131322860718,False
300,26,140,0.26335009932518005,False
300,26,145,0.11924605816602707,False
300,26,150,0.2039106786251068,False
300,26,155,0.19428935647010803,False
300,26,160,0.16011974215507507,False
300,26,165,0.24663189053535461,False
300,26,170,0.1953757107257843,False
300,26,175,0.12230126559734344,False
300,26,180,0.17308489978313446,False
300,26,185,0.19943659007549286,False
300,26,190,0.19793270528316498,False
300,26,195,0.3639085292816162,False
300,26,200,0.4236937463283539,False
300,26,205,0.1667831689119339,False
300,26,210,0.159897118806839,False
300,26,215,0.1595195233821869,False
300,26,220,0.15428583323955536,False
300,26,225,0.13911357522010803,False
300,26,230,0.16927596926689148,False
300,26,235,0.23283925652503967,False
300,26,240,0.17017503082752228,False
300,26,245,0.14514046907424927,False
300,26,250,0.16650496423244476,False
300,26,255,0.1306157410144806,False
300,26,260,0.14760729670524597,False
300,26,265,0.15347500145435333,False
300,26,270,0.16678498685359955,False
300,26,275,0.09944479167461395,False
300,26,280,0.05321722477674484,False
300,26,285,0.027298327535390854,False
300,26,290,0.019990334287285805,False
300,26,295,0.04311283305287361,False
300,26,300,0.060292601585388184,False
300,26,305,0.07875320315361023,False
300,26,310,0.06926728039979935,False
300,26,315,0.05072170868515968,False
300,26,320,0.04016980901360512,False
300,26,325,0.03571407124400139,False
300,26,330,0.05210687965154648,False
300,26,335,0.23049277067184448,False
300,26,340,0.29857760667800903,False
300,26,345,0.4086298644542694,False
300,26,350,0.4199693202972412,False
300,26,355,0.48224079608917236,False
300,26,360,0.5084503293037415,False
300,26,365,0.46755775809288025,False
300,26,370,0.4984714388847351,False
300,26,375,0.3226117193698883,False
300,26,380,0.5115919709205627,False
300,26,385,0.4846799969673157,False
300,26,390,0.40758779644966125,False
300,26,395,0.28167524933815,False
300,26,400,0.43733879923820496,False
300,26,405,0.07219327241182327,False
300,27,10,0.10991258174180984,False
300,27,15,0.2639109492301941,False
300,27,20,0.3922778069972992,False
300,27,25,0.3768191933631897,False
300,27,30,0.34827062487602234,False
300,27,35,0.4123063087463379,False
300,27,40,0.5893206000328064,False
300,27,45,0.6092745065689087,False
300,27,50,0.604481041431427,False
300,27,55,0.6691080331802368,False
300,27,60,0.4139123260974884,False
300,27,65,0.45766180753707886,False
300,27,70,0.2525758445262909,False
300,27,75,0.22498324513435364,False
300,27,80,1.4416998624801636,False
300,27,85,0.8113950490951538,False
300,27,90,0.08485611528158188,False
300,27,95,0.12015499919652939,False
300,27,100,0.20031683146953583,False
300,27,105,0.2596277892589569,False
300,27,110,0.3351392149925232,False
300,27,115,0.26350879669189453,False
300,27,120,0.20498809218406677,False
300,27,125,0.20896750688552856,False
300,27,130,0.2529285252094269,False
300,27,135,0.20827728509902954,False
300,27,140,0.2699606418609619,False
300,27,145,0.1911352127790451,False
300,27,150,0.35346803069114685,False
300,27,155,0.26401135325431824,False
300,27,160,0.38732942938804626,False
300,27,165,0.3607824146747589,False
300,27,170,0.305558979511261,False
300,27,175,1.7950832843780518,False
300,27,180,0.1661929488182068,False
300,27,185,0.24593663215637207,False
300,27,190,0.22331684827804565,False
300,27,195,0.2338888943195343,False
300,27,200,0.25686386227607727,False
300,27,205,0.2845470905303955,False
300,27,210,0.21773232519626617,False
300,27,215,0.22744940221309662,False
300,27,220,0.2053506225347519,False
300,27,225,0.25260481238365173,False
300,27,230,0.2891383469104767,False
300,27,235,0.27765634655952454,False
300,27,240,0.3214513659477234,False
300,27,245,0.37270960211753845,False
300,27,250,0.1918734461069107,False
300,27,255,0.23822824656963348,False
300,27,260,0.24572956562042236,False
300,27,265,0.08725450932979584,False
300,27,270,0.2660914957523346,False
300,27,275,0.180925652384758,False
300,27,280,0.2805483639240265,False
300,27,285,0.3358236253261566,False
300,27,290,0.24360667169094086,False
300,27,295,0.13672158122062683,False
300,27,300,0.18079550564289093,False
300,27,305,0.10540161281824112,False
300,27,310,0.16548313200473785,False
300,27,315,0.10827897489070892,False
300,27,320,0.13185308873653412,False
300,27,325,0.14238886535167694,False
300,27,330,0.36415740847587585,False
300,27,335,0.11897988617420197,False
300,27,340,0.14847975969314575,False
300,27,345,0.2331969439983368,False
300,27,350,0.11724171787500381,False
300,27,355,0.12388105690479279,False
300,27,360,0.18935967981815338,False
300,27,365,0.27851831912994385,False
300,27,370,0.253181517124176,False
300,27,375,0.29536372423171997,False
300,27,380,0.29446250200271606,False
300,27,385,0.25077909231185913,False
300,27,390,0.3050209581851959,False
300,27,395,0.08134083449840546,False
300,27,400,0.09949804842472076,False
300,27,405,0.08519688993692398,False
300,28,10,0.09871158748865128,False
300,28,15,0.2622082829475403,False
300,28,20,0.41490909457206726,False
300,28,25,0.3550936281681061,False
300,28,30,0.3600351810455322,False
300,28,35,0.3042857348918915,False
300,28,40,0.3393476605415344,False
300,28,45,0.2794288694858551,False
300,28,50,0.27275651693344116,False
300,28,55,0.36214056611061096,False
300,28,60,0.2693151533603668,False
300,28,65,0.2305767983198166,False
300,28,70,0.21829824149608612,False
300,28,75,0.3115353584289551,False
300,28,80,0.29517972469329834,False
300,28,85,1.5690914392471313,False
300,28,90,0.23873335123062134,False
300,28,95,0.2811891436576843,False
300,28,100,0.21145206689834595,False
300,28,105,0.45860451459884644,False
300,28,110,0.3709089457988739,False
300,28,115,0.18548625707626343,False
300,28,120,0.17497609555721283,False
300,28,125,0.23383159935474396,False
300,28,130,0.26827356219291687,False
300,28,135,0.21274049580097198,False
300,28,140,0.46352747082710266,False
300,28,145,0.20635615289211273,False
300,28,150,0.35353946685791016,False
300,28,155,0.1994975507259369,False
300,28,160,0.3718457520008087,False
300,28,165,0.2783544659614563,False
300,28,170,0.25458794832229614,False
300,28,175,1.7998992204666138,False
300,28,180,0.36898836493492126,False
300,28,185,0.2893592417240143,False
300,28,190,0.3003328740596771,False
300,28,195,0.3670666515827179,False
300,28,200,0.2710775136947632,False
300,28,205,0.3277082145214081,False
300,28,210,0.1793302595615387,False
300,28,215,0.2749521732330322,False
300,28,220,0.25698423385620117,False
300,28,225,0.28915342688560486,False
300,28,230,0.23464305698871613,False
300,28,235,0.24830098450183868,False
300,28,240,0.3559457063674927,False
300,28,245,0.29266461730003357,False
300,28,250,0.23788999021053314,False
300,28,255,0.2434161752462387,False
300,28,260,0.055109474807977676,False
300,28,265,0.1579151153564453,False
300,28,270,0.15588805079460144,False
300,28,275,0.15155430138111115,False
300,28,280,0.32896313071250916,False
300,28,285,0.4948667287826538,False
300,28,290,0.22832997143268585,False
300,28,295,0.04859919846057892,False
300,28,300,0.18253062665462494,False
300,28,305,0.1443982571363449,False
300,28,310,0.13162098824977875,False
300,28,315,0.2993437349796295,False
300,28,320,0.077999047935009,False
300,28,325,0.07403654605150223,False
300,28,330,0.44865328073501587,False
300,28,335,0.12688030302524567,False
300,28,340,0.111874520778656,False
300,28,345,0.4148162007331848,False
300,28,350,0.07246831804513931,False
300,28,355,0.3564005196094513,False
300,28,360,0.5309591889381409,False
300,28,365,0.32404935359954834,False
300,28,370,0.25958213210105896,False
300,28,375,0.2610349953174591,False
300,28,380,0.15194755792617798,False
300,28,385,0.13440822064876556,False
300,28,390,0.17739246785640717,False
300,28,395,0.1715758889913559,False
300,28,400,0.1764632910490036,False
300,28,405,0.181369811296463,False
300,29,10,0.21225722134113312,False
300,29,15,0.2752135694026947,False
300,29,20,0.3753180205821991,False
300,29,25,0.3283174932003021,False
300,29,30,0.1194448322057724,False
300,29,35,0.1488763391971588,False
300,29,40,0.19434629380702972,False
300,29,45,0.2960198223590851,False
300,29,50,0.16863711178302765,False
300,29,55,0.14329245686531067,False
300,29,60,0.2113090455532074,False
300,29,65,0.22246339917182922,False
300,29,70,0.10796407610177994,False
300,29,75,0.2974611818790436,False
300,29,80,0.15975309908390045,False
300,29,85,0.18041253089904785,False
300,29,90,0.13697662949562073,False
300,29,95,0.19715984165668488,False
300,29,100,0.07080281525850296,False
300,29,105,0.3225111663341522,False
300,29,110,0.2031739354133606,False
300,29,115,0.09215867519378662,False
300,29,120,0.12197564542293549,False
300,29,125,0.1543121039867401,False
300,29,130,0.1755405068397522,False
300,29,135,0.14947611093521118,False
300,29,140,0.3065222203731537,False
300,29,145,0.07082346081733704,False
300,29,150,0.11913159489631653,False
300,29,155,0.11497953534126282,False
300,29,160,0.10605306923389435,False
300,29,165,0.12768015265464783,False
300,29,170,0.23553992807865143,False
300,29,175,0.12637574970722198,False
300,29,180,0.18704278767108917,False
300,29,185,0.16953839361667633,False
300,29,190,0.13497647643089294,False
300,29,195,0.25410839915275574,False
300,29,200,0.23288078606128693,False
300,29,205,0.1258867084980011,False
300,29,210,0.12887588143348694,False
300,29,215,0.17104239761829376,False
300,29,220,0.07850263267755508,False
300,29,225,0.17286399006843567,False
300,29,230,0.10081291943788528,False
300,29,235,0.08763377368450165,False
300,29,240,0.09471112489700317,False
300,29,245,0.09535574167966843,False
300,29,250,0.1079101711511612,False
300,29,255,0.15556876361370087,False
300,29,260,0.12978772819042206,False
300,29,265,0.07487350702285767,False
300,29,270,0.06045125797390938,False
300,29,275,0.04899996146559715,False
300,29,280,0.03423349931836128,False
300,29,285,0.1496295928955078,False
300,29,290,0.12074615061283112,False
300,29,295,0.038224950432777405,False
300,29,300,0.119003064930439,False
300,29,305,0.18232332170009613,False
300,29,310,0.08844320476055145,False
300,29,315,0.08368079364299774,False
300,29,320,0.10363824665546417,False
300,29,325,0.061134979128837585,False
300,29,330,0.09427366405725479,False
300,29,335,0.25962138175964355,False
300,29,340,0.2394447773694992,False
300,29,345,0.08694911748170853,False
300,29,350,0.12244246900081635,False
300,29,355,0.08004152029752731,False
300,29,360,0.03655506297945976,False
300,29,365,0.07916708290576935,False
300,29,370,0.06664532423019409,False
300,29,375,0.07727529853582382,False
300,29,380,0.6835558414459229,False
300,29,385,0.055941756814718246,False
300,29,390,0.05373389273881912,False
300,29,395,0.07050337642431259,False
300,29,400,0.14674852788448334,False
300,29,405,0.2804467976093292,False
300,30,10,0.24812087416648865,False
300,30,15,0.30985531210899353,False
300,30,20,0.3372190594673157,False
300,30,25,0.10425438731908798,False
300,30,30,0.11634726077318192,False
300,30,35,0.1325245201587677,False
300,30,40,0.13470962643623352,False
300,30,45,0.16552317142486572,False
300,30,50,0.1033969521522522,False
300,30,55,0.20896872878074646,False
300,30,60,0.10347004234790802,False
300,30,65,0.1444399058818817,False
300,30,70,0.17196373641490936,False
300,30,75,0.15281429886817932,False
300,30,80,0.17879422008991241,False
300,30,85,0.19991573691368103,False
300,30,90,0.16966046392917633,False
300,30,95,0.3192824721336365,False
300,30,100,0.30353718996047974,False
300,30,105,0.2401144802570343,False
300,30,110,0.26459363102912903,False
300,30,115,0.3399791717529297,False
300,30,120,0.2751663327217102,False
300,30,125,0.3528688848018646,False
300,30,130,0.3620510995388031,False
300,30,135,0.2891419529914856,False
300,30,140,0.7447033524513245,False
300,30,145,0.1178637221455574,False
300,30,150,0.18428698182106018,False
300,30,155,0.15645602345466614,False
300,30,160,0.05740805342793465,False
300,30,165,0.8365499377250671,False
300,30,170,0.08000430464744568,False
300,30,175,0.06286007165908813,False
300,30,180,0.04804287850856781,False
300,30,185,0.13955886662006378,False
300,30,190,0.16068436205387115,False
300,30,195,0.21017241477966309,False
300,30,200,0.19595684111118317,False
300,30,205,0.15127253532409668,False
300,30,210,0.06971842050552368,False
300,30,215,0.05386918783187866,False
300,30,220,0.07232484221458435,False
300,30,225,0.12117719650268555,False
300,30,230,0.12827584147453308,False
300,30,235,0.10902353376150131,False
300,30,240,0.04730028659105301,False
300,30,245,0.041664689779281616,False
300,30,250,0.037734247744083405,False
300,30,255,0.04884612560272217,False
300,30,260,0.11826308071613312,False
300,30,265,0.13374102115631104,False
300,30,270,0.2425786256790161,False
300,30,275,0.27664363384246826,False
300,30,280,0.1034429743885994,False
300,30,285,0.15192721784114838,False
300,30,290,0.15077953040599823,False
300,30,295,0.31096357107162476,False
300,30,300,0.12835285067558289,False
300,30,305,0.3603680431842804,False
300,30,310,0.07459336519241333,False
300,30,315,0.13074220716953278,False
300,30,320,0.13586004078388214,False
300,30,325,0.23063954710960388,False
300,30,330,0.16010397672653198,False
300,30,335,0.23268739879131317,False
300,30,340,0.1658659726381302,False
300,30,345,0.16420407593250275,False
300,30,350,0.37160974740982056,False
300,30,355,0.4913972020149231,False
300,30,360,0.43998953700065613,False
300,30,365,0.28682419657707214,False
300,30,370,0.37011006474494934,False
300,30,375,0.20936492085456848,False
300,30,380,0.2314293533563614,False
300,30,385,0.2056165337562561,False
300,30,390,0.2233017385005951,False
300,30,395,0.38072672486305237,False
300,30,400,0.17973294854164124,False
300,30,405,0.2039528340101242,False
300,31,10,0.07851617783308029,False
300,31,15,0.20856717228889465,False
300,31,20,0.31956636905670166,False
300,31,25,0.3036267161369324,False
300,31,30,0.27259013056755066,False
300,31,35,0.28270164132118225,False
300,31,40,0.23535941541194916,False
300,31,45,0.2921326756477356,False
300,31,50,0.1951296180486679,False
300,31,55,0.27839046716690063,False
300,31,60,0.22016791999340057,False
300,31,65,0.2516152262687683,False
300,31,70,0.19195586442947388,False
300,31,75,0.27789196372032166,False
300,31,80,0.27613404393196106,False
300,31,85,0.2567298114299774,False
300,31,90,0.3637334108352661,False
300,31,95,0.3716930150985718,False
300,31,100,0.40785810351371765,False
300,31,105,0.31244978308677673,False
300,31,110,0.4071226418018341,False
300,31,115,0.36299940943717957,False
300,31,120,0.3192708194255829,False
300,31,125,0.33388659358024597,False
300,31,130,0.2733471989631653,False
300,31,135,0.33169683814048767,False
300,31,140,0.25866296887397766,False
300,31,145,0.37006545066833496,False
300,31,150,0.4927940368652344,False
300,31,155,0.38724756240844727,False
300,31,160,0.3209078907966614,False
300,31,165,0.37602460384368896,False
300,31,170,0.3446387052536011,False
300,31,175,0.34767815470695496,False
300,31,180,0.3808702528476715,False
300,31,185,0.30877938866615295,False
300,31,190,0.39728686213493347,False
300,31,195,0.5359190106391907,False
300,31,200,0.21982046961784363,False
300,31,205,0.2871711254119873,False
300,31,210,0.271881103515625,False
300,31,215,0.28818657994270325,False
300,31,220,0.18164874613285065,False
300,31,225,0.21599282324314117,False
300,31,230,0.11593080312013626,False
300,31,235,0.16603082418441772,False
300,31,240,0.1860322505235672,False
300,31,245,0.18682433664798737,False
300,31,250,0.18781742453575134,False
300,31,255,0.15376277267932892,False
300,31,260,0.177447110414505,False
300,31,265,0.21741394698619843,False
300,31,270,0.1444041132926941,False
300,31,275,0.07981913536787033,False
300,31,280,0.11097163707017899,False
300,31,285,0.36720895767211914,False
300,31,290,0.2724561393260956,False
300,31,295,0.06585322320461273,False
300,31,300,0.08553837984800339,False
300,31,305,0.21960097551345825,False
300,31,310,0.2665286660194397,False
300,31,315,0.17017263174057007,False
300,31,320,0.12948466837406158,False
300,31,325,0.15875907242298126,False
300,31,330,0.38142621517181396,False
300,31,335,0.0890943706035614,False
300,31,340,0.08254854381084442,False
300,31,345,0.30668753385543823,False
300,31,350,0.14592349529266357,False
300,31,355,0.09643030166625977,False
300,31,360,0.18785475194454193,False
300,31,365,0.22673232853412628,False
300,31,370,0.24978160858154297,False
300,31,375,0.2275986522436142,False
300,31,380,0.25387686491012573,False
300,31,385,0.09186996519565582,False
300,31,390,0.16841329634189606,False
300,31,395,0.1885320097208023,False
300,31,400,0.09244410693645477,False
300,31,405,0.3221912086009979,False
300,32,10,0.07567548006772995,False
300,32,15,0.2065899819135666,False
300,32,20,0.30341896414756775,False
300,32,25,0.32105809450149536,False
300,32,30,0.23833976686000824,False
300,32,35,0.23281463980674744,False
300,32,40,0.2951395809650421,False
300,32,45,0.21685399115085602,False
300,32,50,0.15439806878566742,False
300,32,55,0.2288726419210434,False
300,32,60,0.19652268290519714,False
300,32,65,0.17246656119823456,False
300,32,70,0.12768149375915527,False
300,32,75,0.20414574444293976,False
300,32,80,0.22444982826709747,False
300,32,85,0.2994559407234192,False
300,32,90,0.382445365190506,False
300,32,95,0.2793312966823578,False
300,32,100,0.3748057782649994,False
300,32,105,0.29716557264328003,False
300,32,110,0.18757329881191254,False
300,32,115,0.18779295682907104,False
300,32,120,0.21958161890506744,False
300,32,125,0.13532689213752747,False
300,32,130,0.21824656426906586,False
300,32,135,0.22013655304908752,False
300,32,140,0.2629411220550537,False
300,32,145,0.2015712857246399,False
300,32,150,0.3436151444911957,False
300,32,155,0.3960823714733124,False
300,32,160,0.31457337737083435,False
300,32,165,0.3580886721611023,False
300,32,170,0.2527003586292267,False
300,32,175,0.30948832631111145,False
300,32,180,0.46640217304229736,False
300,32,185,0.5030506253242493,False
300,32,190,0.29525747895240784,False
300,32,195,0.17953135073184967,False
300,32,200,0.24519552290439606,False
300,32,205,0.21038350462913513,False
300,32,210,0.41841915249824524,False
300,32,215,0.3081788420677185,False
300,32,220,0.1995648741722107,False
300,32,225,0.2697848975658417,False
300,32,230,0.3327611982822418,False
300,32,235,0.34552469849586487,False
300,32,240,0.4233172535896301,False
300,32,245,0.22387850284576416,False
300,32,250,0.27770864963531494,False
300,32,255,0.31294167041778564,False
300,32,260,0.2559097409248352,False
300,32,265,0.3004753589630127,False
300,32,270,0.2766760587692261,False
300,32,275,0.37352126836776733,False
300,32,280,0.8974178433418274,False
300,32,285,0.41766348481178284,False
300,32,290,0.5208188891410828,False
300,32,295,0.4566141664981842,False
300,32,300,0.24931545555591583,False
300,32,305,0.3090877830982208,False
300,32,310,0.19586323201656342,False
300,32,315,0.19762027263641357,False
300,32,320,0.195138081908226,False
300,32,325,0.18037699162960052,False
300,32,330,0.11815992742776871,False
300,32,335,0.36955949664115906,False
300,32,340,0.29296982288360596,False
300,32,345,0.24808013439178467,False
300,32,350,0.4743860065937042,False
300,32,355,0.5520434975624084,False
300,32,360,0.5314699411392212,False
300,32,365,0.4643355906009674,False
300,32,370,0.46746882796287537,False
300,32,375,0.3496648073196411,False
300,32,380,0.5538682341575623,False
300,32,385,0.43744710087776184,False
300,32,390,0.2573760747909546,False
300,32,395,0.2754148542881012,False
300,32,400,0.1575014442205429,False
300,32,405,0.46224430203437805,False
300,33,10,0.07136982679367065,False
300,33,15,0.2682049572467804,False
300,33,20,0.45296788215637207,False
300,33,25,0.4230881929397583,False
300,33,30,0.3609537184238434,False
300,33,35,0.40043726563453674,False
300,33,40,0.35955801606178284,False
300,33,45,0.5220613479614258,False
300,33,50,0.5405936241149902,False
300,33,55,0.34022286534309387,False
300,33,60,0.21477986872196198,False
300,33,65,0.11346819251775742,False
300,33,70,0.303545206785202,False
300,33,75,0.26306164264678955,False
300,33,80,0.3750404417514801,False
300,33,85,1.0970479249954224,False
300,33,90,1.8299857378005981,False
300,33,95,0.13929541409015656,False
300,33,100,0.08794081956148148,False
300,33,105,0.04647872596979141,False
300,33,110,0.11249981075525284,False
300,33,115,0.29960939288139343,False
300,33,120,0.23111078143119812,False
300,33,125,1.0675722360610962,False
300,33,130,0.14836710691452026,False
300,33,135,0.16424961388111115,False
300,33,140,0.14140461385250092,False
300,33,145,0.18309709429740906,False
300,33,150,0.26768428087234497,False
300,33,155,0.17943648993968964,False
300,33,160,0.29697397351264954,False
300,33,165,0.3623853623867035,False
300,33,170,0.3096208870410919,False
300,33,175,0.8145341277122498,False
300,33,180,0.1955796331167221,False
300,33,185,0.09193527698516846,False
300,33,190,0.20402604341506958,False
300,33,195,0.11147234588861465,False
300,33,200,0.23689325153827667,False
300,33,205,0.13477672636508942,False
300,33,210,0.12758652865886688,False
300,33,215,0.1255955547094345,False
300,33,220,0.15545101463794708,False
300,33,225,0.3645156919956207,False
300,33,230,0.18841898441314697,False
300,33,235,0.16318126022815704,False
300,33,240,0.13282936811447144,False
300,33,245,0.3516395092010498,False
300,33,250,0.22993041574954987,False
300,33,255,0.35647666454315186,False
300,33,260,0.0945594310760498,False
300,33,265,0.19536690413951874,False
300,33,270,0.43287602066993713,False
300,33,275,0.31294360756874084,False
300,33,280,0.34348735213279724,False
300,33,285,0.4256300926208496,False
300,33,290,0.4116548001766205,False
300,33,295,0.21942241489887238,False
300,33,300,0.12536770105361938,False
300,33,305,0.19015942513942719,False
300,33,310,0.26802411675453186,False
300,33,315,0.3959719240665436,False
300,33,320,0.3011096715927124,False
300,33,325,0.2927643656730652,False
300,33,330,0.38064849376678467,False
300,33,335,0.1705314666032791,False
300,33,340,0.26622530817985535,False
300,33,345,0.32995280623435974,False
300,33,350,0.11970574408769608,False
300,33,355,0.31697651743888855,False
300,33,360,0.21875964105129242,False
300,33,365,0.24335826933383942,False
300,33,370,0.1607133448123932,False
300,33,375,0.386087030172348,False
300,33,380,0.36429694294929504,False
300,33,385,0.3497582972049713,False
300,33,390,0.3558114171028137,False
300,33,395,0.36971890926361084,False
300,33,400,0.2834272086620331,False
300,33,405,0.2969502806663513,False
300,34,10,0.1234186440706253,False
300,34,15,0.30743542313575745,False
300,34,20,0.4628908634185791,False
300,34,25,0.3645002245903015,False
300,34,30,0.3243494927883148,False
300,34,35,0.31555402278900146,False
300,34,40,0.2855812907218933,False
300,34,45,0.296113520860672,False
300,34,50,0.22912275791168213,False
300,34,55,0.0643257349729538,False
300,34,60,0.18584048748016357,False
300,34,65,0.8129425048828125,False
300,34,70,1.1162397861480713,False
300,34,75,0.17609663307666779,False
300,34,80,0.1774185746908188,False
300,34,85,1.7540568113327026,False
300,34,90,1.0972652435302734,False
300,34,95,0.2716176211833954,False
300,34,100,0.19873236119747162,False
300,34,105,0.2757757604122162,False
300,34,110,0.7880033850669861,False
300,34,115,0.23661452531814575,False
300,34,120,0.26319122314453125,False
300,34,125,0.7903009057044983,False
300,34,130,0.1739775389432907,False
300,34,135,0.7131432890892029,False
300,34,140,0.34210404753685,False
300,34,145,0.22417566180229187,False
300,34,150,0.32406213879585266,False
300,34,155,0.25222906470298767,False
300,34,160,0.35126373171806335,False
300,34,165,0.3330281674861908,False
300,34,170,0.2769131362438202,False
300,34,175,0.7740802764892578,False
300,34,180,0.23985901474952698,False
300,34,185,0.06353753060102463,False
300,34,190,0.23376430571079254,False
300,34,195,0.23933947086334229,False
300,34,200,0.30944767594337463,False
300,34,205,0.2758432626724243,False
300,34,210,0.19099164009094238,False
300,34,215,0.24740085005760193,False
300,34,220,0.18635547161102295,False
300,34,225,0.1113593578338623,False
300,34,230,0.2150215208530426,False
300,34,235,0.15944938361644745,False
300,34,240,0.1614810824394226,False
300,34,245,0.1862303614616394,False
300,34,250,0.09420253336429596,False
300,34,255,0.14927154779434204,False
300,34,260,0.09529561549425125,False
300,34,265,0.11645635217428207,False
300,34,270,0.09039032459259033,False
300,34,275,0.1508447229862213,False
300,34,280,0.12984956800937653,False
300,34,285,0.24861416220664978,False
300,34,290,0.22192369401454926,False
300,34,295,0.09138192981481552,False
300,34,300,0.16007649898529053,False
300,34,305,0.3431347608566284,False
300,34,310,0.3000425398349762,False
300,34,315,0.28249645233154297,False
300,34,320,0.19912908971309662,False
300,34,325,0.25045284628868103,False
300,34,330,0.38615933060646057,False
300,34,335,0.1166255846619606,False
300,34,340,0.11857537925243378,False
300,34,345,0.3414958119392395,False
300,34,350,0.23079122602939606,False
300,34,355,0.2449115365743637,False
300,34,360,0.4317640960216522,False
300,34,365,0.44942033290863037,False
300,34,370,0.4286227822303772,False
300,34,375,0.25893062353134155,False
300,34,380,0.2747609317302704,False
300,34,385,0.17420047521591187,False
300,34,390,0.09400774538516998,False
300,34,395,0.12603093683719635,False
300,34,400,0.09208690375089645,False
300,34,405,0.3653985559940338,False
300,35,10,0.2486482560634613,False
300,35,15,0.3276282250881195,False
300,35,20,0.4005604684352875,False
300,35,25,0.3571558892726898,False
300,35,30,0.35915088653564453,False
300,35,35,0.15459305047988892,False
300,35,40,0.472411572933197,False
300,35,45,0.6833522915840149,False
300,35,50,0.631401777267456,False
300,35,55,0.5234179496765137,False
300,35,60,0.9651848673820496,False
300,35,65,0.8586168885231018,False
300,35,70,0.44640469551086426,False
300,35,75,0.32124122977256775,False
300,35,80,0.6327815651893616,False
300,35,85,0.6562221050262451,False
300,35,90,0.262228786945343,False
300,35,95,0.19113047420978546,False
300,35,100,0.08897972851991653,False
300,35,105,0.11824336647987366,False
300,35,110,0.5723279118537903,False
300,35,115,0.6343918442726135,False
300,35,120,0.39318063855171204,False
300,35,125,0.17950904369354248,False
300,35,130,0.40917518734931946,False
300,35,135,0.6986345648765564,False
300,35,140,0.7850186824798584,False
300,35,145,0.5673763155937195,False
300,35,150,0.8201581835746765,False
300,35,155,0.6750315427780151,False
300,35,160,0.3069487512111664,False
300,35,165,0.17010541260242462,False
300,35,170,0.1488218754529953,False
300,35,175,0.15772554278373718,False
300,35,180,0.15783247351646423,False
300,35,185,0.12025459110736847,False
300,35,190,0.10984911769628525,False
300,35,195,0.45568016171455383,False
300,35,200,0.1094670444726944,False
300,35,205,0.11936846375465393,False
300,35,210,0.07988283038139343,False
300,35,215,0.11505574733018875,False
300,35,220,0.21496622264385223,False
300,35,225,0.8141883015632629,False
300,35,230,0.04381966590881348,False
300,35,235,0.07511534541845322,False
300,35,240,0.13686175644397736,False
300,35,245,0.08872240781784058,False
300,35,250,0.06273608654737473,False
300,35,255,0.026663750410079956,False
300,35,260,0.13455143570899963,False
300,35,265,0.16282515227794647,False
300,35,270,0.1423473358154297,False
300,35,275,0.17956270277500153,False
300,35,280,0.1153109222650528,False
300,35,285,0.10527113080024719,False
300,35,290,0.16750524938106537,False
300,35,295,0.09154736250638962,False
300,35,300,0.06883013248443604,False
300,35,305,0.05317235365509987,False
300,35,310,0.041658610105514526,False
300,35,315,0.07937818020582199,False
300,35,320,0.11278446018695831,False
300,35,325,0.06185920163989067,False
300,35,330,0.07035201787948608,False
300,35,335,0.18693751096725464,False
300,35,340,0.09788864850997925,False
300,35,345,0.1573139876127243,False
300,35,350,0.17312882840633392,False
300,35,355,0.15356388688087463,False
300,35,360,0.34142443537712097,False
300,35,365,0.32360219955444336,False
300,35,370,0.08043687045574188,False
300,35,375,0.09070715308189392,False
300,35,380,0.2059759646654129,False
300,35,385,0.14409968256950378,False
300,35,390,0.2357957661151886,False
300,35,395,0.38956302404403687,False
300,35,400,0.13441532850265503,False
300,35,405,0.3147801160812378,False
300,36,10,0.12234515696763992,False
300,36,15,0.2756368815898895,False
300,36,20,0.4651108384132385,False
300,36,25,0.32010361552238464,False
300,36,30,0.2286033183336258,False
300,36,35,0.24451811611652374,False
300,36,40,0.18698550760746002,False
300,36,45,0.25421828031539917,False
300,36,50,0.15930023789405823,False
300,36,55,0.1543591469526291,False
300,36,60,0.17290450632572174,False
300,36,65,0.19903941452503204,False
300,36,70,0.1368076354265213,False
300,36,75,0.26415368914604187,False
300,36,80,0.22596414387226105,False
300,36,85,0.27325427532196045,False
300,36,90,0.35904568433761597,False
300,36,95,0.27123013138771057,False
300,36,100,0.33335164189338684,False
300,36,105,0.3078453838825226,False
300,36,110,0.4173718988895416,False
300,36,115,0.3624172806739807,False
300,36,120,0.28447890281677246,False
300,36,125,0.26103082299232483,False
300,36,130,0.34368041157722473,False
300,36,135,0.3594697415828705,False
300,36,140,0.3744713068008423,False
300,36,145,0.2166685312986374,False
300,36,150,0.4487941861152649,False
300,36,155,0.2884790003299713,False
300,36,160,0.2824987471103668,False
300,36,165,0.38156330585479736,False
300,36,170,0.23440290987491608,False
300,36,175,0.22925063967704773,False
300,36,180,0.3331221342086792,False
300,36,185,0.24223630130290985,False
300,36,190,0.6009954214096069,False
300,36,195,0.5122460722923279,False
300,36,200,0.28186455368995667,False
300,36,205,0.21051663160324097,False
300,36,210,0.1937599778175354,False
300,36,215,0.12269454449415207,False
300,36,220,0.26740404963493347,False
300,36,225,0.09854192286729813,False
300,36,230,0.16975601017475128,False
300,36,235,0.2033993899822235,False
300,36,240,0.19528865814208984,False
300,36,245,0.041453007608652115,False
300,36,250,0.28942421078681946,False
300,36,255,0.25823792815208435,False
300,36,260,0.24797242879867554,False
300,36,265,0.2929992079734802,False
300,36,270,0.23703207075595856,False
300,36,275,0.20010142028331757,False
300,36,280,1.4880666732788086,False
300,36,285,0.18214799463748932,False
300,36,290,0.2401587963104248,False
300,36,295,0.2682691514492035,False
300,36,300,0.7607086300849915,False
300,36,305,1.1750733852386475,False
300,36,310,0.23632530868053436,False
300,36,315,0.350321888923645,False
300,36,320,0.1889103800058365,False
300,36,325,1.5011985301971436,False
300,36,330,1.3747661113739014,False
300,36,335,0.25941213965415955,False
300,36,340,0.19525985419750214,False
300,36,345,0.0730750784277916,False
300,36,350,0.178263321518898,False
300,36,355,0.2087457925081253,False
300,36,360,0.19045813381671906,False
300,36,365,0.28092172741889954,False
300,36,370,0.21440304815769196,False
300,36,375,0.2907909154891968,False
300,36,380,0.22152233123779297,False
300,36,385,0.18822035193443298,False
300,36,390,0.15671506524085999,False
300,36,395,0.20829758048057556,False
300,36,400,0.15310440957546234,False
300,36,405,0.18701183795928955,False
300,37,10,0.10097058117389679,False
300,37,15,0.30735522508621216,False
300,37,20,0.5382687449455261,False
300,37,25,0.4750902056694031,False
300,37,30,0.4338347017765045,False
300,37,35,0.5977335572242737,False
300,37,40,0.4570263624191284,False
300,37,45,0.5814179182052612,False
300,37,50,0.683647871017456,False
300,37,55,1.3247673511505127,False
300,37,60,0.29179495573043823,False
300,37,65,0.4049172103404999,False
300,37,70,0.3020091950893402,False
300,37,75,0.42841145396232605,False
300,37,80,0.36847618222236633,False
300,37,85,0.3097476363182068,False
300,37,90,1.9230355024337769,False
300,37,95,0.09423211216926575,False
300,37,100,0.26948630809783936,False
300,37,105,0.19496950507164001,False
300,37,110,0.37036362290382385,False
300,37,115,0.38370054960250854,False
300,37,120,0.2942778170108795,False
300,37,125,0.28561970591545105,False
300,37,130,0.3435545861721039,False
300,37,135,0.20922023057937622,False
300,37,140,0.3140092194080353,False
300,37,145,0.18444766104221344,False
300,37,150,0.3559774160385132,False
300,37,155,0.28015393018722534,False
300,37,160,0.2829738259315491,False
300,37,165,0.2536856234073639,False
300,37,170,0.22522470355033875,False
300,37,175,1.6118686199188232,False
300,37,180,0.09179413318634033,False
300,37,185,0.20810963213443756,False
300,37,190,0.17562751471996307,False
300,37,195,0.18613101541996002,False
300,37,200,0.21911263465881348,False
300,37,205,0.2601969838142395,False
300,37,210,0.18468648195266724,False
300,37,215,0.20943668484687805,False
300,37,220,0.2405392974615097,False
300,37,225,0.3499220311641693,False
300,37,230,0.3068397641181946,False
300,37,235,0.2609328329563141,False
300,37,240,0.5141350626945496,False
300,37,245,0.3183618187904358,False
300,37,250,0.28673261404037476,False
300,37,255,0.1551636904478073,False
300,37,260,0.18584826588630676,False
300,37,265,0.22272077202796936,False
300,37,270,0.25214868783950806,False
300,37,275,0.3059859871864319,False
300,37,280,0.16307736933231354,False
300,37,285,0.31662943959236145,False
300,37,290,0.2849538326263428,False
300,37,295,0.5046104192733765,False
300,37,300,0.31424644589424133,False
300,37,305,0.31232571601867676,False
300,37,310,0.335915744304657,False
300,37,315,0.46284714341163635,False
300,37,320,0.4091978073120117,False
300,37,325,0.299010694026947,False
300,37,330,0.5836135745048523,False
300,37,335,0.40279898047447205,False
300,37,340,0.46925416588783264,False
300,37,345,0.18846608698368073,False
300,37,350,0.24682177603244781,False
300,37,355,0.1745421141386032,False
300,37,360,0.23011188209056854,False
300,37,365,0.3275737464427948,False
300,37,370,0.21929141879081726,False
300,37,375,0.45798230171203613,False
300,37,380,0.5331117510795593,False
300,37,385,0.47753626108169556,False
300,37,390,0.38143277168273926,False
300,37,395,0.5778980255126953,False
300,37,400,0.5330666899681091,False
300,37,405,0.5347887873649597,False
300,38,10,0.13478749990463257,False
300,38,15,0.21804505586624146,False
300,38,20,0.3600538969039917,False
300,38,25,0.32916489243507385,False
300,38,30,0.20574800670146942,False
300,38,35,0.2550376355648041,False
300,38,40,0.13483519852161407,False
300,38,45,0.2583148181438446,False
300,38,50,0.08721642941236496,False
300,38,55,0.25779321789741516,False
300,38,60,0.1545371264219284,False
300,38,65,0.29879045486450195,False
300,38,70,0.14511257410049438,False
300,38,75,0.37819942831993103,False
300,38,80,0.6081679463386536,False
300,38,85,0.4141325056552887,False
300,38,90,0.5535687804222107,False
300,38,95,0.283765971660614,False
300,38,100,0.33897337317466736,False
300,38,105,0.8615280389785767,False
300,38,110,0.38003960251808167,False
300,38,115,0.10736128687858582,False
300,38,120,0.6384998559951782,False
300,38,125,0.5940403938293457,False
300,38,130,0.667099118232727,False
300,38,135,0.6596370339393616,False
300,38,140,0.4958517551422119,False
300,38,145,0.2586277425289154,False
300,38,150,0.29191040992736816,False
300,38,155,0.43064260482788086,False
300,38,160,0.33783361315727234,False
300,38,165,0.2913413643836975,False
300,38,170,0.17725621163845062,False
300,38,175,0.5988503694534302,False
300,38,180,0.17049460113048553,False
300,38,185,0.15518228709697723,False
300,38,190,0.14665906131267548,False
300,38,195,0.09665615111589432,False
300,38,200,0.22621196508407593,False
300,38,205,0.1924474537372589,False
300,38,210,0.13881243765354156,False
300,38,215,0.15791305899620056,False
300,38,220,0.1559302657842636,False
300,38,225,0.0876050740480423,False
300,38,230,0.09201035648584366,False
300,38,235,0.065731942653656,False
300,38,240,0.17806848883628845,False
300,38,245,0.35778799653053284,False
300,38,250,0.09348253160715103,False
300,38,255,0.3452399969100952,False
300,38,260,0.11037642508745193,False
300,38,265,0.17190314829349518,False
300,38,270,0.11255241185426712,False
300,38,275,0.15342508256435394,False
300,38,280,0.1830785870552063,False
300,38,285,0.3246830999851227,False
300,38,290,0.1937406063079834,False
300,38,295,0.20149444043636322,False
300,38,300,0.09660346806049347,False
300,38,305,0.17046166956424713,False
300,38,310,0.17735879123210907,False
300,38,315,0.20000147819519043,False
300,38,320,0.17479544878005981,False
300,38,325,0.13997744023799896,False
300,38,330,0.11423656344413757,False
300,38,335,0.12143927812576294,False
300,38,340,0.15334413945674896,False
300,38,345,0.1752537190914154,False
300,38,350,0.1879146546125412,False
300,38,355,0.1570778787136078,False
300,38,360,0.24100995063781738,False
300,38,365,0.21523155272006989,False
300,38,370,0.2828383445739746,False
300,38,375,0.2294815182685852,False
300,38,380,0.4230376183986664,False
300,38,385,0.41879576444625854,False
300,38,390,0.3420412242412567,False
300,38,395,0.2638546824455261,False
300,38,400,0.14473851025104523,False
300,38,405,0.1865062415599823,False
300,39,10,0.21912261843681335,False
300,39,15,0.30793970823287964,False
300,39,20,0.3632991909980774,False
300,39,25,0.30735310912132263,False
300,39,30,0.25229981541633606,False
300,39,35,0.2356710284948349,False
300,39,40,0.5646678805351257,False
300,39,45,0.8628926873207092,False
300,39,50,0.7339886426925659,False
300,39,55,0.7067704796791077,False
300,39,60,0.5163244605064392,False
300,39,65,0.4037313163280487,False
300,39,70,0.32694026827812195,False
300,39,75,0.44860562682151794,False
300,39,80,1.1370511054992676,False
300,39,85,1.5600961446762085,False
300,39,90,0.17565737664699554,False
300,39,95,0.2586798667907715,False
300,39,100,0.2329704761505127,False
300,39,105,0.43561798334121704,False
300,39,110,0.220451220870018,False
300,39,115,0.21044452488422394,False
300,39,120,0.22214391827583313,False
300,39,125,0.19741719961166382,False
300,39,130,0.29206544160842896,False
300,39,135,0.20054176449775696,False
300,39,140,0.5993086695671082,False
300,39,145,0.18301771581172943,False
300,39,150,0.23431240022182465,False
300,39,155,0.20249207317829132,False
300,39,160,0.22557967901229858,False
300,39,165,0.17472553253173828,False
300,39,170,0.16261887550354004,False
300,39,175,1.4396896362304688,False
300,39,180,0.19120115041732788,False
300,39,185,0.14847098290920258,False
300,39,190,0.20718100666999817,False
300,39,195,0.17653770744800568,False
300,39,200,0.2224750518798828,False
300,39,205,0.19356337189674377,False
300,39,210,0.3589192032814026,False
300,39,215,0.32357755303382874,False
300,39,220,0.416655570268631,False
300,39,225,0.4355984032154083,False
300,39,230,0.3656582236289978,False
300,39,235,0.19330303370952606,False
300,39,240,0.4279675781726837,False
300,39,245,0.3566735088825226,False
300,39,250,0.27729928493499756,False
300,39,255,0.24969938397407532,False
300,39,260,0.25325265526771545,False
300,39,265,0.3260875940322876,False
300,39,270,0.45556893944740295,False
300,39,275,0.3530168831348419,False
300,39,280,0.28240537643432617,False
300,39,285,0.28414371609687805,False
300,39,290,0.20706401765346527,False
300,39,295,0.1416056901216507,False
300,39,300,0.13123679161071777,False
300,39,305,0.1024884581565857,False
300,39,310,0.25537362694740295,False
300,39,315,0.1873445212841034,False
300,39,320,0.23779751360416412,False
300,39,325,0.2841159999370575,False
300,39,330,0.6775950193405151,False
300,39,335,0.2701977491378784,False
300,39,340,0.1627608984708786,False
300,39,345,0.5724890828132629,False
300,39,350,0.28147637844085693,False
300,39,355,0.3592645823955536,False
300,39,360,0.3330114185810089,False
300,39,365,0.5164622664451599,False
300,39,370,0.7215458750724792,False
300,39,375,0.4919687509536743,False
300,39,380,0.5958386063575745,False
300,39,385,0.40705451369285583,False
300,39,390,0.3350007236003876,False
300,39,395,0.31543102860450745,False
300,39,400,0.3505295217037201,False
300,39,405,0.36868348717689514,False
300,40,10,0.2436085343360901,False
300,40,15,0.327352374792099,False
300,40,20,0.48846033215522766,False
300,40,25,0.4167458117008209,False
300,40,30,0.43372857570648193,False
300,40,35,0.45604994893074036,False
300,40,40,0.3683624267578125,False
300,40,45,0.35269618034362793,False
300,40,50,0.25513508915901184,False
300,40,55,0.35357293486595154,False
300,40,60,0.4140664339065552,False
300,40,65,0.5008440613746643,False
300,40,70,0.4226839542388916,False
300,40,75,0.524851381778717,False
300,40,80,0.5812629461288452,False
300,40,85,1.686384916305542,False
300,40,90,0.3345121443271637,False
300,40,95,0.150394469499588,False
300,40,100,0.7135611176490784,False
300,40,105,0.3067755103111267,False
300,40,110,0.5442652702331543,False
300,40,115,0.3579304814338684,False
300,40,120,0.48226314783096313,False
300,40,125,0.38820144534111023,False
300,40,130,0.6929299831390381,False
300,40,135,0.7393055558204651,False
300,40,140,0.24242253601551056,False
300,40,145,0.47297096252441406,False
300,40,150,0.6897085309028625,False
300,40,155,0.4935030937194824,False
300,40,160,0.4732377827167511,False
300,40,165,0.2754424512386322,False
300,40,170,0.2320481240749359,False
300,40,175,1.2612991333007812,False
300,40,180,0.648930549621582,False
300,40,185,0.32466748356819153,False
300,40,190,0.33763211965560913,False
300,40,195,0.6795884370803833,False
300,40,200,0.2667655348777771,False
300,40,205,0.47729504108428955,False
300,40,210,0.410146564245224,False
300,40,215,0.6092879772186279,False
300,40,220,0.16999204456806183,False
300,40,225,0.4410777986049652,False
300,40,230,0.24681638181209564,False
300,40,235,0.25759175419807434,False
300,40,240,0.24255062639713287,False
300,40,245,0.1412465125322342,False
300,40,250,0.24310004711151123,False
300,40,255,0.1677122712135315,False
300,40,260,0.14023692905902863,False
300,40,265,0.3009307384490967,False
300,40,270,0.35413238406181335,False
300,40,275,0.33673804998397827,False
300,40,280,0.8930737972259521,False
300,40,285,0.14923828840255737,False
300,40,290,0.7947669625282288,False
300,40,295,0.7797542214393616,False
300,40,300,0.12414190173149109,False
300,40,305,0.7713319659233093,False
300,40,310,0.9320539832115173,False
300,40,315,0.3215266466140747,False
300,40,320,0.6718244552612305,False
300,40,325,0.9683029651641846,False
300,40,330,0.24507024884223938,False
300,40,335,1.092777967453003,False
300,40,340,0.5433684587478638,False
300,40,345,0.11482539027929306,False
300,40,350,0.7683243155479431,False
300,40,355,0.4206841289997101,False
300,40,360,1.08210027217865,False
300,40,365,0.4248712360858917,False
300,40,370,0.895960807800293,False
300,40,375,0.1313541829586029,False
300,40,380,0.9468291401863098,False
300,40,385,0.7070114016532898,False
300,40,390,0.41870662569999695,False
300,40,395,0.1909898817539215,False
300,40,400,0.3638390004634857,False
300,40,405,0.2698466181755066,False
300,41,10,0.3235664367675781,False
300,41,15,0.3139106333255768,False
300,41,20,0.37783777713775635,False
300,41,25,0.4166412949562073,False
300,41,30,0.3344235122203827,False
300,41,35,0.3899787664413452,False
300,41,40,0.33877915143966675,False
300,41,45,0.8185131549835205,False
300,41,50,0.5384659171104431,False
300,41,55,0.36652466654777527,False
300,41,60,0.2701493501663208,False
300,41,65,0.34485989809036255,False
300,41,70,0.21732810139656067,False
300,41,75,0.43310368061065674,False
300,41,80,0.34059828519821167,False
300,41,85,0.27843308448791504,False
300,41,90,0.3405458629131317,False
300,41,95,0.47620514035224915,False
300,41,100,0.25173377990722656,False
300,41,105,0.6891092658042908,False
300,41,110,0.4745178520679474,False
300,41,115,0.4125552177429199,False
300,41,120,0.3065754771232605,False
300,41,125,0.4218616783618927,False
300,41,130,0.6457945108413696,False
300,41,135,0.4917711317539215,False
300,41,140,0.5086747407913208,False
300,41,145,0.39530789852142334,False
300,41,150,0.6044222116470337,False
300,41,155,0.6578019857406616,False
300,41,160,0.5483261346817017,False
300,41,165,0.17326366901397705,False
300,41,170,0.08438149094581604,False
300,41,175,0.2702041268348694,False
300,41,180,0.9137439727783203,False
300,41,185,0.8258631825447083,False
300,41,190,0.4630470871925354,False
300,41,195,0.3396146297454834,False
300,41,200,0.3267825245857239,False
300,41,205,0.2945961058139801,False
300,41,210,0.30500876903533936,False
300,41,215,0.2714519202709198,False
300,41,220,0.07532047480344772,False
300,41,225,0.3625837564468384,False
300,41,230,0.2171594500541687,False
300,41,235,0.19930538535118103,False
300,41,240,0.14945675432682037,False
300,41,245,0.4356837868690491,False
300,41,250,0.14103534817695618,False
300,41,255,0.46983036398887634,False
300,41,260,0.1387856900691986,False
300,41,265,0.18889914453029633,False
300,41,270,0.21609139442443848,False
300,41,275,0.2403835952281952,False
300,41,280,0.4466647505760193,False
300,41,285,0.4275176525115967,False
300,41,290,0.18907961249351501,False
300,41,295,0.23910312354564667,False
300,41,300,0.20781992375850677,False
300,41,305,0.2166646271944046,False
300,41,310,0.23775817453861237,False
300,41,315,0.4780477285385132,False
300,41,320,0.3098527491092682,False
300,41,325,0.13410115242004395,False
300,41,330,0.5412031412124634,False
300,41,335,0.3279244601726532,False
300,41,340,0.18729884922504425,False
300,41,345,0.40723130106925964,False
300,41,350,0.107663094997406,False
300,41,355,0.15638847649097443,False
300,41,360,0.4144470691680908,False
300,41,365,0.48248013854026794,False
300,41,370,0.44821682572364807,False
300,41,375,0.40383103489875793,False
300,41,380,0.37017783522605896,False
300,41,385,0.31169989705085754,False
300,41,390,0.23353815078735352,False
300,41,395,0.34063011407852173,False
300,41,400,0.1054973304271698,False
300,41,405,0.163049578666687,False
300,42,10,0.1300179362297058,False
300,42,15,0.2671215236186981,False
300,42,20,0.365820974111557,False
300,42,25,0.2980852723121643,False
300,42,30,0.17265981435775757,False
300,42,35,0.22081395983695984,False
300,42,40,0.23580996692180634,False
300,42,45,0.20828008651733398,False
300,42,50,0.17336158454418182,False
300,42,55,0.1753932684659958,False
300,42,60,0.2205324023962021,False
300,42,65,0.20182828605175018,False
300,42,70,0.11502507328987122,False
300,42,75,0.22150416672229767,False
300,42,80,0.2573338449001312,False
300,42,85,0.25886788964271545,False
300,42,90,0.3194611966609955,False
300,42,95,0.370223730802536,False
300,42,100,0.28237706422805786,False
300,42,105,0.3437327742576599,False
300,42,110,0.3771362900733948,False
300,42,115,0.4395548105239868,False
300,42,120,0.2952463626861572,False
300,42,125,0.3009693920612335,False
300,42,130,0.25732696056365967,False
300,42,135,0.3347327411174774,False
300,42,140,0.3904007077217102,False
300,42,145,0.2534686326980591,False
300,42,150,0.40789520740509033,False
300,42,155,0.4413539171218872,False
300,42,160,0.3426627814769745,False
300,42,165,0.42411375045776367,False
300,42,170,0.45855364203453064,False
300,42,175,0.5373085141181946,False
300,42,180,0.48855191469192505,False
300,42,185,0.7229733467102051,False
300,42,190,0.45677489042282104,False
300,42,195,0.5246596336364746,False
300,42,200,0.3914044201374054,False
300,42,205,0.6011431813240051,False
300,42,210,0.6208379864692688,False
300,42,215,0.5671213865280151,False
300,42,220,0.35918959975242615,False
300,42,225,0.35103344917297363,False
300,42,230,0.42910295724868774,False
300,42,235,0.4793027639389038,False
300,42,240,0.47573554515838623,False
300,42,245,0.16073080897331238,False
300,42,250,0.5338018536567688,False
300,42,255,0.19180899858474731,False
300,42,260,0.23620593547821045,False
300,42,265,0.44538724422454834,False
300,42,270,0.4489453136920929,False
300,42,275,0.4415838420391083,False
300,42,280,0.6060874462127686,False
300,42,285,0.33674511313438416,False
300,42,290,0.6063283681869507,False
300,42,295,0.41217249631881714,False
300,42,300,0.36215510964393616,False
300,42,305,0.3105975389480591,False
300,42,310,0.4625451862812042,False
300,42,315,0.5115993022918701,False
300,42,320,0.41503748297691345,False
300,42,325,0.21506242454051971,False
300,42,330,0.1874367743730545,False
300,42,335,0.6174185276031494,False
300,42,340,0.3810001015663147,False
300,42,345,0.4681684076786041,False
300,42,350,0.42845746874809265,False
300,42,355,0.33997151255607605,False
300,42,360,0.27262240648269653,False
300,42,365,0.2750476896762848,False
300,42,370,0.19969013333320618,False
300,42,375,0.43238288164138794,False
300,42,380,0.4769999086856842,False
300,42,385,0.41261008381843567,False
300,42,390,0.26991012692451477,False
300,42,395,0.24242952466011047,False
300,42,400,0.266772598028183,False
300,42,405,0.328538179397583,False
300,43,10,0.16652080416679382,False
300,43,15,0.32051584124565125,False
300,43,20,0.4365818500518799,False
300,43,25,0.32189106941223145,False
300,43,30,0.2338230311870575,False
300,43,35,0.2559046149253845,False
300,43,40,0.30305805802345276,False
300,43,45,0.2679913341999054,False
300,43,50,0.23547376692295074,False
300,43,55,0.21176648139953613,False
300,43,60,0.22631686925888062,False
300,43,65,0.2292494773864746,False
300,43,70,0.1380588561296463,False
300,43,75,0.2762901484966278,False
300,43,80,0.27856871485710144,False
300,43,85,0.37118497490882874,False
300,43,90,0.4350225329399109,False
300,43,95,0.25357770919799805,False
300,43,100,0.34615644812583923,False
300,43,105,0.23299947381019592,False
300,43,110,0.317832887172699,False
300,43,115,0.2953185439109802,False
300,43,120,0.24606607854366302,False
300,43,125,0.07460209727287292,False
300,43,130,0.23251444101333618,False
300,43,135,0.31365513801574707,False
300,43,140,0.4726284444332123,False
300,43,145,0.26294076442718506,False
300,43,150,0.38820403814315796,False
300,43,155,0.5038132667541504,False
300,43,160,0.28065142035484314,False
300,43,165,0.2781289517879486,False
300,43,170,0.23243078589439392,False
300,43,175,1.7795368432998657,False
300,43,180,0.4150763750076294,False
300,43,185,0.3290401101112366,False
300,43,190,0.3763105571269989,False
300,43,195,0.3918955624103546,False
300,43,200,0.28205356001853943,False
300,43,205,0.23658402264118195,False
300,43,210,0.18736223876476288,False
300,43,215,0.19250400364398956,False
300,43,220,0.16842664778232574,False
300,43,225,0.0882207453250885,False
300,43,230,0.18841609358787537,False
300,43,235,0.19349852204322815,False
300,43,240,0.8304914832115173,False
300,43,245,0.07184281945228577,False
300,43,250,0.16071051359176636,False
300,43,255,0.1897888332605362,False
300,43,260,0.20269989967346191,False
300,43,265,0.28338631987571716,False
300,43,270,0.2565751373767853,False
300,43,275,0.2841891348361969,False
300,43,280,0.42111995816230774,False
300,43,285,0.24741710722446442,False
300,43,290,0.19701668620109558,False
300,43,295,0.35773393511772156,False
300,43,300,0.15480004251003265,False
300,43,305,0.15223082900047302,False
300,43,310,0.20626196265220642,False
300,43,315,0.20504336059093475,False
300,43,320,0.20411796867847443,False
300,43,325,0.13664256036281586,False
300,43,330,0.10958067327737808,False
300,43,335,0.23904068768024445,False
300,43,340,0.2391165941953659,False
300,43,345,0.09323562681674957,False
300,43,350,0.26714450120925903,False
300,43,355,0.2659303545951843,False
300,43,360,0.18885931372642517,False
300,43,365,0.2979592978954315,False
300,43,370,0.22506336867809296,False
300,43,375,0.230166494846344,False
300,43,380,0.22260518372058868,False
300,43,385,0.2811194956302643,False
300,43,390,0.25233957171440125,False
300,43,395,0.2252977192401886,False
300,43,400,0.1661403626203537,False
300,43,405,0.29192930459976196,False
300,44,10,0.22735759615898132,False
300,44,15,0.26720383763313293,False
300,44,20,0.2709103226661682,False
300,44,25,0.1969878226518631,False
300,44,30,0.16317765414714813,False
300,44,35,0.12784650921821594,False
300,44,40,0.036498889327049255,False
300,44,45,0.03620825707912445,False
300,44,50,0.07071810215711594,False
300,44,55,0.05052722245454788,False
300,44,60,0.04608001932501793,False
300,44,65,0.16487444937229156,False
300,44,70,0.4125311076641083,False
300,44,75,0.6343990564346313,False
300,44,80,0.7086530327796936,False
300,44,85,0.15083958208560944,False
300,44,90,0.13764438033103943,False
300,44,95,0.10229363292455673,False
300,44,100,0.08710480481386185,False
300,44,105,0.09905469417572021,False
300,44,110,0.1218223124742508,False
300,44,115,0.11253264546394348,False
300,44,120,0.08264085650444031,False
300,44,125,0.07323724776506424,False
300,44,130,0.09683268517255783,False
300,44,135,0.1949561983346939,False
300,44,140,0.1807352900505066,False
300,44,145,0.03348899632692337,False
300,44,150,0.08704521507024765,False
300,44,155,0.4120868444442749,False
300,44,160,0.10452067852020264,False
300,44,165,0.05662228912115097,False
300,44,170,0.08487370610237122,False
300,44,175,0.0515417642891407,False
300,44,180,0.05898018926382065,False
300,44,185,0.040611740201711655,False
300,44,190,0.22310245037078857,False
300,44,195,0.1722758263349533,False
300,44,200,0.49631956219673157,False
300,44,205,0.1819635033607483,False
300,44,210,0.1689233034849167,False
300,44,215,0.19357521831989288,False
300,44,220,0.19452901184558868,False
300,44,225,0.21907973289489746,False
300,44,230,0.10855020582675934,False
300,44,235,0.4956548511981964,False
300,44,240,0.2527553141117096,False
300,44,245,0.24176552891731262,False
300,44,250,0.3262175917625427,False
300,44,255,0.4852890968322754,False
300,44,260,0.21153633296489716,False
300,44,265,0.3021896779537201,False
300,44,270,0.37713754177093506,False
300,44,275,0.3172777593135834,False
300,44,280,0.44240233302116394,False
300,44,285,0.1912277787923813,False
300,44,290,0.5121482014656067,False
300,44,295,0.22976692020893097,False
300,44,300,0.09149143844842911,False
300,44,305,0.12864083051681519,False
300,44,310,0.10480410605669022,False
300,44,315,0.2694660723209381,False
300,44,320,0.13662658631801605,False
300,44,325,0.12430565059185028,False
300,44,330,0.34657999873161316,False
300,44,335,0.21799112856388092,False
300,44,340,0.31204771995544434,False
300,44,345,0.36159035563468933,False
300,44,350,0.19871383905410767,False
300,44,355,0.3104099929332733,False
300,44,360,0.4593968987464905,False
300,44,365,0.4044466018676758,False
300,44,370,0.6204794049263,False
300,44,375,0.23189677298069,False
300,44,380,0.2934928834438324,False
300,44,385,0.1758522242307663,False
300,44,390,0.32205528020858765,False
300,44,395,0.23193657398223877,False
300,44,400,0.14877833425998688,False
300,44,405,0.40803006291389465,False
300,45,10,0.16479803621768951,False
300,45,15,0.2782326638698578,False
300,45,20,0.2932509183883667,False
300,45,25,0.3175217807292938,False
300,45,30,0.14759215712547302,False
300,45,35,0.17074370384216309,False
300,45,40,0.5858247876167297,False
300,45,45,0.7060080766677856,False
300,45,50,0.31005269289016724,False
300,45,55,0.3087812662124634,False
300,45,60,0.20994187891483307,False
300,45,65,0.3668273389339447,False
300,45,70,0.27267274260520935,False
300,45,75,0.3833083212375641,False
300,45,80,0.45571792125701904,False
300,45,85,0.45283547043800354,False
300,45,90,0.6419714689254761,False
300,45,95,0.508013129234314,False
300,45,100,0.49999237060546875,False
300,45,105,0.7458463311195374,False
300,45,110,0.6718038320541382,False
300,45,115,0.2875077426433563,False
300,45,120,0.1799987256526947,False
300,45,125,0.21086643636226654,False
300,45,130,0.15317483246326447,False
300,45,135,0.16409291326999664,False
300,45,140,0.24076806008815765,False
300,45,145,0.11500086635351181,False
300,45,150,0.11566926538944244,False
300,45,155,0.2013702392578125,False
300,45,160,0.330738365650177,False
300,45,165,0.09568169713020325,False
300,45,170,0.12564235925674438,False
300,45,175,0.1800518035888672,False
300,45,180,0.4232251048088074,False
300,45,185,0.47987276315689087,False
300,45,190,0.29978445172309875,False
300,45,195,0.5188696384429932,False
300,45,200,0.1100994274020195,False
300,45,205,0.14114592969417572,False
300,45,210,0.050642937421798706,False
300,45,215,0.07559934258460999,False
300,45,220,0.07358318567276001,False
300,45,225,0.10592815279960632,False
300,45,230,0.08006017655134201,False
300,45,235,0.08861225843429565,False
300,45,240,0.08643993735313416,False
300,45,245,0.09221969544887543,False
300,45,250,0.13486069440841675,False
300,45,255,0.181011363863945,False
300,45,260,0.12408286333084106,False
300,45,265,0.1621975153684616,False
300,45,270,0.1470022201538086,False
300,45,275,0.1190340518951416,False
300,45,280,0.16889837384223938,False
300,45,285,0.14812444150447845,False
300,45,290,0.1611810028553009,False
300,45,295,0.10923809558153152,False
300,45,300,0.15075357258319855,False
300,45,305,0.24065536260604858,False
300,45,310,0.17660073935985565,False
300,45,315,0.13479934632778168,False
300,45,320,0.18063931167125702,False
300,45,325,0.14990872144699097,False
300,45,330,0.19694896042346954,False
300,45,335,0.08148997277021408,False
300,45,340,0.11875612288713455,False
300,45,345,0.14504195749759674,False
300,45,350,0.12722401320934296,False
300,45,355,0.09025903791189194,False
300,45,360,0.14771847426891327,False
300,45,365,0.5842345952987671,False
300,45,370,0.5830524563789368,False
300,45,375,0.6748505234718323,False
300,45,380,0.7963944673538208,False
300,45,385,0.6959499716758728,False
300,45,390,0.753487229347229,False
300,45,395,0.9664463996887207,False
300,45,400,0.42017409205436707,False
300,45,405,0.21171393990516663,False
300,46,10,0.12561969459056854,False
300,46,15,0.2422342747449875,False
300,46,20,0.39259302616119385,False
300,46,25,0.399432510137558,False
300,46,30,0.4106457233428955,False
300,46,35,0.4976365268230438,False
300,46,40,0.5266814827919006,False
300,46,45,0.7761388421058655,False
300,46,50,0.530552089214325,False
300,46,55,0.2138107419013977,False
300,46,60,0.4898025393486023,False
300,46,65,0.49698585271835327,False
300,46,70,0.46080365777015686,False
300,46,75,0.3385196030139923,False
300,46,80,0.15763215720653534,False
300,46,85,0.2198416143655777,False
300,46,90,0.06084606796503067,False
300,46,95,0.16355745494365692,False
300,46,100,1.6656739711761475,False
300,46,105,0.4537309408187866,False
300,46,110,0.26280495524406433,False
300,46,115,0.33112114667892456,False
300,46,120,0.15195955336093903,False
300,46,125,0.8456302285194397,False
300,46,130,0.10748706758022308,False
300,46,135,0.8513129949569702,False
300,46,140,0.1456746757030487,False
300,46,145,0.12557263672351837,False
300,46,150,0.16817454993724823,False
300,46,155,0.20628120005130768,False
300,46,160,0.27924883365631104,False
300,46,165,0.4101915955543518,False
300,46,170,0.26542362570762634,False
300,46,175,0.7923669219017029,False
300,46,180,0.39336854219436646,False
300,46,185,0.044854264706373215,False
300,46,190,0.03730268031358719,False
300,46,195,0.17428283393383026,False
300,46,200,0.07610822468996048,False
300,46,205,0.8936695456504822,False
300,46,210,0.17190192639827728,False
300,46,215,0.04397667944431305,False
300,46,220,0.09932845830917358,False
300,46,225,0.04903223738074303,False
300,46,230,0.08070290088653564,False
300,46,235,0.09442528337240219,False
300,46,240,0.10992417484521866,False
300,46,245,0.11356347799301147,False
300,46,250,0.08205878734588623,False
300,46,255,0.1307068169116974,False
300,46,260,0.03787239268422127,False
300,46,265,0.058352384716272354,False
300,46,270,0.05911640450358391,False
300,46,275,0.050541143864393234,False
300,46,280,0.07515137642621994,False
300,46,285,0.05092176795005798,False
300,46,290,0.026359274983406067,False
300,46,295,0.1254543960094452,False
300,46,300,0.31558823585510254,False
300,46,305,0.1261671483516693,False
300,46,310,0.599294126033783,False
300,46,315,0.6715297102928162,False
300,46,320,0.7293904423713684,False
300,46,325,0.7913357019424438,False
300,46,330,0.3720107078552246,False
300,46,335,0.29609498381614685,False
300,46,340,0.08351406455039978,False
300,46,345,0.06036723032593727,False
300,46,350,0.09767185896635056,False
300,46,355,0.0782058835029602,False
300,46,360,0.11757351458072662,False
300,46,365,0.09673160314559937,False
300,46,370,0.20944613218307495,False
300,46,375,0.23184147477149963,False
300,46,380,0.3069538474082947,False
300,46,385,0.27702611684799194,False
300,46,390,0.18124468624591827,False
300,46,395,0.17722657322883606,False
300,46,400,0.20043893158435822,False
300,46,405,0.13462011516094208,False
300,47,10,0.12988810241222382,False
300,47,15,0.2801221013069153,False
300,47,20,0.4409234821796417,False
300,47,25,0.3716264069080353,False
300,47,30,0.251255065202713,False
300,47,35,0.40379172563552856,False
300,47,40,0.29506954550743103,False
300,47,45,0.24078816175460815,False
300,47,50,0.15378545224666595,False
300,47,55,0.10791239142417908,False
300,47,60,0.3170470595359802,False
300,47,65,0.13643650710582733,False
300,47,70,0.11701114475727081,False
300,47,75,0.3663705885410309,False
300,47,80,0.23660537600517273,False
300,47,85,0.14183641970157623,False
300,47,90,0.1649099439382553,False
300,47,95,0.23962806165218353,False
300,47,100,0.23091021180152893,False
300,47,105,0.3588203489780426,False
300,47,110,0.21901673078536987,False
300,47,115,0.182399719953537,False
300,47,120,0.2085322141647339,False
300,47,125,0.21692831814289093,False
300,47,130,0.2523941099643707,False
300,47,135,0.20825731754302979,False
300,47,140,0.2998794913291931,False
300,47,145,0.17248886823654175,False
300,47,150,0.21028725802898407,False
300,47,155,0.13847804069519043,False
300,47,160,0.2854008972644806,False
300,47,165,0.202677920460701,False
300,47,170,0.1634610891342163,False
300,47,175,0.11978142708539963,False
300,47,180,0.19989927113056183,False
300,47,185,0.21311108767986298,False
300,47,190,0.16920427978038788,False
300,47,195,0.23258157074451447,False
300,47,200,0.1631079614162445,False
300,47,205,0.18724219501018524,False
300,47,210,0.13857270777225494,False
300,47,215,0.18638233840465546,False
300,47,220,0.22032800316810608,False
300,47,225,0.34880346059799194,False
300,47,230,0.06950012594461441,False
300,47,235,0.17013567686080933,False
300,47,240,0.13274627923965454,False
300,47,245,0.4425542652606964,False
300,47,250,0.13587892055511475,False
300,47,255,0.4302113950252533,False
300,47,260,0.13881245255470276,False
300,47,265,0.12330318242311478,False
300,47,270,0.2523510158061981,False
300,47,275,0.14577265083789825,False
300,47,280,0.3459431529045105,False
300,47,285,0.5570822954177856,False
300,47,290,0.23172231018543243,False
300,47,295,0.13893119990825653,False
300,47,300,0.24809256196022034,False
300,47,305,0.164940744638443,False
300,47,310,0.20062191784381866,False
300,47,315,0.44757354259490967,False
300,47,320,0.1458323895931244,False
300,47,325,0.15934990346431732,False
300,47,330,0.5122583508491516,False
300,47,335,0.06714692711830139,False
300,47,340,0.06337655335664749,False
300,47,345,0.3647310137748718,False
300,47,350,0.10713464766740799,False
300,47,355,0.07737146317958832,False
300,47,360,0.3135668933391571,False
300,47,365,0.32311636209487915,False
300,47,370,0.3717626929283142,False
300,47,375,0.20750464498996735,False
300,47,380,0.3127402663230896,False
300,47,385,0.2890608012676239,False
300,47,390,0.2520064413547516,False
300,47,395,0.2399328649044037,False
300,47,400,0.1178472638130188,False
300,47,405,0.11764596402645111,False
300,48,10,0.23293285071849823,False
300,48,15,0.27262136340141296,False
300,48,20,0.3427324891090393,False
300,48,25,0.29522785544395447,False
300,48,30,0.20670835673809052,False
300,48,35,0.18899761140346527,False
300,48,40,0.20068350434303284,False
300,48,45,0.28953155875205994,False
300,48,50,0.36977308988571167,False
300,48,55,0.32802531123161316,False
300,48,60,0.5090739130973816,False
300,48,65,0.44795626401901245,False
300,48,70,0.2818286716938019,False
300,48,75,0.31703630089759827,False
300,48,80,0.2769460678100586,False
300,48,85,0.2121904045343399,False
300,48,90,0.33859914541244507,False
300,48,95,0.2629735767841339,False
300,48,100,0.3186526596546173,False
300,48,105,0.43219032883644104,False
300,48,110,0.534410297870636,False
300,48,115,0.523556113243103,False
300,48,120,0.4432295858860016,False
300,48,125,0.2862151265144348,False
300,48,130,0.6605255603790283,False
300,48,135,0.7826990485191345,False
300,48,140,0.5360844135284424,False
300,48,145,0.25364261865615845,False
300,48,150,0.4291761815547943,False
300,48,155,0.44139671325683594,False
300,48,160,0.2222335934638977,False
300,48,165,0.44405895471572876,False
300,48,170,0.2980327308177948,False
300,48,175,0.24178819358348846,False
300,48,180,0.17155976593494415,False
300,48,185,0.24985431134700775,False
300,48,190,0.3203710615634918,False
300,48,195,0.37747007608413696,False
300,48,200,0.28345054388046265,False
300,48,205,0.3180627226829529,False
300,48,210,0.34257546067237854,False
300,48,215,0.19604162871837616,False
300,48,220,0.19629910588264465,False
300,48,225,0.2808171510696411,False
300,48,230,0.1277291476726532,False
300,48,235,0.13075952231884003,False
300,48,240,0.12634539604187012,False
300,48,245,0.0803990364074707,False
300,48,250,0.14431440830230713,False
300,48,255,0.16202905774116516,False
300,48,260,0.20086000859737396,False
300,48,265,0.254410982131958,False
300,48,270,0.28719818592071533,False
300,48,275,0.3404468297958374,False
300,48,280,0.3680863380432129,False
300,48,285,0.10399229824542999,False
300,48,290,1.4412463903427124,False
300,48,295,0.33993881940841675,False
300,48,300,1.094438910484314,False
300,48,305,0.24752937257289886,False
300,48,310,0.23325364291667938,False
300,48,315,0.3303133249282837,False
300,48,320,0.21102219820022583,False
300,48,325,0.19417531788349152,False
300,48,330,0.19673751294612885,False
300,48,335,0.2983580231666565,False
300,48,340,0.26242080330848694,False
300,48,345,0.24634887278079987,False
300,48,350,0.33699265122413635,False
300,48,355,0.30779317021369934,False
300,48,360,0.24274414777755737,False
300,48,365,0.21233436465263367,False
300,48,370,0.2469174563884735,False
300,48,375,0.1631699651479721,False
300,48,380,0.23351266980171204,False
300,48,385,0.34735289216041565,False
300,48,390,0.3421362340450287,False
300,48,395,0.2229759246110916,False
300,48,400,0.2530577778816223,False
300,48,405,0.35149523615837097,False
300,49,10,0.16864778101444244,False
300,49,15,0.311465859413147,False
300,49,20,0.3748258054256439,False
300,49,25,0.35558387637138367,False
300,49,30,0.2239738553762436,False
300,49,35,0.29542800784111023,False
300,49,40,0.2890079617500305,False
300,49,45,0.3228990435600281,False
300,49,50,0.24546946585178375,False
300,49,55,0.33437642455101013,False
300,49,60,0.2927166223526001,False
300,49,65,0.4041863977909088,False
300,49,70,0.4930868148803711,False
300,49,75,0.5312570333480835,False
300,49,80,0.5377434492111206,False
300,49,85,0.4759880304336548,False
300,49,90,0.4482470452785492,False
300,49,95,0.17354463040828705,False
300,49,100,0.6448157429695129,False
300,49,105,0.2661020755767822,False
300,49,110,0.5781939625740051,False
300,49,115,0.5826785564422607,False
300,49,120,0.5528258085250854,False
300,49,125,0.6077659130096436,False
300,49,130,0.5917861461639404,False
300,49,135,0.6911104321479797,False
300,49,140,0.4822694957256317,False
300,49,145,0.5549522042274475,False
300,49,150,0.7311680316925049,False
300,49,155,0.4991207420825958,False
300,49,160,0.6640717387199402,False
300,49,165,0.3177722096443176,False
300,49,170,0.3584749400615692,False
300,49,175,0.48138540983200073,False
300,49,180,0.24552017450332642,False
300,49,185,0.8418784737586975,False
300,49,190,0.4111863374710083,False
300,49,195,0.27231481671333313,False
300,49,200,0.5939802527427673,False
300,49,205,0.5013409852981567,False
300,49,210,0.5423302054405212,False
300,49,215,0.7208746075630188,False
300,49,220,0.38674402236938477,False
300,49,225,0.593704342842102,False
300,49,230,0.13659518957138062,False
300,49,235,0.34891897439956665,False
300,49,240,0.591609001159668,False
300,49,245,0.2008621096611023,False
300,49,250,0.46289822459220886,False
300,49,255,0.7095542550086975,False
300,49,260,0.29266878962516785,False
300,49,265,0.4089411199092865,False
300,49,270,0.3601079285144806,False
300,49,275,0.713147759437561,False
300,49,280,1.1306266784667969,False
300,49,285,0.16345521807670593,False
300,49,290,0.8565780520439148,False
300,49,295,0.2780227065086365,False
300,49,300,0.0901823565363884,False
300,49,305,0.5934807658195496,False
300,49,310,0.47844481468200684,False
300,49,315,0.4426896870136261,False
300,49,320,0.41219398379325867,False
300,49,325,0.3189041018486023,False
300,49,330,0.18141016364097595,False
300,49,335,0.33631154894828796,False
300,49,340,0.4785536229610443,False
300,49,345,0.9104933738708496,False
300,49,350,0.5594668388366699,False
300,49,355,0.8262014985084534,False
300,49,360,0.30646389722824097,False
300,49,365,0.22130343317985535,False
300,49,370,0.8478059768676758,False
300,49,375,0.2857306897640228,False
300,49,380,0.3831804096698761,False
300,49,385,0.33721524477005005,False
300,49,390,0.4138906002044678,False
300,49,395,0.1772957593202591,False
300,49,400,0.4600673019886017,False
300,49,405,0.4368407726287842,False
400,0,10,0.09136556088924408,False
400,0,15,0.19921089708805084,False
400,0,20,0.3439027965068817,False
400,0,25,0.3943172097206116,False
400,0,30,0.2809673845767975,False
400,0,35,0.27364471554756165,False
400,0,40,0.3251340687274933,False
400,0,45,0.5381902456283569,False
400,0,50,0.5346068143844604,False
400,0,55,0.24898213148117065,False
400,0,60,0.445491224527359,False
400,0,65,0.446377158164978,False
400,0,70,1.6529715061187744,False
400,0,75,0.35103175044059753,False
400,0,80,1.6970164775848389,False
400,0,85,1.8260247707366943,False
400,0,90,1.1612619161605835,False
400,0,95,1.242639183998108,False
400,0,100,0.3119277060031891,False
400,0,105,0.4876668155193329,False
400,0,110,1.3812023401260376,False
400,0,115,0.2770604193210602,False
400,0,120,0.2731252908706665,False
400,0,125,1.1255635023117065,False
400,0,130,0.3086095452308655,False
400,0,135,1.4108407497406006,False
400,0,140,0.3155554533004761,False
400,0,145,0.23924411833286285,False
400,0,150,0.3994951546192169,False
400,0,155,1.1608562469482422,False
400,0,160,0.27441227436065674,False
400,0,165,0.34324902296066284,False
400,0,170,0.3047916889190674,False
400,0,175,1.1722677946090698,False
400,0,180,0.1608155518770218,False
400,0,185,0.06274708360433578,False
400,0,190,0.12618175148963928,False
400,0,195,0.14831030368804932,False
400,0,200,0.13638070225715637,False
400,0,205,0.21557967364788055,False
400,0,210,0.2469949871301651,False
400,0,215,0.2390352487564087,False
400,0,220,0.13107797503471375,False
400,0,225,0.38485777378082275,False
400,0,230,0.0693260133266449,False
400,0,235,0.19285057485103607,False
400,0,240,0.09397770464420319,False
400,0,245,0.4951615035533905,False
400,0,250,0.2685810625553131,False
400,0,255,0.436432808637619,False
400,0,260,0.17409370839595795,False
400,0,265,0.12246070802211761,False
400,0,270,0.40807750821113586,False
400,0,275,0.37076708674430847,False
400,0,280,0.3758159279823303,False
400,0,285,0.4264519512653351,False
400,0,290,0.17892110347747803,False
400,0,295,0.12377797812223434,False
400,0,300,0.21794909238815308,False
400,0,305,0.08006426692008972,False
400,0,310,0.1378159373998642,False
400,0,315,0.3908332884311676,False
400,0,320,0.1766480803489685,False
400,0,325,0.09905300289392471,False
400,0,330,0.5112521648406982,False
400,0,335,0.2278176248073578,False
400,0,340,0.24740201234817505,False
400,0,345,0.32608678936958313,False
400,0,350,0.1128949299454689,False
400,0,355,0.10268596559762955,False
400,0,360,0.41490259766578674,False
400,0,365,0.34583157300949097,False
400,0,370,0.3699432611465454,False
400,0,375,0.408004492521286,False
400,0,380,0.3436480760574341,False
400,0,385,0.43860048055648804,False
400,0,390,0.37514153122901917,False
400,0,395,0.3068599998950958,False
400,0,400,0.264390766620636,False
400,0,405,0.2770349681377411,False
400,1,10,0.10683149099349976,False
400,1,15,0.32003721594810486,False
400,1,20,0.4862104058265686,False
400,1,25,0.39398545026779175,False
400,1,30,0.4052075445652008,False
400,1,35,0.35737431049346924,False
400,1,40,0.5634328126907349,False
400,1,45,0.5783178806304932,False
400,1,50,0.7369691729545593,False
400,1,55,0.15323369204998016,False
400,1,60,0.2741713523864746,False
400,1,65,0.40272095799446106,False
400,1,70,0.23091216385364532,False
400,1,75,0.25354206562042236,False
400,1,80,0.38104066252708435,False
400,1,85,1.0889488458633423,False
400,1,90,1.8667776584625244,False
400,1,95,0.1619817614555359,False
400,1,100,0.2655758559703827,False
400,1,105,0.15006202459335327,False
400,1,110,0.24351447820663452,False
400,1,115,0.2697806656360626,False
400,1,120,0.2559243142604828,False
400,1,125,0.2521999180316925,False
400,1,130,0.17893899977207184,False
400,1,135,0.21275615692138672,False
400,1,140,0.3263665735721588,False
400,1,145,0.29083627462387085,False
400,1,150,0.44924062490463257,False
400,1,155,0.18973957002162933,False
400,1,160,0.20968911051750183,False
400,1,165,0.27487078309059143,False
400,1,170,0.2563686966896057,False
400,1,175,1.4155675172805786,False
400,1,180,0.054236654192209244,False
400,1,185,0.1763976514339447,False
400,1,190,0.23489545285701752,False
400,1,195,0.07542533427476883,False
400,1,200,0.2510506212711334,False
400,1,205,0.2516903281211853,False
400,1,210,0.2502442002296448,False
400,1,215,0.20404881238937378,False
400,1,220,0.22700554132461548,False
400,1,225,0.1646922528743744,False
400,1,230,0.18926957249641418,False
400,1,235,0.19677762687206268,False
400,1,240,0.3413894772529602,False
400,1,245,0.3798021078109741,False
400,1,250,0.2783701419830322,False
400,1,255,0.14637234807014465,False
400,1,260,0.07622860372066498,False
400,1,265,0.15285703539848328,False
400,1,270,0.14486312866210938,False
400,1,275,0.15769731998443604,False
400,1,280,0.08066564798355103,False
400,1,285,0.3118080496788025,False
400,1,290,0.29450544714927673,False
400,1,295,0.22679579257965088,False
400,1,300,0.1701793223619461,False
400,1,305,0.10868442803621292,False
400,1,310,0.3738771677017212,False
400,1,315,0.2966070771217346,False
400,1,320,0.2369517683982849,False
400,1,325,0.28089460730552673,False
400,1,330,0.31653979420661926,False
400,1,335,0.15225043892860413,False
400,1,340,0.20495745539665222,False
400,1,345,0.40819108486175537,False
400,1,350,0.22785887122154236,False
400,1,355,0.2197679877281189,False
400,1,360,0.3398907780647278,False
400,1,365,0.3611025810241699,False
400,1,370,0.4462738633155823,False
400,1,375,0.3423366844654083,False
400,1,380,0.40053239464759827,False
400,1,385,0.38233229517936707,False
400,1,390,0.4316628873348236,False
400,1,395,0.38232001662254333,False
400,1,400,0.2678222954273224,False
400,1,405,0.4277196526527405,False
400,2,10,0.05437255650758743,False
400,2,15,0.22789926826953888,False
400,2,20,0.39216262102127075,False
400,2,25,0.40065184235572815,False
400,2,30,0.44803401827812195,False
400,2,35,0.4609327018260956,False
400,2,40,0.3693913221359253,False
400,2,45,0.4597628712654114,False
400,2,50,0.8550546765327454,False
400,2,55,0.3274770677089691,False
400,2,60,0.46455731987953186,False
400,2,65,0.4183734953403473,False
400,2,70,0.31387513875961304,False
400,2,75,0.5062124729156494,False
400,2,80,0.4936312735080719,False
400,2,85,1.0203741788864136,False
400,2,90,1.9129540920257568,False
400,2,95,0.32508426904678345,False
400,2,100,0.3863496780395508,False
400,2,105,0.527027428150177,False
400,2,110,0.4518015384674072,False
400,2,115,0.437660276889801,False
400,2,120,1.235115647315979,False
400,2,125,1.9073710441589355,False
400,2,130,0.4165116250514984,False
400,2,135,0.4367673993110657,False
400,2,140,0.47655367851257324,False
400,2,145,0.44089776277542114,False
400,2,150,0.6605350971221924,False
400,2,155,0.98627108335495,False
400,2,160,0.5165608525276184,False
400,2,165,2.0215249061584473,False
400,2,170,2.0247509479522705,False
400,2,175,1.6177515983581543,False
400,2,180,0.321601003408432,False
400,2,185,0.5841474533081055,False
400,2,190,0.4830789268016815,False
400,2,195,0.8821060657501221,False
400,2,200,0.4402640759944916,False
400,2,205,0.45742616057395935,False
400,2,210,0.3894987404346466,False
400,2,215,0.3754661977291107,False
400,2,220,0.23984234035015106,False
400,2,225,0.23174984753131866,False
400,2,230,0.3471066653728485,False
400,2,235,0.30866509675979614,False
400,2,240,2.034466028213501,False
400,2,245,0.09632585942745209,False
400,2,250,0.4003613591194153,False
400,2,255,0.241439089179039,False
400,2,260,0.232868492603302,False
400,2,265,0.3618895709514618,False
400,2,270,0.49762535095214844,False
400,2,275,0.5420047640800476,False
400,2,280,0.24827992916107178,False
400,2,285,0.12265060842037201,False
400,2,290,0.4424019455909729,False
400,2,295,0.4668012261390686,False
400,2,300,0.240045964717865,False
400,2,305,0.262062668800354,False
400,2,310,0.2690736949443817,False
400,2,315,0.2874566912651062,False
400,2,320,0.25200164318084717,False
400,2,325,0.22605159878730774,False
400,2,330,0.39183276891708374,False
400,2,335,0.35808050632476807,False
400,2,340,0.4809513986110687,False
400,2,345,0.21411855518817902,False
400,2,350,0.3920133411884308,False
400,2,355,0.41378122568130493,False
400,2,360,0.41220247745513916,False
400,2,365,0.5272327661514282,False
400,2,370,0.0795874372124672,False
400,2,375,0.18032342195510864,False
400,2,380,0.30109816789627075,False
400,2,385,0.30610162019729614,False
400,2,390,0.20046620070934296,False
400,2,395,0.49895980954170227,False
400,2,400,0.3478502035140991,False
400,2,405,0.15889328718185425,False
400,3,10,0.09573288261890411,False
400,3,15,0.3261324465274811,False
400,3,20,0.3953411877155304,False
400,3,25,0.5156192779541016,False
400,3,30,0.4487057626247406,False
400,3,35,0.44718697667121887,False
400,3,40,0.4507197141647339,False
400,3,45,0.4457761347293854,False
400,3,50,1.2005141973495483,False
400,3,55,0.24956442415714264,False
400,3,60,0.5144692063331604,False
400,3,65,0.4784172773361206,False
400,3,70,1.335492491722107,False
400,3,75,0.5093714594841003,False
400,3,80,0.3922021985054016,False
400,3,85,0.7875938415527344,False
400,3,90,1.94585120677948,False
400,3,95,2.0367612838745117,False
400,3,100,0.35054677724838257,False
400,3,105,0.40399694442749023,False
400,3,110,0.3528633415699005,False
400,3,115,0.26759088039398193,False
400,3,120,0.3596342206001282,False
400,3,125,0.4021309018135071,False
400,3,130,0.3748224079608917,False
400,3,135,0.3545158803462982,False
400,3,140,0.2242436707019806,False
400,3,145,0.33950281143188477,False
400,3,150,0.5415543913841248,False
400,3,155,0.4568782150745392,False
400,3,160,0.5087593793869019,False
400,3,165,0.5144944787025452,False
400,3,170,0.39136356115341187,False
400,3,175,1.3267375230789185,False
400,3,180,0.1844911128282547,False
400,3,185,0.37968143820762634,False
400,3,190,0.3835667073726654,False
400,3,195,0.3924383819103241,False
400,3,200,0.33886897563934326,False
400,3,205,0.32074975967407227,False
400,3,210,0.29506421089172363,False
400,3,215,0.30925971269607544,False
400,3,220,0.23967090249061584,False
400,3,225,0.3254998028278351,False
400,3,230,0.40479576587677,False
400,3,235,0.4179353713989258,False
400,3,240,0.43409910798072815,False
400,3,245,0.31427690386772156,False
400,3,250,0.3265092372894287,False
400,3,255,0.2902354598045349,False
400,3,260,0.24864183366298676,False
400,3,265,0.3310436010360718,False
400,3,270,0.44927817583084106,False
400,3,275,0.617091715335846,False
400,3,280,0.2841714918613434,False
400,3,285,0.08591541647911072,False
400,3,290,0.18345007300376892,False
400,3,295,0.4823201596736908,False
400,3,300,0.21617238223552704,False
400,3,305,0.19943973422050476,False
400,3,310,0.2025507092475891,False
400,3,315,0.2224455177783966,False
400,3,320,0.188297301530838,False
400,3,325,0.21768799424171448,False
400,3,330,0.13475556671619415,False
400,3,335,0.35836923122406006,False
400,3,340,0.316971093416214,False
400,3,345,0.14183999598026276,False
400,3,350,0.26070842146873474,False
400,3,355,0.1961144357919693,False
400,3,360,0.12842562794685364,False
400,3,365,0.22729584574699402,False
400,3,370,0.2168872356414795,False
400,3,375,0.33803173899650574,False
400,3,380,0.284273624420166,False
400,3,385,0.32165396213531494,False
400,3,390,0.13276366889476776,False
400,3,395,0.15781505405902863,False
400,3,400,0.192964106798172,False
400,3,405,0.19579583406448364,False
400,4,10,0.17493928968906403,False
400,4,15,0.23084847629070282,False
400,4,20,0.3708353638648987,False
400,4,25,0.3259854316711426,False
400,4,30,0.31409555673599243,False
400,4,35,0.19800597429275513,False
400,4,40,0.23557408154010773,False
400,4,45,0.5134657621383667,False
400,4,50,0.44342344999313354,False
400,4,55,0.3534370958805084,False
400,4,60,0.4307553768157959,False
400,4,65,0.43394240736961365,False
400,4,70,0.16028612852096558,False
400,4,75,0.4411671459674835,False
400,4,80,0.2718587815761566,False
400,4,85,0.28485676646232605,False
400,4,90,0.5569470524787903,False
400,4,95,0.353800505399704,False
400,4,100,0.47358235716819763,False
400,4,105,0.7003687024116516,False
400,4,110,0.42435234785079956,False
400,4,115,0.3377412259578705,False
400,4,120,0.5034358501434326,False
400,4,125,0.5200521945953369,False
400,4,130,0.7379781007766724,False
400,4,135,0.6620659232139587,False
400,4,140,0.6242435574531555,False
400,4,145,0.49447447061538696,False
400,4,150,0.6847524046897888,False
400,4,155,0.6883391737937927,False
400,4,160,0.5239299535751343,False
400,4,165,0.20358751714229584,False
400,4,170,0.16103532910346985,False
400,4,175,0.6264191269874573,False
400,4,180,0.797286331653595,False
400,4,185,0.23473475873470306,False
400,4,190,0.25305405259132385,False
400,4,195,0.4461323916912079,False
400,4,200,0.43070632219314575,False
400,4,205,0.3804502487182617,False
400,4,210,0.16318178176879883,False
400,4,215,0.21207445859909058,False
400,4,220,0.14614780247211456,False
400,4,225,0.39924633502960205,False
400,4,230,0.3239927291870117,False
400,4,235,0.3709118664264679,False
400,4,240,0.42138487100601196,False
400,4,245,0.3794752061367035,False
400,4,250,0.23813195526599884,False
400,4,255,0.3587823510169983,False
400,4,260,0.24616402387619019,False
400,4,265,0.20151929557323456,False
400,4,270,0.45237818360328674,False
400,4,275,0.4180178940296173,False
400,4,280,0.48655155301094055,False
400,4,285,0.3773120045661926,False
400,4,290,0.2798329293727875,False
400,4,295,0.13213396072387695,False
400,4,300,0.3362301290035248,False
400,4,305,0.28750815987586975,False
400,4,310,0.44170382618904114,False
400,4,315,0.42173823714256287,False
400,4,320,0.4005330801010132,False
400,4,325,0.11158094555139542,False
400,4,330,0.378423273563385,False
400,4,335,0.2538195550441742,False
400,4,340,0.3340264558792114,False
400,4,345,0.3636713922023773,False
400,4,350,0.24244076013565063,False
400,4,355,0.24902890622615814,False
400,4,360,0.4217807948589325,False
400,4,365,0.3777948319911957,False
400,4,370,0.3468283414840698,False
400,4,375,0.38060715794563293,False
400,4,380,0.38600900769233704,False
400,4,385,0.49021345376968384,False
400,4,390,0.4614897072315216,False
400,4,395,0.4153169095516205,False
400,4,400,0.32342469692230225,False
400,4,405,0.36118727922439575,False
400,5,10,0.07990056276321411,False
400,5,15,0.318838894367218,False
400,5,20,0.5149610042572021,False
400,5,25,0.44410616159439087,False
400,5,30,0.26749852299690247,False
400,5,35,0.3925047516822815,False
400,5,40,0.4470137357711792,False
400,5,45,0.44419044256210327,False
400,5,50,1.1696590185165405,False
400,5,55,0.3530532419681549,False
400,5,60,0.4017462134361267,False
400,5,65,0.4764229655265808,False
400,5,70,0.471667617559433,False
400,5,75,0.4910493791103363,False
400,5,80,0.4348825216293335,False
400,5,85,1.2864034175872803,False
400,5,90,0.25374314188957214,False
400,5,95,0.2742984890937805,False
400,5,100,0.31812793016433716,False
400,5,105,0.38505908846855164,False
400,5,110,0.2999296188354492,False
400,5,115,0.3069809675216675,False
400,5,120,0.23310530185699463,False
400,5,125,0.22476063668727875,False
400,5,130,0.15956148505210876,False
400,5,135,0.16818949580192566,False
400,5,140,0.09780256450176239,False
400,5,145,0.19768424332141876,False
400,5,150,0.288526326417923,False
400,5,155,0.09075769782066345,False
400,5,160,0.23819991946220398,False
400,5,165,0.2967166006565094,False
400,5,170,0.2619459629058838,False
400,5,175,1.2382477521896362,False
400,5,180,0.0774918869137764,False
400,5,185,0.12279078364372253,False
400,5,190,0.21460680663585663,False
400,5,195,0.1635747253894806,False
400,5,200,0.2958289384841919,False
400,5,205,0.25647759437561035,False
400,5,210,0.2305440753698349,False
400,5,215,0.2398904263973236,False
400,5,220,0.20416386425495148,False
400,5,225,0.1583932489156723,False
400,5,230,0.4018420875072479,False
400,5,235,0.4207098186016083,False
400,5,240,0.42287030816078186,False
400,5,245,0.37051668763160706,False
400,5,250,0.24918578565120697,False
400,5,255,0.20203720033168793,False
400,5,260,0.2816925644874573,False
400,5,265,0.27467718720436096,False
400,5,270,0.362935870885849,False
400,5,275,0.36016958951950073,False
400,5,280,0.19122520089149475,False
400,5,285,0.3936973214149475,False
400,5,290,0.18983939290046692,False
400,5,295,0.43746763467788696,False
400,5,300,0.22048954665660858,False
400,5,305,0.3686603903770447,False
400,5,310,0.28857937455177307,False
400,5,315,0.28184911608695984,False
400,5,320,0.10072614997625351,False
400,5,325,0.17506684362888336,False
400,5,330,0.3674619495868683,False
400,5,335,0.10323991626501083,False
400,5,340,0.20059606432914734,False
400,5,345,0.17398178577423096,False
400,5,350,0.1602383852005005,False
400,5,355,0.11788137257099152,False
400,5,360,0.11735019087791443,False
400,5,365,0.13129785656929016,False
400,5,370,0.11664824187755585,False
400,5,375,0.25341564416885376,False
400,5,380,0.2610168159008026,False
400,5,385,0.3446957767009735,False
400,5,390,0.32019585371017456,False
400,5,395,0.18535442650318146,False
400,5,400,0.17280280590057373,False
400,5,405,0.20275826752185822,False
400,6,10,0.10036343336105347,False
400,6,15,0.24991334974765778,False
400,6,20,0.38666394352912903,False
400,6,25,0.348522424697876,False
400,6,30,0.2066248655319214,False
400,6,35,0.2232990860939026,False
400,6,40,0.14988143742084503,False
400,6,45,0.16817286610603333,False
400,6,50,0.1235465481877327,False
400,6,55,0.20782271027565002,False
400,6,60,0.1317664235830307,False
400,6,65,0.13052305579185486,False
400,6,70,0.09050584584474564,False
400,6,75,0.12653350830078125,False
400,6,80,0.18865743279457092,False
400,6,85,0.10312400758266449,False
400,6,90,0.11760208010673523,False
400,6,95,0.2111341506242752,False
400,6,100,0.1406591385602951,False
400,6,105,0.21633005142211914,False
400,6,110,0.08492990583181381,False
400,6,115,0.109877809882164,False
400,6,120,0.0911659374833107,False
400,6,125,0.1070176213979721,False
400,6,130,0.09051816910505295,False
400,6,135,0.11248300969600677,False
400,6,140,0.15221525728702545,False
400,6,145,0.06948299705982208,False
400,6,150,0.05857246369123459,False
400,6,155,0.06392691284418106,False
400,6,160,0.0960269570350647,False
400,6,165,0.20715294778347015,False
400,6,170,0.22636543214321136,False
400,6,175,0.2941640019416809,False
400,6,180,0.11856494843959808,False
400,6,185,0.10636910796165466,False
400,6,190,0.13813942670822144,False
400,6,195,0.16753961145877838,False
400,6,200,0.1997186243534088,False
400,6,205,0.1522570103406906,False
400,6,210,0.1597786694765091,False
400,6,215,0.07424775511026382,False
400,6,220,0.2048639953136444,False
400,6,225,0.20575687289237976,False
400,6,230,0.09389285743236542,False
400,6,235,0.08697864413261414,False
400,6,240,0.32019802927970886,False
400,6,245,0.15902072191238403,False
400,6,250,0.1981019228696823,False
400,6,255,0.27533817291259766,False
400,6,260,0.2508435845375061,False
400,6,265,0.29672035574913025,False
400,6,270,0.1150078997015953,False
400,6,275,0.10797009617090225,False
400,6,280,0.18110774457454681,False
400,6,285,0.5737117528915405,False
400,6,290,0.25764384865760803,False
400,6,295,0.13109996914863586,False
400,6,300,0.07653599232435226,False
400,6,305,0.06723889708518982,False
400,6,310,0.1827501654624939,False
400,6,315,0.1291130632162094,False
400,6,320,0.07652918994426727,False
400,6,325,0.1719764620065689,False
400,6,330,0.2350001037120819,False
400,6,335,0.1209508553147316,False
400,6,340,0.15805140137672424,False
400,6,345,0.26151490211486816,False
400,6,350,0.14996594190597534,False
400,6,355,0.13993293046951294,False
400,6,360,0.14960341155529022,False
400,6,365,0.1678779125213623,False
400,6,370,0.23036891222000122,False
400,6,375,0.3131949305534363,False
400,6,380,0.09669923037290573,False
400,6,385,0.14237430691719055,False
400,6,390,0.13837498426437378,False
400,6,395,0.14154694974422455,False
400,6,400,0.16075029969215393,False
400,6,405,0.1468881517648697,False
400,7,10,0.07755153626203537,False
400,7,15,0.2351396083831787,False
400,7,20,0.44229573011398315,False
400,7,25,0.40953436493873596,False
400,7,30,0.23292379081249237,False
400,7,35,0.2636410593986511,False
400,7,40,0.31400376558303833,False
400,7,45,0.2522695064544678,False
400,7,50,0.26216086745262146,False
400,7,55,0.16518908739089966,False
400,7,60,0.3569016754627228,False
400,7,65,0.3509933054447174,False
400,7,70,0.056399982422590256,False
400,7,75,0.4267132580280304,False
400,7,80,0.20564872026443481,False
400,7,85,0.1784568876028061,False
400,7,90,0.1802423894405365,False
400,7,95,0.22839871048927307,False
400,7,100,0.16346122324466705,False
400,7,105,0.4488166868686676,False
400,7,110,0.25025591254234314,False
400,7,115,0.2273091971874237,False
400,7,120,0.1962832659482956,False
400,7,125,0.3032982647418976,False
400,7,130,0.2759144902229309,False
400,7,135,0.17072822153568268,False
400,7,140,0.17227421700954437,False
400,7,145,0.1528942883014679,False
400,7,150,0.33786872029304504,False
400,7,155,0.1228112205862999,False
400,7,160,0.2965863049030304,False
400,7,165,0.3448795676231384,False
400,7,170,0.23252680897712708,False
400,7,175,1.1636372804641724,False
400,7,180,0.09961224347352982,False
400,7,185,0.018031086772680283,False
400,7,190,0.0563630573451519,False
400,7,195,0.07475678622722626,False
400,7,200,0.0823121964931488,False
400,7,205,0.06994415819644928,False
400,7,210,0.17269960045814514,False
400,7,215,0.05808145925402641,False
400,7,220,0.1431620717048645,False
400,7,225,0.22124293446540833,False
400,7,230,0.138346329331398,False
400,7,235,0.13649244606494904,False
400,7,240,0.20262476801872253,False
400,7,245,0.2186068445444107,False
400,7,250,0.09313128888607025,False
400,7,255,0.12949322164058685,False
400,7,260,0.16319765150547028,False
400,7,265,0.039496198296546936,False
400,7,270,0.13448409736156464,False
400,7,275,0.08501052856445312,False
400,7,280,0.1999996155500412,False
400,7,285,0.18346087634563446,False
400,7,290,0.1343289613723755,False
400,7,295,0.13793078064918518,False
400,7,300,0.11665020138025284,False
400,7,305,0.0787043645977974,False
400,7,310,0.09405606985092163,False
400,7,315,0.12111299484968185,False
400,7,320,0.07988756895065308,False
400,7,325,0.05034801736474037,False
400,7,330,0.2193773090839386,False
400,7,335,0.09900487959384918,False
400,7,340,0.09576500207185745,False
400,7,345,0.1491512954235077,False
400,7,350,0.07948151975870132,False
400,7,355,0.09938926249742508,False
400,7,360,0.22676852345466614,False
400,7,365,0.15074856579303741,False
400,7,370,0.20510518550872803,False
400,7,375,0.18136167526245117,False
400,7,380,0.15928922593593597,False
400,7,385,0.18751229345798492,False
400,7,390,0.26013869047164917,False
400,7,395,0.11263842135667801,False
400,7,400,0.07743842154741287,False
400,7,405,0.1744566261768341,False
400,8,10,0.23765723407268524,False
400,8,15,0.2904147803783417,False
400,8,20,0.3209352195262909,False
400,8,25,0.26581841707229614,False
400,8,30,0.17098015546798706,False
400,8,35,0.22217479348182678,False
400,8,40,0.2172713726758957,False
400,8,45,0.7762179374694824,False
400,8,50,0.3819691240787506,False
400,8,55,0.21606048941612244,False
400,8,60,0.25755372643470764,False
400,8,65,0.11038059741258621,False
400,8,70,0.10601574182510376,False
400,8,75,1.1710907220840454,False
400,8,80,0.20155051350593567,False
400,8,85,1.9447449445724487,False
400,8,90,0.0627160295844078,False
400,8,95,0.11039607226848602,False
400,8,100,0.08944817632436752,False
400,8,105,0.14459531009197235,False
400,8,110,0.11854371428489685,False
400,8,115,0.08949479460716248,False
400,8,120,0.058491919189691544,False
400,8,125,0.06651032716035843,False
400,8,130,0.08489511907100677,False
400,8,135,0.15621337294578552,False
400,8,140,0.1505337357521057,False
400,8,145,0.30747976899147034,False
400,8,150,0.1625974476337433,False
400,8,155,0.14304009079933167,False
400,8,160,0.15217769145965576,False
400,8,165,0.15786288678646088,False
400,8,170,0.14994871616363525,False
400,8,175,0.17569831013679504,False
400,8,180,0.1431010514497757,False
400,8,185,0.1252618134021759,False
400,8,190,0.16025841236114502,False
400,8,195,0.14607688784599304,False
400,8,200,0.1903068721294403,False
400,8,205,0.054712362587451935,False
400,8,210,0.05606963858008385,False
400,8,215,0.09056465327739716,False
400,8,220,0.27631911635398865,False
400,8,225,0.1470881551504135,False
400,8,230,0.09202760457992554,False
400,8,235,0.11598444730043411,False
400,8,240,0.20374633371829987,False
400,8,245,0.21675722301006317,False
400,8,250,0.19901038706302643,False
400,8,255,0.465329647064209,False
400,8,260,0.49686160683631897,False
400,8,265,0.39354488253593445,False
400,8,270,0.46040111780166626,False
400,8,275,0.5473681092262268,False
400,8,280,0.5509850382804871,False
400,8,285,0.3790164589881897,False
400,8,290,0.5522624254226685,False
400,8,295,0.5108448266983032,False
400,8,300,0.5296202898025513,False
400,8,305,0.3949645459651947,False
400,8,310,0.4767652153968811,False
400,8,315,0.6429451704025269,False
400,8,320,0.49825209379196167,False
400,8,325,0.576798141002655,False
400,8,330,0.7856176495552063,False
400,8,335,0.6379067897796631,False
400,8,340,0.601787269115448,False
400,8,345,0.7229552268981934,False
400,8,350,0.4710104465484619,False
400,8,355,0.5638207197189331,False
400,8,360,0.7444489598274231,False
400,8,365,0.6428384780883789,False
400,8,370,0.6457078456878662,False
400,8,375,0.4756322205066681,False
400,8,380,0.4735563397407532,False
400,8,385,0.5319885015487671,False
400,8,390,0.4077407717704773,False
400,8,395,0.8877825140953064,False
400,8,400,0.73760586977005,False
400,8,405,0.3645611107349396,False
400,9,10,0.10145940631628036,False
400,9,15,0.1662055402994156,False
400,9,20,0.3591427803039551,False
400,9,25,0.3510698676109314,False
400,9,30,0.2926804721355438,False
400,9,35,0.2973010540008545,False
400,9,40,0.265537828207016,False
400,9,45,0.15650366246700287,False
400,9,50,0.13335706293582916,False
400,9,55,0.24762418866157532,False
400,9,60,0.2997134029865265,False
400,9,65,0.22808842360973358,False
400,9,70,0.11865384876728058,False
400,9,75,0.18694600462913513,False
400,9,80,0.17332713305950165,False
400,9,85,0.2322463095188141,False
400,9,90,0.1356842964887619,False
400,9,95,0.3616989552974701,False
400,9,100,0.11805593967437744,False
400,9,105,0.22549539804458618,False
400,9,110,0.1653466373682022,False
400,9,115,0.15167021751403809,False
400,9,120,0.1418938785791397,False
400,9,125,0.22772817313671112,False
400,9,130,0.2579624354839325,False
400,9,135,0.16161473095417023,False
400,9,140,0.3553042411804199,False
400,9,145,0.18646743893623352,False
400,9,150,0.19395335018634796,False
400,9,155,0.12360823899507523,False
400,9,160,0.1419140100479126,False
400,9,165,0.13912945985794067,False
400,9,170,0.26853132247924805,False
400,9,175,0.21935778856277466,False
400,9,180,0.2018951177597046,False
400,9,185,0.10305474698543549,False
400,9,190,0.21409989893436432,False
400,9,195,0.12191327661275864,False
400,9,200,0.33439111709594727,False
400,9,205,0.31098121404647827,False
400,9,210,0.1109931692481041,False
400,9,215,0.08892174810171127,False
400,9,220,0.2696572244167328,False
400,9,225,0.35454896092414856,False
400,9,230,0.1021331176161766,False
400,9,235,0.08663508296012878,False
400,9,240,0.19118574261665344,False
400,9,245,0.28041210770606995,False
400,9,250,0.2613818943500519,False
400,9,255,0.18545202910900116,False
400,9,260,0.30576565861701965,False
400,9,265,0.26291462779045105,False
400,9,270,0.17457447946071625,False
400,9,275,0.2574900686740875,False
400,9,280,0.21582545340061188,False
400,9,285,0.4520544111728668,False
400,9,290,0.1332908272743225,False
400,9,295,0.09466280043125153,False
400,9,300,0.19671519100666046,False
400,9,305,0.2395155131816864,False
400,9,310,0.25154295563697815,False
400,9,315,0.16551631689071655,False
400,9,320,0.1985628455877304,False
400,9,325,0.2111196517944336,False
400,9,330,0.24279727041721344,False
400,9,335,0.1568097472190857,False
400,9,340,0.1140681803226471,False
400,9,345,0.11875524371862411,False
400,9,350,0.230251744389534,False
400,9,355,0.15132001042366028,False
400,9,360,0.1469007283449173,False
400,9,365,0.24678468704223633,False
400,9,370,0.28187018632888794,False
400,9,375,0.28971391916275024,False
400,9,380,0.14725619554519653,False
400,9,385,0.18675121665000916,False
400,9,390,0.12446426600217819,False
400,9,395,0.19197231531143188,False
400,9,400,0.135554239153862,False
400,9,405,0.12789325416088104,False
400,10,10,0.2123527228832245,False
400,10,15,0.24539846181869507,False
400,10,20,0.3359651267528534,False
400,10,25,0.3036625385284424,False
400,10,30,0.26046669483184814,False
400,10,35,0.23713167011737823,False
400,10,40,0.38756442070007324,False
400,10,45,0.4566860496997833,False
400,10,50,0.2881230115890503,False
400,10,55,0.46438220143318176,False
400,10,60,0.25178176164627075,False
400,10,65,0.4298097789287567,False
400,10,70,0.3147716820240021,False
400,10,75,0.3406173884868622,False
400,10,80,0.2969624102115631,False
400,10,85,0.24911604821681976,False
400,10,90,0.2424401342868805,False
400,10,95,0.29399579763412476,False
400,10,100,0.21006670594215393,False
400,10,105,0.2933461368083954,False
400,10,110,0.16228589415550232,False
400,10,115,0.21043996512889862,False
400,10,120,0.23742032051086426,False
400,10,125,0.22287075221538544,False
400,10,130,0.17773006856441498,False
400,10,135,0.22867193818092346,False
400,10,140,0.26206761598587036,False
400,10,145,0.22252106666564941,False
400,10,150,0.2069500833749771,False
400,10,155,0.1857546865940094,False
400,10,160,0.1861516237258911,False
400,10,165,0.18095843493938446,False
400,10,170,0.19151735305786133,False
400,10,175,0.21051925420761108,False
400,10,180,0.1883050948381424,False
400,10,185,0.1766558438539505,False
400,10,190,0.15844720602035522,False
400,10,195,0.21279053390026093,False
400,10,200,0.14263196289539337,False
400,10,205,0.17064133286476135,False
400,10,210,0.2293757200241089,False
400,10,215,0.26036348938941956,False
400,10,220,0.3531571924686432,False
400,10,225,0.8405013680458069,False
400,10,230,0.33752086758613586,False
400,10,235,0.07569479197263718,False
400,10,240,0.08379470556974411,False
400,10,245,0.11870074272155762,False
400,10,250,0.12385371327400208,False
400,10,255,0.12881264090538025,False
400,10,260,0.10385461896657944,False
400,10,265,0.07807020843029022,False
400,10,270,0.10116014629602432,False
400,10,275,0.08955458551645279,False
400,10,280,0.1580929458141327,False
400,10,285,0.6175721287727356,False
400,10,290,0.7319602370262146,False
400,10,295,0.3871218264102936,False
400,10,300,0.3420276343822479,False
400,10,305,0.5022774934768677,False
400,10,310,0.5712855458259583,False
400,10,315,0.6262502670288086,False
400,10,320,0.3317145109176636,False
400,10,325,0.1537652611732483,False
400,10,330,0.38960587978363037,False
400,10,335,0.16659964621067047,False
400,10,340,0.20647701621055603,False
400,10,345,0.19610373675823212,False
400,10,350,0.16519038379192352,False
400,10,355,0.2631298303604126,False
400,10,360,0.2303796410560608,False
400,10,365,0.3128323256969452,False
400,10,370,0.15447591245174408,False
400,10,375,0.08018678426742554,False
400,10,380,0.13746052980422974,False
400,10,385,0.15449818968772888,False
400,10,390,0.12971380352973938,False
400,10,395,0.20965179800987244,False
400,10,400,0.2085167020559311,False
400,10,405,0.2480349838733673,False
400,11,10,0.09637296199798584,False
400,11,15,0.2626659870147705,False
400,11,20,0.5127904415130615,False
400,11,25,0.43081599473953247,False
400,11,30,0.3680267632007599,False
400,11,35,0.4571513235569,False
400,11,40,0.6362436413764954,False
400,11,45,0.6697420477867126,False
400,11,50,0.4306527376174927,False
400,11,55,1.3449946641921997,False
400,11,60,0.33195194602012634,False
400,11,65,0.8292344808578491,False
400,11,70,1.3811264038085938,False
400,11,75,0.32463645935058594,False
400,11,80,1.4146127700805664,False
400,11,85,0.21897107362747192,False
400,11,90,0.055849384516477585,False
400,11,95,2.011852979660034,False
400,11,100,0.3432450592517853,False
400,11,105,0.40828466415405273,False
400,11,110,0.4231540858745575,False
400,11,115,0.36308684945106506,False
400,11,120,0.30340099334716797,False
400,11,125,1.117214322090149,False
400,11,130,0.41768303513526917,False
400,11,135,0.8639633655548096,False
400,11,140,0.26372766494750977,False
400,11,145,0.2114020138978958,False
400,11,150,0.4027630686759949,False
400,11,155,0.278987854719162,False
400,11,160,0.4489220976829529,False
400,11,165,0.40446627140045166,False
400,11,170,0.3683542311191559,False
400,11,175,1.6521507501602173,False
400,11,180,0.33023619651794434,False
400,11,185,0.3098421096801758,False
400,11,190,0.3004515469074249,False
400,11,195,0.17769892513751984,False
400,11,200,0.2721237242221832,False
400,11,205,0.2931458055973053,False
400,11,210,0.18675506114959717,False
400,11,215,0.3095772862434387,False
400,11,220,0.22108282148838043,False
400,11,225,0.21427294611930847,False
400,11,230,0.2976698577404022,False
400,11,235,0.1978282928466797,False
400,11,240,0.3942941129207611,False
400,11,245,0.3358840346336365,False
400,11,250,0.21336136758327484,False
400,11,255,0.09133116900920868,False
400,11,260,0.12120459973812103,False
400,11,265,0.15406720340251923,False
400,11,270,0.1253291517496109,False
400,11,275,0.1346951276063919,False
400,11,280,0.0876808762550354,False
400,11,285,0.2519674599170685,False
400,11,290,0.2612520158290863,False
400,11,295,0.13010761141777039,False
400,11,300,0.1553984433412552,False
400,11,305,0.1909465342760086,False
400,11,310,0.14370809495449066,False
400,11,315,0.10886348783969879,False
400,11,320,0.08041694760322571,False
400,11,325,0.10422318428754807,False
400,11,330,0.12062384188175201,False
400,11,335,0.1541057676076889,False
400,11,340,0.14115311205387115,False
400,11,345,0.2299819141626358,False
400,11,350,0.2791289687156677,False
400,11,355,0.18727050721645355,False
400,11,360,0.2621303200721741,False
400,11,365,0.3141690492630005,False
400,11,370,0.3762965202331543,False
400,11,375,0.27148470282554626,False
400,11,380,0.2990056574344635,False
400,11,385,0.38137561082839966,False
400,11,390,0.36406710743904114,False
400,11,395,0.24796777963638306,False
400,11,400,0.0625670850276947,False
400,11,405,0.24892078340053558,False
400,12,10,0.1703837811946869,False
400,12,15,0.2813684344291687,False
400,12,20,0.4447766840457916,False
400,12,25,0.29082801938056946,False
400,12,30,0.196840301156044,False
400,12,35,0.21501967310905457,False
400,12,40,0.23103117942810059,False
400,12,45,0.30425316095352173,False
400,12,50,0.13476981222629547,False
400,12,55,0.11770004779100418,False
400,12,60,0.19866876304149628,False
400,12,65,0.19156785309314728,False
400,12,70,0.09391115605831146,False
400,12,75,0.17159005999565125,False
400,12,80,0.21700194478034973,False
400,12,85,0.39093974232673645,False
400,12,90,0.38270512223243713,False
400,12,95,0.3560432195663452,False
400,12,100,0.2186369150876999,False
400,12,105,0.35803672671318054,False
400,12,110,0.4030776023864746,False
400,12,115,0.4112613797187805,False
400,12,120,0.3403628170490265,False
400,12,125,0.33001965284347534,False
400,12,130,0.3131024241447449,False
400,12,135,0.29594674706459045,False
400,12,140,0.32077556848526,False
400,12,145,0.15495812892913818,False
400,12,150,0.31456518173217773,False
400,12,155,0.27595797181129456,False
400,12,160,0.3075459897518158,False
400,12,165,0.42045512795448303,False
400,12,170,0.16970190405845642,False
400,12,175,0.4239083528518677,False
400,12,180,0.38714250922203064,False
400,12,185,0.49387067556381226,False
400,12,190,0.43314650654792786,False
400,12,195,0.40393346548080444,False
400,12,200,0.21229080855846405,False
400,12,205,0.2083105444908142,False
400,12,210,0.27735090255737305,False
400,12,215,0.1932583600282669,False
400,12,220,0.1290951520204544,False
400,12,225,0.23178811371326447,False
400,12,230,0.16906552016735077,False
400,12,235,0.17461071908473969,False
400,12,240,0.1485552042722702,False
400,12,245,0.3541402220726013,False
400,12,250,0.1782538741827011,False
400,12,255,0.23837558925151825,False
400,12,260,0.13481120765209198,False
400,12,265,0.1940215826034546,False
400,12,270,0.22415734827518463,False
400,12,275,0.09176357090473175,False
400,12,280,0.2137133926153183,False
400,12,285,0.33565381169319153,False
400,12,290,0.2824893593788147,False
400,12,295,0.13664600253105164,False
400,12,300,0.06616950780153275,False
400,12,305,0.10457709431648254,False
400,12,310,0.11597280204296112,False
400,12,315,0.1581461876630783,False
400,12,320,0.16542793810367584,False
400,12,325,0.136989027261734,False
400,12,330,0.24435606598854065,False
400,12,335,0.08745064586400986,False
400,12,340,0.08124833554029465,False
400,12,345,0.3238985538482666,False
400,12,350,0.3710292875766754,False
400,12,355,0.15886658430099487,False
400,12,360,0.3685966432094574,False
400,12,365,0.33922702074050903,False
400,12,370,0.41332903504371643,False
400,12,375,0.3530498147010803,False
400,12,380,0.12769412994384766,False
400,12,385,0.1490907073020935,False
400,12,390,0.293550968170166,False
400,12,395,0.22744037210941315,False
400,12,400,0.1687864512205124,False
400,12,405,0.15074726939201355,False
400,13,10,0.07607769221067429,False
400,13,15,0.2600522041320801,False
400,13,20,0.3776279091835022,False
400,13,25,0.4376431107521057,False
400,13,30,0.4340789318084717,False
400,13,35,0.3270867168903351,False
400,13,40,0.3485203683376312,False
400,13,45,0.48040905594825745,False
400,13,50,0.38560405373573303,False
400,13,55,0.18322741985321045,False
400,13,60,0.33964815735816956,False
400,13,65,0.5781423449516296,False
400,13,70,0.42498978972435,False
400,13,75,0.3369833528995514,False
400,13,80,0.4696635603904724,False
400,13,85,1.6059828996658325,False
400,13,90,0.276004433631897,False
400,13,95,0.40482497215270996,False
400,13,100,0.3697393834590912,False
400,13,105,0.469066858291626,False
400,13,110,0.31539615988731384,False
400,13,115,0.237857386469841,False
400,13,120,0.20043009519577026,False
400,13,125,0.23879778385162354,False
400,13,130,0.20898176729679108,False
400,13,135,0.20911315083503723,False
400,13,140,0.2481483370065689,False
400,13,145,0.3506758511066437,False
400,13,150,0.6009646654129028,False
400,13,155,0.871304988861084,False
400,13,160,0.43358898162841797,False
400,13,165,0.3863166868686676,False
400,13,170,0.4221811294555664,False
400,13,175,1.7888766527175903,False
400,13,180,0.19330640137195587,False
400,13,185,0.35169506072998047,False
400,13,190,0.21974457800388336,False
400,13,195,0.24791240692138672,False
400,13,200,0.2610636353492737,False
400,13,205,0.23993124067783356,False
400,13,210,0.23273144662380219,False
400,13,215,0.2164098471403122,False
400,13,220,0.2714143693447113,False
400,13,225,0.20761381089687347,False
400,13,230,0.327220618724823,False
400,13,235,0.30720624327659607,False
400,13,240,0.40146604180336,False
400,13,245,0.14640091359615326,False
400,13,250,0.2819194197654724,False
400,13,255,0.2854216396808624,False
400,13,260,0.25626373291015625,False
400,13,265,0.4149986207485199,False
400,13,270,0.43894484639167786,False
400,13,275,0.4638079106807709,False
400,13,280,0.21672363579273224,False
400,13,285,0.1487053781747818,False
400,13,290,0.2486930936574936,False
400,13,295,0.5738272070884705,False
400,13,300,0.433430552482605,False
400,13,305,0.2666017413139343,False
400,13,310,0.26956823468208313,False
400,13,315,0.24997560679912567,False
400,13,320,0.23874793946743011,False
400,13,325,0.23345232009887695,False
400,13,330,0.14282798767089844,False
400,13,335,0.4789959490299225,False
400,13,340,0.37873703241348267,False
400,13,345,0.21876591444015503,False
400,13,350,0.36408737301826477,False
400,13,355,0.347957968711853,False
400,13,360,0.3376287817955017,False
400,13,365,0.40484684705734253,False
400,13,370,0.03628290072083473,False
400,13,375,0.29364892840385437,False
400,13,380,0.3376172184944153,False
400,13,385,0.4144909977912903,False
400,13,390,0.3164520561695099,False
400,13,395,0.609058141708374,False
400,13,400,0.43825626373291016,False
400,13,405,0.4700990319252014,False
400,14,10,0.10485535860061646,False
400,14,15,0.27289560437202454,False
400,14,20,0.5598584413528442,False
400,14,25,0.6277103424072266,False
400,14,30,0.6110991835594177,False
400,14,35,0.44997289776802063,False
400,14,40,0.2831704914569855,False
400,14,45,0.3678251802921295,False
400,14,50,0.5046942830085754,False
400,14,55,0.4958469569683075,False
400,14,60,0.28525763750076294,False
400,14,65,0.20522239804267883,False
400,14,70,0.36275604367256165,False
400,14,75,0.5324006080627441,False
400,14,80,0.3078185021877289,False
400,14,85,1.1458749771118164,False
400,14,90,0.3246009349822998,False
400,14,95,0.27878814935684204,False
400,14,100,0.31713783740997314,False
400,14,105,0.28470900654792786,False
400,14,110,0.2806514799594879,False
400,14,115,0.19955651462078094,False
400,14,120,0.2765725553035736,False
400,14,125,0.19641374051570892,False
400,14,130,0.21744580566883087,False
400,14,135,0.19672363996505737,False
400,14,140,0.2048000991344452,False
400,14,145,0.172030970454216,False
400,14,150,0.2928496301174164,False
400,14,155,0.12460368871688843,False
400,14,160,0.27015769481658936,False
400,14,165,0.22975106537342072,False
400,14,170,0.1735968291759491,False
400,14,175,1.644639492034912,False
400,14,180,0.16129502654075623,False
400,14,185,0.11625534296035767,False
400,14,190,0.16306285560131073,False
400,14,195,0.06878016889095306,False
400,14,200,0.29090872406959534,False
400,14,205,0.29354172945022583,False
400,14,210,0.304164320230484,False
400,14,215,0.27733370661735535,False
400,14,220,0.23277315497398376,False
400,14,225,0.17399142682552338,False
400,14,230,0.37283438444137573,False
400,14,235,0.4631756842136383,False
400,14,240,0.3710094690322876,False
400,14,245,0.28030312061309814,False
400,14,250,0.2809787690639496,False
400,14,255,0.3039308190345764,False
400,14,260,0.2725067436695099,False
400,14,265,0.3810267746448517,False
400,14,270,0.29512324929237366,False
400,14,275,0.40080100297927856,False
400,14,280,0.3287797272205353,False
400,14,285,0.36433151364326477,False
400,14,290,0.2169020026922226,False
400,14,295,0.3063136041164398,False
400,14,300,0.15668876469135284,False
400,14,305,0.1957523673772812,False
400,14,310,0.24382466077804565,False
400,14,315,0.20670002698898315,False
400,14,320,0.17995305359363556,False
400,14,325,0.2104087918996811,False
400,14,330,0.13118025660514832,False
400,14,335,0.2714160978794098,False
400,14,340,0.30890390276908875,False
400,14,345,0.11706321686506271,False
400,14,350,0.31084144115448,False
400,14,355,0.3005620539188385,False
400,14,360,0.2636440098285675,False
400,14,365,0.3271197974681854,False
400,14,370,0.1590002179145813,False
400,14,375,0.17331475019454956,False
400,14,380,0.3261479437351227,False
400,14,385,0.23153527081012726,False
400,14,390,0.27397283911705017,False
400,14,395,0.38442468643188477,False
400,14,400,0.23092806339263916,False
400,14,405,0.3247314691543579,False
400,15,10,0.25877466797828674,False
400,15,15,0.24351471662521362,False
400,15,20,0.2395707666873932,False
400,15,25,0.08300595730543137,False
400,15,30,0.09133352339267731,False
400,15,35,0.13087844848632812,False
400,15,40,0.09353825449943542,False
400,15,45,0.09080442041158676,False
400,15,50,0.10654768347740173,False
400,15,55,0.08406980335712433,False
400,15,60,0.08391248434782028,False
400,15,65,0.08687343448400497,False
400,15,70,0.05273488909006119,False
400,15,75,0.10825660079717636,False
400,15,80,0.0921304002404213,False
400,15,85,0.12458429485559464,False
400,15,90,0.1226496696472168,False
400,15,95,0.18422576785087585,False
400,15,100,0.100498266518116,False
400,15,105,0.15255999565124512,False
400,15,110,0.2068556845188141,False
400,15,115,0.18487663567066193,False
400,15,120,0.2534460127353668,False
400,15,125,0.4081476032733917,False
400,15,130,0.6340907216072083,False
400,15,135,0.6373194456100464,False
400,15,140,0.5924162268638611,False
400,15,145,0.47079455852508545,False
400,15,150,0.489858478307724,False
400,15,155,0.5276182889938354,False
400,15,160,0.46100902557373047,False
400,15,165,0.10639732331037521,False
400,15,170,0.05935085192322731,False
400,15,175,0.22814998030662537,False
400,15,180,0.4089587926864624,False
400,15,185,0.20943967998027802,False
400,15,190,0.17947176098823547,False
400,15,195,0.15228569507598877,False
400,15,200,0.15304677188396454,False
400,15,205,0.06695450097322464,False
400,15,210,0.05937524139881134,False
400,15,215,0.11041027307510376,False
400,15,220,0.10737829655408859,False
400,15,225,0.04671564698219299,False
400,15,230,0.05824286490678787,False
400,15,235,0.10757417231798172,False
400,15,240,0.1583375483751297,False
400,15,245,0.1984134465456009,False
400,15,250,0.18488700687885284,False
400,15,255,0.1736724078655243,False
400,15,260,0.1218300461769104,False
400,15,265,0.08606438338756561,False
400,15,270,0.13624009490013123,False
400,15,275,0.10433643311262131,False
400,15,280,0.11491546779870987,False
400,15,285,0.13777965307235718,False
400,15,290,0.12914420664310455,False
400,15,295,0.1230011060833931,False
400,15,300,0.10182972252368927,False
400,15,305,0.021811701357364655,False
400,15,310,0.0626404732465744,False
400,15,315,0.14920848608016968,False
400,15,320,0.16359592974185944,False
400,15,325,0.12990282475948334,False
400,15,330,0.42002859711647034,False
400,15,335,0.5227252840995789,False
400,15,340,0.6617827415466309,False
400,15,345,0.7608974575996399,False
400,15,350,0.7025808095932007,False
400,15,355,0.44804567098617554,False
400,15,360,0.4032515585422516,False
400,15,365,0.4496575891971588,False
400,15,370,0.44106993079185486,False
400,15,375,0.5278237462043762,False
400,15,380,0.21280880272388458,False
400,15,385,0.08814485371112823,False
400,15,390,0.18068698048591614,False
400,15,395,0.041188471019268036,False
400,15,400,0.08634583652019501,False
400,15,405,0.11983093619346619,False
400,16,10,0.13554039597511292,False
400,16,15,0.28486543893814087,False
400,16,20,0.4030939042568207,False
400,16,25,0.29964113235473633,False
400,16,30,0.27346208691596985,False
400,16,35,0.2791164219379425,False
400,16,40,0.43245628476142883,False
400,16,45,0.4176645874977112,False
400,16,50,0.25698187947273254,False
400,16,55,0.43908488750457764,False
400,16,60,0.3097313940525055,False
400,16,65,0.2839090824127197,False
400,16,70,0.2502005696296692,False
400,16,75,0.3805977404117584,False
400,16,80,1.1460963487625122,False
400,16,85,1.386322259902954,False
400,16,90,1.0397469997406006,False
400,16,95,0.328269898891449,False
400,16,100,0.32969537377357483,False
400,16,105,0.4865478277206421,False
400,16,110,1.3161381483078003,False
400,16,115,0.7654668688774109,False
400,16,120,0.2326129823923111,False
400,16,125,0.7763543725013733,False
400,16,130,1.5900503396987915,False
400,16,135,0.21313756704330444,False
400,16,140,0.7186213135719299,False
400,16,145,0.23165489733219147,False
400,16,150,0.4001157283782959,False
400,16,155,0.7858844995498657,False
400,16,160,0.2653440833091736,False
400,16,165,0.2507595419883728,False
400,16,170,0.2782115638256073,False
400,16,175,1.7566114664077759,False
400,16,180,0.4119293987751007,False
400,16,185,0.2464168667793274,False
400,16,190,0.2505640685558319,False
400,16,195,0.2838306427001953,False
400,16,200,0.30928894877433777,False
400,16,205,0.205483078956604,False
400,16,210,0.19031065702438354,False
400,16,215,0.15892623364925385,False
400,16,220,0.17323990166187286,False
400,16,225,0.10063564032316208,False
400,16,230,0.19294233620166779,False
400,16,235,0.18049487471580505,False
400,16,240,0.2275141477584839,False
400,16,245,0.1604115515947342,False
400,16,250,0.2409488558769226,False
400,16,255,0.19982074201107025,False
400,16,260,0.20317642390727997,False
400,16,265,0.2786382734775543,False
400,16,270,0.30524465441703796,False
400,16,275,0.36578649282455444,False
400,16,280,0.23415540158748627,False
400,16,285,0.3505343794822693,False
400,16,290,0.31532296538352966,False
400,16,295,0.49240508675575256,False
400,16,300,0.20710302889347076,False
400,16,305,0.301761656999588,False
400,16,310,0.3031516671180725,False
400,16,315,0.241061270236969,False
400,16,320,0.3532610535621643,False
400,16,325,0.28103458881378174,False
400,16,330,0.30314016342163086,False
400,16,335,0.2973242402076721,False
400,16,340,0.17939935624599457,False
400,16,345,0.2796802222728729,False
400,16,350,0.2384752333164215,False
400,16,355,0.2521543502807617,False
400,16,360,0.09516307711601257,False
400,16,365,0.17868798971176147,False
400,16,370,0.20379947125911713,False
400,16,375,0.2570946216583252,False
400,16,380,0.30692583322525024,False
400,16,385,0.24140585958957672,False
400,16,390,0.20270930230617523,False
400,16,395,0.19857215881347656,False
400,16,400,0.17045994102954865,False
400,16,405,0.32345062494277954,False
400,17,10,0.21488848328590393,False
400,17,15,0.31574225425720215,False
400,17,20,0.45126089453697205,False
400,17,25,0.4619443416595459,False
400,17,30,0.4553562104701996,False
400,17,35,0.4914223551750183,False
400,17,40,0.3722287118434906,False
400,17,45,0.4625420570373535,False
400,17,50,1.1470376253128052,False
400,17,55,1.3570159673690796,False
400,17,60,0.38560572266578674,False
400,17,65,1.3966134786605835,False
400,17,70,1.5975936651229858,False
400,17,75,1.6278353929519653,False
400,17,80,1.6777293682098389,False
400,17,85,0.2211168110370636,False
400,17,90,1.9748460054397583,False
400,17,95,2.0133073329925537,False
400,17,100,0.4013247489929199,False
400,17,105,0.4451907277107239,False
400,17,110,1.3884251117706299,False
400,17,115,0.3335210084915161,False
400,17,120,0.3313467502593994,False
400,17,125,0.6818283796310425,False
400,17,130,0.3270270824432373,False
400,17,135,0.252104789018631,False
400,17,140,0.3959183096885681,False
400,17,145,0.4135167896747589,False
400,17,150,2.0344371795654297,False
400,17,155,0.5254473090171814,False
400,17,160,0.5711538791656494,False
400,17,165,1.997726321220398,False
400,17,170,1.9569730758666992,False
400,17,175,0.9115882515907288,False
400,17,180,0.18400852382183075,False
400,17,185,0.2684427797794342,False
400,17,190,0.40158069133758545,False
400,17,195,0.26506930589675903,False
400,17,200,0.37342140078544617,False
400,17,205,0.32851338386535645,False
400,17,210,0.3198445737361908,False
400,17,215,0.38148319721221924,False
400,17,220,0.37761953473091125,False
400,17,225,0.24875803291797638,False
400,17,230,0.37136197090148926,False
400,17,235,0.34457337856292725,False
400,17,240,0.33295536041259766,False
400,17,245,0.3172444999217987,False
400,17,250,0.3276701867580414,False
400,17,255,0.2704334557056427,False
400,17,260,0.2763229012489319,False
400,17,265,0.36250630021095276,False
400,17,270,0.26133549213409424,False
400,17,275,0.4181726574897766,False
400,17,280,0.3164491653442383,False
400,17,285,0.1955268383026123,False
400,17,290,0.40592265129089355,False
400,17,295,0.3997648358345032,False
400,17,300,0.1753251999616623,False
400,17,305,0.2332637906074524,False
400,17,310,0.26201751828193665,False
400,17,315,0.30350276827812195,False
400,17,320,0.2325572520494461,False
400,17,325,0.20875535905361176,False
400,17,330,0.13759970664978027,False
400,17,335,0.3160061836242676,False
400,17,340,0.3295961320400238,False
400,17,345,0.14767618477344513,False
400,17,350,0.30124416947364807,False
400,17,355,0.3037773370742798,False
400,17,360,0.31029608845710754,False
400,17,365,0.30126821994781494,False
400,17,370,0.13045182824134827,False
400,17,375,0.13553406298160553,False
400,17,380,0.26181986927986145,False
400,17,385,0.16218586266040802,False
400,17,390,0.10987544059753418,False
400,17,395,0.252728134393692,False
400,17,400,0.11258606612682343,False
400,17,405,0.20442771911621094,False
400,18,10,0.16760997474193573,False
400,18,15,0.3078748881816864,False
400,18,20,0.43043768405914307,False
400,18,25,0.3312564492225647,False
400,18,30,0.27509546279907227,False
400,18,35,0.2759086489677429,False
400,18,40,0.2811087965965271,False
400,18,45,0.26978564262390137,False
400,18,50,0.280690461397171,False
400,18,55,0.31721726059913635,False
400,18,60,0.23900389671325684,False
400,18,65,0.29752975702285767,False
400,18,70,0.2014242261648178,False
400,18,75,0.31834039092063904,False
400,18,80,0.3522208034992218,False
400,18,85,0.3906194865703583,False
400,18,90,0.35474878549575806,False
400,18,95,0.3921876847743988,False
400,18,100,0.6910737156867981,False
400,18,105,0.18417204916477203,False
400,18,110,0.5925489664077759,False
400,18,115,0.690851092338562,False
400,18,120,0.4101135730743408,False
400,18,125,0.5188974142074585,False
400,18,130,0.6838834881782532,False
400,18,135,0.7166635990142822,False
400,18,140,0.5495468378067017,False
400,18,145,0.280355840921402,False
400,18,150,0.5659449100494385,False
400,18,155,0.47476980090141296,False
400,18,160,0.6571954488754272,False
400,18,165,0.34129002690315247,False
400,18,170,0.3305775225162506,False
400,18,175,1.3345839977264404,False
400,18,180,0.15893158316612244,False
400,18,185,0.17243988811969757,False
400,18,190,0.3892804980278015,False
400,18,195,0.5237535834312439,False
400,18,200,0.5871752500534058,False
400,18,205,0.11264889687299728,False
400,18,210,0.2352091521024704,False
400,18,215,0.24473075568675995,False
400,18,220,0.11998821794986725,False
400,18,225,0.06147828698158264,False
400,18,230,0.08875002712011337,False
400,18,235,0.11264339089393616,False
400,18,240,0.21508091688156128,False
400,18,245,0.515304446220398,False
400,18,250,0.35893863439559937,False
400,18,255,0.3966488838195801,False
400,18,260,0.23406775295734406,False
400,18,265,0.3232005536556244,False
400,18,270,0.42605987191200256,False
400,18,275,0.3824775516986847,False
400,18,280,0.47280511260032654,False
400,18,285,0.1688462197780609,False
400,18,290,0.32125556468963623,False
400,18,295,0.2734629213809967,False
400,18,300,0.18229548633098602,False
400,18,305,0.20732511579990387,False
400,18,310,0.18529757857322693,False
400,18,315,0.26359328627586365,False
400,18,320,0.19730310142040253,False
400,18,325,0.11364419013261795,False
400,18,330,0.1164325475692749,False
400,18,335,0.2313298135995865,False
400,18,340,0.20457667112350464,False
400,18,345,0.22232656180858612,False
400,18,350,0.16035087406635284,False
400,18,355,0.17564496397972107,False
400,18,360,0.2141282707452774,False
400,18,365,0.2907116711139679,False
400,18,370,0.30791765451431274,False
400,18,375,0.3227626383304596,False
400,18,380,0.33175015449523926,False
400,18,385,0.4444112181663513,False
400,18,390,0.32196158170700073,False
400,18,395,0.3067288398742676,False
400,18,400,0.258394330739975,False
400,18,405,0.40203896164894104,False
400,19,10,0.13060054183006287,False
400,19,15,0.30076029896736145,False
400,19,20,0.3847068250179291,False
400,19,25,0.407681405544281,False
400,19,30,0.4625735580921173,False
400,19,35,0.4734964668750763,False
400,19,40,0.5879374146461487,False
400,19,45,0.7728271484375,False
400,19,50,0.7847389578819275,False
400,19,55,0.5337996482849121,False
400,19,60,0.41591519117355347,False
400,19,65,0.8291501402854919,False
400,19,70,1.2093735933303833,False
400,19,75,0.46768856048583984,False
400,19,80,1.236897349357605,False
400,19,85,1.1637253761291504,False
400,19,90,1.6914879083633423,False
400,19,95,0.20804305374622345,False
400,19,100,0.47283968329429626,False
400,19,105,0.13958077132701874,False
400,19,110,1.8151781558990479,False
400,19,115,1.3466098308563232,False
400,19,120,0.3007733225822449,False
400,19,125,0.7835336923599243,False
400,19,130,1.5986381769180298,False
400,19,135,0.34872549772262573,False
400,19,140,0.3890187442302704,False
400,19,145,0.3229379951953888,False
400,19,150,0.546218991279602,False
400,19,155,0.8409626483917236,False
400,19,160,0.4494147002696991,False
400,19,165,0.32090938091278076,False
400,19,170,0.27734920382499695,False
400,19,175,1.7832530736923218,False
400,19,180,0.09801965951919556,False
400,19,185,0.1714508831501007,False
400,19,190,0.1595328152179718,False
400,19,195,0.10919293016195297,False
400,19,200,0.22968433797359467,False
400,19,205,0.2300875335931778,False
400,19,210,0.20284821093082428,False
400,19,215,0.16520486772060394,False
400,19,220,0.1843595951795578,False
400,19,225,0.10588636249303818,False
400,19,230,0.22169263660907745,False
400,19,235,0.23756027221679688,False
400,19,240,0.3234330713748932,False
400,19,245,0.34744587540626526,False
400,19,250,0.22736795246601105,False
400,19,255,0.18715666234493256,False
400,19,260,0.22136932611465454,False
400,19,265,0.30287331342697144,False
400,19,270,0.23867642879486084,False
400,19,275,0.2846229374408722,False
400,19,280,0.11349591612815857,False
400,19,285,0.26701492071151733,False
400,19,290,0.20604592561721802,False
400,19,295,0.4922155439853668,False
400,19,300,0.3140915334224701,False
400,19,305,0.3135364055633545,False
400,19,310,0.2740567922592163,False
400,19,315,0.2414877563714981,False
400,19,320,0.3864664137363434,False
400,19,325,0.26841166615486145,False
400,19,330,0.28854724764823914,False
400,19,335,0.2594951093196869,False
400,19,340,0.268969863653183,False
400,19,345,0.1700049489736557,False
400,19,350,0.36251384019851685,False
400,19,355,0.39049792289733887,False
400,19,360,0.13054689764976501,False
400,19,365,0.20080113410949707,False
400,19,370,0.12762506306171417,False
400,19,375,0.4484139680862427,False
400,19,380,0.41094970703125,False
400,19,385,0.4463368058204651,False
400,19,390,0.3733009099960327,False
400,19,395,0.565547525882721,False
400,19,400,0.4932219386100769,False
400,19,405,0.5022884011268616,False
400,20,10,0.15040813386440277,False
400,20,15,0.28842663764953613,False
400,20,20,0.4333166480064392,False
400,20,25,0.2918834686279297,False
400,20,30,0.23207393288612366,False
400,20,35,0.24849474430084229,False
400,20,40,0.21336190402507782,False
400,20,45,0.2025914192199707,False
400,20,50,0.16859059035778046,False
400,20,55,0.14558106660842896,False
400,20,60,0.18424849212169647,False
400,20,65,0.2125786691904068,False
400,20,70,0.204740971326828,False
400,20,75,0.27488943934440613,False
400,20,80,0.22016547620296478,False
400,20,85,0.23071801662445068,False
400,20,90,0.29708436131477356,False
400,20,95,0.33657127618789673,False
400,20,100,0.18996648490428925,False
400,20,105,0.3459252417087555,False
400,20,110,0.28662729263305664,False
400,20,115,0.26051443815231323,False
400,20,120,0.2561150789260864,False
400,20,125,0.2501056492328644,False
400,20,130,0.2453417032957077,False
400,20,135,0.2876332700252533,False
400,20,140,0.4052523076534271,False
400,20,145,0.39402008056640625,False
400,20,150,0.4238528311252594,False
400,20,155,0.5439364910125732,False
400,20,160,0.5211315751075745,False
400,20,165,0.38250932097435,False
400,20,170,0.30742302536964417,False
400,20,175,0.6017789244651794,False
400,20,180,0.7254108190536499,False
400,20,185,0.7312076687812805,False
400,20,190,0.4639817774295807,False
400,20,195,0.5634349584579468,False
400,20,200,0.2820320725440979,False
400,20,205,0.5927389860153198,False
400,20,210,0.7482351064682007,False
400,20,215,0.49000096321105957,False
400,20,220,0.2897474467754364,False
400,20,225,0.3155391216278076,False
400,20,230,0.36069411039352417,False
400,20,235,0.28296878933906555,False
400,20,240,0.6088424921035767,False
400,20,245,0.20284274220466614,False
400,20,250,0.49951210618019104,False
400,20,255,0.629764974117279,False
400,20,260,0.30429399013519287,False
400,20,265,0.40671244263648987,False
400,20,270,0.583048403263092,False
400,20,275,0.41650888323783875,False
400,20,280,0.475531667470932,False
400,20,285,0.13089559972286224,False
400,20,290,0.543945848941803,False
400,20,295,0.5462339520454407,False
400,20,300,0.3981377184391022,False
400,20,305,0.31928548216819763,False
400,20,310,0.32177650928497314,False
400,20,315,0.295151025056839,False
400,20,320,0.2852908670902252,False
400,20,325,0.14926765859127045,False
400,20,330,0.4245203733444214,False
400,20,335,0.16154415905475616,False
400,20,340,0.3187490403652191,False
400,20,345,0.26496005058288574,False
400,20,350,0.18856872618198395,False
400,20,355,0.2237256020307541,False
400,20,360,0.23530399799346924,False
400,20,365,0.2946985960006714,False
400,20,370,0.2627740204334259,False
400,20,375,0.29290103912353516,False
400,20,380,0.34322667121887207,False
400,20,385,0.2553439140319824,False
400,20,390,0.23698768019676208,False
400,20,395,0.22815518081188202,False
400,20,400,0.209145650267601,False
400,20,405,0.36552324891090393,False
400,21,10,0.0756949931383133,False
400,21,15,0.266854852437973,False
400,21,20,0.49773648381233215,False
400,21,25,0.5051416754722595,False
400,21,30,0.5065608620643616,False
400,21,35,0.5470531582832336,False
400,21,40,0.5821945071220398,False
400,21,45,0.5114473700523376,False
400,21,50,0.5612209439277649,False
400,21,55,0.2391379177570343,False
400,21,60,0.438139408826828,False
400,21,65,0.4223582446575165,False
400,21,70,0.36649197340011597,False
400,21,75,0.36502569913864136,False
400,21,80,0.43487751483917236,False
400,21,85,1.8015999794006348,False
400,21,90,0.3264213502407074,False
400,21,95,0.32685524225234985,False
400,21,100,0.34346866607666016,False
400,21,105,0.0665571466088295,False
400,21,110,0.18265382945537567,False
400,21,115,0.3358331322669983,False
400,21,120,0.312752366065979,False
400,21,125,1.1208291053771973,False
400,21,130,0.2509811222553253,False
400,21,135,0.19927917420864105,False
400,21,140,0.18873728811740875,False
400,21,145,0.26465967297554016,False
400,21,150,0.42565080523490906,False
400,21,155,0.19972175359725952,False
400,21,160,0.39816057682037354,False
400,21,165,0.4424533545970917,False
400,21,170,0.3481280207633972,False
400,21,175,1.184680461883545,False
400,21,180,0.08233052492141724,False
400,21,185,0.11170738190412521,False
400,21,190,0.10598614811897278,False
400,21,195,0.11094321310520172,False
400,21,200,0.283675879240036,False
400,21,205,0.2806571125984192,False
400,21,210,0.22246690094470978,False
400,21,215,0.21937379240989685,False
400,21,220,0.27051985263824463,False
400,21,225,0.06282270699739456,False
400,21,230,0.34211209416389465,False
400,21,235,0.31883662939071655,False
400,21,240,0.29052770137786865,False
400,21,245,0.14924034476280212,False
400,21,250,0.08522632718086243,False
400,21,255,0.13916544616222382,False
400,21,260,0.13399286568164825,False
400,21,265,0.17724476754665375,False
400,21,270,0.12906622886657715,False
400,21,275,0.1463153213262558,False
400,21,280,0.04902267828583717,False
400,21,285,0.15037134289741516,False
400,21,290,0.17224916815757751,False
400,21,295,0.28938981890678406,False
400,21,300,0.14370697736740112,False
400,21,305,0.3373399078845978,False
400,21,310,0.2394043207168579,False
400,21,315,0.11395927518606186,False
400,21,320,0.19683143496513367,False
400,21,325,0.05648508667945862,False
400,21,330,0.06181742623448372,False
400,21,335,0.1490166187286377,False
400,21,340,0.04821193218231201,False
400,21,345,0.16747821867465973,False
400,21,350,0.16954770684242249,False
400,21,355,0.09045391529798508,False
400,21,360,0.22618354856967926,False
400,21,365,0.26555517315864563,False
400,21,370,0.33213090896606445,False
400,21,375,0.21199165284633636,False
400,21,380,0.06112572178244591,False
400,21,385,0.21546635031700134,False
400,21,390,0.1271788626909256,False
400,21,395,0.11367261409759521,False
400,21,400,0.1166529729962349,False
400,21,405,0.0993332713842392,False
400,22,10,0.1961139738559723,False
400,22,15,0.29186728596687317,False
400,22,20,0.3937700092792511,False
400,22,25,0.31994977593421936,False
400,22,30,0.2778528034687042,False
400,22,35,0.23331810534000397,False
400,22,40,0.43924227356910706,False
400,22,45,0.7942938804626465,False
400,22,50,0.4739937484264374,False
400,22,55,0.4299202263355255,False
400,22,60,0.9373215436935425,False
400,22,65,0.9102762341499329,False
400,22,70,0.1055542379617691,False
400,22,75,0.8681625723838806,False
400,22,80,0.25751495361328125,False
400,22,85,0.18460798263549805,False
400,22,90,0.5836885571479797,False
400,22,95,0.18618887662887573,False
400,22,100,0.8242062926292419,False
400,22,105,0.8800246119499207,False
400,22,110,0.4940897524356842,False
400,22,115,0.24477535486221313,False
400,22,120,0.3760146200656891,False
400,22,125,0.12716859579086304,False
400,22,130,0.22481092810630798,False
400,22,135,0.17894239723682404,False
400,22,140,0.2384146749973297,False
400,22,145,0.058948762714862823,False
400,22,150,0.12837445735931396,False
400,22,155,0.1930578052997589,False
400,22,160,0.24663162231445312,False
400,22,165,0.09691964089870453,False
400,22,170,0.14996060729026794,False
400,22,175,0.1373790055513382,False
400,22,180,0.1562710702419281,False
400,22,185,0.1333666890859604,False
400,22,190,0.10561493784189224,False
400,22,195,0.3308923542499542,False
400,22,200,0.232003852725029,False
400,22,205,0.17508764564990997,False
400,22,210,0.21805554628372192,False
400,22,215,0.3007107079029083,False
400,22,220,0.15272921323776245,False
400,22,225,0.34248489141464233,False
400,22,230,0.1204364076256752,False
400,22,235,0.10739775747060776,False
400,22,240,0.11696266382932663,False
400,22,245,0.1588878333568573,False
400,22,250,0.12154331058263779,False
400,22,255,0.24359893798828125,False
400,22,260,0.2119217813014984,False
400,22,265,0.15104837715625763,False
400,22,270,0.23544521629810333,False
400,22,275,0.11900884658098221,False
400,22,280,0.29950883984565735,False
400,22,285,0.6994034051895142,False
400,22,290,0.5083481073379517,False
400,22,295,0.3758537471294403,False
400,22,300,0.42710477113723755,False
400,22,305,0.24719490110874176,False
400,22,310,0.14778678119182587,False
400,22,315,0.051109734922647476,False
400,22,320,0.15173380076885223,False
400,22,325,0.046156857162714005,False
400,22,330,0.07825011759996414,False
400,22,335,0.08892130106687546,False
400,22,340,0.04212712496519089,False
400,22,345,0.030393585562705994,False
400,22,350,0.04831090569496155,False
400,22,355,0.10059268772602081,False
400,22,360,0.3310861885547638,False
400,22,365,2.2142603397369385,False
400,22,370,0.053434569388628006,False
400,22,375,0.19096516072750092,False
400,22,380,0.038866572082042694,False
400,22,385,0.0920909196138382,False
400,22,390,0.1467568427324295,False
400,22,395,0.07094942033290863,False
400,22,400,0.046637628227472305,False
400,22,405,0.12003137171268463,False
400,23,10,0.10902450978755951,False
400,23,15,0.29663655161857605,False
400,23,20,0.435849666595459,False
400,23,25,0.41167500615119934,False
400,23,30,0.41290074586868286,False
400,23,35,0.40614524483680725,False
400,23,40,0.35955044627189636,False
400,23,45,0.5524721145629883,False
400,23,50,0.46090230345726013,False
400,23,55,0.39768844842910767,False
400,23,60,0.4129156470298767,False
400,23,65,0.8559632897377014,False
400,23,70,1.4229689836502075,False
400,23,75,0.3572455942630768,False
400,23,80,1.7473167181015015,False
400,23,85,0.24809512495994568,False
400,23,90,1.9904721975326538,False
400,23,95,1.5595544576644897,False
400,23,100,0.22876819968223572,False
400,23,105,0.09046360105276108,False
400,23,110,0.2876553535461426,False
400,23,115,0.20941677689552307,False
400,23,120,0.20341984927654266,False
400,23,125,0.7367962002754211,False
400,23,130,0.1892271190881729,False
400,23,135,0.1863449364900589,False
400,23,140,0.3298943340778351,False
400,23,145,0.1880929321050644,False
400,23,150,0.18890886008739471,False
400,23,155,0.20344002544879913,False
400,23,160,0.15980622172355652,False
400,23,165,0.16384467482566833,False
400,23,170,0.16511867940425873,False
400,23,175,1.602729082107544,False
400,23,180,0.3624219000339508,False
400,23,185,0.4305649399757385,False
400,23,190,0.3496072590351105,False
400,23,195,0.3659515678882599,False
400,23,200,0.23764841258525848,False
400,23,205,0.1979069858789444,False
400,23,210,0.2287379652261734,False
400,23,215,0.2479868233203888,False
400,23,220,0.20512175559997559,False
400,23,225,0.16040998697280884,False
400,23,230,0.2890230119228363,False
400,23,235,0.2692103087902069,False
400,23,240,0.31776803731918335,False
400,23,245,0.2597537636756897,False
400,23,250,0.25794097781181335,False
400,23,255,0.22597099840641022,False
400,23,260,0.25531455874443054,False
400,23,265,0.24497418105602264,False
400,23,270,0.27912482619285583,False
400,23,275,0.32031169533729553,False
400,23,280,0.22656390070915222,False
400,23,285,0.3163684606552124,False
400,23,290,0.2001684010028839,False
400,23,295,0.39523565769195557,False
400,23,300,0.1909901350736618,False
400,23,305,0.267966091632843,False
400,23,310,0.21624310314655304,False
400,23,315,0.2097892314195633,False
400,23,320,0.07837211340665817,False
400,23,325,0.2527831196784973,False
400,23,330,0.29722896218299866,False
400,23,335,0.127196803689003,False
400,23,340,0.11141698062419891,False
400,23,345,0.4172852635383606,False
400,23,350,0.16031663119792938,False
400,23,355,0.12166404724121094,False
400,23,360,0.4717339873313904,False
400,23,365,0.3631748557090759,False
400,23,370,0.23214279115200043,False
400,23,375,0.21076326072216034,False
400,23,380,0.11154298484325409,False
400,23,385,0.2276289016008377,False
400,23,390,0.034380435943603516,False
400,23,395,0.10029784590005875,False
400,23,400,0.1556617170572281,False
400,23,405,0.15011678636074066,False
400,24,10,0.05778615549206734,False
400,24,15,0.2221512645483017,False
400,24,20,0.46231287717819214,False
400,24,25,0.4640214145183563,False
400,24,30,0.42483198642730713,False
400,24,35,0.48661893606185913,False
400,24,40,0.5235641598701477,False
400,24,45,0.5770746469497681,False
400,24,50,0.7901300191879272,False
400,24,55,0.1469758003950119,False
400,24,60,0.464036762714386,False
400,24,65,0.44241949915885925,False
400,24,70,0.3869948983192444,False
400,24,75,0.3007470369338989,False
400,24,80,0.3971826434135437,False
400,24,85,1.5953788757324219,False
400,24,90,0.21647873520851135,False
400,24,95,0.1458750218153,False
400,24,100,0.265649676322937,False
400,24,105,0.0926571637392044,False
400,24,110,0.11956997215747833,False
400,24,115,0.29448941349983215,False
400,24,120,0.3767968416213989,False
400,24,125,0.3595333397388458,False
400,24,130,0.18365870416164398,False
400,24,135,1.538417935371399,False
400,24,140,0.4453672170639038,False
400,24,145,0.25579890608787537,False
400,24,150,0.3481033444404602,False
400,24,155,0.2332177311182022,False
400,24,160,0.3472781479358673,False
400,24,165,0.3998313546180725,False
400,24,170,0.32585814595222473,False
400,24,175,0.23712748289108276,False
400,24,180,0.1918991208076477,False
400,24,185,0.22739267349243164,False
400,24,190,0.17208069562911987,False
400,24,195,0.11440400779247284,False
400,24,200,0.19303058087825775,False
400,24,205,0.2657240629196167,False
400,24,210,0.21267817914485931,False
400,24,215,0.16977418959140778,False
400,24,220,0.20909565687179565,False
400,24,225,0.28327232599258423,False
400,24,230,0.15852080285549164,False
400,24,235,0.13533958792686462,False
400,24,240,0.15908615291118622,False
400,24,245,0.4018007516860962,False
400,24,250,0.1095176637172699,False
400,24,255,0.32956525683403015,False
400,24,260,0.09642820805311203,False
400,24,265,0.0947282686829567,False
400,24,270,0.16750936210155487,False
400,24,275,0.24842378497123718,False
400,24,280,0.3120619058609009,False
400,24,285,0.33457595109939575,False
400,24,290,0.3645230829715729,False
400,24,295,0.1457582265138626,False
400,24,300,0.15028607845306396,False
400,24,305,0.1194893941283226,False
400,24,310,0.07275881618261337,False
400,24,315,0.22353313863277435,False
400,24,320,0.08489528298377991,False
400,24,325,0.14945381879806519,False
400,24,330,0.2264411598443985,False
400,24,335,0.10661735385656357,False
400,24,340,0.07197792083024979,False
400,24,345,0.22370770573616028,False
400,24,350,0.10370298475027084,False
400,24,355,0.11160049587488174,False
400,24,360,0.20466022193431854,False
400,24,365,0.20458361506462097,False
400,24,370,0.22613711655139923,False
400,24,375,0.2479049563407898,False
400,24,380,0.24815090000629425,False
400,24,385,0.3714660704135895,False
400,24,390,0.3908967971801758,False
400,24,395,0.2954425513744354,False
400,24,400,0.22843512892723083,False
400,24,405,0.22566215693950653,False
400,25,10,0.09980741888284683,False
400,25,15,0.2368314117193222,False
400,25,20,0.4246746599674225,False
400,25,25,0.3934873342514038,False
400,25,30,0.40496259927749634,False
400,25,35,0.5943320989608765,False
400,25,40,0.5890610814094543,False
400,25,45,0.6346678137779236,False
400,25,50,0.6252486705780029,False
400,25,55,0.36378106474876404,False
400,25,60,0.29251158237457275,False
400,25,65,0.4277726113796234,False
400,25,70,0.5326020121574402,False
400,25,75,0.49132126569747925,False
400,25,80,0.411500483751297,False
400,25,85,1.0012173652648926,False
400,25,90,0.284984290599823,False
400,25,95,0.16299903392791748,False
400,25,100,0.12702128291130066,False
400,25,105,0.11527565866708755,False
400,25,110,0.38225385546684265,False
400,25,115,0.6430566310882568,False
400,25,120,0.5010896325111389,False
400,25,125,0.4464185833930969,False
400,25,130,0.5212041139602661,False
400,25,135,0.501139760017395,False
400,25,140,0.3642100989818573,False
400,25,145,0.4666481912136078,False
400,25,150,0.31461483240127563,False
400,25,155,0.22926640510559082,False
400,25,160,0.4640374481678009,False
400,25,165,0.3107205331325531,False
400,25,170,0.18762382864952087,False
400,25,175,0.46968504786491394,False
400,25,180,0.30679941177368164,False
400,25,185,0.42804089188575745,False
400,25,190,0.2791013717651367,False
400,25,195,0.16518643498420715,False
400,25,200,0.25351038575172424,False
400,25,205,0.2322680950164795,False
400,25,210,0.4500735402107239,False
400,25,215,0.34106579422950745,False
400,25,220,0.287695050239563,False
400,25,225,0.2102397233247757,False
400,25,230,0.3922533392906189,False
400,25,235,0.4010707139968872,False
400,25,240,0.3248375654220581,False
400,25,245,0.2155728042125702,False
400,25,250,0.31269896030426025,False
400,25,255,0.2614409923553467,False
400,25,260,0.25751715898513794,False
400,25,265,0.2587823271751404,False
400,25,270,0.26061150431632996,False
400,25,275,0.34535229206085205,False
400,25,280,0.3435758948326111,False
400,25,285,0.28175994753837585,False
400,25,290,0.4143005609512329,False
400,25,295,0.4295959770679474,False
400,25,300,0.26596003770828247,False
400,25,305,0.24168825149536133,False
400,25,310,0.16226550936698914,False
400,25,315,0.280298113822937,False
400,25,320,0.27277812361717224,False
400,25,325,0.235632985830307,False
400,25,330,0.12153143435716629,False
400,25,335,0.293233722448349,False
400,25,340,0.28475427627563477,False
400,25,345,0.22407668828964233,False
400,25,350,0.2211349755525589,False
400,25,355,0.23792214691638947,False
400,25,360,0.16162921488285065,False
400,25,365,0.18855619430541992,False
400,25,370,0.14556844532489777,False
400,25,375,0.09803222864866257,False
400,25,380,0.20456452667713165,False
400,25,385,0.18955406546592712,False
400,25,390,0.1492302566766739,False
400,25,395,0.23151247203350067,False
400,25,400,0.1708594411611557,False
400,25,405,0.3343506157398224,False
400,26,10,0.19007384777069092,False
400,26,15,0.3018980920314789,False
400,26,20,0.3594304919242859,False
400,26,25,0.272038072347641,False
400,26,30,0.11653263866901398,False
400,26,35,0.08912410587072372,False
400,26,40,0.1453460156917572,False
400,26,45,0.16192986071109772,False
400,26,50,0.14514057338237762,False
400,26,55,0.1113588884472847,False
400,26,60,0.14861752092838287,False
400,26,65,0.1744021475315094,False
400,26,70,0.05974531173706055,False
400,26,75,0.16872018575668335,False
400,26,80,0.16770556569099426,False
400,26,85,0.15381333231925964,False
400,26,90,0.16562673449516296,False
400,26,95,0.18391717970371246,False
400,26,100,0.11785547435283661,False
400,26,105,0.3314657509326935,False
400,26,110,0.2705673277378082,False
400,26,115,0.22855064272880554,False
400,26,120,0.2385025918483734,False
400,26,125,0.2097214311361313,False
400,26,130,0.24034520983695984,False
400,26,135,0.21680699288845062,False
400,26,140,0.37251415848731995,False
400,26,145,0.38403570652008057,False
400,26,150,0.3849998116493225,False
400,26,155,0.3986952602863312,False
400,26,160,0.3925049901008606,False
400,26,165,0.45121073722839355,False
400,26,170,0.4146769940853119,False
400,26,175,0.4844045341014862,False
400,26,180,0.5551170110702515,False
400,26,185,0.5633839964866638,False
400,26,190,0.39014995098114014,False
400,26,195,0.35307198762893677,False
400,26,200,0.33724504709243774,False
400,26,205,0.4719114899635315,False
400,26,210,0.5628337264060974,False
400,26,215,0.5251312255859375,False
400,26,220,0.2894049286842346,False
400,26,225,0.2069621980190277,False
400,26,230,0.4056359827518463,False
400,26,235,0.5048788189888,False
400,26,240,0.40991994738578796,False
400,26,245,0.4264897108078003,False
400,26,250,0.5134363174438477,False
400,26,255,0.5176603198051453,False
400,26,260,0.24504432082176208,False
400,26,265,0.39822322130203247,False
400,26,270,0.572394609451294,False
400,26,275,0.5726839900016785,False
400,26,280,1.0097087621688843,False
400,26,285,0.17777149379253387,False
400,26,290,0.2904268205165863,False
400,26,295,0.765035092830658,False
400,26,300,0.42849379777908325,False
400,26,305,0.5290009379386902,False
400,26,310,0.506183922290802,False
400,26,315,0.6447793245315552,False
400,26,320,0.3734130859375,False
400,26,325,0.5742484331130981,False
400,26,330,0.5805296897888184,False
400,26,335,0.6781936883926392,False
400,26,340,0.4096430838108063,False
400,26,345,0.46809694170951843,False
400,26,350,0.3941848576068878,False
400,26,355,0.6935389637947083,False
400,26,360,0.6523589491844177,False
400,26,365,0.14784292876720428,False
400,26,370,0.6365346312522888,False
400,26,375,0.3067888021469116,False
400,26,380,0.6996629238128662,False
400,26,385,0.4424411654472351,False
400,26,390,0.5594004392623901,False
400,26,395,0.6630300283432007,False
400,26,400,0.2546745836734772,False
400,26,405,0.5682596564292908,False
400,27,10,0.10806289315223694,False
400,27,15,0.263400673866272,False
400,27,20,0.4120449721813202,False
400,27,25,0.37738895416259766,False
400,27,30,0.3175148069858551,False
400,27,35,0.4045679271221161,False
400,27,40,0.49287477135658264,False
400,27,45,0.5471680760383606,False
400,27,50,0.7093011736869812,False
400,27,55,0.6164197325706482,False
400,27,60,0.46589478850364685,False
400,27,65,0.3971262276172638,False
400,27,70,0.3679443597793579,False
400,27,75,0.3468376100063324,False
400,27,80,0.4576803147792816,False
400,27,85,1.7788443565368652,False
400,27,90,1.0837756395339966,False
400,27,95,0.8778160214424133,False
400,27,100,0.31615781784057617,False
400,27,105,0.37020254135131836,False
400,27,110,0.22474436461925507,False
400,27,115,0.34504589438438416,False
400,27,120,0.27829134464263916,False
400,27,125,0.3058558404445648,False
400,27,130,0.21335481107234955,False
400,27,135,0.21588070690631866,False
400,27,140,0.2443089783191681,False
400,27,145,0.26400330662727356,False
400,27,150,0.5144598484039307,False
400,27,155,0.30059656500816345,False
400,27,160,0.4613942801952362,False
400,27,165,0.4381970465183258,False
400,27,170,0.2779492735862732,False
400,27,175,1.4731879234313965,False
400,27,180,0.14392094314098358,False
400,27,185,0.1715337485074997,False
400,27,190,0.1758209466934204,False
400,27,195,0.1342214047908783,False
400,27,200,0.2490169256925583,False
400,27,205,0.27390140295028687,False
400,27,210,0.21252915263175964,False
400,27,215,0.2302294671535492,False
400,27,220,0.2426343560218811,False
400,27,225,0.311836302280426,False
400,27,230,0.1898198425769806,False
400,27,235,0.1534886658191681,False
400,27,240,0.07016109675168991,False
400,27,245,0.1917462795972824,False
400,27,250,0.09141464531421661,False
400,27,255,0.1763296276330948,False
400,27,260,0.08002506196498871,False
400,27,265,0.07518134266138077,False
400,27,270,0.08336162567138672,False
400,27,275,0.1051606833934784,False
400,27,280,0.11837618052959442,False
400,27,285,0.278799831867218,False
400,27,290,0.29141923785209656,False
400,27,295,0.2103942185640335,False
400,27,300,0.13191436231136322,False
400,27,305,0.06499739736318588,False
400,27,310,0.07297098636627197,False
400,27,315,0.16692019999027252,False
400,27,320,0.0675477683544159,False
400,27,325,0.05150389298796654,False
400,27,330,0.40660277009010315,False
400,27,335,0.24512331187725067,False
400,27,340,0.09727679193019867,False
400,27,345,0.25780415534973145,False
400,27,350,0.09062409400939941,False
400,27,355,0.15917512774467468,False
400,27,360,0.33336949348449707,False
400,27,365,0.35161688923835754,False
400,27,370,0.11841672658920288,False
400,27,375,0.28104090690612793,False
400,27,380,0.3016490340232849,False
400,27,385,0.36100462079048157,False
400,27,390,0.3270854949951172,False
400,27,395,0.34893906116485596,False
400,27,400,0.2721583843231201,False
400,27,405,0.3852434456348419,False
400,28,10,0.09036928415298462,False
400,28,15,0.2466585636138916,False
400,28,20,0.4328067898750305,False
400,28,25,0.38398945331573486,False
400,28,30,0.3912408947944641,False
400,28,35,0.31225714087486267,False
400,28,40,0.28622734546661377,False
400,28,45,0.40721550583839417,False
400,28,50,0.2521686553955078,False
400,28,55,0.24953705072402954,False
400,28,60,0.20317943394184113,False
400,28,65,0.29680439829826355,False
400,28,70,0.31344515085220337,False
400,28,75,0.3497519791126251,False
400,28,80,0.2771160304546356,False
400,28,85,1.7580569982528687,False
400,28,90,0.17017993330955505,False
400,28,95,0.3097900450229645,False
400,28,100,0.23248620331287384,False
400,28,105,0.37727800011634827,False
400,28,110,0.2522680461406708,False
400,28,115,0.15796907246112823,False
400,28,120,0.1830074042081833,False
400,28,125,0.20796039700508118,False
400,28,130,0.19154483079910278,False
400,28,135,0.16173593699932098,False
400,28,140,0.2610214054584503,False
400,28,145,0.1761167347431183,False
400,28,150,0.22612130641937256,False
400,28,155,0.21772362291812897,False
400,28,160,0.18486785888671875,False
400,28,165,0.09496729075908661,False
400,28,170,0.09040015190839767,False
400,28,175,1.5240001678466797,False
400,28,180,0.0761936753988266,False
400,28,185,0.14920738339424133,False
400,28,190,0.16030944883823395,False
400,28,195,0.1150452196598053,False
400,28,200,0.14400790631771088,False
400,28,205,0.09210991859436035,False
400,28,210,0.1209806427359581,False
400,28,215,0.07815380394458771,False
400,28,220,0.07506577670574188,False
400,28,225,0.07655387371778488,False
400,28,230,0.10363931208848953,False
400,28,235,0.08070280402898788,False
400,28,240,0.06530853360891342,False
400,28,245,0.09353204816579819,False
400,28,250,0.07151210308074951,False
400,28,255,0.18431590497493744,False
400,28,260,0.0808742567896843,False
400,28,265,0.09207038581371307,False
400,28,270,0.09426096081733704,False
400,28,275,0.08212623000144958,False
400,28,280,0.16679362952709198,False
400,28,285,0.07145944237709045,False
400,28,290,0.09966780990362167,False
400,28,295,0.09240774065256119,False
400,28,300,0.06820786744356155,False
400,28,305,0.08653052151203156,False
400,28,310,0.09994647651910782,False
400,28,315,0.10169423371553421,False
400,28,320,0.06800604611635208,False
400,28,325,0.07592321187257767,False
400,28,330,0.13226032257080078,False
400,28,335,0.10110367834568024,False
400,28,340,0.1122722327709198,False
400,28,345,0.1285768300294876,False
400,28,350,0.10664547979831696,False
400,28,355,0.10838869959115982,False
400,28,360,0.09714096784591675,False
400,28,365,0.10011576116085052,False
400,28,370,0.28484049439430237,False
400,28,375,0.09565478563308716,False
400,28,380,0.17222510278224945,False
400,28,385,0.11745792627334595,False
400,28,390,0.12978322803974152,False
400,28,395,0.15503355860710144,False
400,28,400,0.12526249885559082,False
400,28,405,0.12923425436019897,False
400,29,10,0.18905916810035706,False
400,29,15,0.2934424579143524,False
400,29,20,0.4128001630306244,False
400,29,25,0.3362533450126648,False
400,29,30,0.1484757661819458,False
400,29,35,0.12029408663511276,False
400,29,40,0.24398931860923767,False
400,29,45,0.21058052778244019,False
400,29,50,0.15380419790744781,False
400,29,55,0.14272180199623108,False
400,29,60,0.27838486433029175,False
400,29,65,0.2841883599758148,False
400,29,70,0.12019067257642746,False
400,29,75,0.2661076784133911,False
400,29,80,0.290478378534317,False
400,29,85,0.17506460845470428,False
400,29,90,0.22867123782634735,False
400,29,95,0.27878156304359436,False
400,29,100,0.12662860751152039,False
400,29,105,0.27564868330955505,False
400,29,110,0.12787938117980957,False
400,29,115,0.06336309760808945,False
400,29,120,0.09831129759550095,False
400,29,125,0.0969536229968071,False
400,29,130,0.14485548436641693,False
400,29,135,0.1126042902469635,False
400,29,140,0.3862048387527466,False
400,29,145,0.08638184517621994,False
400,29,150,0.2268214225769043,False
400,29,155,0.22029104828834534,False
400,29,160,0.23526936769485474,False
400,29,165,0.08716914802789688,False
400,29,170,0.13720494508743286,False
400,29,175,0.14821641147136688,False
400,29,180,0.22055961191654205,False
400,29,185,0.17667752504348755,False
400,29,190,0.16737230122089386,False
400,29,195,0.30255910754203796,False
400,29,200,0.1828337013721466,False
400,29,205,0.12950897216796875,False
400,29,210,0.1314501315355301,False
400,29,215,0.17179979383945465,False
400,29,220,0.11844992637634277,False
400,29,225,0.2425786405801773,False
400,29,230,0.07993820309638977,False
400,29,235,0.10398931801319122,False
400,29,240,0.07592713832855225,False
400,29,245,0.11090201139450073,False
400,29,250,0.11169985681772232,False
400,29,255,0.18040314316749573,False
400,29,260,0.1376970410346985,False
400,29,265,0.10855492949485779,False
400,29,270,0.1348191797733307,False
400,29,275,0.11437610536813736,False
400,29,280,0.08241155743598938,False
400,29,285,0.20702391862869263,False
400,29,290,0.19634336233139038,False
400,29,295,0.12079310417175293,False
400,29,300,0.0834965854883194,False
400,29,305,0.16599205136299133,False
400,29,310,0.16403283178806305,False
400,29,315,0.15085847675800323,False
400,29,320,0.07618379592895508,False
400,29,325,0.09851346909999847,False
400,29,330,0.32388994097709656,False
400,29,335,0.09144137799739838,False
400,29,340,0.14137142896652222,False
400,29,345,0.21012499928474426,False
400,29,350,0.21725019812583923,False
400,29,355,0.2989889681339264,False
400,29,360,0.397296667098999,False
400,29,365,0.3725186884403229,False
400,29,370,0.3455946743488312,False
400,29,375,0.27255305647850037,False
400,29,380,0.5782124400138855,False
400,29,385,0.2523890733718872,False
400,29,390,0.3810891807079315,False
400,29,395,0.2487085610628128,False
400,29,400,0.2581029236316681,False
400,29,405,0.32659244537353516,False
400,30,10,0.2450896054506302,False
400,30,15,0.3302645981311798,False
400,30,20,0.3831538259983063,False
400,30,25,0.18523657321929932,False
400,30,30,0.19026125967502594,False
400,30,35,0.1241823136806488,False
400,30,40,0.10814475268125534,False
400,30,45,0.17527621984481812,False
400,30,50,0.1063617616891861,False
400,30,55,0.25969088077545166,False
400,30,60,0.21228574216365814,False
400,30,65,0.1915469914674759,False
400,30,70,0.22710548341274261,False
400,30,75,0.12468074262142181,False
400,30,80,0.1939309686422348,False
400,30,85,0.26372087001800537,False
400,30,90,0.189215749502182,False
400,30,95,0.2739836275577545,False
400,30,100,0.15786756575107574,False
400,30,105,0.14090217649936676,False
400,30,110,0.15334048867225647,False
400,30,115,0.07278966158628464,False
400,30,120,0.8260592818260193,False
400,30,125,0.07417643070220947,False
400,30,130,0.03801240399479866,False
400,30,135,0.06574751436710358,False
400,30,140,0.16509951651096344,False
400,30,145,0.09431727975606918,False
400,30,150,0.18604494631290436,False
400,30,155,0.16795732080936432,False
400,30,160,0.12729592621326447,False
400,30,165,0.11083383858203888,False
400,30,170,0.037529416382312775,False
400,30,175,0.07437387108802795,False
400,30,180,0.6441405415534973,False
400,30,185,0.08762824535369873,False
400,30,190,0.03803157061338425,False
400,30,195,0.050345540046691895,False
400,30,200,0.1920003741979599,False
400,30,205,0.18816284835338593,False
400,30,210,0.3062860369682312,False
400,30,215,0.2723591923713684,False
400,30,220,0.399050235748291,False
400,30,225,0.31835293769836426,False
400,30,230,0.6091587543487549,False
400,30,235,0.4044516980648041,False
400,30,240,0.31244412064552307,False
400,30,245,0.36925697326660156,False
400,30,250,0.45905107259750366,False
400,30,255,0.6953768730163574,False
400,30,260,0.2987692356109619,False
400,30,265,0.5225476026535034,False
400,30,270,0.4866495728492737,False
400,30,275,0.46742916107177734,False
400,30,280,0.2503567337989807,False
400,30,285,0.09643793851137161,False
400,30,290,0.1278952658176422,False
400,30,295,0.15444175899028778,False
400,30,300,0.06619475781917572,False
400,30,305,0.04160339757800102,False
400,30,310,0.049567967653274536,False
400,30,315,0.038021985441446304,False
400,30,320,0.13571122288703918,False
400,30,325,0.21006575226783752,False
400,30,330,0.09448464214801788,False
400,30,335,0.17804089188575745,False
400,30,340,0.28844860196113586,False
400,30,345,0.09126164764165878,False
400,30,350,0.3833343982696533,False
400,30,355,0.10584098100662231,False
400,30,360,0.1282285749912262,False
400,30,365,0.1004406064748764,False
400,30,370,0.08665847778320312,False
400,30,375,0.030906934291124344,False
400,30,380,0.12767624855041504,False
400,30,385,0.08206972479820251,False
400,30,390,0.08150003105401993,False
400,30,395,0.22059743106365204,False
400,30,400,0.2794846296310425,False
400,30,405,0.033640678972005844,False
400,31,10,0.07892104238271713,False
400,31,15,0.2180400788784027,False
400,31,20,0.2965761423110962,False
400,31,25,0.3371031582355499,False
400,31,30,0.30845412611961365,False
400,31,35,0.30100810527801514,False
400,31,40,0.2568145990371704,False
400,31,45,0.34421506524086,False
400,31,50,0.17279699444770813,False
400,31,55,0.27768686413764954,False
400,31,60,0.2159070372581482,False
400,31,65,0.2801016867160797,False
400,31,70,0.24544274806976318,False
400,31,75,0.21444864571094513,False
400,31,80,0.20474430918693542,False
400,31,85,0.2555463910102844,False
400,31,90,0.30466991662979126,False
400,31,95,0.3228124678134918,False
400,31,100,0.2274651676416397,False
400,31,105,0.24273322522640228,False
400,31,110,0.24077732861042023,False
400,31,115,0.23392239212989807,False
400,31,120,0.21350237727165222,False
400,31,125,0.1590806245803833,False
400,31,130,0.18832041323184967,False
400,31,135,0.29947519302368164,False
400,31,140,0.16952595114707947,False
400,31,145,0.22884447872638702,False
400,31,150,0.1624407321214676,False
400,31,155,0.19225294888019562,False
400,31,160,0.23336629569530487,False
400,31,165,0.16287371516227722,False
400,31,170,0.09289835393428802,False
400,31,175,0.17121142148971558,False
400,31,180,0.14505521953105927,False
400,31,185,0.12090928107500076,False
400,31,190,0.23571406304836273,False
400,31,195,0.34768369793891907,False
400,31,200,0.20412234961986542,False
400,31,205,0.1898694634437561,False
400,31,210,0.12475485354661942,False
400,31,215,0.12455222010612488,False
400,31,220,0.21668164432048798,False
400,31,225,0.2949024736881256,False
400,31,230,0.054544057697057724,False
400,31,235,0.09611108154058456,False
400,31,240,0.15045322477817535,False
400,31,245,0.2603954076766968,False
400,31,250,0.09291072934865952,False
400,31,255,0.3404172360897064,False
400,31,260,0.14616967737674713,False
400,31,265,0.18244001269340515,False
400,31,270,0.10700145363807678,False
400,31,275,0.20130163431167603,False
400,31,280,0.18760067224502563,False
400,31,285,0.23216424882411957,False
400,31,290,0.2161494791507721,False
400,31,295,0.10158629715442657,False
400,31,300,0.058259692043066025,False
400,31,305,0.07404962182044983,False
400,31,310,0.1548299342393875,False
400,31,315,0.10655128210783005,False
400,31,320,0.06882927566766739,False
400,31,325,0.0842897891998291,False
400,31,330,0.1323002129793167,False
400,31,335,0.10020056366920471,False
400,31,340,0.10755419731140137,False
400,31,345,0.07442734390497208,False
400,31,350,0.10696814954280853,False
400,31,355,0.14273446798324585,False
400,31,360,0.08761555701494217,False
400,31,365,0.13112880289554596,False
400,31,370,0.1815377026796341,False
400,31,375,0.11064354330301285,False
400,31,380,0.10490866750478745,False
400,31,385,0.08517314493656158,False
400,31,390,0.08073514699935913,False
400,31,395,0.14505118131637573,False
400,31,400,0.07815276831388474,False
400,31,405,0.1058461144566536,False
400,32,10,0.07054364681243896,False
400,32,15,0.2213270515203476,False
400,32,20,0.3134097158908844,False
400,32,25,0.27222394943237305,False
400,32,30,0.23964834213256836,False
400,32,35,0.16876080632209778,False
400,32,40,0.23197245597839355,False
400,32,45,0.1925159990787506,False
400,32,50,0.12319085001945496,False
400,32,55,0.19195975363254547,False
400,32,60,0.19346380233764648,False
400,32,65,0.20391424000263214,False
400,32,70,0.0879882276058197,False
400,32,75,0.23709584772586823,False
400,32,80,0.19588534533977509,False
400,32,85,0.34406182169914246,False
400,32,90,0.5024034380912781,False
400,32,95,0.32500845193862915,False
400,32,100,0.4017688035964966,False
400,32,105,0.4182419180870056,False
400,32,110,0.31953519582748413,False
400,32,115,0.37280192971229553,False
400,32,120,0.27617108821868896,False
400,32,125,0.29272931814193726,False
400,32,130,0.29421931505203247,False
400,32,135,0.2891165018081665,False
400,32,140,0.5485569834709167,False
400,32,145,0.46846312284469604,False
400,32,150,0.6768026947975159,False
400,32,155,0.37788477540016174,False
400,32,160,0.7454837560653687,False
400,32,165,0.3327195644378662,False
400,32,170,0.34811344742774963,False
400,32,175,0.538760781288147,False
400,32,180,0.4897931218147278,False
400,32,185,0.7132461667060852,False
400,32,190,0.38610708713531494,False
400,32,195,0.5894060730934143,False
400,32,200,0.32069218158721924,False
400,32,205,0.5677929520606995,False
400,32,210,0.6711441278457642,False
400,32,215,0.45112836360931396,False
400,32,220,0.39168381690979004,False
400,32,225,0.2630508542060852,False
400,32,230,0.6613971590995789,False
400,32,235,0.4628726541996002,False
400,32,240,0.48541855812072754,False
400,32,245,0.3422822058200836,False
400,32,250,0.6190414428710938,False
400,32,255,0.5198733806610107,False
400,32,260,0.2366223782300949,False
400,32,265,0.3913951516151428,False
400,32,270,0.5628005266189575,False
400,32,275,0.5909283757209778,False
400,32,280,0.6091808080673218,False
400,32,285,0.20281843841075897,False
400,32,290,0.47971779108047485,False
400,32,295,0.5940074324607849,False
400,32,300,0.45534345507621765,False
400,32,305,0.5154355764389038,False
400,32,310,0.4663622975349426,False
400,32,315,0.40482959151268005,False
400,32,320,0.4036161005496979,False
400,32,325,0.26037564873695374,False
400,32,330,0.2998024821281433,False
400,32,335,0.6596838235855103,False
400,32,340,0.22065287828445435,False
400,32,345,0.2614808976650238,False
400,32,350,0.20224535465240479,False
400,32,355,0.28536441922187805,False
400,32,360,0.3598218858242035,False
400,32,365,0.4293476939201355,False
400,32,370,0.4231291711330414,False
400,32,375,0.21994678676128387,False
400,32,380,0.3253217339515686,False
400,32,385,0.14867542684078217,False
400,32,390,0.16087988018989563,False
400,32,395,0.22207888960838318,False
400,32,400,0.13154447078704834,False
400,32,405,0.2242363542318344,False
400,33,10,0.07243145257234573,False
400,33,15,0.2671448886394501,False
400,33,20,0.4772228002548218,False
400,33,25,0.4473741352558136,False
400,33,30,0.38297897577285767,False
400,33,35,0.3021917939186096,False
400,33,40,0.399580717086792,False
400,33,45,0.5003535747528076,False
400,33,50,0.9704837799072266,False
400,33,55,0.35785767436027527,False
400,33,60,0.20378388464450836,False
400,33,65,0.21201589703559875,False
400,33,70,0.3093400001525879,False
400,33,75,0.36729657649993896,False
400,33,80,0.36563876271247864,False
400,33,85,1.7372877597808838,False
400,33,90,0.18152308464050293,False
400,33,95,0.14651039242744446,False
400,33,100,0.22272755205631256,False
400,33,105,0.2785402834415436,False
400,33,110,0.1729026734828949,False
400,33,115,0.27672213315963745,False
400,33,120,0.21287435293197632,False
400,33,125,0.7875726819038391,False
400,33,130,0.15431372821331024,False
400,33,135,0.21155326068401337,False
400,33,140,0.2568357586860657,False
400,33,145,0.177852064371109,False
400,33,150,0.2379375845193863,False
400,33,155,0.13110104203224182,False
400,33,160,0.32065367698669434,False
400,33,165,0.2717481255531311,False
400,33,170,0.34783104062080383,False
400,33,175,1.1648333072662354,False
400,33,180,0.18117038905620575,False
400,33,185,0.21650709211826324,False
400,33,190,0.2638654410839081,False
400,33,195,0.24200321733951569,False
400,33,200,0.26543861627578735,False
400,33,205,0.33576732873916626,False
400,33,210,0.4454464316368103,False
400,33,215,0.28335005044937134,False
400,33,220,0.26478859782218933,False
400,33,225,0.316522479057312,False
400,33,230,0.4503169655799866,False
400,33,235,0.409737765789032,False
400,33,240,0.4439992606639862,False
400,33,245,0.4195859134197235,False
400,33,250,0.25766220688819885,False
400,33,255,0.200894296169281,False
400,33,260,0.3192071318626404,False
400,33,265,0.23922306299209595,False
400,33,270,0.11441391706466675,False
400,33,275,0.14428439736366272,False
400,33,280,0.16639503836631775,False
400,33,285,0.3090500235557556,False
400,33,290,0.21540147066116333,False
400,33,295,0.39191755652427673,False
400,33,300,0.22877341508865356,False
400,33,305,0.2716071903705597,False
400,33,310,0.33257925510406494,False
400,33,315,0.40663740038871765,False
400,33,320,0.29297685623168945,False
400,33,325,0.19925425946712494,False
400,33,330,0.3206694424152374,False
400,33,335,0.1627129167318344,False
400,33,340,0.31558477878570557,False
400,33,345,0.261667400598526,False
400,33,350,0.1949644684791565,False
400,33,355,0.15035441517829895,False
400,33,360,0.2047915905714035,False
400,33,365,0.2947542369365692,False
400,33,370,0.244797483086586,False
400,33,375,0.3411222994327545,False
400,33,380,0.44703248143196106,False
400,33,385,0.43883243203163147,False
400,33,390,0.36999860405921936,False
400,33,395,0.5055135488510132,False
400,33,400,0.462141752243042,False
400,33,405,0.48802486062049866,False
400,34,10,0.11441151797771454,False
400,34,15,0.3034288287162781,False
400,34,20,0.4726583957672119,False
400,34,25,0.4121142327785492,False
400,34,30,0.29041045904159546,False
400,34,35,0.31924164295196533,False
400,34,40,0.20972442626953125,False
400,34,45,0.29907122254371643,False
400,34,50,0.2298515886068344,False
400,34,55,0.06647123396396637,False
400,34,60,0.08374103158712387,False
400,34,65,0.06892187893390656,False
400,34,70,0.14480578899383545,False
400,34,75,0.1789846122264862,False
400,34,80,0.243342787027359,False
400,34,85,1.3129667043685913,False
400,34,90,0.19931268692016602,False
400,34,95,0.2993117868900299,False
400,34,100,0.22595557570457458,False
400,34,105,0.442093163728714,False
400,34,110,0.20161695778369904,False
400,34,115,0.17574873566627502,False
400,34,120,0.17558687925338745,False
400,34,125,1.0990469455718994,False
400,34,130,0.20434866845607758,False
400,34,135,1.3942981958389282,False
400,34,140,0.1912367194890976,False
400,34,145,0.20686593651771545,False
400,34,150,0.31408917903900146,False
400,34,155,0.2177584022283554,False
400,34,160,0.2539546489715576,False
400,34,165,0.24487203359603882,False
400,34,170,0.18206734955310822,False
400,34,175,1.3267985582351685,False
400,34,180,0.1393207311630249,False
400,34,185,0.14631454646587372,False
400,34,190,0.21566714346408844,False
400,34,195,0.12308631092309952,False
400,34,200,0.2118763029575348,False
400,34,205,0.14977580308914185,False
400,34,210,0.1102752760052681,False
400,34,215,0.07398664951324463,False
400,34,220,0.12767717242240906,False
400,34,225,0.1175796315073967,False
400,34,230,0.1820840686559677,False
400,34,235,0.129929780960083,False
400,34,240,0.20968973636627197,False
400,34,245,0.20314940810203552,False
400,34,250,0.16272088885307312,False
400,34,255,0.28089749813079834,False
400,34,260,0.21396738290786743,False
400,34,265,0.11665065586566925,False
400,34,270,0.3075336515903473,False
400,34,275,0.20927388966083527,False
400,34,280,0.43170008063316345,False
400,34,285,0.36237943172454834,False
400,34,290,0.22831490635871887,False
400,34,295,0.05622432380914688,False
400,34,300,0.1920763999223709,False
400,34,305,0.14808587729930878,False
400,34,310,0.20839916169643402,False
400,34,315,0.36294734477996826,False
400,34,320,0.16623885929584503,False
400,34,325,0.13990098237991333,False
400,34,330,0.2685208320617676,False
400,34,335,0.2443375438451767,False
400,34,340,0.2091473937034607,False
400,34,345,0.32077017426490784,False
400,34,350,0.08452074974775314,False
400,34,355,0.2327858805656433,False
400,34,360,0.34729424118995667,False
400,34,365,0.34050068259239197,False
400,34,370,0.28516271710395813,False
400,34,375,0.26150161027908325,False
400,34,380,0.17014585435390472,False
400,34,385,0.049456637352705,False
400,34,390,0.22347715497016907,False
400,34,395,0.11609406024217606,False
400,34,400,0.1473190039396286,False
400,34,405,0.40335628390312195,False
400,35,10,0.23707550764083862,False
400,35,15,0.3281165361404419,False
400,35,20,0.40613389015197754,False
400,35,25,0.3902713358402252,False
400,35,30,0.29223528504371643,False
400,35,35,0.15326890349388123,False
400,35,40,0.31270453333854675,False
400,35,45,0.9052963256835938,False
400,35,50,0.835272490978241,False
400,35,55,0.5107300877571106,False
400,35,60,0.8802200555801392,False
400,35,65,0.8438736200332642,False
400,35,70,0.44490790367126465,False
400,35,75,0.2461858093738556,False
400,35,80,0.31281086802482605,False
400,35,85,0.3185963034629822,False
400,35,90,0.38396984338760376,False
400,35,95,0.24525754153728485,False
400,35,100,0.13143227994441986,False
400,35,105,0.2064666748046875,False
400,35,110,0.18984009325504303,False
400,35,115,0.07329491525888443,False
400,35,120,0.07401424646377563,False
400,35,125,0.16257138550281525,False
400,35,130,0.02437090128660202,False
400,35,135,0.044232480227947235,False
400,35,140,0.1940382868051529,False
400,35,145,0.21800608932971954,False
400,35,150,0.1563034951686859,False
400,35,155,0.0968797355890274,False
400,35,160,0.10782909393310547,False
400,35,165,0.037668533623218536,False
400,35,170,0.05424622818827629,False
400,35,175,0.1470354199409485,False
400,35,180,0.12514178454875946,False
400,35,185,0.09231113642454147,False
400,35,190,0.11195507645606995,False
400,35,195,0.11724024266004562,False
400,35,200,0.06154480203986168,False
400,35,205,0.08527837693691254,False
400,35,210,0.08618208765983582,False
400,35,215,0.09183050692081451,False
400,35,220,0.09269719570875168,False
400,35,225,0.1845443844795227,False
400,35,230,0.11121515184640884,False
400,35,235,0.23152779042720795,False
400,35,240,0.22685085237026215,False
400,35,245,0.31278514862060547,False
400,35,250,0.15651974081993103,False
400,35,255,0.15636831521987915,False
400,35,260,0.1327655166387558,False
400,35,265,0.17841024696826935,False
400,35,270,0.20592863857746124,False
400,35,275,0.2826298177242279,False
400,35,280,0.1689518690109253,False
400,35,285,0.14068779349327087,False
400,35,290,0.1406915932893753,False
400,35,295,0.45022377371788025,False
400,35,300,0.17270740866661072,False
400,35,305,0.13610437512397766,False
400,35,310,0.18718302249908447,False
400,35,315,0.08614341914653778,False
400,35,320,0.17201845347881317,False
400,35,325,0.21754126250743866,False
400,35,330,0.05390007793903351,False
400,35,335,0.2986287772655487,False
400,35,340,0.2944466173648834,False
400,35,345,0.15323102474212646,False
400,35,350,0.31558966636657715,False
400,35,355,0.20667369663715363,False
400,35,360,0.16546118259429932,False
400,35,365,0.10389900207519531,False
400,35,370,0.15620245039463043,False
400,35,375,0.15890568494796753,False
400,35,380,0.23940055072307587,False
400,35,385,0.2528747022151947,False
400,35,390,0.20087964832782745,False
400,35,395,0.30979055166244507,False
400,35,400,0.23206840455532074,False
400,35,405,0.28807592391967773,False
400,36,10,0.10613898187875748,False
400,36,15,0.2692347764968872,False
400,36,20,0.46039897203445435,False
400,36,25,0.3389483094215393,False
400,36,30,0.25541579723358154,False
400,36,35,0.3303620517253876,False
400,36,40,0.22778111696243286,False
400,36,45,0.21953637897968292,False
400,36,50,0.13654553890228271,False
400,36,55,0.17490838468074799,False
400,36,60,0.1527853012084961,False
400,36,65,0.1620146930217743,False
400,36,70,0.14797630906105042,False
400,36,75,0.20168834924697876,False
400,36,80,0.14146873354911804,False
400,36,85,0.19258283078670502,False
400,36,90,0.20555154979228973,False
400,36,95,0.19064220786094666,False
400,36,100,0.2000660002231598,False
400,36,105,0.23728728294372559,False
400,36,110,0.18888525664806366,False
400,36,115,0.12936362624168396,False
400,36,120,0.28640034794807434,False
400,36,125,0.19878441095352173,False
400,36,130,0.14186637103557587,False
400,36,135,0.1406891644001007,False
400,36,140,0.225827157497406,False
400,36,145,0.0937616229057312,False
400,36,150,0.16251899302005768,False
400,36,155,0.17126552760601044,False
400,36,160,0.09423555433750153,False
400,36,165,0.31782835721969604,False
400,36,170,0.35795778036117554,False
400,36,175,0.23999559879302979,False
400,36,180,0.2939896583557129,False
400,36,185,0.3075130581855774,False
400,36,190,0.34672701358795166,False
400,36,195,0.4795193672180176,False
400,36,200,0.12576600909233093,False
400,36,205,0.17695026099681854,False
400,36,210,0.221925288438797,False
400,36,215,0.1690526306629181,False
400,36,220,0.16394402086734772,False
400,36,225,0.4130925238132477,False
400,36,230,0.23351262509822845,False
400,36,235,0.12065255641937256,False
400,36,240,0.21449029445648193,False
400,36,245,0.5132623314857483,False
400,36,250,0.325728178024292,False
400,36,255,0.49718043208122253,False
400,36,260,0.07053254544734955,False
400,36,265,0.09174972772598267,False
400,36,270,0.4427742660045624,False
400,36,275,0.39916351437568665,False
400,36,280,0.5057981014251709,False
400,36,285,0.34718430042266846,False
400,36,290,0.1428503692150116,False
400,36,295,0.2015264630317688,False
400,36,300,0.14322887361049652,False
400,36,305,0.26209622621536255,False
400,36,310,0.2722846567630768,False
400,36,315,0.482456773519516,False
400,36,320,0.3725656270980835,False
400,36,325,0.1470308154821396,False
400,36,330,0.423021525144577,False
400,36,335,0.15130549669265747,False
400,36,340,0.275345116853714,False
400,36,345,0.41383498907089233,False
400,36,350,0.062183499336242676,False
400,36,355,0.20337463915348053,False
400,36,360,0.2934917211532593,False
400,36,365,0.3180888593196869,False
400,36,370,0.24604532122612,False
400,36,375,0.2544281780719757,False
400,36,380,0.39144453406333923,False
400,36,385,0.45565879344940186,False
400,36,390,0.3974398672580719,False
400,36,395,0.34443697333335876,False
400,36,400,0.24876363575458527,False
400,36,405,0.29019400477409363,False
400,37,10,0.09932558983564377,False
400,37,15,0.30013689398765564,False
400,37,20,0.5686637163162231,False
400,37,25,0.4939325451850891,False
400,37,30,0.4289468824863434,False
400,37,35,0.5820675492286682,False
400,37,40,0.41644054651260376,False
400,37,45,0.48673999309539795,False
400,37,50,0.7350459694862366,False
400,37,55,1.3232342004776,False
400,37,60,0.2941383123397827,False
400,37,65,0.34254610538482666,False
400,37,70,1.3699390888214111,False
400,37,75,0.3346354365348816,False
400,37,80,1.675901174545288,False
400,37,85,0.23002798855304718,False
400,37,90,1.9535300731658936,False
400,37,95,0.12800481915473938,False
400,37,100,0.1649525910615921,False
400,37,105,0.19401776790618896,False
400,37,110,0.33239009976387024,False
400,37,115,0.41971099376678467,False
400,37,120,0.3517562448978424,False
400,37,125,0.3196711540222168,False
400,37,130,0.35425329208374023,False
400,37,135,0.3709957003593445,False
400,37,140,0.24895960092544556,False
400,37,145,0.24332304298877716,False
400,37,150,0.24982020258903503,False
400,37,155,0.2526964545249939,False
400,37,160,0.342623233795166,False
400,37,165,0.19576811790466309,False
400,37,170,0.19101162254810333,False
400,37,175,1.1411080360412598,False
400,37,180,0.18740446865558624,False
400,37,185,0.24100734293460846,False
400,37,190,0.1542019098997116,False
400,37,195,0.2536691725254059,False
400,37,200,0.17716968059539795,False
400,37,205,0.25251394510269165,False
400,37,210,0.2303057461977005,False
400,37,215,0.1481410413980484,False
400,37,220,0.17151425778865814,False
400,37,225,0.30300384759902954,False
400,37,230,0.35099026560783386,False
400,37,235,0.3336050510406494,False
400,37,240,0.5572651028633118,False
400,37,245,0.5100921392440796,False
400,37,250,0.37307628989219666,False
400,37,255,0.26271310448646545,False
400,37,260,0.40082746744155884,False
400,37,265,0.41557490825653076,False
400,37,270,0.42274343967437744,False
400,37,275,0.42175745964050293,False
400,37,280,0.2887715697288513,False
400,37,285,0.4884617328643799,False
400,37,290,0.39879700541496277,False
400,37,295,0.4897194504737854,False
400,37,300,0.4030987024307251,False
400,37,305,0.27396416664123535,False
400,37,310,0.4502059519290924,False
400,37,315,0.5419604778289795,False
400,37,320,0.486200749874115,False
400,37,325,0.6100393533706665,False
400,37,330,0.5767094492912292,False
400,37,335,0.32884639501571655,False
400,37,340,0.4022810757160187,False
400,37,345,0.4012403190135956,False
400,37,350,0.3513842821121216,False
400,37,355,0.38582998514175415,False
400,37,360,0.35315945744514465,False
400,37,365,0.5733967423439026,False
400,37,370,0.4124882221221924,False
400,37,375,0.478628545999527,False
400,37,380,0.5278375744819641,False
400,37,385,0.4977056086063385,False
400,37,390,0.3743513226509094,False
400,37,395,0.5709742307662964,False
400,37,400,0.5365432500839233,False
400,37,405,0.4057028293609619,False
400,38,10,0.13389573991298676,False
400,38,15,0.24238762259483337,False
400,38,20,0.3820756673812866,False
400,38,25,0.3398444950580597,False
400,38,30,0.24199560284614563,False
400,38,35,0.1509372591972351,False
400,38,40,0.2569650411605835,False
400,38,45,0.26474979519844055,False
400,38,50,0.2188289612531662,False
400,38,55,0.19749480485916138,False
400,38,60,0.14113827049732208,False
400,38,65,0.26242151856422424,False
400,38,70,0.09056098759174347,False
400,38,75,0.32796549797058105,False
400,38,80,0.4398496150970459,False
400,38,85,0.6851121187210083,False
400,38,90,0.7009406089782715,False
400,38,95,0.5262152552604675,False
400,38,100,0.5645686984062195,False
400,38,105,0.5960686206817627,False
400,38,110,0.3917773962020874,False
400,38,115,0.3730233311653137,False
400,38,120,0.43349990248680115,False
400,38,125,0.3787025213241577,False
400,38,130,0.5915379524230957,False
400,38,135,0.36638474464416504,False
400,38,140,0.23757551610469818,False
400,38,145,0.33861032128334045,False
400,38,150,0.37317681312561035,False
400,38,155,0.1822626143693924,False
400,38,160,0.33184465765953064,False
400,38,165,0.27194300293922424,False
400,38,170,0.2101934850215912,False
400,38,175,0.7858813405036926,False
400,38,180,0.11859232932329178,False
400,38,185,0.1717337816953659,False
400,38,190,0.24507014453411102,False
400,38,195,0.1576717495918274,False
400,38,200,0.23679669201374054,False
400,38,205,0.15335339307785034,False
400,38,210,0.13492678105831146,False
400,38,215,0.1115279272198677,False
400,38,220,0.12419383972883224,False
400,38,225,0.15511064231395721,False
400,38,230,0.23869933187961578,False
400,38,235,0.21755476295948029,False
400,38,240,0.22134894132614136,False
400,38,245,0.3861730098724365,False
400,38,250,0.1532941311597824,False
400,38,255,0.4062784016132355,False
400,38,260,0.12583333253860474,False
400,38,265,0.17369070649147034,False
400,38,270,0.29631364345550537,False
400,38,275,0.20935727655887604,False
400,38,280,0.3567593991756439,False
400,38,285,0.44626155495643616,False
400,38,290,0.46899521350860596,False
400,38,295,0.21774256229400635,False
400,38,300,0.296918123960495,False
400,38,305,0.20364926755428314,False
400,38,310,0.16608794033527374,False
400,38,315,0.46019208431243896,False
400,38,320,0.2350272387266159,False
400,38,325,0.18449248373508453,False
400,38,330,0.5208533406257629,False
400,38,335,0.20830965042114258,False
400,38,340,0.1385800838470459,False
400,38,345,0.38535284996032715,False
400,38,350,0.19849103689193726,False
400,38,355,0.2528972625732422,False
400,38,360,0.4554375410079956,False
400,38,365,0.4906233847141266,False
400,38,370,0.34273457527160645,False
400,38,375,0.21906542778015137,False
400,38,380,0.334380567073822,False
400,38,385,0.4413727819919586,False
400,38,390,0.37155139446258545,False
400,38,395,0.2692158818244934,False
400,38,400,0.24016466736793518,False
400,38,405,0.2788035571575165,False
400,39,10,0.19512635469436646,False
400,39,15,0.3104058802127838,False
400,39,20,0.3537651598453522,False
400,39,25,0.30138370394706726,False
400,39,30,0.20912325382232666,False
400,39,35,0.22381801903247833,False
400,39,40,0.6288020014762878,False
400,39,45,0.751426100730896,False
400,39,50,0.6547672152519226,False
400,39,55,0.6752766370773315,False
400,39,60,0.637019157409668,False
400,39,65,0.6820846199989319,False
400,39,70,0.4135831296443939,False
400,39,75,0.44008687138557434,False
400,39,80,1.4367903470993042,False
400,39,85,0.27180323004722595,False
400,39,90,1.2416129112243652,False
400,39,95,0.1555054485797882,False
400,39,100,0.34194567799568176,False
400,39,105,0.3188437223434448,False
400,39,110,0.3302342891693115,False
400,39,115,0.7594118118286133,False
400,39,120,0.22395561635494232,False
400,39,125,1.0074948072433472,False
400,39,130,0.14491300284862518,False
400,39,135,0.1575094759464264,False
400,39,140,0.33737292885780334,False
400,39,145,0.196287140250206,False
400,39,150,0.30935317277908325,False
400,39,155,0.25091373920440674,False
400,39,160,0.29555657505989075,False
400,39,165,0.32323890924453735,False
400,39,170,0.26833224296569824,False
400,39,175,1.3796271085739136,False
400,39,180,0.16563376784324646,False
400,39,185,0.14274229109287262,False
400,39,190,0.20130188763141632,False
400,39,195,0.07566726207733154,False
400,39,200,0.22509457170963287,False
400,39,205,0.23534592986106873,False
400,39,210,0.17067281901836395,False
400,39,215,0.22765767574310303,False
400,39,220,0.16830112040042877,False
400,39,225,0.2680065631866455,False
400,39,230,0.11822210997343063,False
400,39,235,0.23321589827537537,False
400,39,240,0.3869193196296692,False
400,39,245,0.2585592269897461,False
400,39,250,0.23947691917419434,False
400,39,255,0.21316096186637878,False
400,39,260,0.2900664806365967,False
400,39,265,0.2672457695007324,False
400,39,270,0.2763946056365967,False
400,39,275,0.17500101029872894,False
400,39,280,0.15863782167434692,False
400,39,285,0.20847806334495544,False
400,39,290,0.175336092710495,False
400,39,295,0.17600780725479126,False
400,39,300,0.1749182641506195,False
400,39,305,0.24709783494472504,False
400,39,310,0.30990228056907654,False
400,39,315,0.5226618647575378,False
400,39,320,0.31364724040031433,False
400,39,325,0.22133299708366394,False
400,39,330,0.4488637447357178,False
400,39,335,0.11702897399663925,False
400,39,340,0.1449597328901291,False
400,39,345,0.31842583417892456,False
400,39,350,0.23269711434841156,False
400,39,355,0.17250153422355652,False
400,39,360,0.45034074783325195,False
400,39,365,0.45031309127807617,False
400,39,370,0.5373839735984802,False
400,39,375,0.31676313281059265,False
400,39,380,0.44224172830581665,False
400,39,385,0.495505690574646,False
400,39,390,0.363227903842926,False
400,39,395,0.3145257234573364,False
400,39,400,0.21954849362373352,False
400,39,405,0.4158238172531128,False
400,40,10,0.2361232042312622,False
400,40,15,0.3187907338142395,False
400,40,20,0.4869415760040283,False
400,40,25,0.43958860635757446,False
400,40,30,0.4331798553466797,False
400,40,35,0.42279887199401855,False
400,40,40,0.3585073947906494,False
400,40,45,0.3089204430580139,False
400,40,50,0.33883732557296753,False
400,40,55,0.27839359641075134,False
400,40,60,0.26383861899375916,False
400,40,65,0.3618602752685547,False
400,40,70,0.32192903757095337,False
400,40,75,0.46494483947753906,False
400,40,80,0.43670281767845154,False
400,40,85,0.31015098094940186,False
400,40,90,0.2863267958164215,False
400,40,95,0.41579896211624146,False
400,40,100,0.6542183756828308,False
400,40,105,0.18224428594112396,False
400,40,110,0.5100275278091431,False
400,40,115,0.3931082487106323,False
400,40,120,0.47333070635795593,False
400,40,125,0.3550552427768707,False
400,40,130,0.7333937883377075,False
400,40,135,0.6453883647918701,False
400,40,140,0.1567366123199463,False
400,40,145,0.24405303597450256,False
400,40,150,0.5715049505233765,False
400,40,155,0.5218185186386108,False
400,40,160,0.3236452043056488,False
400,40,165,0.41615521907806396,False
400,40,170,0.3371238112449646,False
400,40,175,1.0719501972198486,False
400,40,180,0.1427847445011139,False
400,40,185,0.42294198274612427,False
400,40,190,0.6545421481132507,False
400,40,195,0.30003058910369873,False
400,40,200,0.17007656395435333,False
400,40,205,0.18397945165634155,False
400,40,210,0.42182213068008423,False
400,40,215,0.29956746101379395,False
400,40,220,0.13251133263111115,False
400,40,225,0.3260289132595062,False
400,40,230,0.33269891142845154,False
400,40,235,0.2758987545967102,False
400,40,240,0.4350813627243042,False
400,40,245,0.39507007598876953,False
400,40,250,0.4751758575439453,False
400,40,255,0.3485679626464844,False
400,40,260,0.2759169042110443,False
400,40,265,0.36829084157943726,False
400,40,270,0.4157068431377411,False
400,40,275,0.5797953605651855,False
400,40,280,0.28000685572624207,False
400,40,285,0.16417430341243744,False
400,40,290,0.41391974687576294,False
400,40,295,0.3131812810897827,False
400,40,300,0.30296990275382996,False
400,40,305,0.3187643885612488,False
400,40,310,0.2906073033809662,False
400,40,315,0.452004611492157,False
400,40,320,0.3473483622074127,False
400,40,325,1.8034930229187012,False
400,40,330,2.0384788513183594,False
400,40,335,0.4238504469394684,False
400,40,340,0.4239676296710968,False
400,40,345,0.4069114625453949,False
400,40,350,1.9342396259307861,False
400,40,355,1.4487262964248657,False
400,40,360,0.5680644512176514,False
400,40,365,2.075918436050415,False
400,40,370,0.6034573912620544,False
400,40,375,0.2891261577606201,False
400,40,380,0.45143112540245056,False
400,40,385,0.40513932704925537,False
400,40,390,0.31660929322242737,False
400,40,395,0.24164365231990814,False
400,40,400,0.11713040620088577,False
400,40,405,0.2955223321914673,False
400,41,10,0.314434289932251,False
400,41,15,0.30115702748298645,False
400,41,20,0.38049614429473877,False
400,41,25,0.3450568616390228,False
400,41,30,0.2959699332714081,False
400,41,35,0.23037996888160706,False
400,41,40,0.27140486240386963,False
400,41,45,0.8741992115974426,False
400,41,50,0.7538439035415649,False
400,41,55,0.43089407682418823,False
400,41,60,0.5790337324142456,False
400,41,65,0.3360796570777893,False
400,41,70,0.17562320828437805,False
400,41,75,0.28225716948509216,False
400,41,80,0.3320561647415161,False
400,41,85,0.19993405044078827,False
400,41,90,0.2723681330680847,False
400,41,95,0.5826423168182373,False
400,41,100,0.2833387851715088,False
400,41,105,0.5880794525146484,False
400,41,110,0.5169308185577393,False
400,41,115,0.5145171284675598,False
400,41,120,0.4652308523654938,False
400,41,125,0.44311124086380005,False
400,41,130,0.6021046042442322,False
400,41,135,0.586887538433075,False
400,41,140,0.7698305249214172,False
400,41,145,0.3108178675174713,False
400,41,150,0.3846105635166168,False
400,41,155,0.4128131568431854,False
400,41,160,0.36963096261024475,False
400,41,165,0.15947161614894867,False
400,41,170,0.1898818165063858,False
400,41,175,0.18760837614536285,False
400,41,180,0.2988523840904236,False
400,41,185,0.3363814651966095,False
400,41,190,0.1881764978170395,False
400,41,195,0.5501189827919006,False
400,41,200,0.28056007623672485,False
400,41,205,0.1609489470720291,False
400,41,210,0.12491369247436523,False
400,41,215,0.18293167650699615,False
400,41,220,0.22938966751098633,False
400,41,225,0.5756982564926147,False
400,41,230,0.20147646963596344,False
400,41,235,0.1936359405517578,False
400,41,240,0.09367229044437408,False
400,41,245,0.2467363327741623,False
400,41,250,0.17067353427410126,False
400,41,255,0.15971237421035767,False
400,41,260,0.17311152815818787,False
400,41,265,0.10267307609319687,False
400,41,270,0.10968924313783646,False
400,41,275,0.0985163077712059,False
400,41,280,0.10305028408765793,False
400,41,285,0.4871393144130707,False
400,41,290,0.49105799198150635,False
400,41,295,0.14980745315551758,False
400,41,300,0.22751709818840027,False
400,41,305,0.1506744921207428,False
400,41,310,0.16290943324565887,False
400,41,315,0.09618652611970901,False
400,41,320,0.13834798336029053,False
400,41,325,0.12925726175308228,False
400,41,330,0.2139786034822464,False
400,41,335,0.06271260976791382,False
400,41,340,0.09198077768087387,False
400,41,345,0.15807098150253296,False
400,41,350,0.1535523235797882,False
400,41,355,0.1166410967707634,False
400,41,360,0.08810121566057205,False
400,41,365,0.1823616325855255,False
400,41,370,0.20448851585388184,False
400,41,375,0.18061842024326324,False
400,41,380,0.1929541528224945,False
400,41,385,0.14041149616241455,False
400,41,390,0.20523427426815033,False
400,41,395,0.07497505098581314,False
400,41,400,0.1023041382431984,False
400,41,405,0.11097370088100433,False
400,42,10,0.12163587659597397,False
400,42,15,0.2786402106285095,False
400,42,20,0.3552634119987488,False
400,42,25,0.30677762627601624,False
400,42,30,0.22556211054325104,False
400,42,35,0.28012028336524963,False
400,42,40,0.21725955605506897,False
400,42,45,0.2327965497970581,False
400,42,50,0.15806373953819275,False
400,42,55,0.22591154277324677,False
400,42,60,0.17048516869544983,False
400,42,65,0.20345817506313324,False
400,42,70,0.12037790566682816,False
400,42,75,0.22485166788101196,False
400,42,80,0.22036032378673553,False
400,42,85,0.24117974936962128,False
400,42,90,0.4615570306777954,False
400,42,95,0.29250550270080566,False
400,42,100,0.2877587080001831,False
400,42,105,0.32713842391967773,False
400,42,110,0.34608280658721924,False
400,42,115,0.20565369725227356,False
400,42,120,0.1832268089056015,False
400,42,125,0.1642920821905136,False
400,42,130,0.1461782604455948,False
400,42,135,0.2831743657588959,False
400,42,140,0.15990734100341797,False
400,42,145,0.28945696353912354,False
400,42,150,0.31159356236457825,False
400,42,155,0.2941758930683136,False
400,42,160,0.41522178053855896,False
400,42,165,0.20980873703956604,False
400,42,170,0.19169975817203522,False
400,42,175,0.2081344872713089,False
400,42,180,0.22602039575576782,False
400,42,185,0.3845731019973755,False
400,42,190,0.28519970178604126,False
400,42,195,0.546261191368103,False
400,42,200,0.38434141874313354,False
400,42,205,0.34059667587280273,False
400,42,210,0.18402253091335297,False
400,42,215,0.19504472613334656,False
400,42,220,0.24663090705871582,False
400,42,225,0.26675257086753845,False
400,42,230,1.6207988262176514,False
400,42,235,0.23446643352508545,False
400,42,240,1.7040528059005737,False
400,42,245,0.9351335763931274,False
400,42,250,1.3985309600830078,False
400,42,255,0.8115682601928711,False
400,42,260,0.27422526478767395,False
400,42,265,0.37633606791496277,False
400,42,270,0.3661821186542511,False
400,42,275,0.4699877202510834,False
400,42,280,0.939134955406189,False
400,42,285,0.894058883190155,False
400,42,290,0.4489203095436096,False
400,42,295,0.4174894094467163,False
400,42,300,0.28322532773017883,False
400,42,305,1.72031569480896,False
400,42,310,0.3557760417461395,False
400,42,315,0.4621673822402954,False
400,42,320,0.3811565339565277,False
400,42,325,1.6180341243743896,False
400,42,330,1.9320259094238281,False
400,42,335,0.9006227850914001,False
400,42,340,0.39233437180519104,False
400,42,345,0.16530053317546844,False
400,42,350,0.3383495509624481,False
400,42,355,0.3862602710723877,False
400,42,360,0.44181331992149353,False
400,42,365,0.47182098031044006,False
400,42,370,0.47695982456207275,False
400,42,375,0.2743646800518036,False
400,42,380,0.42820730805397034,False
400,42,385,0.4083917737007141,False
400,42,390,0.30521103739738464,False
400,42,395,0.3571779727935791,False
400,42,400,0.19752520322799683,False
400,42,405,0.36900174617767334,False
400,43,10,0.1453673094511032,False
400,43,15,0.30989837646484375,False
400,43,20,0.4619620442390442,False
400,43,25,0.33502697944641113,False
400,43,30,0.24263322353363037,False
400,43,35,0.30895060300827026,False
400,43,40,0.2827050983905792,False
400,43,45,0.3296102285385132,False
400,43,50,0.2798100709915161,False
400,43,55,0.31972000002861023,False
400,43,60,0.2587509751319885,False
400,43,65,0.261041522026062,False
400,43,70,0.08645186573266983,False
400,43,75,0.3387405574321747,False
400,43,80,0.439545214176178,False
400,43,85,0.3116605281829834,False
400,43,90,0.2478547841310501,False
400,43,95,0.3022429049015045,False
400,43,100,0.38650649785995483,False
400,43,105,0.4839693009853363,False
400,43,110,0.26380977034568787,False
400,43,115,0.2196236103773117,False
400,43,120,0.32718485593795776,False
400,43,125,0.319623202085495,False
400,43,130,0.23879873752593994,False
400,43,135,0.22200103104114532,False
400,43,140,0.2981377840042114,False
400,43,145,0.17395518720149994,False
400,43,150,0.34636613726615906,False
400,43,155,0.2819715738296509,False
400,43,160,0.3350676894187927,False
400,43,165,0.2736757695674896,False
400,43,170,0.23985061049461365,False
400,43,175,1.1386650800704956,False
400,43,180,0.19364969432353973,False
400,43,185,0.2075243443250656,False
400,43,190,0.22362710535526276,False
400,43,195,0.3831961750984192,False
400,43,200,0.3049478828907013,False
400,43,205,0.2176901400089264,False
400,43,210,0.23907175660133362,False
400,43,215,0.1763572096824646,False
400,43,220,0.14086659252643585,False
400,43,225,0.3281010687351227,False
400,43,230,0.09258223325014114,False
400,43,235,0.14954738318920135,False
400,43,240,0.18648740649223328,False
400,43,245,0.2086770236492157,False
400,43,250,0.3349769115447998,False
400,43,255,0.20356884598731995,False
400,43,260,0.22542989253997803,False
400,43,265,0.2910844087600708,False
400,43,270,0.2901545763015747,False
400,43,275,0.3237573504447937,False
400,43,280,0.4549635648727417,False
400,43,285,0.30532634258270264,False
400,43,290,0.3721544146537781,False
400,43,295,0.35702991485595703,False
400,43,300,0.2337789386510849,False
400,43,305,0.19446337223052979,False
400,43,310,0.19908587634563446,False
400,43,315,0.25015175342559814,False
400,43,320,0.2775484323501587,False
400,43,325,0.24095799028873444,False
400,43,330,0.18269415199756622,False
400,43,335,0.432585209608078,False
400,43,340,0.25992855429649353,False
400,43,345,0.17443200945854187,False
400,43,350,0.30140742659568787,False
400,43,355,0.23697930574417114,False
400,43,360,0.21079421043395996,False
400,43,365,0.2045009881258011,False
400,43,370,0.21555118262767792,False
400,43,375,0.2338159829378128,False
400,43,380,0.2370326817035675,False
400,43,385,0.2791430652141571,False
400,43,390,0.36467236280441284,False
400,43,395,0.25499993562698364,False
400,43,400,0.24307483434677124,False
400,43,405,0.28421396017074585,False
400,44,10,0.2262963205575943,False
400,44,15,0.2755494713783264,False
400,44,20,0.28444230556488037,False
400,44,25,0.2035490870475769,False
400,44,30,0.18275971710681915,False
400,44,35,0.14600500464439392,False
400,44,40,0.04440934211015701,False
400,44,45,0.06715083122253418,False
400,44,50,0.0590628907084465,False
400,44,55,0.03875160962343216,False
400,44,60,0.034248631447553635,False
400,44,65,0.16597820818424225,False
400,44,70,0.5164458155632019,False
400,44,75,0.6860684752464294,False
400,44,80,0.8331493139266968,False
400,44,85,1.0112519264221191,False
400,44,90,0.10644727200269699,False
400,44,95,0.10270179808139801,False
400,44,100,0.0861777514219284,False
400,44,105,0.0773676335811615,False
400,44,110,0.11663822084665298,False
400,44,115,0.09698918461799622,False
400,44,120,0.09087564796209335,False
400,44,125,0.08231990039348602,False
400,44,130,0.10617932677268982,False
400,44,135,0.06143948435783386,False
400,44,140,0.12631992995738983,False
400,44,145,0.0912478044629097,False
400,44,150,0.05089118331670761,False
400,44,155,0.06809167563915253,False
400,44,160,0.11180705577135086,False
400,44,165,0.07032350450754166,False
400,44,170,0.11993643641471863,False
400,44,175,1.4640692472457886,False
400,44,180,0.06265860050916672,False
400,44,185,0.09446024894714355,False
400,44,190,0.12210653722286224,False
400,44,195,0.0679277628660202,False
400,44,200,0.1323700249195099,False
400,44,205,0.30703312158584595,False
400,44,210,0.8125925660133362,False
400,44,215,0.1671876758337021,False
400,44,220,0.17396990954875946,False
400,44,225,0.10514748096466064,False
400,44,230,0.10307871550321579,False
400,44,235,0.19902996718883514,False
400,44,240,0.3005636930465698,False
400,44,245,0.24494311213493347,False
400,44,250,0.42210453748703003,False
400,44,255,0.41326212882995605,False
400,44,260,0.3192160725593567,False
400,44,265,0.1984020471572876,False
400,44,270,0.32291021943092346,False
400,44,275,0.22135992348194122,False
400,44,280,0.25723424553871155,False
400,44,285,0.1599118560552597,False
400,44,290,0.34189948439598083,False
400,44,295,0.5077481865882874,False
400,44,300,0.1097474917769432,False
400,44,305,0.17454509437084198,False
400,44,310,0.3137589693069458,False
400,44,315,0.4354417026042938,False
400,44,320,0.40246614813804626,False
400,44,325,0.4336491525173187,False
400,44,330,0.6020046472549438,False
400,44,335,0.5239075422286987,False
400,44,340,0.34217017889022827,False
400,44,345,0.4725229740142822,False
400,44,350,0.3049360513687134,False
400,44,355,0.28144389390945435,False
400,44,360,0.3471388816833496,False
400,44,365,0.2465314120054245,False
400,44,370,0.2843857705593109,False
400,44,375,0.11277035623788834,False
400,44,380,0.55257648229599,False
400,44,385,0.2576546370983124,False
400,44,390,0.2922995984554291,False
400,44,395,0.3219292163848877,False
400,44,400,0.3087621331214905,False
400,44,405,0.33563533425331116,False
400,45,10,0.14477509260177612,False
400,45,15,0.2950808107852936,False
400,45,20,0.3275344967842102,False
400,45,25,0.28233063220977783,False
400,45,30,0.1357099711894989,False
400,45,35,0.16074678301811218,False
400,45,40,0.6318503022193909,False
400,45,45,0.8435069918632507,False
400,45,50,0.3640686571598053,False
400,45,55,0.346229612827301,False
400,45,60,0.47374626994132996,False
400,45,65,0.5385817885398865,False
400,45,70,0.188038632273674,False
400,45,75,0.6930660605430603,False
400,45,80,0.2790486812591553,False
400,45,85,0.1803078055381775,False
400,45,90,0.2923591434955597,False
400,45,95,0.356923371553421,False
400,45,100,0.27480384707450867,False
400,45,105,0.4005834460258484,False
400,45,110,0.30713310837745667,False
400,45,115,0.3006136119365692,False
400,45,120,0.21616242825984955,False
400,45,125,0.35494017601013184,False
400,45,130,0.33965572714805603,False
400,45,135,0.3651275634765625,False
400,45,140,0.4772668480873108,False
400,45,145,0.19702795147895813,False
400,45,150,0.28218311071395874,False
400,45,155,0.31077608466148376,False
400,45,160,0.2115054428577423,False
400,45,165,0.21058648824691772,False
400,45,170,0.3918669819831848,False
400,45,175,0.3717154264450073,False
400,45,180,0.3442605137825012,False
400,45,185,0.41491732001304626,False
400,45,190,0.28700491786003113,False
400,45,195,0.5708710551261902,False
400,45,200,0.23617056012153625,False
400,45,205,0.34322530031204224,False
400,45,210,0.41196408867836,False
400,45,215,0.36937782168388367,False
400,45,220,0.207041934132576,False
400,45,225,0.5278527140617371,False
400,45,230,0.11039694398641586,False
400,45,235,0.12942315638065338,False
400,45,240,0.09035628288984299,False
400,45,245,0.7602063417434692,False
400,45,250,0.3680196702480316,False
400,45,255,0.7378523349761963,False
400,45,260,0.07813053578138351,False
400,45,265,0.10411670804023743,False
400,45,270,0.48667752742767334,False
400,45,275,0.4311565160751343,False
400,45,280,0.4064033031463623,False
400,45,285,0.6690773963928223,False
400,45,290,0.6689977645874023,False
400,45,295,0.664368212223053,False
400,45,300,0.5728809237480164,False
400,45,305,0.49226319789886475,False
400,45,310,0.612420916557312,False
400,45,315,0.6353291273117065,False
400,45,320,0.5076585412025452,False
400,45,325,0.4281884431838989,False
400,45,330,0.8450294137001038,False
400,45,335,0.4928780198097229,False
400,45,340,0.31746605038642883,False
400,45,345,0.27838313579559326,False
400,45,350,0.1465020328760147,False
400,45,355,0.13752606511116028,False
400,45,360,0.07559362798929214,False
400,45,365,0.13888293504714966,False
400,45,370,0.10461075603961945,False
400,45,375,0.7564436197280884,False
400,45,380,0.8667977452278137,False
400,45,385,0.02585403434932232,False
400,45,390,0.07936451584100723,False
400,45,395,0.09340868890285492,False
400,45,400,0.20974937081336975,False
400,45,405,0.1892545372247696,False
400,46,10,0.11530778557062149,False
400,46,15,0.2536587715148926,False
400,46,20,0.4274841845035553,False
400,46,25,0.39655810594558716,False
400,46,30,0.3614621162414551,False
400,46,35,0.5294950604438782,False
400,46,40,0.6054726243019104,False
400,46,45,0.6361314654350281,False
400,46,50,0.7514769434928894,False
400,46,55,0.15142884850502014,False
400,46,60,0.3766508996486664,False
400,46,65,0.3124094009399414,False
400,46,70,0.39548155665397644,False
400,46,75,0.42041096091270447,False
400,46,80,0.5183829069137573,False
400,46,85,1.6870249509811401,False
400,46,90,0.23738448321819305,False
400,46,95,0.28460589051246643,False
400,46,100,0.5142033100128174,False
400,46,105,0.30712461471557617,False
400,46,110,0.40760183334350586,False
400,46,115,0.40852755308151245,False
400,46,120,0.3318457305431366,False
400,46,125,0.3499310314655304,False
400,46,130,0.3662967383861542,False
400,46,135,0.39548495411872864,False
400,46,140,0.26071712374687195,False
400,46,145,0.347828209400177,False
400,46,150,0.46094125509262085,False
400,46,155,0.41100767254829407,False
400,46,160,0.43479809165000916,False
400,46,165,0.3215038478374481,False
400,46,170,0.24804484844207764,False
400,46,175,0.816526472568512,False
400,46,180,0.15321028232574463,False
400,46,185,0.3382541835308075,False
400,46,190,0.3838558793067932,False
400,46,195,0.3265698254108429,False
400,46,200,0.3584469258785248,False
400,46,205,0.24224300682544708,False
400,46,210,0.3000798523426056,False
400,46,215,0.3073490560054779,False
400,46,220,0.17660021781921387,False
400,46,225,0.24767379462718964,False
400,46,230,0.19290153682231903,False
400,46,235,0.17506293952465057,False
400,46,240,0.22888897359371185,False
400,46,245,0.11898506432771683,False
400,46,250,0.20162247121334076,False
400,46,255,0.09913557022809982,False
400,46,260,0.14097259938716888,False
400,46,265,0.1245594173669815,False
400,46,270,0.1259104609489441,False
400,46,275,0.18590247631072998,False
400,46,280,0.11676409840583801,False
400,46,285,0.04739470034837723,False
400,46,290,0.041294198483228683,False
400,46,295,0.17365097999572754,False
400,46,300,0.06877563893795013,False
400,46,305,0.07309214025735855,False
400,46,310,0.15801775455474854,False
400,46,315,0.11080120503902435,False
400,46,320,0.18854494392871857,False
400,46,325,0.13377542793750763,False
400,46,330,0.061792004853487015,False
400,46,335,0.08498193323612213,False
400,46,340,0.06143622100353241,False
400,46,345,0.065866619348526,False
400,46,350,0.03980330750346184,False
400,46,355,0.043500229716300964,False
400,46,360,0.06337618082761765,False
400,46,365,0.09742889553308487,False
400,46,370,0.08204083144664764,False
400,46,375,0.027029188349843025,False
400,46,380,0.031129317358136177,False
400,46,385,0.049363892525434494,False
400,46,390,0.06368440389633179,False
400,46,395,0.34926801919937134,False
400,46,400,0.2132384479045868,False
400,46,405,0.42806485295295715,False
400,47,10,0.12221366912126541,False
400,47,15,0.28503158688545227,False
400,47,20,0.4213516414165497,False
400,47,25,0.38912636041641235,False
400,47,30,0.23508769273757935,False
400,47,35,0.29623931646347046,False
400,47,40,0.2830049991607666,False
400,47,45,0.25547680258750916,False
400,47,50,0.1694667637348175,False
400,47,55,0.16513381898403168,False
400,47,60,0.17310361564159393,False
400,47,65,0.15155082941055298,False
400,47,70,0.13826563954353333,False
400,47,75,0.09458105266094208,False
400,47,80,0.15975861251354218,False
400,47,85,0.16645483672618866,False
400,47,90,0.1084752231836319,False
400,47,95,0.2672579288482666,False
400,47,100,0.1292930692434311,False
400,47,105,0.17553327977657318,False
400,47,110,0.1359679400920868,False
400,47,115,0.18727149069309235,False
400,47,120,0.1962238848209381,False
400,47,125,0.2026667594909668,False
400,47,130,0.107254259288311,False
400,47,135,0.15871910750865936,False
400,47,140,0.13629934191703796,False
400,47,145,0.12092244625091553,False
400,47,150,0.1423686295747757,False
400,47,155,0.13990910351276398,False
400,47,160,0.078089639544487,False
400,47,165,0.2890986204147339,False
400,47,170,0.34847626090049744,False
400,47,175,0.28443479537963867,False
400,47,180,0.18036702275276184,False
400,47,185,0.10832297056913376,False
400,47,190,0.1550530642271042,False
400,47,195,0.29371753334999084,False
400,47,200,0.3565855324268341,False
400,47,205,0.3217921853065491,False
400,47,210,0.1422242522239685,False
400,47,215,0.17730900645256042,False
400,47,220,0.3180885314941406,False
400,47,225,0.33765092492103577,False
400,47,230,0.10786298662424088,False
400,47,235,0.12411711364984512,False
400,47,240,0.28486108779907227,False
400,47,245,0.29199081659317017,False
400,47,250,0.3428463637828827,False
400,47,255,0.1720845103263855,False
400,47,260,0.33155763149261475,False
400,47,265,0.3204149007797241,False
400,47,270,0.15160444378852844,False
400,47,275,0.08960552513599396,False
400,47,280,0.2978106439113617,False
400,47,285,0.5251386761665344,False
400,47,290,0.2596970498561859,False
400,47,295,0.19425971806049347,False
400,47,300,0.41249921917915344,False
400,47,305,0.25030332803726196,False
400,47,310,0.1511860191822052,False
400,47,315,0.22100745141506195,False
400,47,320,0.06923744082450867,False
400,47,325,0.1301993429660797,False
400,47,330,0.45118090510368347,False
400,47,335,0.05102265626192093,False
400,47,340,0.046977292746305466,False
400,47,345,0.30950674414634705,False
400,47,350,0.0760214626789093,False
400,47,355,0.06713675707578659,False
400,47,360,0.280280202627182,False
400,47,365,0.39694932103157043,False
400,47,370,0.394295334815979,False
400,47,375,0.31047242879867554,False
400,47,380,0.3606927692890167,False
400,47,385,0.231464222073555,False
400,47,390,0.3071666955947876,False
400,47,395,0.21946321427822113,False
400,47,400,0.0910617858171463,False
400,47,405,0.12939080595970154,False
400,48,10,0.22137635946273804,False
400,48,15,0.2925764322280884,False
400,48,20,0.3786503076553345,False
400,48,25,0.29275161027908325,False
400,48,30,0.23153728246688843,False
400,48,35,0.21831762790679932,False
400,48,40,0.2761170566082001,False
400,48,45,0.3489573299884796,False
400,48,50,0.24252474308013916,False
400,48,55,0.4597993791103363,False
400,48,60,0.5268307328224182,False
400,48,65,0.5400940179824829,False
400,48,70,0.3466552793979645,False
400,48,75,0.5869501233100891,False
400,48,80,0.2686904966831207,False
400,48,85,0.2208177149295807,False
400,48,90,0.2660914361476898,False
400,48,95,0.4211410880088806,False
400,48,100,0.2579640746116638,False
400,48,105,0.6971506476402283,False
400,48,110,0.5475903153419495,False
400,48,115,0.3123731315135956,False
400,48,120,0.3815540671348572,False
400,48,125,0.32020634412765503,False
400,48,130,0.7392501831054688,False
400,48,135,0.651996374130249,False
400,48,140,0.5572100281715393,False
400,48,145,0.4960961937904358,False
400,48,150,0.46551617980003357,False
400,48,155,0.5229842662811279,False
400,48,160,0.4972839653491974,False
400,48,165,0.1532079428434372,False
400,48,170,0.17617014050483704,False
400,48,175,0.24727950990200043,False
400,48,180,0.41215717792510986,False
400,48,185,0.7284943461418152,False
400,48,190,0.5898845791816711,False
400,48,195,0.7411562204360962,False
400,48,200,0.12354200333356857,False
400,48,205,0.4592968821525574,False
400,48,210,0.850721001625061,False
400,48,215,0.7090165615081787,False
400,48,220,0.12488852441310883,False
400,48,225,0.8288440704345703,False
400,48,230,0.6837450861930847,False
400,48,235,0.7879958152770996,False
400,48,240,0.20120637118816376,False
400,48,245,0.7411343455314636,False
400,48,250,0.22123557329177856,False
400,48,255,0.8008099794387817,False
400,48,260,0.14752791821956635,False
400,48,265,0.1017368882894516,False
400,48,270,0.13171084225177765,False
400,48,275,0.7072123885154724,False
400,48,280,0.8436594009399414,False
400,48,285,0.5040534138679504,False
400,48,290,0.30461385846138,False
400,48,295,0.10816585272550583,False
400,48,300,0.7066967487335205,False
400,48,305,0.520153820514679,False
400,48,310,0.47502589225769043,False
400,48,315,0.5818764567375183,False
400,48,320,0.14696179330348969,False
400,48,325,0.13881918787956238,False
400,48,330,0.08331432193517685,False
400,48,335,0.05753172188997269,False
400,48,340,0.0778471827507019,False
400,48,345,0.07696503400802612,False
400,48,350,0.06069207936525345,False
400,48,355,0.11290743947029114,False
400,48,360,0.10864757746458054,False
400,48,365,0.14682690799236298,False
400,48,370,0.10134579986333847,False
400,48,375,0.10953983664512634,False
400,48,380,0.06399548798799515,False
400,48,385,0.09745194017887115,False
400,48,390,0.12710054218769073,False
400,48,395,0.1667213886976242,False
400,48,400,0.21603581309318542,False
400,48,405,0.19893279671669006,False
400,49,10,0.1601717621088028,False
400,49,15,0.31411606073379517,False
400,49,20,0.3841497004032135,False
400,49,25,0.3374748229980469,False
400,49,30,0.21355251967906952,False
400,49,35,0.24831229448318481,False
400,49,40,0.2369145303964615,False
400,49,45,0.24995411932468414,False
400,49,50,0.22087201476097107,False
400,49,55,0.26163238286972046,False
400,49,60,0.24731840193271637,False
400,49,65,0.22488592565059662,False
400,49,70,0.21059174835681915,False
400,49,75,0.26873886585235596,False
400,49,80,0.21856904029846191,False
400,49,85,0.3817080557346344,False
400,49,90,0.4285304546356201,False
400,49,95,0.4655914306640625,False
400,49,100,0.43419012427330017,False
400,49,105,0.4989852011203766,False
400,49,110,0.5016130805015564,False
400,49,115,0.5137947201728821,False
400,49,120,0.37983036041259766,False
400,49,125,0.47277650237083435,False
400,49,130,0.45814621448516846,False
400,49,135,0.6045603156089783,False
400,49,140,0.49239012598991394,False
400,49,145,0.6442487239837646,False
400,49,150,0.6894545555114746,False
400,49,155,0.42196404933929443,False
400,49,160,0.7210649847984314,False
400,49,165,0.4562250077724457,False
400,49,170,0.36464303731918335,False
400,49,175,1.579683542251587,False
400,49,180,0.15191400051116943,False
400,49,185,0.16809827089309692,False
400,49,190,0.38536620140075684,False
400,49,195,0.5472851991653442,False
400,49,200,0.4836757481098175,False
400,49,205,0.500029981136322,False
400,49,210,0.32925859093666077,False
400,49,215,0.12597614526748657,False
400,49,220,0.29579392075538635,False
400,49,225,0.7429592609405518,False
400,49,230,0.18287380039691925,False
400,49,235,0.13349390029907227,False
400,49,240,0.8191145062446594,False
400,49,245,0.11290235072374344,False
400,49,250,0.3897278606891632,False
400,49,255,0.5616666674613953,False
400,49,260,0.30233877897262573,False
400,49,265,0.43434759974479675,False
400,49,270,0.4395931661128998,False
400,49,275,0.4631504416465759,False
400,49,280,0.9630802273750305,False
400,49,285,0.17840200662612915,False
400,49,290,0.35272133350372314,False
400,49,295,0.7728514671325684,False
400,49,300,0.3408631980419159,False
400,49,305,0.26271700859069824,False
400,49,310,0.35410845279693604,False
400,49,315,0.5614041686058044,False
400,49,320,0.386395663022995,False
400,49,325,0.20453645288944244,False
400,49,330,0.539104163646698,False
400,49,335,0.43110132217407227,False
400,49,340,0.5367509126663208,False
400,49,345,0.4425101578235626,False
400,49,350,0.47853007912635803,False
400,49,355,0.3509061932563782,False
400,49,360,0.47652798891067505,False
400,49,365,0.6763662099838257,False
400,49,370,0.12268967926502228,False
400,49,375,0.4976405203342438,False
400,49,380,0.549345850944519,False
400,49,385,0.416819304227829,False
400,49,390,0.37217676639556885,False
400,49,395,0.1912134289741516,False
400,49,400,0.3181241750717163,False
400,49,405,0.3813698887825012,False
500,0,10,0.09513452649116516,False
500,0,15,0.21835298836231232,False
500,0,20,0.36588677763938904,False
500,0,25,0.3999018967151642,False
500,0,30,0.34388241171836853,False
500,0,35,0.4370957612991333,False
500,0,40,0.334023118019104,False
500,0,45,0.501693844795227,False
500,0,50,0.5412147641181946,False
500,0,55,0.3823980689048767,False
500,0,60,0.3052782714366913,False
500,0,65,0.3492172062397003,False
500,0,70,0.20108720660209656,False
500,0,75,0.22168053686618805,False
500,0,80,1.1424986124038696,False
500,0,85,0.836460530757904,False
500,0,90,0.31531575322151184,False
500,0,95,0.2750236392021179,False
500,0,100,0.2858060896396637,False
500,0,105,0.4992453157901764,False
500,0,110,0.22333595156669617,False
500,0,115,0.19751769304275513,False
500,0,120,0.1793486773967743,False
500,0,125,0.171170175075531,False
500,0,130,0.07889261841773987,False
500,0,135,0.17882119119167328,False
500,0,140,0.22909586131572723,False
500,0,145,0.1269739717245102,False
500,0,150,0.23095208406448364,False
500,0,155,0.177982360124588,False
500,0,160,0.17365193367004395,False
500,0,165,0.19678248465061188,False
500,0,170,0.1303459107875824,False
500,0,175,1.1921426057815552,False
500,0,180,0.18881797790527344,False
500,0,185,0.3446885347366333,False
500,0,190,0.1324860006570816,False
500,0,195,0.15451957285404205,False
500,0,200,0.11250146478414536,False
500,0,205,0.18487265706062317,False
500,0,210,0.3465821444988251,False
500,0,215,0.24103902280330658,False
500,0,220,0.1323867291212082,False
500,0,225,0.3985758125782013,False
500,0,230,0.05208268761634827,False
500,0,235,0.20975036919116974,False
500,0,240,0.10670377314090729,False
500,0,245,0.5159883499145508,False
500,0,250,0.08181395381689072,False
500,0,255,0.3340129256248474,False
500,0,260,0.0741586834192276,False
500,0,265,0.04457063972949982,False
500,0,270,0.2047862410545349,False
500,0,275,0.3450532555580139,False
500,0,280,0.4123503863811493,False
500,0,285,0.49736931920051575,False
500,0,290,0.3475825786590576,False
500,0,295,0.3372444808483124,False
500,0,300,0.267437607049942,False
500,0,305,0.053668342530727386,False
500,0,310,0.08080212771892548,False
500,0,315,0.2358047217130661,False
500,0,320,0.12088337540626526,False
500,0,325,0.12799419462680817,False
500,0,330,0.4564833641052246,False
500,0,335,0.07123229652643204,False
500,0,340,0.0890001580119133,False
500,0,345,0.3845221996307373,False
500,0,350,0.21744360029697418,False
500,0,355,0.2139553725719452,False
500,0,360,0.24591204524040222,False
500,0,365,0.21555916965007782,False
500,0,370,0.3923587501049042,False
500,0,375,0.15864801406860352,False
500,0,380,0.2023773491382599,False
500,0,385,0.12494184821844101,False
500,0,390,0.14686641097068787,False
500,0,395,0.12307640165090561,False
500,0,400,0.1935614049434662,False
500,0,405,0.2690350413322449,False
500,1,10,0.1071447804570198,False
500,1,15,0.32338932156562805,False
500,1,20,0.4987637400627136,False
500,1,25,0.37434571981430054,False
500,1,30,0.40597689151763916,False
500,1,35,0.34166043996810913,False
500,1,40,0.37932926416397095,False
500,1,45,0.6522561311721802,False
500,1,50,0.5360166430473328,False
500,1,55,1.356083631515503,False
500,1,60,0.44100138545036316,False
500,1,65,0.31443023681640625,False
500,1,70,0.31993937492370605,False
500,1,75,0.3279988765716553,False
500,1,80,0.3810679018497467,False
500,1,85,1.7705562114715576,False
500,1,90,0.1727161407470703,False
500,1,95,0.1944817453622818,False
500,1,100,0.2869676947593689,False
500,1,105,0.19195015728473663,False
500,1,110,0.22041966021060944,False
500,1,115,0.30282944440841675,False
500,1,120,0.279866099357605,False
500,1,125,0.25889918208122253,False
500,1,130,0.1836669147014618,False
500,1,135,0.20462006330490112,False
500,1,140,0.13946622610092163,False
500,1,145,0.22943037748336792,False
500,1,150,0.3258180320262909,False
500,1,155,0.1643204241991043,False
500,1,160,0.4059692621231079,False
500,1,165,0.4329153597354889,False
500,1,170,0.3037770092487335,False
500,1,175,1.8345354795455933,False
500,1,180,0.0657258927822113,False
500,1,185,0.21226151287555695,False
500,1,190,0.06397226452827454,False
500,1,195,0.06201242282986641,False
500,1,200,0.21129721403121948,False
500,1,205,0.22044514119625092,False
500,1,210,0.21207208931446075,False
500,1,215,0.1885167956352234,False
500,1,220,0.2872147560119629,False
500,1,225,0.1684200018644333,False
500,1,230,0.19349876046180725,False
500,1,235,0.26360657811164856,False
500,1,240,0.2593914866447449,False
500,1,245,0.1662224531173706,False
500,1,250,0.21827922761440277,False
500,1,255,0.08318109065294266,False
500,1,260,0.18234725296497345,False
500,1,265,0.2574446499347687,False
500,1,270,0.2210025191307068,False
500,1,275,0.30012115836143494,False
500,1,280,0.14746706187725067,False
500,1,285,0.29133763909339905,False
500,1,290,0.1125996932387352,False
500,1,295,0.24264782667160034,False
500,1,300,0.17824618518352509,False
500,1,305,0.29953575134277344,False
500,1,310,0.1166960820555687,False
500,1,315,0.16035419702529907,False
500,1,320,0.09522899985313416,False
500,1,325,0.09005700796842575,False
500,1,330,0.08519899845123291,False
500,1,335,0.12486118823289871,False
500,1,340,0.18435485661029816,False
500,1,345,0.14320601522922516,False
500,1,350,0.4241795241832733,False
500,1,355,0.41411277651786804,False
500,1,360,0.39474567770957947,False
500,1,365,0.3783668875694275,False
500,1,370,0.4270540475845337,False
500,1,375,0.3961585760116577,False
500,1,380,0.3638485372066498,False
500,1,385,0.3718958795070648,False
500,1,390,0.3391600251197815,False
500,1,395,0.26955270767211914,False
500,1,400,0.34740012884140015,False
500,1,405,0.37892353534698486,False
500,2,10,0.056945379823446274,False
500,2,15,0.23139925301074982,False
500,2,20,0.43959951400756836,False
500,2,25,0.4326258599758148,False
500,2,30,0.4704388380050659,False
500,2,35,0.4409157931804657,False
500,2,40,0.3709438741207123,False
500,2,45,0.40241965651512146,False
500,2,50,0.4431881606578827,False
500,2,55,1.3588043451309204,False
500,2,60,0.4614211916923523,False
500,2,65,0.38567543029785156,False
500,2,70,0.3239152133464813,False
500,2,75,0.4546574354171753,False
500,2,80,0.4479275345802307,False
500,2,85,0.8088259100914001,False
500,2,90,1.9417695999145508,False
500,2,95,1.9941431283950806,False
500,2,100,0.4002212882041931,False
500,2,105,0.4515099823474884,False
500,2,110,0.42155587673187256,False
500,2,115,0.29450830817222595,False
500,2,120,0.43129053711891174,False
500,2,125,0.31033599376678467,False
500,2,130,0.45049309730529785,False
500,2,135,0.39505577087402344,False
500,2,140,2.016664981842041,False
500,2,145,0.42067575454711914,False
500,2,150,0.6171950101852417,False
500,2,155,0.5143076181411743,False
500,2,160,0.5987194180488586,False
500,2,165,2.031313419342041,False
500,2,170,0.4967672526836395,False
500,2,175,1.8110549449920654,False
500,2,180,0.4377920925617218,False
500,2,185,0.5503624081611633,False
500,2,190,0.357660174369812,False
500,2,195,0.44405367970466614,False
500,2,200,0.4115605056285858,False
500,2,205,0.33619290590286255,False
500,2,210,0.36335450410842896,False
500,2,215,1.8762403726577759,False
500,2,220,0.3446212112903595,False
500,2,225,0.31154000759124756,False
500,2,230,0.3266112804412842,False
500,2,235,0.3040388524532318,False
500,2,240,0.498666375875473,False
500,2,245,1.9935016632080078,False
500,2,250,0.3901473879814148,False
500,2,255,0.23105330765247345,False
500,2,260,0.2348574548959732,False
500,2,265,0.33331429958343506,False
500,2,270,0.43030092120170593,False
500,2,275,0.5056783556938171,False
500,2,280,0.21388618648052216,False
500,2,285,0.08683127909898758,False
500,2,290,0.4540115296840668,False
500,2,295,0.4239009916782379,False
500,2,300,0.30209168791770935,False
500,2,305,0.16193954646587372,False
500,2,310,0.2423945516347885,False
500,2,315,0.2782040238380432,False
500,2,320,0.25866836309432983,False
500,2,325,0.21809294819831848,False
500,2,330,0.2132197618484497,False
500,2,335,0.4688786268234253,False
500,2,340,0.5155260562896729,False
500,2,345,0.1321171224117279,False
500,2,350,0.39259904623031616,False
500,2,355,0.39485979080200195,False
500,2,360,0.24866770207881927,False
500,2,365,0.411527156829834,False
500,2,370,0.03190376237034798,False
500,2,375,0.18186236917972565,False
500,2,380,0.4426265060901642,False
500,2,385,0.2175097018480301,False
500,2,390,0.16650517284870148,False
500,2,395,0.5306231379508972,False
500,2,400,0.26450011134147644,False
500,2,405,0.180498868227005,False
500,3,10,0.10018765181303024,False
500,3,15,0.3250388205051422,False
500,3,20,0.435302734375,False
500,3,25,0.5254495739936829,False
500,3,30,0.392638623714447,False
500,3,35,0.43409666419029236,False
500,3,40,0.48797065019607544,False
500,3,45,0.35686567425727844,False
500,3,50,1.1658741235733032,False
500,3,55,0.3667951822280884,False
500,3,60,0.44702455401420593,False
500,3,65,0.48833897709846497,False
500,3,70,0.3745434284210205,False
500,3,75,0.6192940473556519,False
500,3,80,0.5225313305854797,False
500,3,85,0.21031133830547333,False
500,3,90,1.949152946472168,False
500,3,95,0.07605000585317612,False
500,3,100,0.12075134366750717,False
500,3,105,0.03509221971035004,False
500,3,110,0.4199056625366211,False
500,3,115,0.18905946612358093,False
500,3,120,0.1690821349620819,False
500,3,125,0.22045738995075226,False
500,3,130,0.3284452259540558,False
500,3,135,0.2647862732410431,False
500,3,140,0.5240553021430969,False
500,3,145,0.2771187126636505,False
500,3,150,0.46824151277542114,False
500,3,155,0.2969817519187927,False
500,3,160,0.43570664525032043,False
500,3,165,0.3296312391757965,False
500,3,170,0.23634681105613708,False
500,3,175,1.810831904411316,False
500,3,180,0.20952679216861725,False
500,3,185,0.19924040138721466,False
500,3,190,0.27345722913742065,False
500,3,195,0.15495845675468445,False
500,3,200,0.22476711869239807,False
500,3,205,0.21964797377586365,False
500,3,210,0.18121333420276642,False
500,3,215,0.21538913249969482,False
500,3,220,0.2561076581478119,False
500,3,225,0.2352425456047058,False
500,3,230,0.2613481879234314,False
500,3,235,0.1888177990913391,False
500,3,240,0.17946438491344452,False
500,3,245,0.2850896418094635,False
500,3,250,0.06472206860780716,False
500,3,255,0.14544636011123657,False
500,3,260,0.03893604502081871,False
500,3,265,0.07860355079174042,False
500,3,270,0.051669806241989136,False
500,3,275,0.09851591289043427,False
500,3,280,0.2527572214603424,False
500,3,285,0.4247676730155945,False
500,3,290,0.3783533573150635,False
500,3,295,0.11954831331968307,False
500,3,300,0.19427816569805145,False
500,3,305,0.15632401406764984,False
500,3,310,0.22852344810962677,False
500,3,315,0.2623763978481293,False
500,3,320,0.21947771310806274,False
500,3,325,0.07632528245449066,False
500,3,330,0.4413543939590454,False
500,3,335,0.18239502608776093,False
500,3,340,0.1322367936372757,False
500,3,345,0.41349726915359497,False
500,3,350,0.07350486516952515,False
500,3,355,0.23382769525051117,False
500,3,360,0.39684048295021057,False
500,3,365,0.4339136481285095,False
500,3,370,0.3545032739639282,False
500,3,375,0.28135672211647034,False
500,3,380,0.27506300806999207,False
500,3,385,0.2848576009273529,False
500,3,390,0.21100537478923798,False
500,3,395,0.3062717914581299,False
500,3,400,0.18179358541965485,False
500,3,405,0.21981295943260193,False
500,4,10,0.18055729568004608,False
500,4,15,0.25713589787483215,False
500,4,20,0.3764187693595886,False
500,4,25,0.3230324387550354,False
500,4,30,0.22689811885356903,False
500,4,35,0.23994843661785126,False
500,4,40,0.24894919991493225,False
500,4,45,0.5607657432556152,False
500,4,50,0.5610732436180115,False
500,4,55,0.30247795581817627,False
500,4,60,0.27542924880981445,False
500,4,65,0.35770419239997864,False
500,4,70,0.20864565670490265,False
500,4,75,0.6571004390716553,False
500,4,80,0.5347513556480408,False
500,4,85,0.28431758284568787,False
500,4,90,0.41614192724227905,False
500,4,95,0.3383968770503998,False
500,4,100,0.5727561712265015,False
500,4,105,0.8274940848350525,False
500,4,110,0.4377357065677643,False
500,4,115,0.39166516065597534,False
500,4,120,0.6347970962524414,False
500,4,125,0.714914858341217,False
500,4,130,0.531972348690033,False
500,4,135,0.6937536001205444,False
500,4,140,0.5692968368530273,False
500,4,145,0.4398368000984192,False
500,4,150,0.4487711489200592,False
500,4,155,0.47894296050071716,False
500,4,160,0.46508076786994934,False
500,4,165,0.18278883397579193,False
500,4,170,0.15875710546970367,False
500,4,175,0.7337095737457275,False
500,4,180,0.5866302847862244,False
500,4,185,0.26321178674697876,False
500,4,190,0.32937222719192505,False
500,4,195,0.29867827892303467,False
500,4,200,0.2899776101112366,False
500,4,205,0.17295239865779877,False
500,4,210,0.3228593170642853,False
500,4,215,0.21375925838947296,False
500,4,220,0.30156251788139343,False
500,4,225,0.4738686978816986,False
500,4,230,0.35246655344963074,False
500,4,235,0.3828534781932831,False
500,4,240,0.3387316167354584,False
500,4,245,0.45371466875076294,False
500,4,250,0.2260855734348297,False
500,4,255,0.3673344552516937,False
500,4,260,0.2225310355424881,False
500,4,265,0.2937535345554352,False
500,4,270,0.4307727515697479,False
500,4,275,0.3554133474826813,False
500,4,280,0.4596746265888214,False
500,4,285,0.37798696756362915,False
500,4,290,0.3366531431674957,False
500,4,295,0.1235608458518982,False
500,4,300,0.3038296401500702,False
500,4,305,0.3866334557533264,False
500,4,310,0.4584226608276367,False
500,4,315,0.4039934277534485,False
500,4,320,0.28638705611228943,False
500,4,325,0.18512529134750366,False
500,4,330,0.4304352402687073,False
500,4,335,0.32123640179634094,False
500,4,340,0.3138860762119293,False
500,4,345,0.39060959219932556,False
500,4,350,0.35553568601608276,False
500,4,355,0.438642293214798,False
500,4,360,0.4161894619464874,False
500,4,365,0.36114513874053955,False
500,4,370,0.263200968503952,False
500,4,375,0.3262559473514557,False
500,4,380,0.47303125262260437,False
500,4,385,0.3735481798648834,False
500,4,390,0.43265578150749207,False
500,4,395,0.3949011564254761,False
500,4,400,0.38155481219291687,False
500,4,405,0.2278304398059845,False
500,5,10,0.08511233329772949,False
500,5,15,0.31858035922050476,False
500,5,20,0.5131257772445679,False
500,5,25,0.37846311926841736,False
500,5,30,0.23858119547367096,False
500,5,35,0.3391115367412567,False
500,5,40,0.43991589546203613,False
500,5,45,0.5373370051383972,False
500,5,50,0.3252832293510437,False
500,5,55,0.2930826246738434,False
500,5,60,0.37302643060684204,False
500,5,65,0.3672672510147095,False
500,5,70,0.34670087695121765,False
500,5,75,0.4206050634384155,False
500,5,80,0.4457103908061981,False
500,5,85,1.824544072151184,False
500,5,90,0.18670548498630524,False
500,5,95,0.20134519040584564,False
500,5,100,0.305730402469635,False
500,5,105,0.30286458134651184,False
500,5,110,0.2052965611219406,False
500,5,115,0.2563806176185608,False
500,5,120,0.2640761435031891,False
500,5,125,0.25783035159111023,False
500,5,130,0.11873449385166168,False
500,5,135,0.15530920028686523,False
500,5,140,0.07927195727825165,False
500,5,145,0.2589243948459625,False
500,5,150,0.3669208884239197,False
500,5,155,0.24059590697288513,False
500,5,160,0.3525274991989136,False
500,5,165,0.45295587182044983,False
500,5,170,0.3472360670566559,False
500,5,175,1.6407190561294556,False
500,5,180,0.09393009543418884,False
500,5,185,0.23511114716529846,False
500,5,190,0.23710666596889496,False
500,5,195,0.04982014000415802,False
500,5,200,0.28123217821121216,False
500,5,205,0.24560514092445374,False
500,5,210,0.21909405291080475,False
500,5,215,0.22152376174926758,False
500,5,220,0.23399314284324646,False
500,5,225,0.1808946281671524,False
500,5,230,0.27584514021873474,False
500,5,235,0.25007396936416626,False
500,5,240,0.3255563974380493,False
500,5,245,0.2459205985069275,False
500,5,250,0.2150278091430664,False
500,5,255,0.13529689610004425,False
500,5,260,0.20774398744106293,False
500,5,265,0.2710075378417969,False
500,5,270,0.22627092897891998,False
500,5,275,0.32368791103363037,False
500,5,280,0.15445372462272644,False
500,5,285,0.24551120400428772,False
500,5,290,0.152085080742836,False
500,5,295,0.32247963547706604,False
500,5,300,0.1416996866464615,False
500,5,305,0.22574996948242188,False
500,5,310,0.30177271366119385,False
500,5,315,0.1622682809829712,False
500,5,320,0.0929831936955452,False
500,5,325,0.2280983328819275,False
500,5,330,0.2048337459564209,False
500,5,335,0.13041342794895172,False
500,5,340,0.1547909528017044,False
500,5,345,0.24427804350852966,False
500,5,350,0.08590621501207352,False
500,5,355,0.1193569153547287,False
500,5,360,0.2718040645122528,False
500,5,365,0.22623561322689056,False
500,5,370,0.18878629803657532,False
500,5,375,0.11210641264915466,False
500,5,380,0.2362823486328125,False
500,5,385,0.13407765328884125,False
500,5,390,0.11651483923196793,False
500,5,395,0.14989112317562103,False
500,5,400,0.1559949517250061,False
500,5,405,0.13198642432689667,False
500,6,10,0.10644178837537766,False
500,6,15,0.2542577385902405,False
500,6,20,0.38875889778137207,False
500,6,25,0.3511795401573181,False
500,6,30,0.20267286896705627,False
500,6,35,0.24327275156974792,False
500,6,40,0.19650445878505707,False
500,6,45,0.16014178097248077,False
500,6,50,0.12884552776813507,False
500,6,55,0.15000459551811218,False
500,6,60,0.18363597989082336,False
500,6,65,0.14982134103775024,False
500,6,70,0.08350708335638046,False
500,6,75,0.10825984925031662,False
500,6,80,0.20816220343112946,False
500,6,85,0.15417765080928802,False
500,6,90,0.11750907450914383,False
500,6,95,0.24795562028884888,False
500,6,100,0.1364813596010208,False
500,6,105,0.260841429233551,False
500,6,110,0.1342611014842987,False
500,6,115,0.1303820013999939,False
500,6,120,0.11930367350578308,False
500,6,125,0.1020791083574295,False
500,6,130,0.11526893079280853,False
500,6,135,0.10933196544647217,False
500,6,140,0.129128560423851,False
500,6,145,0.07973933964967728,False
500,6,150,0.07794831693172455,False
500,6,155,0.07397448271512985,False
500,6,160,0.07805122435092926,False
500,6,165,0.21215523779392242,False
500,6,170,0.28509971499443054,False
500,6,175,0.18889836966991425,False
500,6,180,0.1589186191558838,False
500,6,185,0.1711542159318924,False
500,6,190,0.11132679879665375,False
500,6,195,0.1692895144224167,False
500,6,200,0.18217967450618744,False
500,6,205,0.12594611942768097,False
500,6,210,0.1349313110113144,False
500,6,215,0.10154837369918823,False
500,6,220,0.2508603036403656,False
500,6,225,0.35584357380867004,False
500,6,230,0.12839139997959137,False
500,6,235,0.06997600197792053,False
500,6,240,0.2382201999425888,False
500,6,245,0.20680727064609528,False
500,6,250,0.2700726389884949,False
500,6,255,0.27208974957466125,False
500,6,260,0.3497912287712097,False
500,6,265,0.27478495240211487,False
500,6,270,0.13753406703472137,False
500,6,275,0.11659683287143707,False
500,6,280,0.3063892722129822,False
500,6,285,0.5933214426040649,False
500,6,290,0.18832217156887054,False
500,6,295,0.08851239085197449,False
500,6,300,0.20079761743545532,False
500,6,305,0.10433609783649445,False
500,6,310,0.2697943449020386,False
500,6,315,0.12369120866060257,False
500,6,320,0.15542791783809662,False
500,6,325,0.2380199432373047,False
500,6,330,0.3961770534515381,False
500,6,335,0.11501576751470566,False
500,6,340,0.17094598710536957,False
500,6,345,0.24983008205890656,False
500,6,350,0.16401629149913788,False
500,6,355,0.09263180196285248,False
500,6,360,0.1970904916524887,False
500,6,365,0.26019880175590515,False
500,6,370,0.30915015935897827,False
500,6,375,0.2918025553226471,False
500,6,380,0.119852714240551,False
500,6,385,0.11132121831178665,False
500,6,390,0.15532006323337555,False
500,6,395,0.18442977964878082,False
500,6,400,0.11555707454681396,False
500,6,405,0.21993125975131989,False
500,7,10,0.08307653665542603,False
500,7,15,0.269310861825943,False
500,7,20,0.42514440417289734,False
500,7,25,0.3415864109992981,False
500,7,30,0.21496528387069702,False
500,7,35,0.31827566027641296,False
500,7,40,0.32174256443977356,False
500,7,45,0.26178696751594543,False
500,7,50,0.14978280663490295,False
500,7,55,0.16380761563777924,False
500,7,60,0.34084975719451904,False
500,7,65,0.2450094372034073,False
500,7,70,0.15113477408885956,False
500,7,75,0.23849332332611084,False
500,7,80,0.29164013266563416,False
500,7,85,0.15385611355304718,False
500,7,90,0.13233885169029236,False
500,7,95,0.4381817579269409,False
500,7,100,0.13180004060268402,False
500,7,105,0.23301559686660767,False
500,7,110,0.1291775107383728,False
500,7,115,0.21842150390148163,False
500,7,120,0.16652168333530426,False
500,7,125,0.20018891990184784,False
500,7,130,0.28092867136001587,False
500,7,135,0.34124329686164856,False
500,7,140,0.4718761742115021,False
500,7,145,0.20301192998886108,False
500,7,150,0.23394306004047394,False
500,7,155,0.17128723859786987,False
500,7,160,0.09381980448961258,False
500,7,165,0.33005449175834656,False
500,7,170,0.365624338388443,False
500,7,175,0.2468998283147812,False
500,7,180,0.27451038360595703,False
500,7,185,0.1745612919330597,False
500,7,190,0.1508263498544693,False
500,7,195,0.40423840284347534,False
500,7,200,0.3232250213623047,False
500,7,205,0.36512142419815063,False
500,7,210,0.11952009052038193,False
500,7,215,0.21946777403354645,False
500,7,220,0.25732389092445374,False
500,7,225,0.3795017898082733,False
500,7,230,0.08488497883081436,False
500,7,235,0.127873495221138,False
500,7,240,0.164709210395813,False
500,7,245,0.5353145599365234,False
500,7,250,0.3436756134033203,False
500,7,255,0.48662886023521423,False
500,7,260,0.09266249090433121,False
500,7,265,0.20579375326633453,False
500,7,270,0.3352573812007904,False
500,7,275,0.43945273756980896,False
500,7,280,0.5948135852813721,False
500,7,285,0.4892931878566742,False
500,7,290,0.15806181728839874,False
500,7,295,0.13429172337055206,False
500,7,300,0.18122415244579315,False
500,7,305,0.11775252223014832,False
500,7,310,0.30654090642929077,False
500,7,315,0.47402310371398926,False
500,7,320,0.22805526852607727,False
500,7,325,0.14238519966602325,False
500,7,330,0.3731989562511444,False
500,7,335,0.19482623040676117,False
500,7,340,0.20885735750198364,False
500,7,345,0.4023573398590088,False
500,7,350,0.07385729998350143,False
500,7,355,0.0799049362540245,False
500,7,360,0.3271879553794861,False
500,7,365,0.3978061079978943,False
500,7,370,0.32812222838401794,False
500,7,375,0.3472253382205963,False
500,7,380,0.36849361658096313,False
500,7,385,0.2644413113594055,False
500,7,390,0.25466158986091614,False
500,7,395,0.17532110214233398,False
500,7,400,0.16448713839054108,False
500,7,405,0.06840398162603378,False
500,8,10,0.25024503469467163,False
500,8,15,0.3047543168067932,False
500,8,20,0.33257490396499634,False
500,8,25,0.26227590441703796,False
500,8,30,0.15034300088882446,False
500,8,35,0.22308123111724854,False
500,8,40,0.15988989174365997,False
500,8,45,0.8645990490913391,False
500,8,50,0.5906895399093628,False
500,8,55,0.43123894929885864,False
500,8,60,0.575548529624939,False
500,8,65,0.5470127463340759,False
500,8,70,0.3401404917240143,False
500,8,75,0.7828177213668823,False
500,8,80,0.7428365349769592,False
500,8,85,0.5338161587715149,False
500,8,90,0.3969268500804901,False
500,8,95,0.8704367280006409,False
500,8,100,0.2740795910358429,False
500,8,105,0.48799675703048706,False
500,8,110,1.3709617853164673,False
500,8,115,1.320635437965393,False
500,8,120,0.7848051190376282,False
500,8,125,0.04027377814054489,False
500,8,130,0.19968281686306,False
500,8,135,0.3506334722042084,False
500,8,140,0.5818025469779968,False
500,8,145,1.1125954389572144,False
500,8,150,1.1403354406356812,False
500,8,155,0.0637243241071701,False
500,8,160,0.09815162420272827,False
500,8,165,0.19926999509334564,False
500,8,170,0.09973552823066711,False
500,8,175,0.07803993672132492,False
500,8,180,0.0421706959605217,False
500,8,185,0.031743068248033524,False
500,8,190,0.10278328508138657,False
500,8,195,1.2126253843307495,False
500,8,200,0.0346887931227684,False
500,8,205,0.02227715402841568,False
500,8,210,0.04485176131129265,False
500,8,215,0.15131127834320068,False
500,8,220,0.2044064849615097,False
500,8,225,0.10024392604827881,False
500,8,230,0.3589807450771332,False
500,8,235,0.12495075166225433,False
500,8,240,0.33944809436798096,False
500,8,245,0.13748469948768616,False
500,8,250,0.23522068560123444,False
500,8,255,0.5455939769744873,False
500,8,260,0.27831029891967773,False
500,8,265,0.42798957228660583,False
500,8,270,0.5718346238136292,False
500,8,275,0.4718872308731079,False
500,8,280,0.5516619086265564,False
500,8,285,0.5068114399909973,False
500,8,290,0.6171489357948303,False
500,8,295,0.4722694456577301,False
500,8,300,0.4139271676540375,False
500,8,305,0.24088095128536224,False
500,8,310,0.16261228919029236,False
500,8,315,0.3969701826572418,False
500,8,320,0.3644181489944458,False
500,8,325,0.3810468912124634,False
500,8,330,0.8234565854072571,False
500,8,335,0.5324316024780273,False
500,8,340,0.4918465316295624,False
500,8,345,0.6672957539558411,False
500,8,350,0.1579982042312622,False
500,8,355,0.49919620156288147,False
500,8,360,0.6481082439422607,False
500,8,365,0.762710690498352,False
500,8,370,0.8288905620574951,False
500,8,375,0.34445399045944214,False
500,8,380,0.7818903923034668,False
500,8,385,0.5550470352172852,False
500,8,390,0.4240756332874298,False
500,8,395,0.8359674215316772,False
500,8,400,0.183717742562294,False
500,8,405,0.5369852781295776,False
500,9,10,0.11083094775676727,False
500,9,15,0.1898418664932251,False
500,9,20,0.38788217306137085,False
500,9,25,0.3310144245624542,False
500,9,30,0.3492594063282013,False
500,9,35,0.33763939142227173,False
500,9,40,0.2463359832763672,False
500,9,45,0.21529771387577057,False
500,9,50,0.14348597824573517,False
500,9,55,0.26858359575271606,False
500,9,60,0.2789124846458435,False
500,9,65,0.24203413724899292,False
500,9,70,0.2463822066783905,False
500,9,75,0.09340439736843109,False
500,9,80,0.15603871643543243,False
500,9,85,0.1739635020494461,False
500,9,90,0.15119849145412445,False
500,9,95,0.30135416984558105,False
500,9,100,0.26085230708122253,False
500,9,105,0.22868642210960388,False
500,9,110,0.28712648153305054,False
500,9,115,0.3750142753124237,False
500,9,120,0.3122585415840149,False
500,9,125,0.33520498871803284,False
500,9,130,0.28405314683914185,False
500,9,135,0.1618826985359192,False
500,9,140,0.29958561062812805,False
500,9,145,0.23071879148483276,False
500,9,150,0.28179410099983215,False
500,9,155,0.19163011014461517,False
500,9,160,0.16045597195625305,False
500,9,165,0.3225020468235016,False
500,9,170,0.4424353837966919,False
500,9,175,0.3096062242984772,False
500,9,180,0.3211003243923187,False
500,9,185,0.279142290353775,False
500,9,190,0.21538561582565308,False
500,9,195,0.4023725092411041,False
500,9,200,0.3224644064903259,False
500,9,205,0.3569503724575043,False
500,9,210,0.2134764939546585,False
500,9,215,0.23344838619232178,False
500,9,220,0.3921290636062622,False
500,9,225,0.43095862865448,False
500,9,230,0.2211228311061859,False
500,9,235,0.2162449061870575,False
500,9,240,0.3780461847782135,False
500,9,245,0.43429529666900635,False
500,9,250,0.3087675869464874,False
500,9,255,0.36467447876930237,False
500,9,260,0.18978583812713623,False
500,9,265,0.18241268396377563,False
500,9,270,0.1700367033481598,False
500,9,275,0.14492522180080414,False
500,9,280,0.39224427938461304,False
500,9,285,0.5064289569854736,False
500,9,290,0.2671635150909424,False
500,9,295,0.1553695648908615,False
500,9,300,0.12663573026657104,False
500,9,305,0.1475638449192047,False
500,9,310,0.2202477902173996,False
500,9,315,0.3868258595466614,False
500,9,320,0.16270402073860168,False
500,9,325,0.27587273716926575,False
500,9,330,0.48517733812332153,False
500,9,335,0.09786234050989151,False
500,9,340,0.09665711969137192,False
500,9,345,0.307446151971817,False
500,9,350,0.17083773016929626,False
500,9,355,0.18352064490318298,False
500,9,360,0.4337429702281952,False
500,9,365,0.4375714063644409,False
500,9,370,0.5144616365432739,False
500,9,375,0.40925031900405884,False
500,9,380,0.42181041836738586,False
500,9,385,0.5025244951248169,False
500,9,390,0.3674221634864807,False
500,9,395,0.3868977129459381,False
500,9,400,0.18991735577583313,False
500,9,405,0.35951802134513855,False
500,10,10,0.22216849029064178,False
500,10,15,0.2472561150789261,False
500,10,20,0.39234960079193115,False
500,10,25,0.3529035151004791,False
500,10,30,0.2908458709716797,False
500,10,35,0.2889016270637512,False
500,10,40,0.32603558897972107,False
500,10,45,0.29489442706108093,False
500,10,50,0.36573347449302673,False
500,10,55,0.3768097162246704,False
500,10,60,0.1904207468032837,False
500,10,65,0.27412647008895874,False
500,10,70,0.3186665177345276,False
500,10,75,0.41640838980674744,False
500,10,80,0.2138693630695343,False
500,10,85,0.34717434644699097,False
500,10,90,0.48294079303741455,False
500,10,95,0.18204332888126373,False
500,10,100,0.3135892450809479,False
500,10,105,0.12749998271465302,False
500,10,110,0.4427579939365387,False
500,10,115,0.3056604862213135,False
500,10,120,0.3142003118991852,False
500,10,125,0.2737818956375122,False
500,10,130,0.33375421166419983,False
500,10,135,0.42082589864730835,False
500,10,140,0.37016060948371887,False
500,10,145,0.154667466878891,False
500,10,150,0.39261066913604736,False
500,10,155,0.8126871585845947,False
500,10,160,0.30802783370018005,False
500,10,165,0.4059849977493286,False
500,10,170,0.34645307064056396,False
500,10,175,0.1970996856689453,False
500,10,180,0.20049160718917847,False
500,10,185,0.040447261184453964,False
500,10,190,0.08244790881872177,False
500,10,195,0.09878081828355789,False
500,10,200,0.22116823494434357,False
500,10,205,0.11303441226482391,False
500,10,210,0.19252777099609375,False
500,10,215,0.24957357347011566,False
500,10,220,0.1943746954202652,False
500,10,225,0.48010358214378357,False
500,10,230,0.3630846440792084,False
500,10,235,0.3772917687892914,False
500,10,240,0.29053834080696106,False
500,10,245,0.6116795539855957,False
500,10,250,0.2781253159046173,False
500,10,255,0.34731435775756836,False
500,10,260,0.24741265177726746,False
500,10,265,0.16643956303596497,False
500,10,270,0.38968023657798767,False
500,10,275,0.3116874694824219,False
500,10,280,0.3109990656375885,False
500,10,285,0.20778852701187134,False
500,10,290,0.17493650317192078,False
500,10,295,0.3451816141605377,False
500,10,300,0.12957754731178284,False
500,10,305,0.1766033172607422,False
500,10,310,0.23713454604148865,False
500,10,315,0.34926578402519226,False
500,10,320,0.36793753504753113,False
500,10,325,0.23459409177303314,False
500,10,330,0.3913111090660095,False
500,10,335,0.2716297507286072,False
500,10,340,0.3093951642513275,False
500,10,345,0.2844381332397461,False
500,10,350,0.21764276921749115,False
500,10,355,0.4074779450893402,False
500,10,360,0.3559092581272125,False
500,10,365,0.430043488740921,False
500,10,370,0.22357481718063354,False
500,10,375,0.4087909162044525,False
500,10,380,0.4758240282535553,False
500,10,385,0.5404077172279358,False
500,10,390,0.30459290742874146,False
500,10,395,0.3824367821216583,False
500,10,400,0.2917528450489044,False
500,10,405,0.2340959906578064,False
500,11,10,0.11200320720672607,False
500,11,15,0.28189170360565186,False
500,11,20,0.5548686981201172,False
500,11,25,0.45097705721855164,False
500,11,30,0.38004133105278015,False
500,11,35,0.4571409225463867,False
500,11,40,0.615985631942749,False
500,11,45,0.3228723704814911,False
500,11,50,1.1473181247711182,False
500,11,55,1.3705192804336548,False
500,11,60,0.3720601201057434,False
500,11,65,0.34494197368621826,False
500,11,70,1.3743075132369995,False
500,11,75,1.1847341060638428,False
500,11,80,1.6589770317077637,False
500,11,85,0.22230441868305206,False
500,11,90,1.9495272636413574,False
500,11,95,1.9951231479644775,False
500,11,100,0.3276737630367279,False
500,11,105,0.5359494686126709,False
500,11,110,0.43820253014564514,False
500,11,115,0.33976560831069946,False
500,11,120,0.28426262736320496,False
500,11,125,1.1281250715255737,False
500,11,130,0.33991408348083496,False
500,11,135,0.2084566354751587,False
500,11,140,0.16012339293956757,False
500,11,145,0.22691404819488525,False
500,11,150,0.38007742166519165,False
500,11,155,0.3027137219905853,False
500,11,160,0.3988742530345917,False
500,11,165,0.388310045003891,False
500,11,170,0.3213883936405182,False
500,11,175,1.7274837493896484,False
500,11,180,0.36294788122177124,False
500,11,185,0.3382306694984436,False
500,11,190,0.35058483481407166,False
500,11,195,0.25396671891212463,False
500,11,200,0.2868686020374298,False
500,11,205,0.3149493932723999,False
500,11,210,0.2327743023633957,False
500,11,215,0.26607754826545715,False
500,11,220,0.27120089530944824,False
500,11,225,0.31621742248535156,False
500,11,230,0.24919575452804565,False
500,11,235,0.33267495036125183,False
500,11,240,0.38180094957351685,False
500,11,245,0.37817054986953735,False
500,11,250,0.20748065412044525,False
500,11,255,0.18098725378513336,False
500,11,260,0.2852783799171448,False
500,11,265,0.33228498697280884,False
500,11,270,0.4029741585254669,False
500,11,275,0.26357853412628174,False
500,11,280,0.21398985385894775,False
500,11,285,0.3496566414833069,False
500,11,290,0.24182909727096558,False
500,11,295,0.42040708661079407,False
500,11,300,0.3267248272895813,False
500,11,305,0.19504866003990173,False
500,11,310,0.07422082126140594,False
500,11,315,0.13777974247932434,False
500,11,320,0.07316265255212784,False
500,11,325,0.12251190841197968,False
500,11,330,0.2884027659893036,False
500,11,335,0.09881453216075897,False
500,11,340,0.1721327006816864,False
500,11,345,0.2172631025314331,False
500,11,350,0.24753625690937042,False
500,11,355,0.1005534753203392,False
500,11,360,0.13717079162597656,False
500,11,365,0.2200622260570526,False
500,11,370,0.26520225405693054,False
500,11,375,0.30305618047714233,False
500,11,380,0.26686570048332214,False
500,11,385,0.34288346767425537,False
500,11,390,0.23773226141929626,False
500,11,395,0.2233184278011322,False
500,11,400,0.15894648432731628,False
500,11,405,0.18975435197353363,False
500,12,10,0.1779794991016388,False
500,12,15,0.27382180094718933,False
500,12,20,0.4772375226020813,False
500,12,25,0.31602296233177185,False
500,12,30,0.1500440388917923,False
500,12,35,0.21873517334461212,False
500,12,40,0.22039847075939178,False
500,12,45,0.28907522559165955,False
500,12,50,0.16585882008075714,False
500,12,55,0.13829141855239868,False
500,12,60,0.21959644556045532,False
500,12,65,0.21045640110969543,False
500,12,70,0.13680939376354218,False
500,12,75,0.1680060476064682,False
500,12,80,0.2405204474925995,False
500,12,85,0.2941412031650543,False
500,12,90,0.33611544966697693,False
500,12,95,0.24933545291423798,False
500,12,100,0.34498846530914307,False
500,12,105,0.3496449887752533,False
500,12,110,0.48905500769615173,False
500,12,115,0.4865972697734833,False
500,12,120,0.35847896337509155,False
500,12,125,0.3030107319355011,False
500,12,130,0.2887308895587921,False
500,12,135,0.2409360408782959,False
500,12,140,0.39178919792175293,False
500,12,145,0.21111461520195007,False
500,12,150,0.3894379734992981,False
500,12,155,0.4214996099472046,False
500,12,160,0.4327132999897003,False
500,12,165,0.29524970054626465,False
500,12,170,0.1695302128791809,False
500,12,175,0.423946350812912,False
500,12,180,0.4015567898750305,False
500,12,185,0.4801095426082611,False
500,12,190,0.3221513032913208,False
500,12,195,0.2899634838104248,False
500,12,200,0.22713325917720795,False
500,12,205,0.1502549797296524,False
500,12,210,0.15838055312633514,False
500,12,215,0.22508327662944794,False
500,12,220,0.3645242750644684,False
500,12,225,0.400438129901886,False
500,12,230,0.13905975222587585,False
500,12,235,0.097468800842762,False
500,12,240,0.23255792260169983,False
500,12,245,0.3009299039840698,False
500,12,250,0.2457687109708786,False
500,12,255,0.24166440963745117,False
500,12,260,0.348186731338501,False
500,12,265,0.35313287377357483,False
500,12,270,0.20436154305934906,False
500,12,275,0.18135684728622437,False
500,12,280,0.3443814814090729,False
500,12,285,0.4980821907520294,False
500,12,290,0.33299535512924194,False
500,12,295,0.07170334458351135,False
500,12,300,0.1722663938999176,False
500,12,305,0.25315433740615845,False
500,12,310,0.27939337491989136,False
500,12,315,0.39039182662963867,False
500,12,320,0.18654540181159973,False
500,12,325,0.19349537789821625,False
500,12,330,0.4282236099243164,False
500,12,335,0.1546708047389984,False
500,12,340,0.1298687756061554,False
500,12,345,0.4276568293571472,False
500,12,350,0.18899564445018768,False
500,12,355,0.3620319664478302,False
500,12,360,0.5014000535011292,False
500,12,365,0.4407498240470886,False
500,12,370,0.24064844846725464,False
500,12,375,0.121201291680336,False
500,12,380,0.30410122871398926,False
500,12,385,0.29481053352355957,False
500,12,390,0.3488136827945709,False
500,12,395,0.23368211090564728,False
500,12,400,0.10877281427383423,False
500,12,405,0.14865542948246002,False
500,13,10,0.07862811535596848,False
500,13,15,0.25752440094947815,False
500,13,20,0.37289416790008545,False
500,13,25,0.42929607629776,False
500,13,30,0.42816829681396484,False
500,13,35,0.3027172386646271,False
500,13,40,0.34233659505844116,False
500,13,45,0.502682089805603,False
500,13,50,0.348818838596344,False
500,13,55,1.362412929534912,False
500,13,60,0.22331243753433228,False
500,13,65,0.44510677456855774,False
500,13,70,0.3691122531890869,False
500,13,75,0.3581823706626892,False
500,13,80,1.7444229125976562,False
500,13,85,0.8424080014228821,False
500,13,90,1.923948049545288,False
500,13,95,2.034374475479126,False
500,13,100,0.4354414641857147,False
500,13,105,0.3636915981769562,False
500,13,110,0.3608415126800537,False
500,13,115,0.28378361463546753,False
500,13,120,0.19911165535449982,False
500,13,125,0.2405235767364502,False
500,13,130,0.20676568150520325,False
500,13,135,0.23392358422279358,False
500,13,140,0.28929054737091064,False
500,13,145,0.25613194704055786,False
500,13,150,0.5865864157676697,False
500,13,155,1.916323184967041,False
500,13,160,0.37158524990081787,False
500,13,165,0.5428411960601807,False
500,13,170,0.3968423902988434,False
500,13,175,1.361367106437683,False
500,13,180,0.10061267763376236,False
500,13,185,0.3084785044193268,False
500,13,190,0.35281801223754883,False
500,13,195,0.35735923051834106,False
500,13,200,0.31034451723098755,False
500,13,205,0.23794202506542206,False
500,13,210,0.19555553793907166,False
500,13,215,0.16237741708755493,False
500,13,220,0.20710812509059906,False
500,13,225,0.19044166803359985,False
500,13,230,0.3095230460166931,False
500,13,235,0.27627748250961304,False
500,13,240,0.482512503862381,False
500,13,245,0.11050605028867722,False
500,13,250,0.29740089178085327,False
500,13,255,0.3182235062122345,False
500,13,260,0.2528091371059418,False
500,13,265,0.3641888201236725,False
500,13,270,0.4759143888950348,False
500,13,275,0.604929506778717,False
500,13,280,0.8819760084152222,False
500,13,285,0.1396094262599945,False
500,13,290,0.5555573105812073,False
500,13,295,0.5151229500770569,False
500,13,300,0.42091894149780273,False
500,13,305,0.3102928698062897,False
500,13,310,0.36123138666152954,False
500,13,315,0.24174538254737854,False
500,13,320,0.2700340151786804,False
500,13,325,0.2603408396244049,False
500,13,330,0.14753839373588562,False
500,13,335,0.5456811785697937,False
500,13,340,0.5307804942131042,False
500,13,345,0.2757684588432312,False
500,13,350,0.5362171530723572,False
500,13,355,0.4950895607471466,False
500,13,360,0.3152894973754883,False
500,13,365,0.34601885080337524,False
500,13,370,0.12452638894319534,False
500,13,375,0.10572098940610886,False
500,13,380,0.32031118869781494,False
500,13,385,0.3909880518913269,False
500,13,390,0.30184558033943176,False
500,13,395,0.5806689262390137,False
500,13,400,0.29187026619911194,False
500,13,405,0.48098331689834595,False
500,14,10,0.09149175137281418,False
500,14,15,0.25914475321769714,False
500,14,20,0.5674123764038086,False
500,14,25,0.6232287883758545,False
500,14,30,0.6375201940536499,False
500,14,35,0.4485163688659668,False
500,14,40,0.3960050642490387,False
500,14,45,0.33018532395362854,False
500,14,50,0.5296192765235901,False
500,14,55,0.47800901532173157,False
500,14,60,0.2192203849554062,False
500,14,65,0.22198142111301422,False
500,14,70,0.31124335527420044,False
500,14,75,0.496735543012619,False
500,14,80,0.4299546182155609,False
500,14,85,1.2696449756622314,False
500,14,90,0.3964610695838928,False
500,14,95,0.24786296486854553,False
500,14,100,0.4831559658050537,False
500,14,105,0.5312562584877014,False
500,14,110,0.3894313871860504,False
500,14,115,0.24942004680633545,False
500,14,120,0.2637491524219513,False
500,14,125,0.3179754316806793,False
500,14,130,0.2869330644607544,False
500,14,135,0.1937182992696762,False
500,14,140,0.2772879898548126,False
500,14,145,0.2892616093158722,False
500,14,150,0.2856213450431824,False
500,14,155,0.23023390769958496,False
500,14,160,0.33066609501838684,False
500,14,165,0.3399735391139984,False
500,14,170,0.3167462646961212,False
500,14,175,1.6761938333511353,False
500,14,180,0.10416804999113083,False
500,14,185,0.1961890012025833,False
500,14,190,0.08578229695558548,False
500,14,195,0.037287622690200806,False
500,14,200,0.21543331444263458,False
500,14,205,0.2662431597709656,False
500,14,210,0.2885224521160126,False
500,14,215,0.19659174978733063,False
500,14,220,0.2194358855485916,False
500,14,225,0.12916098535060883,False
500,14,230,0.18389014899730682,False
500,14,235,0.3480873107910156,False
500,14,240,0.38641825318336487,False
500,14,245,0.2398698627948761,False
500,14,250,0.19808323681354523,False
500,14,255,0.19640502333641052,False
500,14,260,0.182631716132164,False
500,14,265,0.2824414372444153,False
500,14,270,0.29190218448638916,False
500,14,275,0.22451753914356232,False
500,14,280,0.33073341846466064,False
500,14,285,0.20716993510723114,False
500,14,290,0.3222053647041321,False
500,14,295,0.430488646030426,False
500,14,300,0.29498445987701416,False
500,14,305,0.2661963403224945,False
500,14,310,0.3228549361228943,False
500,14,315,0.4817892611026764,False
500,14,320,0.2629445493221283,False
500,14,325,0.24434714019298553,False
500,14,330,0.3680730164051056,False
500,14,335,0.3615696430206299,False
500,14,340,0.4308631420135498,False
500,14,345,0.41084885597229004,False
500,14,350,0.35925111174583435,False
500,14,355,0.3800352215766907,False
500,14,360,0.3346095085144043,False
500,14,365,0.38843655586242676,False
500,14,370,0.2199295312166214,False
500,14,375,0.1985209882259369,False
500,14,380,0.3729879856109619,False
500,14,385,0.29857194423675537,False
500,14,390,0.28280338644981384,False
500,14,395,0.3339153528213501,False
500,14,400,0.22049261629581451,False
500,14,405,0.39754533767700195,False
500,15,10,0.26020172238349915,False
500,15,15,0.26000961661338806,False
500,15,20,0.25652971863746643,False
500,15,25,0.08297144621610641,False
500,15,30,0.09031406790018082,False
500,15,35,0.13519123196601868,False
500,15,40,0.1139562800526619,False
500,15,45,0.1192958727478981,False
500,15,50,0.10023550689220428,False
500,15,55,0.0928037166595459,False
500,15,60,0.10770554840564728,False
500,15,65,0.10065522789955139,False
500,15,70,0.07295410335063934,False
500,15,75,0.1341502070426941,False
500,15,80,0.11983001977205276,False
500,15,85,0.11848681420087814,False
500,15,90,0.12441197037696838,False
500,15,95,0.17541439831256866,False
500,15,100,0.13692227005958557,False
500,15,105,0.19108957052230835,False
500,15,110,0.22310243546962738,False
500,15,115,0.23016245663166046,False
500,15,120,0.27143043279647827,False
500,15,125,0.47478950023651123,False
500,15,130,0.6670830845832825,False
500,15,135,0.6104763746261597,False
500,15,140,0.6113465428352356,False
500,15,145,0.5117904543876648,False
500,15,150,0.506804347038269,False
500,15,155,0.49954554438591003,False
500,15,160,0.5372624397277832,False
500,15,165,0.21129263937473297,False
500,15,170,0.06804605573415756,False
500,15,175,0.3233190178871155,False
500,15,180,0.41992026567459106,False
500,15,185,0.22196704149246216,False
500,15,190,0.14523190259933472,False
500,15,195,0.17310908436775208,False
500,15,200,0.18735074996948242,False
500,15,205,0.06392115354537964,False
500,15,210,0.058145035058259964,False
500,15,215,0.07162154465913773,False
500,15,220,0.08797138184309006,False
500,15,225,0.025586480274796486,False
500,15,230,0.046202316880226135,False
500,15,235,0.10073917359113693,False
500,15,240,0.10500737279653549,False
500,15,245,0.14785952866077423,False
500,15,250,0.20846351981163025,False
500,15,255,0.14520280063152313,False
500,15,260,0.13732747733592987,False
500,15,265,0.07714333385229111,False
500,15,270,0.09214379638433456,False
500,15,275,0.09502597898244858,False
500,15,280,0.0923340693116188,False
500,15,285,0.07419820129871368,False
500,15,290,0.10288630425930023,False
500,15,295,0.10553357005119324,False
500,15,300,0.09937351197004318,False
500,15,305,0.11717311292886734,False
500,15,310,0.1452207863330841,False
500,15,315,0.21011465787887573,False
500,15,320,0.19622142612934113,False
500,15,325,0.22387143969535828,False
500,15,330,0.5936118364334106,False
500,15,335,0.6431117653846741,False
500,15,340,0.6572893261909485,False
500,15,345,0.6491771340370178,False
500,15,350,0.5026482939720154,False
500,15,355,0.6249687671661377,False
500,15,360,0.6722185015678406,False
500,15,365,0.5315224528312683,False
500,15,370,0.5770419239997864,False
500,15,375,0.5205869674682617,False
500,15,380,0.5045957565307617,False
500,15,385,0.5251369476318359,False
500,15,390,0.354256808757782,False
500,15,395,0.1719665229320526,False
500,15,400,0.15692901611328125,False
500,15,405,0.17251867055892944,False
500,16,10,0.13653868436813354,False
500,16,15,0.2842966914176941,False
500,16,20,0.4265127182006836,False
500,16,25,0.31684359908103943,False
500,16,30,0.31546157598495483,False
500,16,35,0.424964040517807,False
500,16,40,0.26951226592063904,False
500,16,45,0.35907039046287537,False
500,16,50,0.5419573783874512,False
500,16,55,0.21665267646312714,False
500,16,60,0.2479752004146576,False
500,16,65,0.18895605206489563,False
500,16,70,0.11627081781625748,False
500,16,75,0.2919761836528778,False
500,16,80,0.23867066204547882,False
500,16,85,0.23971614241600037,False
500,16,90,0.03315120190382004,False
500,16,95,0.17675262689590454,False
500,16,100,0.09952870011329651,False
500,16,105,0.0787976011633873,False
500,16,110,0.3848872780799866,False
500,16,115,0.646629810333252,False
500,16,120,0.38464996218681335,False
500,16,125,0.4865991771221161,False
500,16,130,0.17203715443611145,False
500,16,135,0.31583669781684875,False
500,16,140,0.22911381721496582,False
500,16,145,0.5865823030471802,False
500,16,150,0.11839433014392853,False
500,16,155,0.2991226315498352,False
500,16,160,0.5329008102416992,False
500,16,165,0.14778898656368256,False
500,16,170,0.24028101563453674,False
500,16,175,0.236747607588768,False
500,16,180,0.10333690047264099,False
500,16,185,0.07731617987155914,False
500,16,190,0.09415929019451141,False
500,16,195,0.4121035039424896,False
500,16,200,0.3532930314540863,False
500,16,205,0.287967711687088,False
500,16,210,0.4931075870990753,False
500,16,215,0.21092577278614044,False
500,16,220,0.40437737107276917,False
500,16,225,0.2847362756729126,False
500,16,230,0.3767918050289154,False
500,16,235,0.5376760363578796,False
500,16,240,0.5313778519630432,False
500,16,245,0.15223509073257446,False
500,16,250,0.26143622398376465,False
500,16,255,0.4495563209056854,False
500,16,260,0.23233401775360107,False
500,16,265,0.16346091032028198,False
500,16,270,0.6408379673957825,False
500,16,275,0.2630217671394348,False
500,16,280,0.12472322583198547,False
500,16,285,0.12062260508537292,False
500,16,290,0.028390225023031235,False
500,16,295,0.44012558460235596,False
500,16,300,0.06457024812698364,False
500,16,305,0.316651314496994,False
500,16,310,0.6724156141281128,False
500,16,315,0.20488318800926208,False
500,16,320,0.34398484230041504,False
500,16,325,0.3982698619365692,False
500,16,330,0.2523212730884552,False
500,16,335,0.7507388591766357,False
500,16,340,0.1517692506313324,False
500,16,345,0.0818612203001976,False
500,16,350,0.5260346531867981,False
500,16,355,0.2374482899904251,False
500,16,360,0.6005764603614807,False
500,16,365,0.0682855024933815,False
500,16,370,0.32644131779670715,False
500,16,375,0.25422871112823486,False
500,16,380,0.4686892032623291,False
500,16,385,0.27882635593414307,False
500,16,390,0.11891287565231323,False
500,16,395,0.20856666564941406,False
500,16,400,0.07945507764816284,False
500,16,405,0.24700725078582764,False
500,17,10,0.22843055427074432,False
500,17,15,0.33121728897094727,False
500,17,20,0.4780562222003937,False
500,17,25,0.48601508140563965,False
500,17,30,0.4374176859855652,False
500,17,35,0.43425607681274414,False
500,17,40,0.5199375748634338,False
500,17,45,0.4712817072868347,False
500,17,50,0.5943912267684937,False
500,17,55,0.28801023960113525,False
500,17,60,0.4977402091026306,False
500,17,65,0.3729925751686096,False
500,17,70,0.28084462881088257,False
500,17,75,0.4153331220149994,False
500,17,80,1.1752818822860718,False
500,17,85,0.24164189398288727,False
500,17,90,1.9505361318588257,False
500,17,95,1.9956254959106445,False
500,17,100,0.34586694836616516,False
500,17,105,0.5030245184898376,False
500,17,110,0.35807228088378906,False
500,17,115,0.32751038670539856,False
500,17,120,0.32065147161483765,False
500,17,125,0.8065521121025085,False
500,17,130,0.2958676517009735,False
500,17,135,1.8902989625930786,False
500,17,140,0.3479640483856201,False
500,17,145,0.437649667263031,False
500,17,150,0.5657777190208435,False
500,17,155,0.45501378178596497,False
500,17,160,0.4694853723049164,False
500,17,165,2.002906560897827,False
500,17,170,1.991653561592102,False
500,17,175,1.4038070440292358,False
500,17,180,0.09859263896942139,False
500,17,185,0.3643062114715576,False
500,17,190,0.3232002854347229,False
500,17,195,0.35858479142189026,False
500,17,200,0.3655303418636322,False
500,17,205,0.35791558027267456,False
500,17,210,0.3107338547706604,False
500,17,215,0.38428112864494324,False
500,17,220,0.27878957986831665,False
500,17,225,0.18937882781028748,False
500,17,230,0.40296342968940735,False
500,17,235,0.3209632635116577,False
500,17,240,0.3048422634601593,False
500,17,245,0.13056723773479462,False
500,17,250,0.3422689139842987,False
500,17,255,0.21498148143291473,False
500,17,260,0.2563363015651703,False
500,17,265,0.3221367299556732,False
500,17,270,0.3028907775878906,False
500,17,275,0.40176767110824585,False
500,17,280,0.292769193649292,False
500,17,285,0.2086765468120575,False
500,17,290,0.3018239140510559,False
500,17,295,0.41503825783729553,False
500,17,300,0.1975923627614975,False
500,17,305,0.197292760014534,False
500,17,310,0.2694260776042938,False
500,17,315,0.24652785062789917,False
500,17,320,0.20533691346645355,False
500,17,325,0.21476143598556519,False
500,17,330,0.11057808250188828,False
500,17,335,0.29659903049468994,False
500,17,340,0.3097745478153229,False
500,17,345,0.12533727288246155,False
500,17,350,0.3124803602695465,False
500,17,355,0.2535174489021301,False
500,17,360,0.15840494632720947,False
500,17,365,0.15443190932273865,False
500,17,370,0.15788498520851135,False
500,17,375,0.2225065529346466,False
500,17,380,0.21522513031959534,False
500,17,385,0.2366112321615219,False
500,17,390,0.34181907773017883,False
500,17,395,0.20997905731201172,False
500,17,400,0.07757813483476639,False
500,17,405,0.1301567256450653,False
500,18,10,0.16873157024383545,False
500,18,15,0.336580753326416,False
500,18,20,0.5033490657806396,False
500,18,25,0.41121628880500793,False
500,18,30,0.31021183729171753,False
500,18,35,0.4738777279853821,False
500,18,40,0.28871777653694153,False
500,18,45,0.24171550571918488,False
500,18,50,0.18139959871768951,False
500,18,55,0.2703876197338104,False
500,18,60,0.1558629870414734,False
500,18,65,0.18409651517868042,False
500,18,70,0.19154052436351776,False
500,18,75,0.15236708521842957,False
500,18,80,0.16819313168525696,False
500,18,85,0.1808837503194809,False
500,18,90,0.11137045174837112,False
500,18,95,0.26698142290115356,False
500,18,100,0.16327665746212006,False
500,18,105,0.11609159409999847,False
500,18,110,0.20589207112789154,False
500,18,115,0.2557567358016968,False
500,18,120,0.26590102910995483,False
500,18,125,0.26783204078674316,False
500,18,130,0.1985548585653305,False
500,18,135,0.19496993720531464,False
500,18,140,0.12798841297626495,False
500,18,145,0.09897832572460175,False
500,18,150,0.15026220679283142,False
500,18,155,0.1252538114786148,False
500,18,160,0.05860429257154465,False
500,18,165,0.183113232254982,False
500,18,170,0.23226511478424072,False
500,18,175,0.11197386682033539,False
500,18,180,0.2021002620458603,False
500,18,185,0.09215898811817169,False
500,18,190,0.08407410979270935,False
500,18,195,0.19883038103580475,False
500,18,200,0.1862366646528244,False
500,18,205,0.21454571187496185,False
500,18,210,0.1149219274520874,False
500,18,215,0.15511944890022278,False
500,18,220,0.2182529717683792,False
500,18,225,0.29010793566703796,False
500,18,230,0.0550399050116539,False
500,18,235,0.06321705132722855,False
500,18,240,0.10028614848852158,False
500,18,245,0.4145418107509613,False
500,18,250,0.09109389036893845,False
500,18,255,0.3671986162662506,False
500,18,260,0.16989542543888092,False
500,18,265,0.18425554037094116,False
500,18,270,0.14325454831123352,False
500,18,275,0.09835943579673767,False
500,18,280,0.2874312400817871,False
500,18,285,0.5389930605888367,False
500,18,290,0.27774712443351746,False
500,18,295,0.09709843248128891,False
500,18,300,0.09199676662683487,False
500,18,305,0.14434897899627686,False
500,18,310,0.27533501386642456,False
500,18,315,0.5384967923164368,False
500,18,320,0.26095837354660034,False
500,18,325,0.17563334107398987,False
500,18,330,0.6264285445213318,False
500,18,335,0.1951134204864502,False
500,18,340,0.19275371730327606,False
500,18,345,0.404133141040802,False
500,18,350,0.10615471005439758,False
500,18,355,0.09041132032871246,False
500,18,360,0.4347282946109772,False
500,18,365,0.3891869783401489,False
500,18,370,0.3754946291446686,False
500,18,375,0.2981644570827484,False
500,18,380,0.25390806794166565,False
500,18,385,0.2351059913635254,False
500,18,390,0.3404655158519745,False
500,18,395,0.33886295557022095,False
500,18,400,0.128350168466568,False
500,18,405,0.1938817948102951,False
500,19,10,0.13249027729034424,False
500,19,15,0.29793670773506165,False
500,19,20,0.4312094748020172,False
500,19,25,0.42587026953697205,False
500,19,30,0.38627710938453674,False
500,19,35,0.5236067771911621,False
500,19,40,0.6647183299064636,False
500,19,45,0.761915922164917,False
500,19,50,0.6737029552459717,False
500,19,55,0.5563973784446716,False
500,19,60,0.3626680076122284,False
500,19,65,0.8176512718200684,False
500,19,70,1.405988335609436,False
500,19,75,1.432043194770813,False
500,19,80,1.720341444015503,False
500,19,85,0.3203313648700714,False
500,19,90,2.007394313812256,False
500,19,95,1.5471917390823364,False
500,19,100,0.11907604336738586,False
500,19,105,0.2738562524318695,False
500,19,110,1.3768154382705688,False
500,19,115,1.6218492984771729,False
500,19,120,0.3124240040779114,False
500,19,125,1.0860909223556519,False
500,19,130,0.12441016733646393,False
500,19,135,1.317971110343933,False
500,19,140,0.6925428509712219,False
500,19,145,0.2605360150337219,False
500,19,150,0.43865683674812317,False
500,19,155,1.048038363456726,False
500,19,160,0.3730923533439636,False
500,19,165,0.37053924798965454,False
500,19,170,0.33596137166023254,False
500,19,175,1.8291692733764648,False
500,19,180,0.1532425731420517,False
500,19,185,0.1992262601852417,False
500,19,190,0.17998585104942322,False
500,19,195,0.23622089624404907,False
500,19,200,0.2892889082431793,False
500,19,205,0.22613351047039032,False
500,19,210,0.1803218424320221,False
500,19,215,0.13451915979385376,False
500,19,220,0.1781717836856842,False
500,19,225,0.13696900010108948,False
500,19,230,0.22773557901382446,False
500,19,235,0.3260081708431244,False
500,19,240,0.4272508919239044,False
500,19,245,0.41216588020324707,False
500,19,250,0.2525237798690796,False
500,19,255,0.18561166524887085,False
500,19,260,0.2196626365184784,False
500,19,265,0.14666911959648132,False
500,19,270,0.25919294357299805,False
500,19,275,0.2003597766160965,False
500,19,280,0.1644660234451294,False
500,19,285,0.254006952047348,False
500,19,290,0.2388017177581787,False
500,19,295,0.3442138731479645,False
500,19,300,0.20191000401973724,False
500,19,305,0.3578658699989319,False
500,19,310,0.36584511399269104,False
500,19,315,0.25235703587532043,False
500,19,320,0.35374006628990173,False
500,19,325,0.3080974221229553,False
500,19,330,0.5648198127746582,False
500,19,335,0.3921397030353546,False
500,19,340,0.23058342933654785,False
500,19,345,0.20343805849552155,False
500,19,350,0.3939887583255768,False
500,19,355,0.19082702696323395,False
500,19,360,0.27806195616722107,False
500,19,365,0.46516212821006775,False
500,19,370,0.42675867676734924,False
500,19,375,0.37508437037467957,False
500,19,380,0.4422701299190521,False
500,19,385,0.5027036666870117,False
500,19,390,0.3781900107860565,False
500,19,395,0.4837917983531952,False
500,19,400,0.4409087002277374,False
500,19,405,0.4453645646572113,False
500,20,10,0.14706245064735413,False
500,20,15,0.2977861762046814,False
500,20,20,0.44026508927345276,False
500,20,25,0.3172897398471832,False
500,20,30,0.2116844207048416,False
500,20,35,0.1446102410554886,False
500,20,40,0.1668224334716797,False
500,20,45,0.2646212875843048,False
500,20,50,0.1514284461736679,False
500,20,55,0.1220831647515297,False
500,20,60,0.21728767454624176,False
500,20,65,0.18819274008274078,False
500,20,70,0.12254474312067032,False
500,20,75,0.22015176713466644,False
500,20,80,0.23750855028629303,False
500,20,85,0.3260281980037689,False
500,20,90,0.3186934292316437,False
500,20,95,0.2177627682685852,False
500,20,100,0.22830554842948914,False
500,20,105,0.3760263919830322,False
500,20,110,0.4508964717388153,False
500,20,115,0.29517775774002075,False
500,20,120,0.2537238299846649,False
500,20,125,0.27706217765808105,False
500,20,130,0.26485541462898254,False
500,20,135,0.33454445004463196,False
500,20,140,0.2638826370239258,False
500,20,145,0.2883604168891907,False
500,20,150,0.40110933780670166,False
500,20,155,0.21877768635749817,False
500,20,160,0.16972573101520538,False
500,20,165,0.21841587126255035,False
500,20,170,0.1671031415462494,False
500,20,175,0.29454752802848816,False
500,20,180,0.27688172459602356,False
500,20,185,0.1169171929359436,False
500,20,190,0.08057741820812225,False
500,20,195,0.2610391080379486,False
500,20,200,0.25324103236198425,False
500,20,205,0.1309743970632553,False
500,20,210,0.14258219301700592,False
500,20,215,0.1789209395647049,False
500,20,220,0.06959754228591919,False
500,20,225,0.3565828800201416,False
500,20,230,0.09093978255987167,False
500,20,235,0.15448124706745148,False
500,20,240,0.20818613469600677,False
500,20,245,0.566591203212738,False
500,20,250,0.19648438692092896,False
500,20,255,0.5456093549728394,False
500,20,260,0.13816918432712555,False
500,20,265,0.24094952642917633,False
500,20,270,0.2084156572818756,False
500,20,275,0.19388960301876068,False
500,20,280,0.38279715180397034,False
500,20,285,0.31112906336784363,False
500,20,290,0.14754027128219604,False
500,20,295,0.2705065906047821,False
500,20,300,0.21295182406902313,False
500,20,305,0.13162387907505035,False
500,20,310,0.3805272877216339,False
500,20,315,0.38521742820739746,False
500,20,320,0.18015512824058533,False
500,20,325,0.2207319140434265,False
500,20,330,0.3602762818336487,False
500,20,335,0.2512032687664032,False
500,20,340,0.19932357966899872,False
500,20,345,0.35688087344169617,False
500,20,350,0.1380523294210434,False
500,20,355,0.1437595933675766,False
500,20,360,0.3435673713684082,False
500,20,365,0.40983301401138306,False
500,20,370,0.38767728209495544,False
500,20,375,0.34488028287887573,False
500,20,380,0.2775104343891144,False
500,20,385,0.28795984387397766,False
500,20,390,0.2894793748855591,False
500,20,395,0.22448715567588806,False
500,20,400,0.22508206963539124,False
500,20,405,0.36861535906791687,False
500,21,10,0.08600529283285141,False
500,21,15,0.26956436038017273,False
500,21,20,0.4910733699798584,False
500,21,25,0.5101798176765442,False
500,21,30,0.50355064868927,False
500,21,35,0.4778057038784027,False
500,21,40,0.4831739366054535,False
500,21,45,0.5690749287605286,False
500,21,50,0.7431729435920715,False
500,21,55,0.35228991508483887,False
500,21,60,0.5319433808326721,False
500,21,65,0.5912120938301086,False
500,21,70,0.406754732131958,False
500,21,75,0.5730679631233215,False
500,21,80,0.400505393743515,False
500,21,85,1.489856243133545,False
500,21,90,0.31967586278915405,False
500,21,95,0.17794550955295563,False
500,21,100,0.47810041904449463,False
500,21,105,0.5151011347770691,False
500,21,110,0.4227356016635895,False
500,21,115,0.3720442056655884,False
500,21,120,0.3124595582485199,False
500,21,125,0.3019675314426422,False
500,21,130,0.26294875144958496,False
500,21,135,0.26699528098106384,False
500,21,140,0.2248677760362625,False
500,21,145,0.3606894910335541,False
500,21,150,0.5709937810897827,False
500,21,155,0.4445323348045349,False
500,21,160,0.6517640352249146,False
500,21,165,0.3940114378929138,False
500,21,170,0.30056437849998474,False
500,21,175,1.6890554428100586,False
500,21,180,0.3808388411998749,False
500,21,185,0.5250878930091858,False
500,21,190,0.41191136837005615,False
500,21,195,0.470035582780838,False
500,21,200,0.2950316369533539,False
500,21,205,0.21691006422042847,False
500,21,210,0.2723645865917206,False
500,21,215,0.22761406004428864,False
500,21,220,0.2283504456281662,False
500,21,225,0.08250491321086884,False
500,21,230,0.14679571986198425,False
500,21,235,0.20197486877441406,False
500,21,240,0.2188291996717453,False
500,21,245,0.18944929540157318,False
500,21,250,0.0859510600566864,False
500,21,255,0.1114131435751915,False
500,21,260,0.07716194540262222,False
500,21,265,0.21569445729255676,False
500,21,270,0.2583332359790802,False
500,21,275,0.1370232254266739,False
500,21,280,0.1344691962003708,False
500,21,285,0.1660892218351364,False
500,21,290,0.13845640420913696,False
500,21,295,0.19876910746097565,False
500,21,300,0.023730218410491943,False
500,21,305,0.10003653168678284,False
500,21,310,0.40623942017555237,False
500,21,315,0.2992074191570282,False
500,21,320,0.31136706471443176,False
500,21,325,0.20262162387371063,False
500,21,330,0.34778839349746704,False
500,21,335,0.3775083124637604,False
500,21,340,0.37872087955474854,False
500,21,345,0.21447837352752686,False
500,21,350,0.30640730261802673,False
500,21,355,0.4339157044887543,False
500,21,360,0.19928596913814545,False
500,21,365,0.291734516620636,False
500,21,370,0.2700980603694916,False
500,21,375,0.3648739457130432,False
500,21,380,0.3864756226539612,False
500,21,385,0.44568586349487305,False
500,21,390,0.4176662862300873,False
500,21,395,0.3624613285064697,False
500,21,400,0.30985936522483826,False
500,21,405,0.4348274767398834,False
500,22,10,0.20828108489513397,False
500,22,15,0.2578074634075165,False
500,22,20,0.3825617730617523,False
500,22,25,0.27082934975624084,False
500,22,30,0.2618943750858307,False
500,22,35,0.2512306571006775,False
500,22,40,0.27610573172569275,False
500,22,45,0.652564287185669,False
500,22,50,0.572920560836792,False
500,22,55,0.4676087200641632,False
500,22,60,0.9546412825584412,False
500,22,65,0.817672073841095,False
500,22,70,0.20801948010921478,False
500,22,75,0.7031102180480957,False
500,22,80,0.3792109489440918,False
500,22,85,0.32051607966423035,False
500,22,90,0.43443727493286133,False
500,22,95,0.4233802258968353,False
500,22,100,0.35598209500312805,False
500,22,105,0.8437501788139343,False
500,22,110,0.4911295175552368,False
500,22,115,0.4194147288799286,False
500,22,120,0.5743893980979919,False
500,22,125,0.5358002185821533,False
500,22,130,0.8047855496406555,False
500,22,135,0.8219915628433228,False
500,22,140,0.7186970710754395,False
500,22,145,0.30054768919944763,False
500,22,150,0.5714188814163208,False
500,22,155,0.5215581059455872,False
500,22,160,0.738613486289978,False
500,22,165,0.2365567684173584,False
500,22,170,0.1640150547027588,False
500,22,175,0.5240187644958496,False
500,22,180,0.3570619225502014,False
500,22,185,0.2739707827568054,False
500,22,190,0.10787991434335709,False
500,22,195,0.10921773314476013,False
500,22,200,0.1306304931640625,False
500,22,205,0.11364490538835526,False
500,22,210,0.03579111769795418,False
500,22,215,0.0481497198343277,False
500,22,220,0.08195634186267853,False
500,22,225,1.1696865558624268,False
500,22,230,0.041063182055950165,False
500,22,235,0.06543808430433273,False
500,22,240,0.08739041537046432,False
500,22,245,0.09278327226638794,False
500,22,250,0.1451970934867859,False
500,22,255,0.33203253149986267,False
500,22,260,0.172279953956604,False
500,22,265,0.13109904527664185,False
500,22,270,0.7988108396530151,False
500,22,275,0.592516303062439,False
500,22,280,0.09912359714508057,False
500,22,285,0.08754605799913406,False
500,22,290,0.07382094115018845,False
500,22,295,0.09094344824552536,False
500,22,300,0.14205299317836761,False
500,22,305,0.060139164328575134,False
500,22,310,0.09570392221212387,False
500,22,315,0.1125282272696495,False
500,22,320,0.09810332953929901,False
500,22,325,0.10513630509376526,False
500,22,330,0.06449051201343536,False
500,22,335,0.0775175392627716,False
500,22,340,0.07270919531583786,False
500,22,345,0.06385926902294159,False
500,22,350,0.09229271858930588,False
500,22,355,0.10098123550415039,False
500,22,360,0.08971495926380157,False
500,22,365,0.08207842707633972,False
500,22,370,0.08083435893058777,False
500,22,375,0.0838589146733284,False
500,22,380,0.05633924901485443,False
500,22,385,0.04077005013823509,False
500,22,390,0.12383504956960678,False
500,22,395,0.23365658521652222,False
500,22,400,0.17829275131225586,False
500,22,405,0.17604783177375793,False
500,23,10,0.11426898092031479,False
500,23,15,0.3013899028301239,False
500,23,20,0.45773711800575256,False
500,23,25,0.3992793560028076,False
500,23,30,0.3526441156864166,False
500,23,35,0.4081821143627167,False
500,23,40,0.27916139364242554,False
500,23,45,0.4230400323867798,False
500,23,50,1.1666340827941895,False
500,23,55,0.2665991485118866,False
500,23,60,0.3139745593070984,False
500,23,65,0.28604191541671753,False
500,23,70,1.6178398132324219,False
500,23,75,0.9142494201660156,False
500,23,80,1.734697699546814,False
500,23,85,0.22956915199756622,False
500,23,90,1.9821693897247314,False
500,23,95,2.0080559253692627,False
500,23,100,0.3122965097427368,False
500,23,105,0.3486773669719696,False
500,23,110,0.4157547056674957,False
500,23,115,0.2796875238418579,False
500,23,120,0.3178991377353668,False
500,23,125,1.350245475769043,False
500,23,130,0.1857212334871292,False
500,23,135,0.14484307169914246,False
500,23,140,0.5329709053039551,False
500,23,145,0.1928103119134903,False
500,23,150,0.2636650502681732,False
500,23,155,0.15014170110225677,False
500,23,160,0.23095127940177917,False
500,23,165,0.2664008140563965,False
500,23,170,0.249276801943779,False
500,23,175,1.010918140411377,False
500,23,180,0.10968703776597977,False
500,23,185,0.3463607728481293,False
500,23,190,0.3247055113315582,False
500,23,195,0.35535475611686707,False
500,23,200,0.3124907910823822,False
500,23,205,0.22718645632266998,False
500,23,210,0.15665946900844574,False
500,23,215,0.2635543942451477,False
500,23,220,0.21608294546604156,False
500,23,225,0.10482227057218552,False
500,23,230,0.3009493350982666,False
500,23,235,0.2887531518936157,False
500,23,240,0.2958894670009613,False
500,23,245,0.2647587060928345,False
500,23,250,0.26349079608917236,False
500,23,255,0.24729809165000916,False
500,23,260,0.2374645322561264,False
500,23,265,0.22347955405712128,False
500,23,270,0.271054208278656,False
500,23,275,0.338665246963501,False
500,23,280,0.2628248333930969,False
500,23,285,0.332407683134079,False
500,23,290,0.22239720821380615,False
500,23,295,0.361084908246994,False
500,23,300,0.15160460770130157,False
500,23,305,0.29531949758529663,False
500,23,310,0.27439790964126587,False
500,23,315,0.2629343569278717,False
500,23,320,0.26749086380004883,False
500,23,325,0.1893894374370575,False
500,23,330,0.3220781683921814,False
500,23,335,0.1033761203289032,False
500,23,340,0.11076603084802628,False
500,23,345,0.3871404230594635,False
500,23,350,0.17203190922737122,False
500,23,355,0.206986665725708,False
500,23,360,0.47579512000083923,False
500,23,365,0.3542323410511017,False
500,23,370,0.31482410430908203,False
500,23,375,0.1645960658788681,False
500,23,380,0.18872873485088348,False
500,23,385,0.2061656266450882,False
500,23,390,0.09385117888450623,False
500,23,395,0.1506863236427307,False
500,23,400,0.08975923806428909,False
500,23,405,0.29159435629844666,False
500,24,10,0.06095567345619202,False
500,24,15,0.23534587025642395,False
500,24,20,0.4813048839569092,False
500,24,25,0.4377215802669525,False
500,24,30,0.40838268399238586,False
500,24,35,0.5428425669670105,False
500,24,40,0.46277064085006714,False
500,24,45,0.4225236177444458,False
500,24,50,0.7380334734916687,False
500,24,55,1.0113753080368042,False
500,24,60,0.3982561230659485,False
500,24,65,0.4007745683193207,False
500,24,70,0.3043234050273895,False
500,24,75,0.3481989800930023,False
500,24,80,0.3261779844760895,False
500,24,85,1.0376908779144287,False
500,24,90,1.828751802444458,False
500,24,95,0.10769873857498169,False
500,24,100,0.26023080945014954,False
500,24,105,0.2888716757297516,False
500,24,110,0.23377610743045807,False
500,24,115,0.2543144226074219,False
500,24,120,0.2398522049188614,False
500,24,125,0.32526224851608276,False
500,24,130,0.24188537895679474,False
500,24,135,0.18110181391239166,False
500,24,140,0.0761101171374321,False
500,24,145,0.28443261981010437,False
500,24,150,0.40058058500289917,False
500,24,155,0.22021959722042084,False
500,24,160,0.3754732310771942,False
500,24,165,0.32482078671455383,False
500,24,170,0.27469295263290405,False
500,24,175,1.4381844997406006,False
500,24,180,0.11144481599330902,False
500,24,185,0.21699243783950806,False
500,24,190,0.11078144609928131,False
500,24,195,0.10709962248802185,False
500,24,200,0.27885642647743225,False
500,24,205,0.23026931285858154,False
500,24,210,0.24899624288082123,False
500,24,215,0.2173909991979599,False
500,24,220,0.2144678682088852,False
500,24,225,0.17356610298156738,False
500,24,230,0.31200700998306274,False
500,24,235,0.3864041268825531,False
500,24,240,0.3984152674674988,False
500,24,245,0.1326797604560852,False
500,24,250,0.1629054844379425,False
500,24,255,0.1800960749387741,False
500,24,260,0.19611157476902008,False
500,24,265,0.2881318926811218,False
500,24,270,0.2083568423986435,False
500,24,275,0.4060940444469452,False
500,24,280,0.8739829063415527,False
500,24,285,0.25320500135421753,False
500,24,290,0.1541910469532013,False
500,24,295,0.3161768913269043,False
500,24,300,0.10929348319768906,False
500,24,305,0.11688750237226486,False
500,24,310,0.0919451043009758,False
500,24,315,0.10524503141641617,False
500,24,320,0.10600162297487259,False
500,24,325,0.1896529346704483,False
500,24,330,0.0739949494600296,False
500,24,335,0.1799977421760559,False
500,24,340,0.23090802133083344,False
500,24,345,0.15727294981479645,False
500,24,350,0.160983607172966,False
500,24,355,0.1519591063261032,False
500,24,360,0.09401347488164902,False
500,24,365,0.14390486478805542,False
500,24,370,0.12554745376110077,False
500,24,375,0.19448700547218323,False
500,24,380,0.11571575701236725,False
500,24,385,0.16717179119586945,False
500,24,390,0.19675888121128082,False
500,24,395,0.1058850809931755,False
500,24,400,0.13795842230319977,False
500,24,405,0.14147500693798065,False
500,25,10,0.10997980087995529,False
500,25,15,0.2587178349494934,False
500,25,20,0.4603573977947235,False
500,25,25,0.4029746651649475,False
500,25,30,0.40313082933425903,False
500,25,35,0.5925416350364685,False
500,25,40,0.6705178618431091,False
500,25,45,0.4591103494167328,False
500,25,50,0.6201054453849792,False
500,25,55,0.43792667984962463,False
500,25,60,0.4182623326778412,False
500,25,65,0.3083285391330719,False
500,25,70,0.5646669864654541,False
500,25,75,0.5246360301971436,False
500,25,80,0.4604261815547943,False
500,25,85,0.2802879214286804,False
500,25,90,0.33220258355140686,False
500,25,95,0.17702744901180267,False
500,25,100,0.28748348355293274,False
500,25,105,0.19122543931007385,False
500,25,110,0.3626812994480133,False
500,25,115,0.5982008576393127,False
500,25,120,0.4439883232116699,False
500,25,125,0.4989566504955292,False
500,25,130,0.3655681610107422,False
500,25,135,0.47635096311569214,False
500,25,140,0.33710023760795593,False
500,25,145,0.4313962757587433,False
500,25,150,0.39625799655914307,False
500,25,155,0.29746323823928833,False
500,25,160,0.5123974680900574,False
500,25,165,0.48499366641044617,False
500,25,170,0.365585595369339,False
500,25,175,0.4623158276081085,False
500,25,180,0.6233107447624207,False
500,25,185,0.4600166380405426,False
500,25,190,0.38972002267837524,False
500,25,195,0.5020334720611572,False
500,25,200,0.37425699830055237,False
500,25,205,0.4040003716945648,False
500,25,210,0.24397853016853333,False
500,25,215,0.22548620402812958,False
500,25,220,0.2243739366531372,False
500,25,225,0.31227990984916687,False
500,25,230,0.246079221367836,False
500,25,235,0.23025143146514893,False
500,25,240,0.3850974142551422,False
500,25,245,0.3114545941352844,False
500,25,250,0.28728410601615906,False
500,25,255,0.20202086865901947,False
500,25,260,0.23984695971012115,False
500,25,265,0.3204213082790375,False
500,25,270,0.25831806659698486,False
500,25,275,0.29150399565696716,False
500,25,280,0.29267606139183044,False
500,25,285,0.19921138882637024,False
500,25,290,0.24129711091518402,False
500,25,295,0.3128328025341034,False
500,25,300,0.16335667669773102,False
500,25,305,0.2983165383338928,False
500,25,310,0.3403336703777313,False
500,25,315,0.43304288387298584,False
500,25,320,0.3477645516395569,False
500,25,325,0.31754130125045776,False
500,25,330,0.40111419558525085,False
500,25,335,0.5692490339279175,False
500,25,340,0.48547396063804626,False
500,25,345,0.36876919865608215,False
500,25,350,0.42597395181655884,False
500,25,355,0.415490984916687,False
500,25,360,0.398510217666626,False
500,25,365,0.4520791471004486,False
500,25,370,0.358535498380661,False
500,25,375,0.41862237453460693,False
500,25,380,0.34879884123802185,False
500,25,385,0.39428332448005676,False
500,25,390,0.36552876234054565,False
500,25,395,0.4571976363658905,False
500,25,400,0.34618544578552246,False
500,25,405,0.4615384042263031,False
500,26,10,0.1860208660364151,False
500,26,15,0.3270367383956909,False
500,26,20,0.4045656621456146,False
500,26,25,0.2997749149799347,False
500,26,30,0.15551058948040009,False
500,26,35,0.16141930222511292,False
500,26,40,0.2096988558769226,False
500,26,45,0.2648339569568634,False
500,26,50,0.13784341514110565,False
500,26,55,0.20269684493541718,False
500,26,60,0.27081727981567383,False
500,26,65,0.217108815908432,False
500,26,70,0.1157192662358284,False
500,26,75,0.26735788583755493,False
500,26,80,0.22623896598815918,False
500,26,85,0.37994319200515747,False
500,26,90,0.423279732465744,False
500,26,95,0.30023521184921265,False
500,26,100,0.3480846583843231,False
500,26,105,0.33417388796806335,False
500,26,110,0.398944616317749,False
500,26,115,0.5216980576515198,False
500,26,120,0.38931411504745483,False
500,26,125,0.4620369076728821,False
500,26,130,0.5117276906967163,False
500,26,135,0.6286757588386536,False
500,26,140,0.1114044040441513,False
500,26,145,0.5274267792701721,False
500,26,150,0.5501766204833984,False
500,26,155,0.46169254183769226,False
500,26,160,0.6615592837333679,False
500,26,165,0.43474772572517395,False
500,26,170,0.3038675785064697,False
500,26,175,0.3707314431667328,False
500,26,180,0.5117332935333252,False
500,26,185,0.6603028178215027,False
500,26,190,0.4269154369831085,False
500,26,195,0.6932510733604431,False
500,26,200,0.3164967894554138,False
500,26,205,0.44742363691329956,False
500,26,210,0.4366321563720703,False
500,26,215,0.48198971152305603,False
500,26,220,0.19877073168754578,False
500,26,225,0.32438790798187256,False
500,26,230,0.4409727156162262,False
500,26,235,0.38517501950263977,False
500,26,240,0.3520769476890564,False
500,26,245,0.3720839023590088,False
500,26,250,0.34594911336898804,False
500,26,255,0.2906590700149536,False
500,26,260,0.11384453624486923,False
500,26,265,0.3775317668914795,False
500,26,270,0.18235111236572266,False
500,26,275,0.20090201497077942,False
500,26,280,0.16172358393669128,False
500,26,285,0.31719204783439636,False
500,26,290,0.41177937388420105,False
500,26,295,0.27184170484542847,False
500,26,300,0.1613200157880783,False
500,26,305,0.37969067692756653,False
500,26,310,0.327314168214798,False
500,26,315,0.2710808515548706,False
500,26,320,0.27939093112945557,False
500,26,325,0.1305951476097107,False
500,26,330,0.3165297210216522,False
500,26,335,0.21897202730178833,False
500,26,340,0.44436365365982056,False
500,26,345,0.7688242793083191,False
500,26,350,1.5181431770324707,False
500,26,355,1.223598599433899,False
500,26,360,0.27848896384239197,False
500,26,365,1.7472646236419678,False
500,26,370,0.2651721239089966,False
500,26,375,1.137851357460022,False
500,26,380,0.38530492782592773,False
500,26,385,0.8056496977806091,False
500,26,390,1.4395673274993896,False
500,26,395,1.4134420156478882,False
500,26,400,0.1634240597486496,False
500,26,405,0.4391065835952759,False
500,27,10,0.11766161769628525,False
500,27,15,0.2958116829395294,False
500,27,20,0.433023601770401,False
500,27,25,0.44016629457473755,False
500,27,30,0.3148508071899414,False
500,27,35,0.39006760716438293,False
500,27,40,0.5053771138191223,False
500,27,45,0.48630669713020325,False
500,27,50,0.5871449708938599,False
500,27,55,0.5647417306900024,False
500,27,60,0.45658451318740845,False
500,27,65,0.2453981637954712,False
500,27,70,0.2134552299976349,False
500,27,75,0.21169348061084747,False
500,27,80,1.185800313949585,False
500,27,85,1.8081672191619873,False
500,27,90,0.8107449412345886,False
500,27,95,0.30520346760749817,False
500,27,100,0.26772603392601013,False
500,27,105,0.31315985321998596,False
500,27,110,0.19720470905303955,False
500,27,115,0.2666512131690979,False
500,27,120,0.2755384147167206,False
500,27,125,0.3082168698310852,False
500,27,130,0.2683974802494049,False
500,27,135,0.22477975487709045,False
500,27,140,0.3256189227104187,False
500,27,145,0.2690078318119049,False
500,27,150,0.44665783643722534,False
500,27,155,0.25005894899368286,False
500,27,160,0.3918021619319916,False
500,27,165,0.3769398629665375,False
500,27,170,0.33189496397972107,False
500,27,175,1.8291770219802856,False
500,27,180,0.06435638666152954,False
500,27,185,0.23293840885162354,False
500,27,190,0.11750783026218414,False
500,27,195,0.17681138217449188,False
500,27,200,0.2678048610687256,False
500,27,205,0.2509136497974396,False
500,27,210,0.20963600277900696,False
500,27,215,0.2164638787508011,False
500,27,220,0.20545192062854767,False
500,27,225,0.25013312697410583,False
500,27,230,0.43912652134895325,False
500,27,235,0.37362995743751526,False
500,27,240,0.3825041651725769,False
500,27,245,0.37083062529563904,False
500,27,250,0.18266364932060242,False
500,27,255,0.2298680692911148,False
500,27,260,0.2925927937030792,False
500,27,265,0.0966935083270073,False
500,27,270,0.245606929063797,False
500,27,275,0.212947279214859,False
500,27,280,0.21961696445941925,False
500,27,285,0.24094417691230774,False
500,27,290,0.23312661051750183,False
500,27,295,0.12774503231048584,False
500,27,300,0.23710161447525024,False
500,27,305,0.2896384298801422,False
500,27,310,0.11407241225242615,False
500,27,315,0.2990124225616455,False
500,27,320,0.10513567179441452,False
500,27,325,0.12888596951961517,False
500,27,330,0.31633126735687256,False
500,27,335,0.19041669368743896,False
500,27,340,0.35126376152038574,False
500,27,345,0.13039332628250122,False
500,27,350,0.21160082519054413,False
500,27,355,0.19507622718811035,False
500,27,360,0.24171824753284454,False
500,27,365,0.2509935796260834,False
500,27,370,0.1415034830570221,False
500,27,375,0.36965346336364746,False
500,27,380,0.26830771565437317,False
500,27,385,0.35107576847076416,False
500,27,390,0.36077260971069336,False
500,27,395,0.44934481382369995,False
500,27,400,0.41024985909461975,False
500,27,405,0.3515812158584595,False
500,28,10,0.09230733662843704,False
500,28,15,0.2587047517299652,False
500,28,20,0.4468095004558563,False
500,28,25,0.38614481687545776,False
500,28,30,0.3610709011554718,False
500,28,35,0.3236207962036133,False
500,28,40,0.3281515836715698,False
500,28,45,0.37815847992897034,False
500,28,50,0.22347360849380493,False
500,28,55,0.2184397131204605,False
500,28,60,0.15910470485687256,False
500,28,65,0.07549548894166946,False
500,28,70,0.15705212950706482,False
500,28,75,0.24661855399608612,False
500,28,80,0.21813611686229706,False
500,28,85,0.1501411497592926,False
500,28,90,0.14030009508132935,False
500,28,95,0.224634051322937,False
500,28,100,0.2294146716594696,False
500,28,105,0.3756153881549835,False
500,28,110,0.23742058873176575,False
500,28,115,0.16715310513973236,False
500,28,120,0.1837969720363617,False
500,28,125,0.17822395265102386,False
500,28,130,0.23825673758983612,False
500,28,135,0.20363423228263855,False
500,28,140,0.3363041579723358,False
500,28,145,0.1999024897813797,False
500,28,150,0.3687894642353058,False
500,28,155,0.305307000875473,False
500,28,160,0.37829577922821045,False
500,28,165,0.4227055311203003,False
500,28,170,0.2785923182964325,False
500,28,175,1.0633937120437622,False
500,28,180,0.18763616681098938,False
500,28,185,0.21183857321739197,False
500,28,190,0.2063928097486496,False
500,28,195,0.21976891160011292,False
500,28,200,0.26836124062538147,False
500,28,205,0.17145490646362305,False
500,28,210,0.26413869857788086,False
500,28,215,0.22878465056419373,False
500,28,220,0.2358650416135788,False
500,28,225,0.2714345157146454,False
500,28,230,0.282866507768631,False
500,28,235,0.25205373764038086,False
500,28,240,0.3378162384033203,False
500,28,245,0.3702186346054077,False
500,28,250,0.2513585686683655,False
500,28,255,0.24280332028865814,False
500,28,260,0.2871762216091156,False
500,28,265,0.13061265647411346,False
500,28,270,0.2812499403953552,False
500,28,275,0.2341846376657486,False
500,28,280,0.3426456153392792,False
500,28,285,0.4136916995048523,False
500,28,290,0.1890181303024292,False
500,28,295,0.09269577264785767,False
500,28,300,0.13131599128246307,False
500,28,305,0.1853390783071518,False
500,28,310,0.25706514716148376,False
500,28,315,0.15130095183849335,False
500,28,320,0.3605692386627197,False
500,28,325,0.4846757650375366,False
500,28,330,0.34377846121788025,False
500,28,335,0.17000027000904083,False
500,28,340,0.193307563662529,False
500,28,345,0.14305706322193146,False
500,28,350,0.13621863722801208,False
500,28,355,0.1196012943983078,False
500,28,360,0.07494790852069855,False
500,28,365,0.1744653284549713,False
500,28,370,0.24113455414772034,False
500,28,375,0.22817814350128174,False
500,28,380,0.2523149251937866,False
500,28,385,0.21593746542930603,False
500,28,390,0.34209316968917847,False
500,28,395,0.1809593141078949,False
500,28,400,0.35888195037841797,False
500,28,405,0.31929394602775574,False
500,29,10,0.19042812287807465,False
500,29,15,0.303028404712677,False
500,29,20,0.429348349571228,False
500,29,25,0.34368953108787537,False
500,29,30,0.1858399361371994,False
500,29,35,0.16795141994953156,False
500,29,40,0.16954077780246735,False
500,29,45,0.25439387559890747,False
500,29,50,0.19802890717983246,False
500,29,55,0.1917259842157364,False
500,29,60,0.3247763514518738,False
500,29,65,0.27758321166038513,False
500,29,70,0.13299278914928436,False
500,29,75,0.2599245011806488,False
500,29,80,0.230667844414711,False
500,29,85,0.3851608335971832,False
500,29,90,0.4573378562927246,False
500,29,95,0.4357534348964691,False
500,29,100,0.4730442464351654,False
500,29,105,0.5393187999725342,False
500,29,110,0.5431877374649048,False
500,29,115,0.44658347964286804,False
500,29,120,0.40185558795928955,False
500,29,125,0.253944993019104,False
500,29,130,0.48999133706092834,False
500,29,135,0.33166003227233887,False
500,29,140,0.30105072259902954,False
500,29,145,0.29196372628211975,False
500,29,150,0.2909489572048187,False
500,29,155,0.3905060589313507,False
500,29,160,0.5260015726089478,False
500,29,165,0.20333252847194672,False
500,29,170,0.1726790815591812,False
500,29,175,0.46056824922561646,False
500,29,180,0.22888809442520142,False
500,29,185,0.5746703743934631,False
500,29,190,0.2510835528373718,False
500,29,195,0.3060302138328552,False
500,29,200,0.30448848009109497,False
500,29,205,0.3503094017505646,False
500,29,210,0.5221226811408997,False
500,29,215,0.40551823377609253,False
500,29,220,0.23588041961193085,False
500,29,225,0.144328773021698,False
500,29,230,0.20190659165382385,False
500,29,235,0.23143303394317627,False
500,29,240,0.2971098721027374,False
500,29,245,0.4433172643184662,False
500,29,250,0.31869375705718994,False
500,29,255,0.29630234837532043,False
500,29,260,0.2541602551937103,False
500,29,265,0.36976712942123413,False
500,29,270,0.37136659026145935,False
500,29,275,0.4888542890548706,False
500,29,280,0.43750908970832825,False
500,29,285,0.29214829206466675,False
500,29,290,0.21938231587409973,False
500,29,295,0.33435961604118347,False
500,29,300,0.17358066141605377,False
500,29,305,0.33412355184555054,False
500,29,310,0.3136827349662781,False
500,29,315,0.26950886845588684,False
500,29,320,0.24703271687030792,False
500,29,325,0.16042745113372803,False
500,29,330,0.10390658676624298,False
500,29,335,0.33676669001579285,False
500,29,340,0.2716345191001892,False
500,29,345,0.14532293379306793,False
500,29,350,0.2139773666858673,False
500,29,355,0.179646834731102,False
500,29,360,0.1352454125881195,False
500,29,365,0.18605390191078186,False
500,29,370,0.1254725158214569,False
500,29,375,0.13808003067970276,False
500,29,380,0.26485276222229004,False
500,29,385,0.22937431931495667,False
500,29,390,0.16351060569286346,False
500,29,395,0.21692422032356262,False
500,29,400,0.2153395414352417,False
500,29,405,0.38939857482910156,False
500,30,10,0.25435879826545715,False
500,30,15,0.3358631134033203,False
500,30,20,0.43227705359458923,False
500,30,25,0.1888725757598877,False
500,30,30,0.24036858975887299,False
500,30,35,0.13777604699134827,False
500,30,40,0.07111265510320663,False
500,30,45,0.2108893096446991,False
500,30,50,0.21208232641220093,False
500,30,55,0.219503253698349,False
500,30,60,0.16114908456802368,False
500,30,65,0.1536858230829239,False
500,30,70,0.19756342470645905,False
500,30,75,0.14938437938690186,False
500,30,80,0.22873519361019135,False
500,30,85,0.2011738121509552,False
500,30,90,0.17439532279968262,False
500,30,95,0.25317487120628357,False
500,30,100,0.1839640885591507,False
500,30,105,0.35187411308288574,False
500,30,110,0.23636102676391602,False
500,30,115,0.3589431941509247,False
500,30,120,0.5707128643989563,False
500,30,125,0.4997917413711548,False
500,30,130,0.6837767362594604,False
500,30,135,0.6476665735244751,False
500,30,140,0.7126237750053406,False
500,30,145,0.5368359684944153,False
500,30,150,0.5560540556907654,False
500,30,155,0.6368488073348999,False
500,30,160,0.25963014364242554,False
500,30,165,0.12035646289587021,False
500,30,170,0.13739845156669617,False
500,30,175,0.36465689539909363,False
500,30,180,0.43669643998146057,False
500,30,185,0.5003182291984558,False
500,30,190,0.4604645371437073,False
500,30,195,0.5937740206718445,False
500,30,200,0.18296794593334198,False
500,30,205,0.2228769212961197,False
500,30,210,0.26220786571502686,False
500,30,215,0.2349444180727005,False
500,30,220,0.09083055704832077,False
500,30,225,0.06827815622091293,False
500,30,230,0.06391591578722,False
500,30,235,0.08238568156957626,False
500,30,240,0.05011919140815735,False
500,30,245,0.12889422476291656,False
500,30,250,0.08016541600227356,False
500,30,255,0.3484741449356079,False
500,30,260,0.17617663741111755,False
500,30,265,0.5073361992835999,False
500,30,270,0.2191859781742096,False
500,30,275,0.053145673125982285,False
500,30,280,0.2627391815185547,False
500,30,285,0.08930788189172745,False
500,30,290,0.07222627103328705,False
500,30,295,0.048270486295223236,False
500,30,300,0.046902358531951904,False
500,30,305,0.0640278086066246,False
500,30,310,0.07714022696018219,False
500,30,315,0.1343819797039032,False
500,30,320,0.19745370745658875,False
500,30,325,0.1135658472776413,False
500,30,330,0.04226994514465332,False
500,30,335,0.05853131040930748,False
500,30,340,0.10983216017484665,False
500,30,345,0.06402751058340073,False
500,30,350,0.06772524118423462,False
500,30,355,0.052933018654584885,False
500,30,360,0.12835882604122162,False
500,30,365,0.10642273724079132,False
500,30,370,0.11453667283058167,False
500,30,375,0.02706509456038475,False
500,30,380,0.12358622997999191,False
500,30,385,0.2956000566482544,False
500,30,390,0.2669137418270111,False
500,30,395,0.7447878122329712,False
500,30,400,0.5933147072792053,False
500,30,405,0.45423027873039246,False
500,31,10,0.08472288399934769,False
500,31,15,0.2340705841779709,False
500,31,20,0.37864530086517334,False
500,31,25,0.40234875679016113,False
500,31,30,0.3487435281276703,False
500,31,35,0.4004601836204529,False
500,31,40,0.35139426589012146,False
500,31,45,0.4441179931163788,False
500,31,50,0.3587731122970581,False
500,31,55,0.30438023805618286,False
500,31,60,0.22584451735019684,False
500,31,65,0.26057353615760803,False
500,31,70,0.26893600821495056,False
500,31,75,0.25995829701423645,False
500,31,80,0.3385448753833771,False
500,31,85,1.767548680305481,False
500,31,90,0.8116166591644287,False
500,31,95,0.9044570922851562,False
500,31,100,0.27582526206970215,False
500,31,105,0.46789616346359253,False
500,31,110,0.2618196904659271,False
500,31,115,0.3018234372138977,False
500,31,120,0.2721790373325348,False
500,31,125,1.1275206804275513,False
500,31,130,0.2834312915802002,False
500,31,135,0.21683931350708008,False
500,31,140,0.331241250038147,False
500,31,145,0.26416870951652527,False
500,31,150,0.44916313886642456,False
500,31,155,0.8375397324562073,False
500,31,160,0.38591268658638,False
500,31,165,0.3849501311779022,False
500,31,170,0.2945006489753723,False
500,31,175,0.217654287815094,False
500,31,180,0.1613687127828598,False
500,31,185,0.10286256670951843,False
500,31,190,0.11384037882089615,False
500,31,195,0.1841651350259781,False
500,31,200,0.2566947937011719,False
500,31,205,0.17054155468940735,False
500,31,210,0.10793551802635193,False
500,31,215,0.05387166142463684,False
500,31,220,0.13662415742874146,False
500,31,225,0.13920314610004425,False
500,31,230,0.22513224184513092,False
500,31,235,0.2505386173725128,False
500,31,240,0.145071879029274,False
500,31,245,0.09548205137252808,False
500,31,250,0.10945021361112595,False
500,31,255,0.15518590807914734,False
500,31,260,0.09532004594802856,False
500,31,265,0.0671553909778595,False
500,31,270,0.14147791266441345,False
500,31,275,0.15335243940353394,False
500,31,280,0.377330482006073,False
500,31,285,0.4343964159488678,False
500,31,290,0.3485485017299652,False
500,31,295,0.14776989817619324,False
500,31,300,0.1237705796957016,False
500,31,305,0.06932056695222855,False
500,31,310,0.1389039009809494,False
500,31,315,0.28648805618286133,False
500,31,320,0.13211998343467712,False
500,31,325,0.06869032979011536,False
500,31,330,0.4451560080051422,False
500,31,335,0.15311476588249207,False
500,31,340,0.12890905141830444,False
500,31,345,0.3627603352069855,False
500,31,350,0.055887360125780106,False
500,31,355,0.23320011794567108,False
500,31,360,0.3257318139076233,False
500,31,365,0.2769160270690918,False
500,31,370,0.15459075570106506,False
500,31,375,0.24481166899204254,False
500,31,380,0.34980762004852295,False
500,31,385,0.42031803727149963,False
500,31,390,0.2950410544872284,False
500,31,395,0.27101653814315796,False
500,31,400,0.1982550024986267,False
500,31,405,0.2102195918560028,False
500,32,10,0.07313329726457596,False
500,32,15,0.21507157385349274,False
500,32,20,0.3558897376060486,False
500,32,25,0.3312157690525055,False
500,32,30,0.2384185791015625,False
500,32,35,0.17035813629627228,False
500,32,40,0.18563851714134216,False
500,32,45,0.2349568009376526,False
500,32,50,0.180257186293602,False
500,32,55,0.22366853058338165,False
500,32,60,0.2348722219467163,False
500,32,65,0.21036551892757416,False
500,32,70,0.13889724016189575,False
500,32,75,0.1769922375679016,False
500,32,80,0.29781535267829895,False
500,32,85,0.35249343514442444,False
500,32,90,0.3308892548084259,False
500,32,95,0.2852955162525177,False
500,32,100,0.14363281428813934,False
500,32,105,0.3219527006149292,False
500,32,110,0.4433043599128723,False
500,32,115,0.4659101068973541,False
500,32,120,0.4249844551086426,False
500,32,125,0.45872795581817627,False
500,32,130,0.5235186219215393,False
500,32,135,0.29787760972976685,False
500,32,140,0.18893958628177643,False
500,32,145,0.4036026895046234,False
500,32,150,0.5383153557777405,False
500,32,155,0.331394761800766,False
500,32,160,0.4522186517715454,False
500,32,165,0.414354532957077,False
500,32,170,0.2682599723339081,False
500,32,175,0.27035823464393616,False
500,32,180,0.1351725161075592,False
500,32,185,0.08995997160673141,False
500,32,190,0.13888777792453766,False
500,32,195,0.08767345547676086,False
500,32,200,0.40581879019737244,False
500,32,205,0.571162760257721,False
500,32,210,0.6588637828826904,False
500,32,215,0.22878341376781464,False
500,32,220,0.3223680853843689,False
500,32,225,0.33769580721855164,False
500,32,230,0.7926926016807556,False
500,32,235,0.1599888950586319,False
500,32,240,0.27680400013923645,False
500,32,245,0.3524569869041443,False
500,32,250,0.4704764783382416,False
500,32,255,0.49656593799591064,False
500,32,260,0.2938337028026581,False
500,32,265,0.27892717719078064,False
500,32,270,0.462704598903656,False
500,32,275,0.6254221200942993,False
500,32,280,0.17892052233219147,False
500,32,285,0.13433049619197845,False
500,32,290,0.06392301619052887,False
500,32,295,0.3857218325138092,False
500,32,300,0.27612441778182983,False
500,32,305,0.39075443148612976,False
500,32,310,0.33587443828582764,False
500,32,315,0.46409937739372253,False
500,32,320,0.17630089819431305,False
500,32,325,0.4029155373573303,False
500,32,330,0.3189809024333954,False
500,32,335,0.6344935894012451,False
500,32,340,0.1145370751619339,False
500,32,345,0.16199764609336853,False
500,32,350,0.35512322187423706,False
500,32,355,0.37478527426719666,False
500,32,360,0.1978486329317093,False
500,32,365,0.12069520354270935,False
500,32,370,0.11803746223449707,False
500,32,375,0.08465428650379181,False
500,32,380,0.5052655935287476,False
500,32,385,0.09941592067480087,False
500,32,390,0.13871118426322937,False
500,32,395,0.4710691273212433,False
500,32,400,0.18612368404865265,False
500,32,405,0.12381952255964279,False
500,33,10,0.07687722891569138,False
500,33,15,0.2838051915168762,False
500,33,20,0.4603024423122406,False
500,33,25,0.46708524227142334,False
500,33,30,0.3839469850063324,False
500,33,35,0.26887819170951843,False
500,33,40,0.4064643085002899,False
500,33,45,0.5354331135749817,False
500,33,50,0.4066547453403473,False
500,33,55,0.2955593764781952,False
500,33,60,0.2513405382633209,False
500,33,65,0.06243031099438667,False
500,33,70,0.3388749957084656,False
500,33,75,0.3102177381515503,False
500,33,80,0.3443973958492279,False
500,33,85,1.5407204627990723,False
500,33,90,0.1738651692867279,False
500,33,95,0.1770206093788147,False
500,33,100,0.23737922310829163,False
500,33,105,0.3859001100063324,False
500,33,110,0.2451041340827942,False
500,33,115,0.2643803656101227,False
500,33,120,0.19218795001506805,False
500,33,125,0.19826118648052216,False
500,33,130,0.12398475408554077,False
500,33,135,0.19550101459026337,False
500,33,140,0.19970634579658508,False
500,33,145,0.20022700726985931,False
500,33,150,0.32012543082237244,False
500,33,155,0.20732955634593964,False
500,33,160,0.3594191074371338,False
500,33,165,0.31699156761169434,False
500,33,170,0.3583357036113739,False
500,33,175,1.308769702911377,False
500,33,180,0.13742981851100922,False
500,33,185,0.27587011456489563,False
500,33,190,0.2940686047077179,False
500,33,195,0.16443943977355957,False
500,33,200,0.24913731217384338,False
500,33,205,0.2865506112575531,False
500,33,210,0.33473482728004456,False
500,33,215,0.33327507972717285,False
500,33,220,0.23495464026927948,False
500,33,225,0.26912012696266174,False
500,33,230,0.29765814542770386,False
500,33,235,0.3305835425853729,False
500,33,240,0.4024558365345001,False
500,33,245,0.40262025594711304,False
500,33,250,0.2166539430618286,False
500,33,255,0.13510467112064362,False
500,33,260,0.1514073610305786,False
500,33,265,0.13424815237522125,False
500,33,270,0.11019066721200943,False
500,33,275,0.11849409341812134,False
500,33,280,0.12794332206249237,False
500,33,285,0.15609920024871826,False
500,33,290,0.21913206577301025,False
500,33,295,0.11463268846273422,False
500,33,300,0.11511041969060898,False
500,33,305,0.1295124888420105,False
500,33,310,0.09186156094074249,False
500,33,315,0.11006952077150345,False
500,33,320,0.07813216745853424,False
500,33,325,0.06467390805482864,False
500,33,330,0.196486234664917,False
500,33,335,0.26359131932258606,False
500,33,340,0.2050643265247345,False
500,33,345,0.15543293952941895,False
500,33,350,0.1537010371685028,False
500,33,355,0.09821620583534241,False
500,33,360,0.154193714261055,False
500,33,365,0.24495349824428558,False
500,33,370,0.2462112307548523,False
500,33,375,0.3469241261482239,False
500,33,380,0.2928900122642517,False
500,33,385,0.29907411336898804,False
500,33,390,0.3334045708179474,False
500,33,395,0.28932544589042664,False
500,33,400,0.2264091521501541,False
500,33,405,0.30026257038116455,False
500,34,10,0.12435832619667053,False
500,34,15,0.3002907633781433,False
500,34,20,0.4987865686416626,False
500,34,25,0.4257560670375824,False
500,34,30,0.2843848764896393,False
500,34,35,0.2692844867706299,False
500,34,40,0.21487760543823242,False
500,34,45,0.35065603256225586,False
500,34,50,0.30817079544067383,False
500,34,55,1.3513133525848389,False
500,34,60,0.08950846642255783,False
500,34,65,0.19536878168582916,False
500,34,70,1.3953343629837036,False
500,34,75,0.16543002426624298,False
500,34,80,1.148606300354004,False
500,34,85,1.7220070362091064,False
500,34,90,0.7913984060287476,False
500,34,95,0.3610672652721405,False
500,34,100,0.2309175580739975,False
500,34,105,0.31172680854797363,False
500,34,110,0.1782703995704651,False
500,34,115,0.2521657347679138,False
500,34,120,0.2944122552871704,False
500,34,125,1.119863748550415,False
500,34,130,0.22512778639793396,False
500,34,135,0.20104345679283142,False
500,34,140,0.4075370132923126,False
500,34,145,0.20266222953796387,False
500,34,150,0.3790021538734436,False
500,34,155,0.27194729447364807,False
500,34,160,0.3407766819000244,False
500,34,165,0.3267216682434082,False
500,34,170,0.2740238308906555,False
500,34,175,1.8600341081619263,False
500,34,180,0.1853872835636139,False
500,34,185,0.1879778653383255,False
500,34,190,0.25515103340148926,False
500,34,195,0.09526894986629486,False
500,34,200,0.22841234505176544,False
500,34,205,0.26304444670677185,False
500,34,210,0.16890934109687805,False
500,34,215,0.16671223938465118,False
500,34,220,0.1401471644639969,False
500,34,225,0.15985429286956787,False
500,34,230,0.11560526490211487,False
500,34,235,0.13585515320301056,False
500,34,240,0.22128966450691223,False
500,34,245,0.3038293123245239,False
500,34,250,0.2017361968755722,False
500,34,255,0.16537974774837494,False
500,34,260,0.1681208312511444,False
500,34,265,0.12911413609981537,False
500,34,270,0.06743292510509491,False
500,34,275,0.18433436751365662,False
500,34,280,0.051695264875888824,False
500,34,285,0.19708573818206787,False
500,34,290,0.19410234689712524,False
500,34,295,0.12796428799629211,False
500,34,300,0.1761057823896408,False
500,34,305,0.08065683394670486,False
500,34,310,0.15985611081123352,False
500,34,315,0.18138130009174347,False
500,34,320,0.18293996155261993,False
500,34,325,0.3920259475708008,False
500,34,330,0.18824799358844757,False
500,34,335,0.2643393576145172,False
500,34,340,0.20029999315738678,False
500,34,345,0.29573145508766174,False
500,34,350,0.2978515326976776,False
500,34,355,0.15738411247730255,False
500,34,360,0.3152131736278534,False
500,34,365,0.2591952979564667,False
500,34,370,0.21750891208648682,False
500,34,375,0.2525043189525604,False
500,34,380,0.32763275504112244,False
500,34,385,0.35111603140830994,False
500,34,390,0.34497782588005066,False
500,34,395,0.2042386531829834,False
500,34,400,0.16937480866909027,False
500,34,405,0.2721216380596161,False
500,35,10,0.24908404052257538,False
500,35,15,0.3327690064907074,False
500,35,20,0.42124828696250916,False
500,35,25,0.43768310546875,False
500,35,30,0.3327368497848511,False
500,35,35,0.1377439945936203,False
500,35,40,0.6609355807304382,False
500,35,45,0.7441538572311401,False
500,35,50,0.47350606322288513,False
500,35,55,0.5936506390571594,False
500,35,60,0.5413722395896912,False
500,35,65,0.39376723766326904,False
500,35,70,0.3614346385002136,False
500,35,75,0.40502622723579407,False
500,35,80,0.5181909799575806,False
500,35,85,1.8298803567886353,False
500,35,90,0.3012971878051758,False
500,35,95,0.43937090039253235,False
500,35,100,0.4275607764720917,False
500,35,105,0.5143162608146667,False
500,35,110,1.1525039672851562,False
500,35,115,0.34944215416908264,False
500,35,120,0.3033204972743988,False
500,35,125,0.8542852997779846,False
500,35,130,0.19783006608486176,False
500,35,135,0.18870805203914642,False
500,35,140,0.1493554562330246,False
500,35,145,0.2402828186750412,False
500,35,150,0.3085126280784607,False
500,35,155,0.23964960873126984,False
500,35,160,0.353384792804718,False
500,35,165,0.37375596165657043,False
500,35,170,0.38855403661727905,False
500,35,175,0.4629509449005127,False
500,35,180,1.9924837350845337,False
500,35,185,1.9816241264343262,False
500,35,190,0.22835059463977814,False
500,35,195,0.16827040910720825,False
500,35,200,0.33229097723960876,False
500,35,205,0.3489125967025757,False
500,35,210,0.2787938117980957,False
500,35,215,0.291248619556427,False
500,35,220,0.237449511885643,False
500,35,225,0.17830431461334229,False
500,35,230,0.3469480276107788,False
500,35,235,0.3468765914440155,False
500,35,240,0.31637948751449585,False
500,35,245,0.1438794732093811,False
500,35,250,0.2635769844055176,False
500,35,255,0.18323415517807007,False
500,35,260,0.25797542929649353,False
500,35,265,0.2916683256626129,False
500,35,270,0.26748228073120117,False
500,35,275,0.3585306704044342,False
500,35,280,0.163672536611557,False
500,35,285,0.2531800866127014,False
500,35,290,0.20832820236682892,False
500,35,295,0.3395754098892212,False
500,35,300,0.1665171980857849,False
500,35,305,0.21334484219551086,False
500,35,310,0.3282122015953064,False
500,35,315,0.33357229828834534,False
500,35,320,0.4111327826976776,False
500,35,325,0.38514018058776855,False
500,35,330,0.5281520485877991,False
500,35,335,0.31757956743240356,False
500,35,340,0.33572420477867126,False
500,35,345,0.22803103923797607,False
500,35,350,0.2710878252983093,False
500,35,355,0.27044442296028137,False
500,35,360,0.22151803970336914,False
500,35,365,0.20181074738502502,False
500,35,370,0.18422596156597137,False
500,35,375,0.1514093428850174,False
500,35,380,0.11082789301872253,False
500,35,385,0.170948326587677,False
500,35,390,0.32813096046447754,False
500,35,395,0.2555721402168274,False
500,35,400,0.22315266728401184,False
500,35,405,0.28785163164138794,False
500,36,10,0.10753535479307175,False
500,36,15,0.2885376811027527,False
500,36,20,0.46770399808883667,False
500,36,25,0.36201584339141846,False
500,36,30,0.256413996219635,False
500,36,35,0.2306797206401825,False
500,36,40,0.215452641248703,False
500,36,45,0.25305289030075073,False
500,36,50,0.19880807399749756,False
500,36,55,0.19486196339130402,False
500,36,60,0.3706456422805786,False
500,36,65,0.3161262571811676,False
500,36,70,0.08768285065889359,False
500,36,75,0.25838515162467957,False
500,36,80,0.25497832894325256,False
500,36,85,0.2277042269706726,False
500,36,90,0.2427896112203598,False
500,36,95,0.22260811924934387,False
500,36,100,0.18713243305683136,False
500,36,105,0.1415633261203766,False
500,36,110,0.20282801985740662,False
500,36,115,0.28963398933410645,False
500,36,120,0.2830812633037567,False
500,36,125,0.27877771854400635,False
500,36,130,0.256589412689209,False
500,36,135,0.1494898647069931,False
500,36,140,0.3615332841873169,False
500,36,145,0.15918852388858795,False
500,36,150,0.20287227630615234,False
500,36,155,0.2716178894042969,False
500,36,160,0.33986324071884155,False
500,36,165,0.12532542645931244,False
500,36,170,0.3271329998970032,False
500,36,175,0.26471802592277527,False
500,36,180,0.47620540857315063,False
500,36,185,0.5620330572128296,False
500,36,190,0.37431028485298157,False
500,36,195,0.35402345657348633,False
500,36,200,0.05708436667919159,False
500,36,205,0.09023454785346985,False
500,36,210,0.4430781304836273,False
500,36,215,0.376880407333374,False
500,36,220,0.17015716433525085,False
500,36,225,0.508331835269928,False
500,36,230,0.417620986700058,False
500,36,235,0.3066180944442749,False
500,36,240,0.16790790855884552,False
500,36,245,0.5459914207458496,False
500,36,250,0.26549017429351807,False
500,36,255,0.45421895384788513,False
500,36,260,0.18570755422115326,False
500,36,265,0.12880831956863403,False
500,36,270,0.2134716957807541,False
500,36,275,0.3200870752334595,False
500,36,280,0.3814414441585541,False
500,36,285,0.285011887550354,False
500,36,290,0.16042618453502655,False
500,36,295,0.23528651893138885,False
500,36,300,0.3040916323661804,False
500,36,305,0.21633490920066833,False
500,36,310,0.13804775476455688,False
500,36,315,0.31126639246940613,False
500,36,320,0.06489638239145279,False
500,36,325,0.16042958199977875,False
500,36,330,0.3991856873035431,False
500,36,335,0.06478706747293472,False
500,36,340,0.1305607110261917,False
500,36,345,0.3143639862537384,False
500,36,350,0.14102667570114136,False
500,36,355,0.08541155606508255,False
500,36,360,0.3063011169433594,False
500,36,365,0.3118549585342407,False
500,36,370,0.3969527781009674,False
500,36,375,0.20880314707756042,False
500,36,380,0.33726879954338074,False
500,36,385,0.36302104592323303,False
500,36,390,0.2582537829875946,False
500,36,395,0.2760486602783203,False
500,36,400,0.0838179662823677,False
500,36,405,0.10857510566711426,False
500,37,10,0.10802920162677765,False
500,37,15,0.3075062334537506,False
500,37,20,0.5903451442718506,False
500,37,25,0.48529350757598877,False
500,37,30,0.4952446222305298,False
500,37,35,0.5981932878494263,False
500,37,40,0.536230742931366,False
500,37,45,0.3321031332015991,False
500,37,50,0.4890269935131073,False
500,37,55,1.331734538078308,False
500,37,60,0.2576010525226593,False
500,37,65,0.34232380986213684,False
500,37,70,1.629759430885315,False
500,37,75,0.8589692711830139,False
500,37,80,1.7204614877700806,False
500,37,85,0.25964707136154175,False
500,37,90,1.9723871946334839,False
500,37,95,0.1958845853805542,False
500,37,100,0.09098487347364426,False
500,37,105,0.06093146651983261,False
500,37,110,0.15076500177383423,False
500,37,115,0.30746349692344666,False
500,37,120,0.3259481191635132,False
500,37,125,1.331441879272461,False
500,37,130,0.14918529987335205,False
500,37,135,1.3294422626495361,False
500,37,140,0.08803936094045639,False
500,37,145,0.25295209884643555,False
500,37,150,0.36547908186912537,False
500,37,155,0.816416323184967,False
500,37,160,0.39846503734588623,False
500,37,165,0.39323511719703674,False
500,37,170,0.31412118673324585,False
500,37,175,1.6071557998657227,False
500,37,180,0.3295190632343292,False
500,37,185,0.17127421498298645,False
500,37,190,0.17690980434417725,False
500,37,195,0.17143768072128296,False
500,37,200,0.26069924235343933,False
500,37,205,0.26632213592529297,False
500,37,210,0.18091747164726257,False
500,37,215,0.2935935854911804,False
500,37,220,0.24638521671295166,False
500,37,225,0.32422882318496704,False
500,37,230,0.16794100403785706,False
500,37,235,0.18254472315311432,False
500,37,240,0.39055678248405457,False
500,37,245,0.38943207263946533,False
500,37,250,0.35000425577163696,False
500,37,255,0.24522683024406433,False
500,37,260,0.41457507014274597,False
500,37,265,0.3782363831996918,False
500,37,270,0.3974492847919464,False
500,37,275,0.28903040289878845,False
500,37,280,0.1725800782442093,False
500,37,285,0.376278281211853,False
500,37,290,0.2809554934501648,False
500,37,295,0.5796740651130676,False
500,37,300,0.26523154973983765,False
500,37,305,0.3427072763442993,False
500,37,310,0.2766796946525574,False
500,37,315,0.3007093369960785,False
500,37,320,0.31252339482307434,False
500,37,325,0.25146371126174927,False
500,37,330,0.2930028736591339,False
500,37,335,0.24155569076538086,False
500,37,340,0.25729745626449585,False
500,37,345,0.16022393107414246,False
500,37,350,0.19587965309619904,False
500,37,355,0.1516507863998413,False
500,37,360,0.10911177098751068,False
500,37,365,0.23917357623577118,False
500,37,370,0.12718693912029266,False
500,37,375,0.40297454595565796,False
500,37,380,0.48736560344696045,False
500,37,385,0.3870686888694763,False
500,37,390,0.44124501943588257,False
500,37,395,0.5240827202796936,False
500,37,400,0.3962615430355072,False
500,37,405,0.39048531651496887,False
500,38,10,0.14622901380062103,False
500,38,15,0.24517297744750977,False
500,38,20,0.4176034927368164,False
500,38,25,0.3694862127304077,False
500,38,30,0.2813471853733063,False
500,38,35,0.27423548698425293,False
500,38,40,0.1834912896156311,False
500,38,45,0.5375134348869324,False
500,38,50,0.41251319646835327,False
500,38,55,0.17249342799186707,False
500,38,60,0.18212728202342987,False
500,38,65,0.23907549679279327,False
500,38,70,0.07973498106002808,False
500,38,75,0.16366836428642273,False
500,38,80,0.22996753454208374,False
500,38,85,0.3460196256637573,False
500,38,90,0.5899366736412048,False
500,38,95,0.39426326751708984,False
500,38,100,0.30347663164138794,False
500,38,105,0.6943058371543884,False
500,38,110,0.2107444554567337,False
500,38,115,0.1407875120639801,False
500,38,120,0.10786870121955872,False
500,38,125,0.1503835767507553,False
500,38,130,0.4633806049823761,False
500,38,135,0.2848272919654846,False
500,38,140,0.5454822778701782,False
500,38,145,0.1138787716627121,False
500,38,150,0.22386647760868073,False
500,38,155,0.12240669131278992,False
500,38,160,0.14175230264663696,False
500,38,165,0.16118097305297852,False
500,38,170,0.16305625438690186,False
500,38,175,0.1666649729013443,False
500,38,180,0.553281307220459,False
500,38,185,0.50377357006073,False
500,38,190,0.433331161737442,False
500,38,195,0.7744442820549011,False
500,38,200,0.4885134994983673,False
500,38,205,0.6513625383377075,False
500,38,210,0.5993705987930298,False
500,38,215,0.2595759630203247,False
500,38,220,0.23596906661987305,False
500,38,225,0.461855947971344,False
500,38,230,0.08825447410345078,False
500,38,235,0.19271866977214813,False
500,38,240,0.17172354459762573,False
500,38,245,0.5015361309051514,False
500,38,250,0.20707106590270996,False
500,38,255,0.3860659599304199,False
500,38,260,0.08081073313951492,False
500,38,265,0.08458108454942703,False
500,38,270,0.189960777759552,False
500,38,275,0.12744642794132233,False
500,38,280,0.2512529492378235,False
500,38,285,0.48208701610565186,False
500,38,290,0.12830676138401031,False
500,38,295,0.10334912687540054,False
500,38,300,0.27523255348205566,False
500,38,305,0.2401551753282547,False
500,38,310,0.3060011863708496,False
500,38,315,0.5873425602912903,False
500,38,320,0.31814995408058167,False
500,38,325,0.19696775078773499,False
500,38,330,0.3986489772796631,False
500,38,335,0.06953315436840057,False
500,38,340,0.08597002923488617,False
500,38,345,0.1074482724070549,False
500,38,350,0.22649183869361877,False
500,38,355,0.14904555678367615,False
500,38,360,0.11299490183591843,False
500,38,365,0.15780958533287048,False
500,38,370,0.1845657080411911,False
500,38,375,0.17015597224235535,False
500,38,380,0.22334221005439758,False
500,38,385,0.16559191048145294,False
500,38,390,0.10536042600870132,False
500,38,395,0.07683686912059784,False
500,38,400,0.05590144544839859,False
500,38,405,0.0648278146982193,False
500,39,10,0.20409801602363586,False
500,39,15,0.3149619698524475,False
500,39,20,0.35672488808631897,False
500,39,25,0.3481053411960602,False
500,39,30,0.30082738399505615,False
500,39,35,0.43793660402297974,False
500,39,40,0.5910868048667908,False
500,39,45,0.837679386138916,False
500,39,50,0.8545428514480591,False
500,39,55,0.43919312953948975,False
500,39,60,0.42779073119163513,False
500,39,65,0.3181576430797577,False
500,39,70,0.47222229838371277,False
500,39,75,0.38692620396614075,False
500,39,80,0.4446220099925995,False
500,39,85,1.7362656593322754,False
500,39,90,1.5774867534637451,False
500,39,95,1.2355046272277832,False
500,39,100,0.3348294198513031,False
500,39,105,0.4524935185909271,False
500,39,110,1.363602876663208,False
500,39,115,0.8140628933906555,False
500,39,120,0.2675738036632538,False
500,39,125,1.172097086906433,False
500,39,130,0.16291379928588867,False
500,39,135,0.22209416329860687,False
500,39,140,0.22627873718738556,False
500,39,145,0.24920688569545746,False
500,39,150,0.38369646668434143,False
500,39,155,0.29111796617507935,False
500,39,160,0.3619363605976105,False
500,39,165,0.3853036165237427,False
500,39,170,0.25463318824768066,False
500,39,175,1.1941975355148315,False
500,39,180,0.1610475778579712,False
500,39,185,0.11195454746484756,False
500,39,190,0.2115403711795807,False
500,39,195,0.1984076052904129,False
500,39,200,0.19911451637744904,False
500,39,205,0.16775140166282654,False
500,39,210,0.17751292884349823,False
500,39,215,0.26111963391304016,False
500,39,220,0.15993203222751617,False
500,39,225,0.3111973702907562,False
500,39,230,0.30100688338279724,False
500,39,235,0.2709785997867584,False
500,39,240,0.3468455672264099,False
500,39,245,0.2599223554134369,False
500,39,250,0.1974557787179947,False
500,39,255,0.31279754638671875,False
500,39,260,0.2777630388736725,False
500,39,265,0.3053191006183624,False
500,39,270,0.21502240002155304,False
500,39,275,0.0877811536192894,False
500,39,280,0.14568747580051422,False
500,39,285,0.23454441130161285,False
500,39,290,0.14904384315013885,False
500,39,295,0.22592976689338684,False
500,39,300,0.2303781509399414,False
500,39,305,0.24892956018447876,False
500,39,310,0.17228136956691742,False
500,39,315,0.3053678572177887,False
500,39,320,0.13329225778579712,False
500,39,325,0.14372815191745758,False
500,39,330,0.36910369992256165,False
500,39,335,0.263843834400177,False
500,39,340,0.35353884100914,False
500,39,345,0.30631113052368164,False
500,39,350,0.07617944478988647,False
500,39,355,0.25510174036026,False
500,39,360,0.31768742203712463,False
500,39,365,0.1564478576183319,False
500,39,370,0.09681787341833115,False
500,39,375,0.25722211599349976,False
500,39,380,0.219055637717247,False
500,39,385,0.26500022411346436,False
500,39,390,0.20383144915103912,False
500,39,395,0.23161739110946655,False
500,39,400,0.2219550758600235,False
500,39,405,0.3273070156574249,False
500,40,10,0.24009914696216583,False
500,40,15,0.3252008557319641,False
500,40,20,0.5175787806510925,False
500,40,25,0.4635227918624878,False
500,40,30,0.37107110023498535,False
500,40,35,0.4561564326286316,False
500,40,40,0.4225877523422241,False
500,40,45,0.4204586446285248,False
500,40,50,0.3952583074569702,False
500,40,55,0.3900972306728363,False
500,40,60,0.3531164824962616,False
500,40,65,0.49693620204925537,False
500,40,70,0.41560426354408264,False
500,40,75,0.5955691337585449,False
500,40,80,0.41250118613243103,False
500,40,85,1.7737197875976562,False
500,40,90,0.4075307250022888,False
500,40,95,0.26413068175315857,False
500,40,100,0.5485457181930542,False
500,40,105,0.4798102080821991,False
500,40,110,0.5804987549781799,False
500,40,115,0.5100907683372498,False
500,40,120,0.4876043200492859,False
500,40,125,0.3062523305416107,False
500,40,130,0.6529344916343689,False
500,40,135,0.4922255575656891,False
500,40,140,0.38319310545921326,False
500,40,145,0.30686700344085693,False
500,40,150,0.5163922309875488,False
500,40,155,0.5444272756576538,False
500,40,160,0.27890270948410034,False
500,40,165,0.38131943345069885,False
500,40,170,0.3210073411464691,False
500,40,175,0.972159743309021,False
500,40,180,0.13796962797641754,False
500,40,185,0.7559628486633301,False
500,40,190,0.7346611022949219,False
500,40,195,0.6252859234809875,False
500,40,200,0.15241916477680206,False
500,40,205,0.1728128343820572,False
500,40,210,0.3734225928783417,False
500,40,215,0.37265437841415405,False
500,40,220,0.1958482265472412,False
500,40,225,0.508945882320404,False
500,40,230,0.42662671208381653,False
500,40,235,0.36647719144821167,False
500,40,240,0.47295281291007996,False
500,40,245,0.5430076718330383,False
500,40,250,0.3693930506706238,False
500,40,255,0.4133423864841461,False
500,40,260,0.23945394158363342,False
500,40,265,0.24487453699111938,False
500,40,270,0.3635408580303192,False
500,40,275,0.384635865688324,False
500,40,280,0.4233734607696533,False
500,40,285,1.972877025604248,False
500,40,290,0.3759324848651886,False
500,40,295,0.19534164667129517,False
500,40,300,1.9191678762435913,False
500,40,305,1.9760701656341553,False
500,40,310,0.5129740834236145,False
500,40,315,0.456339031457901,False
500,40,320,0.3088625967502594,False
500,40,325,0.1468670815229416,False
500,40,330,0.11549457162618637,False
500,40,335,0.35451534390449524,False
500,40,340,0.2612491250038147,False
500,40,345,0.18127354979515076,False
500,40,350,0.2016652673482895,False
500,40,355,0.35148030519485474,False
500,40,360,0.4197082817554474,False
500,40,365,0.5751654505729675,False
500,40,370,0.239933043718338,False
500,40,375,0.2688744068145752,False
500,40,380,0.45493799448013306,False
500,40,385,0.43649157881736755,False
500,40,390,0.32707878947257996,False
500,40,395,0.213063046336174,False
500,40,400,0.14106382429599762,False
500,40,405,0.1762218326330185,False
500,41,10,0.3216034770011902,False
500,41,15,0.29196885228157043,False
500,41,20,0.38384801149368286,False
500,41,25,0.39336133003234863,False
500,41,30,0.34205085039138794,False
500,41,35,0.4574448764324188,False
500,41,40,0.49340835213661194,False
500,41,45,0.7407985925674438,False
500,41,50,0.2874085009098053,False
500,41,55,0.331804484128952,False
500,41,60,0.2257344275712967,False
500,41,65,0.25203338265419006,False
500,41,70,0.36503201723098755,False
500,41,75,0.8281682133674622,False
500,41,80,0.3846319019794464,False
500,41,85,0.3252005875110626,False
500,41,90,0.2925885021686554,False
500,41,95,0.27693793177604675,False
500,41,100,0.4661668837070465,False
500,41,105,0.7056154012680054,False
500,41,110,0.4543016254901886,False
500,41,115,0.4148581027984619,False
500,41,120,0.47436174750328064,False
500,41,125,0.43682894110679626,False
500,41,130,0.644727349281311,False
500,41,135,0.5453875064849854,False
500,41,140,0.678037166595459,False
500,41,145,0.3218868374824524,False
500,41,150,0.4190698564052582,False
500,41,155,0.4703930616378784,False
500,41,160,0.6857089996337891,False
500,41,165,0.1423032432794571,False
500,41,170,0.16742467880249023,False
500,41,175,0.488691121339798,False
500,41,180,0.6470880508422852,False
500,41,185,0.5382139682769775,False
500,41,190,0.5944210290908813,False
500,41,195,0.6652982831001282,False
500,41,200,0.21383865177631378,False
500,41,205,0.18877926468849182,False
500,41,210,0.7135236859321594,False
500,41,215,0.6296206712722778,False
500,41,220,0.16728442907333374,False
500,41,225,0.7524291276931763,False
500,41,230,0.463031142950058,False
500,41,235,0.6762537956237793,False
500,41,240,0.5222561359405518,False
500,41,245,0.7644814252853394,False
500,41,250,0.23054249584674835,False
500,41,255,0.8797770142555237,False
500,41,260,0.15414506196975708,False
500,41,265,0.4729427993297577,False
500,41,270,0.7222862839698792,False
500,41,275,0.679149866104126,False
500,41,280,0.8505304455757141,False
500,41,285,0.7632569670677185,False
500,41,290,0.7285528182983398,False
500,41,295,0.4731147289276123,False
500,41,300,0.2609696388244629,False
500,41,305,0.3696925938129425,False
500,41,310,0.7018846869468689,False
500,41,315,0.8450620770454407,False
500,41,320,0.4445403516292572,False
500,41,325,0.4257297217845917,False
500,41,330,0.9097832441329956,False
500,41,335,0.8492568731307983,False
500,41,340,0.5553271770477295,False
500,41,345,0.6820607781410217,False
500,41,350,0.1733355075120926,False
500,41,355,0.6484394669532776,False
500,41,360,0.8095560073852539,False
500,41,365,0.6853351593017578,False
500,41,370,0.5981695055961609,False
500,41,375,0.19667960703372955,False
500,41,380,0.6939088702201843,False
500,41,385,0.4121128022670746,False
500,41,390,0.3723592162132263,False
500,41,395,0.8791377544403076,False
500,41,400,0.31472837924957275,False
500,41,405,0.5139687061309814,False
500,42,10,0.12616068124771118,False
500,42,15,0.3016137480735779,False
500,42,20,0.41844409704208374,False
500,42,25,0.29560303688049316,False
500,42,30,0.20253103971481323,False
500,42,35,0.25310584902763367,False
500,42,40,0.24767035245895386,False
500,42,45,0.22374902665615082,False
500,42,50,0.16089977324008942,False
500,42,55,0.16845805943012238,False
500,42,60,0.21110433340072632,False
500,42,65,0.1939777135848999,False
500,42,70,0.10924043506383896,False
500,42,75,0.2260393649339676,False
500,42,80,0.23590359091758728,False
500,42,85,0.20718760788440704,False
500,42,90,0.17799553275108337,False
500,42,95,0.33254340291023254,False
500,42,100,0.24862618744373322,False
500,42,105,0.3624744415283203,False
500,42,110,0.3448687195777893,False
500,42,115,0.3146282434463501,False
500,42,120,0.275799959897995,False
500,42,125,0.1890796273946762,False
500,42,130,0.22906561195850372,False
500,42,135,0.29816320538520813,False
500,42,140,0.2739124000072479,False
500,42,145,0.30228158831596375,False
500,42,150,0.3998202681541443,False
500,42,155,0.46163633465766907,False
500,42,160,0.2771933972835541,False
500,42,165,0.2997046113014221,False
500,42,170,0.31412437558174133,False
500,42,175,0.6993210911750793,False
500,42,180,0.48525452613830566,False
500,42,185,0.3813420236110687,False
500,42,190,0.48857417702674866,False
500,42,195,0.5417389869689941,False
500,42,200,0.2734299898147583,False
500,42,205,0.423147588968277,False
500,42,210,0.5334283113479614,False
500,42,215,0.40443411469459534,False
500,42,220,0.3003948926925659,False
500,42,225,0.21892887353897095,False
500,42,230,0.41629335284233093,False
500,42,235,0.3042624294757843,False
500,42,240,0.47507718205451965,False
500,42,245,0.2741855978965759,False
500,42,250,0.5186976790428162,False
500,42,255,0.5358282327651978,False
500,42,260,0.206290140748024,False
500,42,265,0.5342278480529785,False
500,42,270,0.35335731506347656,False
500,42,275,0.4136938154697418,False
500,42,280,0.42118197679519653,False
500,42,285,0.26836496591567993,False
500,42,290,0.6407477855682373,False
500,42,295,0.38882893323898315,False
500,42,300,0.23601892590522766,False
500,42,305,0.3906188905239105,False
500,42,310,0.3756067156791687,False
500,42,315,0.6200700402259827,False
500,42,320,0.2151704877614975,False
500,42,325,0.24206781387329102,False
500,42,330,0.3113343119621277,False
500,42,335,0.7076969146728516,False
500,42,340,0.2882729470729828,False
500,42,345,0.26048165559768677,False
500,42,350,0.1960308849811554,False
500,42,355,0.2598405182361603,False
500,42,360,0.24823088943958282,False
500,42,365,0.387013703584671,False
500,42,370,0.24964667856693268,False
500,42,375,0.22728589177131653,False
500,42,380,0.24321651458740234,False
500,42,385,0.12548670172691345,False
500,42,390,0.24174614250659943,False
500,42,395,0.2009609490633011,False
500,42,400,0.09404774010181427,False
500,42,405,0.26628997921943665,False
500,43,10,0.14746102690696716,False
500,43,15,0.290212482213974,False
500,43,20,0.4635549485683441,False
500,43,25,0.321603387594223,False
500,43,30,0.2722274363040924,False
500,43,35,0.22271835803985596,False
500,43,40,0.306956946849823,False
500,43,45,0.3547627627849579,False
500,43,50,0.2034081667661667,False
500,43,55,0.18262013792991638,False
500,43,60,0.24705414474010468,False
500,43,65,0.270752489566803,False
500,43,70,0.08328136056661606,False
500,43,75,0.12679004669189453,False
500,43,80,0.15886889398097992,False
500,43,85,0.2636141777038574,False
500,43,90,0.21752789616584778,False
500,43,95,0.37587210536003113,False
500,43,100,0.08814074099063873,False
500,43,105,0.12257085740566254,False
500,43,110,0.24633574485778809,False
500,43,115,0.24294635653495789,False
500,43,120,0.21293960511684418,False
500,43,125,0.1764969825744629,False
500,43,130,0.28661495447158813,False
500,43,135,0.30060234665870667,False
500,43,140,0.4956248998641968,False
500,43,145,0.23995622992515564,False
500,43,150,0.29533863067626953,False
500,43,155,0.2287907600402832,False
500,43,160,0.30509480834007263,False
500,43,165,0.2991575598716736,False
500,43,170,0.2669183313846588,False
500,43,175,1.6695913076400757,False
500,43,180,0.1955716758966446,False
500,43,185,0.2939243018627167,False
500,43,190,0.25439122319221497,False
500,43,195,0.3168368339538574,False
500,43,200,1.5007084608078003,False
500,43,205,1.4116631746292114,False
500,43,210,0.1841811090707779,False
500,43,215,0.16034722328186035,False
500,43,220,0.18446633219718933,False
500,43,225,0.0700281634926796,False
500,43,230,0.20747487246990204,False
500,43,235,0.28131046891212463,False
500,43,240,0.36119145154953003,False
500,43,245,0.11233491450548172,False
500,43,250,0.11787811666727066,False
500,43,255,0.11507728695869446,False
500,43,260,0.16198308765888214,False
500,43,265,0.23459942638874054,False
500,43,270,0.23130634427070618,False
500,43,275,0.2377580851316452,False
500,43,280,0.2850632667541504,False
500,43,285,0.20403394103050232,False
500,43,290,0.18529047071933746,False
500,43,295,0.3755541145801544,False
500,43,300,0.16118592023849487,False
500,43,305,0.16646799445152283,False
500,43,310,0.145119309425354,False
500,43,315,0.11816666275262833,False
500,43,320,0.10362673550844193,False
500,43,325,0.12730617821216583,False
500,43,330,0.1711706668138504,False
500,43,335,0.264106422662735,False
500,43,340,0.23476195335388184,False
500,43,345,0.07832963019609451,False
500,43,350,0.30241507291793823,False
500,43,355,0.2544936537742615,False
500,43,360,0.21214167773723602,False
500,43,365,0.22809696197509766,False
500,43,370,0.1984548270702362,False
500,43,375,0.22780774533748627,False
500,43,380,0.34157395362854004,False
500,43,385,0.26400601863861084,False
500,43,390,0.2920014262199402,False
500,43,395,0.2848787307739258,False
500,43,400,0.17788614332675934,False
500,43,405,0.31114497780799866,False
500,44,10,0.23796336352825165,False
500,44,15,0.2690732777118683,False
500,44,20,0.31118184328079224,False
500,44,25,0.2096712738275528,False
500,44,30,0.1719752848148346,False
500,44,35,0.17675548791885376,False
500,44,40,0.11296514421701431,False
500,44,45,0.10993435233831406,False
500,44,50,0.03259892016649246,False
500,44,55,0.0770680233836174,False
500,44,60,0.04119879752397537,False
500,44,65,0.029992783442139626,False
500,44,70,0.1709626466035843,False
500,44,75,0.4325754642486572,False
500,44,80,0.5591714382171631,False
500,44,85,0.8647218942642212,False
500,44,90,0.5656406879425049,False
500,44,95,0.13304531574249268,False
500,44,100,0.0557270310819149,False
500,44,105,0.04911734536290169,False
500,44,110,0.07282670587301254,False
500,44,115,0.11291540414094925,False
500,44,120,0.10435239970684052,False
500,44,125,0.07414151728153229,False
500,44,130,0.0781744047999382,False
500,44,135,0.11073849350214005,False
500,44,140,0.1238553524017334,False
500,44,145,0.03563809394836426,False
500,44,150,0.05466867983341217,False
500,44,155,0.0457502081990242,False
500,44,160,0.05638247728347778,False
500,44,165,0.06729383021593094,False
500,44,170,0.14059926569461823,False
500,44,175,0.11401402950286865,False
500,44,180,0.11036917567253113,False
500,44,185,0.141790509223938,False
500,44,190,0.10080578923225403,False
500,44,195,0.16142024099826813,False
500,44,200,0.06928015500307083,False
500,44,205,0.24986235797405243,False
500,44,210,0.4664093554019928,False
500,44,215,0.4106146991252899,False
500,44,220,0.171952024102211,False
500,44,225,0.11292987316846848,False
500,44,230,0.21214289963245392,False
500,44,235,0.10929840803146362,False
500,44,240,0.32714059948921204,False
500,44,245,0.4261936545372009,False
500,44,250,0.32189619541168213,False
500,44,255,0.37252277135849,False
500,44,260,0.10210590064525604,False
500,44,265,0.13693301379680634,False
500,44,270,0.5595436692237854,False
500,44,275,0.3914170265197754,False
500,44,280,0.5178780555725098,False
500,44,285,0.15639837086200714,False
500,44,290,0.20073845982551575,False
500,44,295,0.10663618892431259,False
500,44,300,0.26432761549949646,False
500,44,305,0.4545711576938629,False
500,44,310,0.4012525975704193,False
500,44,315,0.06743214279413223,False
500,44,320,0.17249920964241028,False
500,44,325,0.1424630731344223,False
500,44,330,0.1161876991391182,False
500,44,335,0.15971063077449799,False
500,44,340,0.1021794006228447,False
500,44,345,0.2761106789112091,False
500,44,350,0.3844098448753357,False
500,44,355,0.39455971121788025,False
500,44,360,0.08860432356595993,False
500,44,365,0.09923472255468369,False
500,44,370,0.07310262322425842,False
500,44,375,0.15953385829925537,False
500,44,380,0.21891535818576813,False
500,44,385,0.3391740322113037,False
500,44,390,0.2913592755794525,False
500,44,395,0.3302809000015259,False
500,44,400,0.22041481733322144,False
500,44,405,0.43921855092048645,False
500,45,10,0.14284683763980865,False
500,45,15,0.2961882948875427,False
500,45,20,0.35054662823677063,False
500,45,25,0.2934005856513977,False
500,45,30,0.1369180530309677,False
500,45,35,0.1753489077091217,False
500,45,40,0.4380156993865967,False
500,45,45,0.730058491230011,False
500,45,50,0.4170319736003876,False
500,45,55,0.3484281301498413,False
500,45,60,0.5758690237998962,False
500,45,65,0.3756011426448822,False
500,45,70,0.09370787441730499,False
500,45,75,0.3275529146194458,False
500,45,80,0.232835054397583,False
500,45,85,0.23782478272914886,False
500,45,90,0.27425917983055115,False
500,45,95,0.42749911546707153,False
500,45,100,0.32595086097717285,False
500,45,105,0.5452365279197693,False
500,45,110,0.4976097345352173,False
500,45,115,0.10670194029808044,False
500,45,120,0.20348037779331207,False
500,45,125,0.2840762436389923,False
500,45,130,0.5573346018791199,False
500,45,135,0.5568210482597351,False
500,45,140,0.5694317817687988,False
500,45,145,0.4593437910079956,False
500,45,150,0.533841609954834,False
500,45,155,0.6031462550163269,False
500,45,160,0.6704558730125427,False
500,45,165,0.1313372701406479,False
500,45,170,0.15510104596614838,False
500,45,175,0.2399890124797821,False
500,45,180,0.12695148587226868,False
500,45,185,0.07980576157569885,False
500,45,190,0.0662062019109726,False
500,45,195,0.10051858425140381,False
500,45,200,0.17835907638072968,False
500,45,205,0.13258986175060272,False
500,45,210,0.09231575578451157,False
500,45,215,0.13128213584423065,False
500,45,220,0.15977823734283447,False
500,45,225,0.3107312023639679,False
500,45,230,0.1296519786119461,False
500,45,235,0.1406082808971405,False
500,45,240,0.16331665217876434,False
500,45,245,0.22272492945194244,False
500,45,250,0.21064303815364838,False
500,45,255,0.25689202547073364,False
500,45,260,0.26301831007003784,False
500,45,265,0.25266653299331665,False
500,45,270,0.22612214088439941,False
500,45,275,0.22949863970279694,False
500,45,280,0.24296976625919342,False
500,45,285,0.589047372341156,False
500,45,290,0.21083523333072662,False
500,45,295,0.17244011163711548,False
500,45,300,0.18772968649864197,False
500,45,305,0.2627337872982025,False
500,45,310,0.23294836282730103,False
500,45,315,0.17963068187236786,False
500,45,320,0.19470180571079254,False
500,45,325,0.1607644259929657,False
500,45,330,0.2728346288204193,False
500,45,335,0.1058826595544815,False
500,45,340,0.15122023224830627,False
500,45,345,0.20921537280082703,False
500,45,350,0.1943526268005371,False
500,45,355,0.14550955593585968,False
500,45,360,0.41053280234336853,False
500,45,365,0.8038362264633179,False
500,45,370,0.7876065969467163,False
500,45,375,0.6084509491920471,False
500,45,380,0.9069932103157043,False
500,45,385,0.8567460179328918,False
500,45,390,0.36398816108703613,False
500,45,395,0.08740414679050446,False
500,45,400,0.19636857509613037,False
500,45,405,0.22666549682617188,False
500,46,10,0.11723550409078598,False
500,46,15,0.26709818840026855,False
500,46,20,0.5093717575073242,False
500,46,25,0.39528554677963257,False
500,46,30,0.4234035909175873,False
500,46,35,0.42308861017227173,False
500,46,40,0.5630293488502502,False
500,46,45,0.5427025556564331,False
500,46,50,0.6782661080360413,False
500,46,55,0.1648193895816803,False
500,46,60,0.45619112253189087,False
500,46,65,0.4408227205276489,False
500,46,70,0.4238818883895874,False
500,46,75,0.5408855080604553,False
500,46,80,0.41893574595451355,False
500,46,85,1.2023011445999146,False
500,46,90,0.29382064938545227,False
500,46,95,0.26070377230644226,False
500,46,100,0.31302469968795776,False
500,46,105,0.5135589838027954,False
500,46,110,0.3485126495361328,False
500,46,115,0.2838783264160156,False
500,46,120,0.24563641846179962,False
500,46,125,0.2818717956542969,False
500,46,130,0.3099568486213684,False
500,46,135,0.125967875123024,False
500,46,140,0.6134970188140869,False
500,46,145,0.20656661689281464,False
500,46,150,0.4436512887477875,False
500,46,155,0.40369701385498047,False
500,46,160,0.4173361361026764,False
500,46,165,0.48444536328315735,False
500,46,170,0.3504965007305145,False
500,46,175,1.1840624809265137,False
500,46,180,0.39752399921417236,False
500,46,185,0.363457590341568,False
500,46,190,0.3118480145931244,False
500,46,195,0.4905131161212921,False
500,46,200,0.3136305510997772,False
500,46,205,0.34119898080825806,False
500,46,210,0.23751872777938843,False
500,46,215,0.2532685101032257,False
500,46,220,0.2171434462070465,False
500,46,225,0.24524208903312683,False
500,46,230,0.300091028213501,False
500,46,235,0.3655579686164856,False
500,46,240,0.37426432967185974,False
500,46,245,0.24753935635089874,False
500,46,250,0.2878530025482178,False
500,46,255,0.17397624254226685,False
500,46,260,0.2467024177312851,False
500,46,265,0.2645358145236969,False
500,46,270,0.23291747272014618,False
500,46,275,0.19678694009780884,False
500,46,280,0.13778480887413025,False
500,46,285,0.18570227921009064,False
500,46,290,0.2211330682039261,False
500,46,295,0.2949906289577484,False
500,46,300,0.12020502239465714,False
500,46,305,0.16986168920993805,False
500,46,310,0.1553555428981781,False
500,46,315,0.41601356863975525,False
500,46,320,0.24252447485923767,False
500,46,325,0.3655548095703125,False
500,46,330,0.6084851026535034,False
500,46,335,0.41865548491477966,False
500,46,340,0.3850763142108917,False
500,46,345,0.32733461260795593,False
500,46,350,0.21203871071338654,False
500,46,355,0.35171082615852356,False
500,46,360,0.45904675126075745,False
500,46,365,0.4678606688976288,False
500,46,370,0.3078058063983917,False
500,46,375,0.26761284470558167,False
500,46,380,0.2617417573928833,False
500,46,385,0.34418585896492004,False
500,46,390,0.4595305025577545,False
500,46,395,0.503600537776947,False
500,46,400,0.36550280451774597,False
500,46,405,0.3460865914821625,False
500,47,10,0.13024786114692688,False
500,47,15,0.2823856472969055,False
500,47,20,0.46702852845191956,False
500,47,25,0.34856244921684265,False
500,47,30,0.2530088722705841,False
500,47,35,0.39390772581100464,False
500,47,40,0.2922361195087433,False
500,47,45,0.2689459025859833,False
500,47,50,0.8796697854995728,False
500,47,55,0.10317964851856232,False
500,47,60,0.2114964723587036,False
500,47,65,0.10104857385158539,False
500,47,70,0.21725769340991974,False
500,47,75,0.2432532012462616,False
500,47,80,1.2114208936691284,False
500,47,85,1.2060189247131348,False
500,47,90,1.6284329891204834,False
500,47,95,0.28366073966026306,False
500,47,100,0.25563549995422363,False
500,47,105,0.5051214694976807,False
500,47,110,1.3757025003433228,False
500,47,115,1.6543940305709839,False
500,47,120,1.1643321514129639,False
500,47,125,1.329250693321228,False
500,47,130,0.22263413667678833,False
500,47,135,0.21580007672309875,False
500,47,140,0.4595222771167755,False
500,47,145,0.22968612611293793,False
500,47,150,0.42067772150039673,False
500,47,155,0.48608630895614624,False
500,47,160,0.3777851462364197,False
500,47,165,0.32031717896461487,False
500,47,170,0.30749526619911194,False
500,47,175,0.4211125075817108,False
500,47,180,2.006296157836914,False
500,47,185,1.9977498054504395,False
500,47,190,0.04294629395008087,False
500,47,195,0.25330302119255066,False
500,47,200,1.7847563028335571,False
500,47,205,0.1803824007511139,False
500,47,210,0.23992764949798584,False
500,47,215,0.17365914583206177,False
500,47,220,0.1363970935344696,False
500,47,225,0.13635686039924622,False
500,47,230,0.06256868690252304,False
500,47,235,0.06425593793392181,False
500,47,240,0.1705586165189743,False
500,47,245,0.2573756277561188,False
500,47,250,0.18358847498893738,False
500,47,255,0.2851392328739166,False
500,47,260,0.22092735767364502,False
500,47,265,0.16883768141269684,False
500,47,270,0.2248176485300064,False
500,47,275,0.22306789457798004,False
500,47,280,0.4002119302749634,False
500,47,285,0.5203877091407776,False
500,47,290,0.30703186988830566,False
500,47,295,0.07529836148023605,False
500,47,300,0.13458265364170074,False
500,47,305,0.18894705176353455,False
500,47,310,0.2884445786476135,False
500,47,315,0.4764004051685333,False
500,47,320,0.20959049463272095,False
500,47,325,0.1812114268541336,False
500,47,330,0.5916158556938171,False
500,47,335,0.11068829894065857,False
500,47,340,0.3535453677177429,False
500,47,345,0.531351625919342,False
500,47,350,0.14444924890995026,False
500,47,355,0.26016029715538025,False
500,47,360,0.40074044466018677,False
500,47,365,0.4922698438167572,False
500,47,370,0.3874419927597046,False
500,47,375,0.2832416892051697,False
500,47,380,0.40403568744659424,False
500,47,385,0.30585363507270813,False
500,47,390,0.3298032581806183,False
500,47,395,0.21687550842761993,False
500,47,400,0.2339874655008316,False
500,47,405,0.173578679561615,False
500,48,10,0.22780431807041168,False
500,48,15,0.3052145838737488,False
500,48,20,0.38638994097709656,False
500,48,25,0.35042837262153625,False
500,48,30,0.26732107996940613,False
500,48,35,0.3190942704677582,False
500,48,40,0.2535736560821533,False
500,48,45,0.37879106402397156,False
500,48,50,0.2421228438615799,False
500,48,55,0.28542375564575195,False
500,48,60,0.2465490996837616,False
500,48,65,0.30662938952445984,False
500,48,70,0.31347060203552246,False
500,48,75,0.34278440475463867,False
500,48,80,0.3136628270149231,False
500,48,85,0.3277108371257782,False
500,48,90,0.5114716291427612,False
500,48,95,0.15676119923591614,False
500,48,100,0.47383299469947815,False
500,48,105,0.16978612542152405,False
500,48,110,0.41196489334106445,False
500,48,115,0.4687804877758026,False
500,48,120,0.27987825870513916,False
500,48,125,0.43321508169174194,False
500,48,130,0.2374039888381958,False
500,48,135,0.5158069133758545,False
500,48,140,0.36608731746673584,False
500,48,145,0.24500368535518646,False
500,48,150,0.2631475031375885,False
500,48,155,0.23792961239814758,False
500,48,160,0.511767566204071,False
500,48,165,0.16435568034648895,False
500,48,170,0.22168056666851044,False
500,48,175,0.19597786664962769,False
500,48,180,0.1134326308965683,False
500,48,185,0.1255687028169632,False
500,48,190,0.1952478289604187,False
500,48,195,0.42356574535369873,False
500,48,200,0.21672141551971436,False
500,48,205,0.23121324181556702,False
500,48,210,0.24923773109912872,False
500,48,215,0.34744977951049805,False
500,48,220,0.09350777417421341,False
500,48,225,0.46156322956085205,False
500,48,230,0.37414851784706116,False
500,48,235,0.3995535671710968,False
500,48,240,0.27221956849098206,False
500,48,245,0.5417451858520508,False
500,48,250,0.33275043964385986,False
500,48,255,0.4495174288749695,False
500,48,260,0.2159624993801117,False
500,48,265,0.20482918620109558,False
500,48,270,0.40734973549842834,False
500,48,275,0.4732432961463928,False
500,48,280,0.4858195185661316,False
500,48,285,0.426704466342926,False
500,48,290,0.18268179893493652,False
500,48,295,0.2688429355621338,False
500,48,300,0.3785903751850128,False
500,48,305,0.3523273169994354,False
500,48,310,0.2717001438140869,False
500,48,315,0.5204958319664001,False
500,48,320,0.37833136320114136,False
500,48,325,0.09675832837820053,False
500,48,330,0.5729479193687439,False
500,48,335,0.11865774542093277,False
500,48,340,0.12886114418506622,False
500,48,345,0.47901758551597595,False
500,48,350,0.06155144423246384,False
500,48,355,0.19942501187324524,False
500,48,360,0.4702184796333313,False
500,48,365,0.42797523736953735,False
500,48,370,0.4443448483943939,False
500,48,375,0.4415183663368225,False
500,48,380,0.39549270272254944,False
500,48,385,0.40320146083831787,False
500,48,390,0.32453155517578125,False
500,48,395,0.34358689188957214,False
500,48,400,0.24065172672271729,False
500,48,405,0.33650603890419006,False
500,49,10,0.16432636976242065,False
500,49,15,0.33707553148269653,False
500,49,20,0.44109171628952026,False
500,49,25,0.31753677129745483,False
500,49,30,0.21842020750045776,False
500,49,35,0.251144677400589,False
500,49,40,0.3077254891395569,False
500,49,45,0.29758813977241516,False
500,49,50,0.19688527286052704,False
500,49,55,0.2502475380897522,False
500,49,60,0.2030332237482071,False
500,49,65,0.2813209295272827,False
500,49,70,0.30896520614624023,False
500,49,75,0.43198418617248535,False
500,49,80,0.44933900237083435,False
500,49,85,0.48836061358451843,False
500,49,90,0.6080067753791809,False
500,49,95,0.6076738238334656,False
500,49,100,0.6016513109207153,False
500,49,105,0.1154349222779274,False
500,49,110,0.524329662322998,False
500,49,115,0.6133665442466736,False
500,49,120,0.5530282855033875,False
500,49,125,0.601906418800354,False
500,49,130,0.2359643578529358,False
500,49,135,0.6139688491821289,False
500,49,140,0.17863795161247253,False
500,49,145,0.5940185189247131,False
500,49,150,0.671650230884552,False
500,49,155,0.5565956234931946,False
500,49,160,0.7403582334518433,False
500,49,165,0.47045448422431946,False
500,49,170,0.36395034193992615,False
500,49,175,0.760345995426178,False
500,49,180,0.5532819032669067,False
500,49,185,0.7542562484741211,False
500,49,190,0.3908434510231018,False
500,49,195,0.4569016098976135,False
500,49,200,0.3717333972454071,False
500,49,205,0.523421585559845,False
500,49,210,0.6168738007545471,False
500,49,215,0.6741760969161987,False
500,49,220,0.3198719024658203,False
500,49,225,0.4511231482028961,False
500,49,230,0.5176287889480591,False
500,49,235,0.5067809820175171,False
500,49,240,0.59307461977005,False
500,49,245,0.2726624608039856,False
500,49,250,0.5328735113143921,False
500,49,255,0.48764047026634216,False
500,49,260,0.3797929286956787,False
500,49,265,0.3150918781757355,False
500,49,270,0.5556254982948303,False
500,49,275,0.49116790294647217,False
500,49,280,0.4628928601741791,False
500,49,285,0.12040894478559494,False
500,49,290,0.7766155004501343,False
500,49,295,0.7218160033226013,False
500,49,300,0.19824470579624176,False
500,49,305,0.5133112668991089,False
500,49,310,0.5200519561767578,False
500,49,315,0.2403932809829712,False
500,49,320,0.6846038699150085,False
500,49,325,0.44914793968200684,False
500,49,330,0.23490919172763824,False
500,49,335,0.8911298513412476,False
500,49,340,0.5810259580612183,False
500,49,345,0.12881691753864288,False
500,49,350,0.6917325258255005,False
500,49,355,0.7092807292938232,False
500,49,360,0.18116416037082672,False
500,49,365,0.7389055490493774,False
500,49,370,0.3351718783378601,False
500,49,375,0.20437896251678467,False
500,49,380,0.39165690541267395,False
500,49,385,0.1298322081565857,False
500,49,390,0.6132128238677979,False
500,49,395,0.16653227806091309,False
500,49,400,0.5441938638687134,False
500,49,405,0.13644924759864807,False
