eval_step,episode_idx,episode_step,alignment_ratio,success
0,0,10,0.06351513415575027,False
0,0,15,0.15096065402030945,False
0,0,20,0.290759414434433,False
0,0,25,0.3233351707458496,False
0,0,30,0.12835195660591125,False
0,0,35,0.19013312458992004,False
0,0,40,0.48224014043807983,False
0,0,45,0.5361779928207397,False
0,0,50,0.495006799697876,False
0,0,55,0.47775426506996155,False
0,0,60,0.2224825769662857,False
0,0,65,0.1280583292245865,False
0,0,70,0.08773106336593628,False
0,0,75,0.05119350552558899,False
0,0,80,0.08188413828611374,False
0,0,85,0.09675532579421997,False
0,0,90,0.06348393112421036,False
0,0,95,0.06153152883052826,False
0,0,100,0.03196436166763306,False
0,0,105,0.03749450296163559,False
0,0,110,0.19242246448993683,False
0,0,115,0.12839952111244202,False
0,0,120,0.13857361674308777,False
0,0,125,0.20116831362247467,False
0,0,130,0.11807888001203537,False
0,0,135,0.1593588888645172,False
0,0,140,0.07741008698940277,False
0,0,145,0.03677625581622124,False
0,0,150,0.06646402180194855,False
0,0,155,0.09344188123941422,False
0,0,160,0.8380393385887146,False
0,0,165,0.051926665008068085,False
0,0,170,0.04832812398672104,False
0,0,175,0.08751238882541656,False
0,0,180,0.1025889441370964,False
0,0,185,0.06051112711429596,False
0,0,190,0.3953821659088135,False
0,0,195,0.33406853675842285,False
0,0,200,0.1592315286397934,False
0,0,205,0.29862433671951294,False
0,0,210,0.141830176115036,False
0,0,215,0.06822893023490906,False
0,0,220,0.07883094251155853,False
0,0,225,0.10672486573457718,False
0,0,230,0.04728218913078308,False
0,0,235,0.07248860597610474,False
0,0,240,0.04368003457784653,False
0,0,245,0.08761054277420044,False
0,0,250,0.12008239328861237,False
0,0,255,0.0925104022026062,False
0,0,260,0.09406837821006775,False
0,0,265,0.07797661423683167,False
0,0,270,0.24832317233085632,False
0,0,275,0.18244798481464386,False
0,0,280,0.05715430527925491,False
0,0,285,0.04068068042397499,False
0,0,290,0.07385271042585373,False
0,0,295,0.09917919337749481,False
0,0,300,0.18754909932613373,False
0,0,305,0.07030168175697327,False
0,0,310,0.33500778675079346,False
0,0,315,0.841191828250885,False
0,0,320,0.3467179238796234,False
0,0,325,1.299973726272583,False
0,0,330,1.436623454093933,False
0,0,335,0.2917401194572449,False
0,0,340,0.32074615359306335,False
0,0,345,0.20598004758358002,False
0,0,350,1.4303265810012817,False
0,0,355,0.38693153858184814,False
0,0,360,0.1410454362630844,False
0,0,365,0.16754570603370667,False
0,0,370,0.40629324316978455,False
0,0,375,0.3604589104652405,False
0,0,380,0.1687517613172531,False
0,0,385,0.15600216388702393,False
0,0,390,0.21429550647735596,False
0,0,395,0.10717927664518356,False
0,0,400,0.1365288943052292,False
0,0,405,0.22344906628131866,False
0,1,10,0.05381419137120247,False
0,1,15,0.1952841728925705,False
0,1,20,0.25122424960136414,False
0,1,25,0.3782687187194824,False
0,1,30,0.2582736611366272,False
0,1,35,0.12457404285669327,False
0,1,40,0.17268308997154236,False
0,1,45,0.28199484944343567,False
0,1,50,0.29515379667282104,False
0,1,55,0.2453896850347519,False
0,1,60,0.2551586627960205,False
0,1,65,0.08072343468666077,False
0,1,70,0.04389926418662071,False
0,1,75,0.13191987574100494,False
0,1,80,0.19695918262004852,False
0,1,85,0.26754987239837646,False
0,1,90,0.1298706829547882,False
0,1,95,1.7673555612564087,False
0,1,100,0.27251574397087097,False
0,1,105,0.19375307857990265,False
0,1,110,0.09098723530769348,False
0,1,115,0.1759408861398697,False
0,1,120,0.04293156415224075,False
0,1,125,0.08146156370639801,False
0,1,130,0.1661422997713089,False
0,1,135,0.17193835973739624,False
0,1,140,0.15159732103347778,False
0,1,145,0.13239222764968872,False
0,1,150,0.09847985953092575,False
0,1,155,0.0626457929611206,False
0,1,160,0.05102398991584778,False
0,1,165,0.03959540277719498,False
0,1,170,0.055928003042936325,False
0,1,175,0.08467253297567368,False
0,1,180,0.8636085391044617,False
0,1,185,0.09969432651996613,False
0,1,190,0.06771112233400345,False
0,1,195,0.07248617708683014,False
0,1,200,0.0616658478975296,False
0,1,205,0.03178265318274498,False
0,1,210,0.07807542383670807,False
0,1,215,0.1819540411233902,False
0,1,220,0.13928745687007904,False
0,1,225,0.09460645169019699,False
0,1,230,0.05379268154501915,False
0,1,235,0.16775985062122345,False
0,1,240,0.10927858203649521,False
0,1,245,0.12269174307584763,False
0,1,250,0.12053664028644562,False
0,1,255,0.122446708381176,False
0,1,260,0.8630881309509277,False
0,1,265,0.18800629675388336,False
0,1,270,0.1554071009159088,False
0,1,275,0.10516835749149323,False
0,1,280,0.04970046132802963,False
0,1,285,0.38211891055107117,False
0,1,290,0.07850529998540878,False
0,1,295,0.08331379294395447,False
0,1,300,0.3148152828216553,False
0,1,305,0.05412965267896652,False
0,1,310,0.10780112445354462,False
0,1,315,0.14737364649772644,False
0,1,320,0.047488171607255936,False
0,1,325,0.2682196795940399,False
0,1,330,0.5518749952316284,False
0,1,335,0.2010742872953415,False
0,1,340,0.04162568226456642,False
0,1,345,0.1152205541729927,False
0,1,350,0.09920638054609299,False
0,1,355,0.1932677924633026,False
0,1,360,0.08039580285549164,False
0,1,365,0.11272494494915009,False
0,1,370,0.07685332000255585,False
0,1,375,0.1833764612674713,False
0,1,380,0.28728052973747253,False
0,1,385,0.35100823640823364,False
0,1,390,0.3308086395263672,False
0,1,395,0.4161628484725952,False
0,1,400,0.3811896741390228,False
0,1,405,0.48875969648361206,False
0,2,10,0.043896980583667755,False
0,2,15,0.19515837728977203,False
0,2,20,0.26653677225112915,False
0,2,25,0.3007018566131592,False
0,2,30,0.15543745458126068,False
0,2,35,0.2078930139541626,False
0,2,40,0.3072279095649719,False
0,2,45,0.2484678477048874,False
0,2,50,0.06731858849525452,False
0,2,55,0.07305725663900375,False
0,2,60,0.06226438656449318,False
0,2,65,0.1299201399087906,False
0,2,70,0.05366373807191849,False
0,2,75,0.04790797084569931,False
0,2,80,0.0764671191573143,False
0,2,85,0.05158005654811859,False
0,2,90,0.062351517379283905,False
0,2,95,0.05059800669550896,False
0,2,100,0.13740524649620056,False
0,2,105,0.10331781208515167,False
0,2,110,0.11072281002998352,False
0,2,115,0.1529812514781952,False
0,2,120,0.13587892055511475,False
0,2,125,0.1380086988210678,False
0,2,130,0.24987365305423737,False
0,2,135,0.1439133733510971,False
0,2,140,0.896035373210907,False
0,2,145,0.14192800223827362,False
0,2,150,0.24248574674129486,False
0,2,155,0.7531230449676514,False
0,2,160,0.23588873445987701,False
0,2,165,0.21515102684497833,False
0,2,170,0.3010561466217041,False
0,2,175,1.6117862462997437,False
0,2,180,0.1830838918685913,False
0,2,185,0.15369060635566711,False
0,2,190,0.14884060621261597,False
0,2,195,0.1963103711605072,False
0,2,200,0.23485730588436127,False
0,2,205,0.16575811803340912,False
0,2,210,1.0799444913864136,False
0,2,215,0.13342630863189697,False
0,2,220,1.3068413734436035,False
0,2,225,0.5184905529022217,False
0,2,230,0.3470251262187958,False
0,2,235,0.3247637450695038,False
0,2,240,0.44657036662101746,False
0,2,245,0.5175631642341614,False
0,2,250,1.6173516511917114,False
0,2,255,1.7244408130645752,False
0,2,260,1.6945360898971558,False
0,2,265,1.5454378128051758,False
0,2,270,1.610041618347168,False
0,2,275,0.38627809286117554,False
0,2,280,0.29059141874313354,False
0,2,285,0.4424194395542145,False
0,2,290,0.5061632990837097,False
0,2,295,0.4702085852622986,False
0,2,300,0.5461041927337646,False
0,2,305,0.5013397932052612,False
0,2,310,0.5066003799438477,False
0,2,315,0.40867510437965393,False
0,2,320,0.5014694929122925,False
0,2,325,0.5331607460975647,False
0,2,330,0.445812463760376,False
0,2,335,0.5616036057472229,False
0,2,340,0.5512470602989197,False
0,2,345,0.4548117220401764,False
0,2,350,0.39460042119026184,False
0,2,355,0.5684296488761902,False
0,2,360,0.46767255663871765,False
0,2,365,0.5056430101394653,False
0,2,370,0.38100719451904297,False
0,2,375,0.46708235144615173,False
0,2,380,0.5642145872116089,False
0,2,385,0.47676166892051697,False
0,2,390,0.5095186233520508,False
0,2,395,0.5260258316993713,False
0,2,400,0.515231728553772,False
0,2,405,0.504377007484436,False
0,3,10,0.08731542527675629,False
0,3,15,0.23520225286483765,False
0,3,20,0.32756832242012024,False
0,3,25,0.35086435079574585,False
0,3,30,0.33915042877197266,False
0,3,35,0.2306993007659912,False
0,3,40,0.16806229948997498,False
0,3,45,0.6403313279151917,False
0,3,50,0.24220781028270721,False
0,3,55,0.19458551704883575,False
0,3,60,0.20978456735610962,False
0,3,65,0.1568356454372406,False
0,3,70,0.08387529850006104,False
0,3,75,0.14804629981517792,False
0,3,80,0.2652120888233185,False
0,3,85,1.6266000270843506,False
0,3,90,0.15253522992134094,False
0,3,95,0.6813753247261047,False
0,3,100,0.17060525715351105,False
0,3,105,0.6617502570152283,False
0,3,110,0.43112486600875854,False
0,3,115,0.31483620405197144,False
0,3,120,0.6742242574691772,False
0,3,125,0.40000683069229126,False
0,3,130,0.6543281674385071,False
0,3,135,0.6107586026191711,False
0,3,140,0.865096390247345,False
0,3,145,0.2404678910970688,False
0,3,150,0.4800398051738739,False
0,3,155,0.6791476011276245,False
0,3,160,0.4746994972229004,False
0,3,165,0.41346874833106995,False
0,3,170,0.4656539559364319,False
0,3,175,0.26260635256767273,False
0,3,180,0.049400292336940765,False
0,3,185,0.5460724234580994,False
0,3,190,0.22609248757362366,False
0,3,195,0.21717779338359833,False
0,3,200,0.6072676181793213,False
0,3,205,0.4490719437599182,False
0,3,210,0.26211005449295044,False
0,3,215,0.2784539759159088,False
0,3,220,0.24080610275268555,False
0,3,225,0.469992995262146,False
0,3,230,0.2946012020111084,False
0,3,235,0.22452932596206665,False
0,3,240,0.23211045563220978,False
0,3,245,0.2580122947692871,False
0,3,250,0.2872539758682251,False
0,3,255,0.1786055713891983,False
0,3,260,0.2829492390155792,False
0,3,265,0.3408285081386566,False
0,3,270,0.48429033160209656,False
0,3,275,0.5063137412071228,False
0,3,280,0.23610247671604156,False
0,3,285,0.07644755393266678,False
0,3,290,0.6689140200614929,False
0,3,295,0.5353801250457764,False
0,3,300,1.3124171495437622,False
0,3,305,0.45891281962394714,False
0,3,310,0.3679814636707306,False
0,3,315,0.5158609747886658,False
0,3,320,0.42962321639060974,False
0,3,325,0.42779913544654846,False
0,3,330,0.07171239703893661,False
0,3,335,0.45948925614356995,False
0,3,340,0.4215550720691681,False
0,3,345,0.34090375900268555,False
0,3,350,0.3539496958255768,False
0,3,355,0.34642183780670166,False
0,3,360,0.5067602396011353,False
0,3,365,0.3866305947303772,False
0,3,370,0.32897502183914185,False
0,3,375,0.24641476571559906,False
0,3,380,0.3929610252380371,False
0,3,385,0.40189501643180847,False
0,3,390,0.3384038805961609,False
0,3,395,0.4049668312072754,False
0,3,400,0.19939644634723663,False
0,3,405,0.2950863838195801,False
0,4,10,0.0728473886847496,False
0,4,15,0.06700748950242996,False
0,4,20,0.08624719828367233,False
0,4,25,0.07912427186965942,False
0,4,30,0.10868945717811584,False
0,4,35,0.31348058581352234,False
0,4,40,0.175362691283226,False
0,4,45,0.07378202676773071,False
0,4,50,0.11882837116718292,False
0,4,55,0.12937062978744507,False
0,4,60,0.905001699924469,False
0,4,65,1.4945967197418213,False
0,4,70,0.12378955632448196,False
0,4,75,0.05507154390215874,False
0,4,80,0.04730228707194328,False
0,4,85,0.36511507630348206,False
0,4,90,0.09590423107147217,False
0,4,95,0.1050303503870964,False
0,4,100,0.07852602750062943,False
0,4,105,0.10503488779067993,False
0,4,110,0.11129190772771835,False
0,4,115,0.13426227867603302,False
0,4,120,0.15300370752811432,False
0,4,125,0.20810683071613312,False
0,4,130,0.14533604681491852,False
0,4,135,0.07523122429847717,False
0,4,140,0.07022760063409805,False
0,4,145,0.0926520898938179,False
0,4,150,0.11943873018026352,False
0,4,155,0.08883334696292877,False
0,4,160,0.08287795633077621,False
0,4,165,0.03418095409870148,False
0,4,170,0.049786586314439774,False
0,4,175,0.06946739554405212,False
0,4,180,0.5416658520698547,False
0,4,185,0.43801867961883545,False
0,4,190,0.23304538428783417,False
0,4,195,0.08605825155973434,False
0,4,200,0.15192098915576935,False
0,4,205,0.0385979562997818,False
0,4,210,0.08964790403842926,False
0,4,215,0.17680996656417847,False
0,4,220,0.09081722795963287,False
0,4,225,0.15949521958827972,False
0,4,230,0.08164799958467484,False
0,4,235,0.1955258548259735,False
0,4,240,0.049924444407224655,False
0,4,245,0.11049005389213562,False
0,4,250,0.1133073940873146,False
0,4,255,0.038788679987192154,False
0,4,260,0.06300398707389832,False
0,4,265,0.1597267985343933,False
0,4,270,0.02295238897204399,False
0,4,275,0.3041086792945862,False
0,4,280,0.27957868576049805,False
0,4,285,0.15201100707054138,False
0,4,290,0.18539893627166748,False
0,4,295,0.19564421474933624,False
0,4,300,0.22744494676589966,False
0,4,305,0.3330692648887634,False
0,4,310,0.11093509197235107,False
0,4,315,0.19440369307994843,False
0,4,320,0.17650730907917023,False
0,4,325,0.12387168407440186,False
0,4,330,0.21134990453720093,False
0,4,335,0.1286899745464325,False
0,4,340,0.1622781604528427,False
0,4,345,0.21004149317741394,False
0,4,350,0.13560424745082855,False
0,4,355,0.16901053488254547,False
0,4,360,0.13361145555973053,False
0,4,365,0.1403028666973114,False
0,4,370,0.11765078455209732,False
0,4,375,0.1291767805814743,False
0,4,380,0.10115986317396164,False
0,4,385,0.08352680504322052,False
0,4,390,0.1421668380498886,False
0,4,395,0.10354872792959213,False
0,4,400,0.147830531001091,False
0,4,405,0.20241491496562958,False
0,5,10,0.09691616147756577,False
0,5,15,0.11498627066612244,False
0,5,20,0.17516784369945526,False
0,5,25,0.2025545984506607,False
0,5,30,0.08725723624229431,False
0,5,35,0.17109978199005127,False
0,5,40,0.4041135609149933,False
0,5,45,0.2930753827095032,False
0,5,50,0.23451094329357147,False
0,5,55,0.04515809565782547,False
0,5,60,0.11436399072408676,False
0,5,65,0.06505665928125381,False
0,5,70,0.07121901959180832,False
0,5,75,1.1986167430877686,False
0,5,80,0.1056479811668396,False
0,5,85,0.22372566163539886,False
0,5,90,0.14243261516094208,False
0,5,95,0.1655264049768448,False
0,5,100,0.1727389544248581,False
0,5,105,0.13569419085979462,False
0,5,110,0.05536860227584839,False
0,5,115,0.06083899736404419,False
0,5,120,0.04402485489845276,False
0,5,125,0.043360110372304916,False
0,5,130,0.12246866524219513,False
0,5,135,0.08121788501739502,False
0,5,140,0.0997297614812851,False
0,5,145,0.1491786688566208,False
0,5,150,0.15504176914691925,False
0,5,155,0.038207653909921646,False
0,5,160,0.07919207960367203,False
0,5,165,0.13842643797397614,False
0,5,170,0.5093421339988708,False
0,5,175,0.16523635387420654,False
0,5,180,0.15951934456825256,False
0,5,185,0.05898937210440636,False
0,5,190,0.031164802610874176,False
0,5,195,0.1598382443189621,False
0,5,200,0.10238541662693024,False
0,5,205,0.21074795722961426,False
0,5,210,0.06391675025224686,False
0,5,215,0.08014176040887833,False
0,5,220,0.748740553855896,False
0,5,225,0.300012469291687,False
0,5,230,0.7328919172286987,False
0,5,235,0.5623335242271423,False
0,5,240,0.06975560635328293,False
0,5,245,0.6716987490653992,False
0,5,250,0.11057202517986298,False
0,5,255,0.0790860503911972,False
0,5,260,0.09278274327516556,False
0,5,265,1.3800129890441895,False
0,5,270,0.887004554271698,False
0,5,275,0.17627952992916107,False
0,5,280,0.137807235121727,False
0,5,285,0.06218613311648369,False
0,5,290,0.04863769933581352,False
0,5,295,0.05136926844716072,False
0,5,300,0.9202368855476379,False
0,5,305,0.11168619245290756,False
0,5,310,0.09190952032804489,False
0,5,315,0.9242515563964844,False
0,5,320,0.05701672285795212,False
0,5,325,0.06550266593694687,False
0,5,330,0.12590041756629944,False
0,5,335,0.25199151039123535,False
0,5,340,0.0751819908618927,False
0,5,345,0.7380305528640747,False
0,5,350,0.08038709312677383,False
0,5,355,0.10655615478754044,False
0,5,360,0.22304002940654755,False
0,5,365,0.4718351364135742,False
0,5,370,0.21230317652225494,False
0,5,375,0.06729736924171448,False
0,5,380,0.1380348950624466,False
0,5,385,1.5750596523284912,False
0,5,390,0.9779192805290222,False
0,5,395,1.8238450288772583,False
0,5,400,1.5051010847091675,False
0,5,405,0.20259679853916168,False
0,6,10,0.0900351032614708,False
0,6,15,0.15882684290409088,False
0,6,20,0.19376417994499207,False
0,6,25,0.2263675481081009,False
0,6,30,0.17424653470516205,False
0,6,35,0.14292268455028534,False
0,6,40,0.18144308030605316,False
0,6,45,0.15224647521972656,False
0,6,50,0.13664302229881287,False
0,6,55,0.1465516835451126,False
0,6,60,0.18930181860923767,False
0,6,65,0.16460654139518738,False
0,6,70,0.10747969895601273,False
0,6,75,0.09940174967050552,False
0,6,80,0.1621481478214264,False
0,6,85,0.13268442451953888,False
0,6,90,0.14626838266849518,False
0,6,95,0.4967806041240692,False
0,6,100,0.23770935833454132,False
0,6,105,0.7142619490623474,False
0,6,110,0.23608021438121796,False
0,6,115,0.2513595521450043,False
0,6,120,0.28021928668022156,False
0,6,125,0.20886605978012085,False
0,6,130,0.3966011703014374,False
0,6,135,0.22852197289466858,False
0,6,140,0.613224446773529,False
0,6,145,0.10359509289264679,False
0,6,150,0.27057287096977234,False
0,6,155,0.2949647605419159,False
0,6,160,0.1192488893866539,False
0,6,165,0.16853679716587067,False
0,6,170,0.15851517021656036,False
0,6,175,0.5984112620353699,False
0,6,180,0.26470375061035156,False
0,6,185,0.1775379776954651,False
0,6,190,0.2870863676071167,False
0,6,195,0.11697885394096375,False
0,6,200,0.21015799045562744,False
0,6,205,0.1463591307401657,False
0,6,210,0.08319190889596939,False
0,6,215,0.0776960477232933,False
0,6,220,0.0835651308298111,False
0,6,225,0.36031827330589294,False
0,6,230,0.07561714202165604,False
0,6,235,0.05220380052924156,False
0,6,240,0.9658699631690979,False
0,6,245,0.385955810546875,False
0,6,250,0.09150122106075287,False
0,6,255,0.07464461028575897,False
0,6,260,0.07819060236215591,False
0,6,265,0.04977009445428848,False
0,6,270,0.04696974903345108,False
0,6,275,0.041009362787008286,False
0,6,280,0.07154472917318344,False
0,6,285,0.11348788440227509,False
0,6,290,0.8876586556434631,False
0,6,295,0.3516805171966553,False
0,6,300,0.30702856183052063,False
0,6,305,0.21160760521888733,False
0,6,310,0.4601656198501587,False
0,6,315,0.12598909437656403,False
0,6,320,0.5176311731338501,False
0,6,325,0.09733378142118454,False
0,6,330,0.7563883662223816,False
0,6,335,0.13024820387363434,False
0,6,340,0.3720005452632904,False
0,6,345,0.06316224485635757,False
0,6,350,0.1055409386754036,False
0,6,355,0.1268172413110733,False
0,6,360,0.8512514233589172,False
0,6,365,0.9494761824607849,False
0,6,370,0.13499446213245392,False
0,6,375,0.6690239310264587,False
0,6,380,0.20588058233261108,False
0,6,385,0.2686706781387329,False
0,6,390,0.6433066725730896,False
0,6,395,0.1342984288930893,False
0,6,400,0.14797621965408325,False
0,6,405,0.46282461285591125,False
0,7,10,0.04664940759539604,False
0,7,15,0.1202063038945198,False
0,7,20,0.1786244660615921,False
0,7,25,0.18298150599002838,False
0,7,30,0.13266265392303467,False
0,7,35,0.2606405019760132,False
0,7,40,0.5203760862350464,False
0,7,45,0.4850500524044037,False
0,7,50,0.3048766255378723,False
0,7,55,0.08229654282331467,False
0,7,60,0.015951810404658318,False
0,7,65,0.08425349742174149,False
0,7,70,0.11172929406166077,False
0,7,75,0.1216609850525856,False
0,7,80,0.15445579588413239,False
0,7,85,0.12292011827230453,False
0,7,90,0.08003851026296616,False
0,7,95,0.1867104470729828,False
0,7,100,0.1033870130777359,False
0,7,105,0.45323124527931213,False
0,7,110,0.07947465777397156,False
0,7,115,0.03860639035701752,False
0,7,120,0.12786826491355896,False
0,7,125,0.11568975448608398,False
0,7,130,0.1011272445321083,False
0,7,135,0.08399160206317902,False
0,7,140,0.058880433440208435,False
0,7,145,0.06293399631977081,False
0,7,150,0.0383942574262619,False
0,7,155,0.04562939703464508,False
0,7,160,0.10642590373754501,False
0,7,165,0.09810508787631989,False
0,7,170,0.05640605092048645,False
0,7,175,0.04070066288113594,False
0,7,180,0.06528915464878082,False
0,7,185,0.06653959304094315,False
0,7,190,0.061447273939847946,False
0,7,195,0.04293857142329216,False
0,7,200,0.05207846313714981,False
0,7,205,0.0631176009774208,False
0,7,210,0.09611786156892776,False
0,7,215,0.11939094960689545,False
0,7,220,0.08992259204387665,False
0,7,225,0.07337401807308197,False
0,7,230,0.09169498831033707,False
0,7,235,0.08696657419204712,False
0,7,240,0.15830639004707336,False
0,7,245,0.18087689578533173,False
0,7,250,0.09651598334312439,False
0,7,255,0.3355613648891449,False
0,7,260,0.2065122425556183,False
0,7,265,0.06858213990926743,False
0,7,270,0.07625272870063782,False
0,7,275,0.4264208674430847,False
0,7,280,0.17544379830360413,False
0,7,285,0.07779856026172638,False
0,7,290,0.5349130034446716,False
0,7,295,0.4166019558906555,False
0,7,300,0.06851771473884583,False
0,7,305,0.12738898396492004,False
0,7,310,0.1323823183774948,False
0,7,315,0.1528351753950119,False
0,7,320,0.14405958354473114,False
0,7,325,0.3737848103046417,False
0,7,330,0.1260771006345749,False
0,7,335,0.23939290642738342,False
0,7,340,0.07888562977313995,False
0,7,345,0.1419191062450409,False
0,7,350,0.067100390791893,False
0,7,355,0.06173428148031235,False
0,7,360,0.09990068525075912,False
0,7,365,0.08613729476928711,False
0,7,370,0.058212760835886,False
0,7,375,0.13416200876235962,False
0,7,380,0.11274460703134537,False
0,7,385,0.11028002947568893,False
0,7,390,0.15885166823863983,False
0,7,395,0.09315106272697449,False
0,7,400,0.08737843483686447,False
0,7,405,0.12486901879310608,False
0,8,10,0.1573173999786377,False
0,8,15,0.24933479726314545,False
0,8,20,0.3471042215824127,False
0,8,25,0.634462296962738,False
0,8,30,0.29260778427124023,False
0,8,35,0.3103717565536499,False
0,8,40,0.21154798567295074,False
0,8,45,0.08210539817810059,False
0,8,50,0.09342007339000702,False
0,8,55,0.1071687862277031,False
0,8,60,0.10162675380706787,False
0,8,65,0.16754479706287384,False
0,8,70,0.12093257904052734,False
0,8,75,0.08928106725215912,False
0,8,80,0.16100426018238068,False
0,8,85,0.09359204024076462,False
0,8,90,0.17065438628196716,False
0,8,95,0.39670413732528687,False
0,8,100,0.23862287402153015,False
0,8,105,0.307313472032547,False
0,8,110,0.336611807346344,False
0,8,115,0.1942870169878006,False
0,8,120,0.2182096242904663,False
0,8,125,0.2139761596918106,False
0,8,130,0.20574907958507538,False
0,8,135,0.16342835128307343,False
0,8,140,0.0956331267952919,False
0,8,145,0.08877525478601456,False
0,8,150,0.1447651982307434,False
0,8,155,0.13539791107177734,False
0,8,160,0.09898283332586288,False
0,8,165,0.15478894114494324,False
0,8,170,0.10850488394498825,False
0,8,175,0.07998855412006378,False
0,8,180,0.2995999753475189,False
0,8,185,0.11062460392713547,False
0,8,190,0.2551056742668152,False
0,8,195,0.14260603487491608,False
0,8,200,0.14475856721401215,False
0,8,205,0.10219510644674301,False
0,8,210,0.10052262246608734,False
0,8,215,0.21743366122245789,False
0,8,220,0.11210132390260696,False
0,8,225,0.1056516095995903,False
0,8,230,0.08015178889036179,False
0,8,235,0.16341735422611237,False
0,8,240,0.1724475920200348,False
0,8,245,0.2331782579421997,False
0,8,250,0.0873539075255394,False
0,8,255,0.10484370589256287,False
0,8,260,0.18382994830608368,False
0,8,265,0.12666867673397064,False
0,8,270,0.2261025458574295,False
0,8,275,0.1687478870153427,False
0,8,280,0.16342513263225555,False
0,8,285,0.08853815495967865,False
0,8,290,0.25514912605285645,False
0,8,295,0.22433947026729584,False
0,8,300,0.2005724310874939,False
0,8,305,0.1613430678844452,False
0,8,310,0.2391386479139328,False
0,8,315,0.23361608386039734,False
0,8,320,0.24434778094291687,False
0,8,325,0.09691790491342545,False
0,8,330,0.21630840003490448,False
0,8,335,0.25136032700538635,False
0,8,340,0.17747488617897034,False
0,8,345,0.12251819670200348,False
0,8,350,0.1387651562690735,False
0,8,355,0.18644793331623077,False
0,8,360,0.11652442812919617,False
0,8,365,0.22736884653568268,False
0,8,370,0.29609960317611694,False
0,8,375,0.10312142223119736,False
0,8,380,0.16303683817386627,False
0,8,385,0.13533715903759003,False
0,8,390,0.1859230250120163,False
0,8,395,0.08781805634498596,False
0,8,400,0.1129913255572319,False
0,8,405,0.19046542048454285,False
0,9,10,0.062418628484010696,False
0,9,15,0.11175225675106049,False
0,9,20,0.13656198978424072,False
0,9,25,0.16942955553531647,False
0,9,30,0.273349404335022,False
0,9,35,0.25726500153541565,False
0,9,40,0.09971494227647781,False
0,9,45,0.05911112576723099,False
0,9,50,0.12686064839363098,False
0,9,55,0.10988959670066833,False
0,9,60,0.07344018667936325,False
0,9,65,0.07247916609048843,False
0,9,70,0.1493164598941803,False
0,9,75,0.1351107358932495,False
0,9,80,0.08132147789001465,False
0,9,85,0.23023876547813416,False
0,9,90,0.13928765058517456,False
0,9,95,0.19503675401210785,False
0,9,100,0.16295689344406128,False
0,9,105,0.14178285002708435,False
0,9,110,0.1472591757774353,False
0,9,115,0.1719687581062317,False
0,9,120,0.1637689769268036,False
0,9,125,0.11270160228013992,False
0,9,130,0.11657025665044785,False
0,9,135,0.1167968362569809,False
0,9,140,0.1535818725824356,False
0,9,145,0.12541340291500092,False
0,9,150,0.12731468677520752,False
0,9,155,0.12767721712589264,False
0,9,160,0.09571641683578491,False
0,9,165,0.08195743709802628,False
0,9,170,0.0912637710571289,False
0,9,175,0.08992419391870499,False
0,9,180,0.10901020467281342,False
0,9,185,0.12087714672088623,False
0,9,190,0.10893791168928146,False
0,9,195,0.10815732926130295,False
0,9,200,0.11219825595617294,False
0,9,205,0.11167461425065994,False
0,9,210,0.08801589906215668,False
0,9,215,0.09918901324272156,False
0,9,220,0.10927405208349228,False
0,9,225,0.13965794444084167,False
0,9,230,0.1080436110496521,False
0,9,235,0.09546542912721634,False
0,9,240,0.08580271899700165,False
0,9,245,0.087142713367939,False
0,9,250,0.1444549709558487,False
0,9,255,0.09557169675827026,False
0,9,260,0.10049702972173691,False
0,9,265,0.07668686658143997,False
0,9,270,0.08987725526094437,False
0,9,275,0.08730281889438629,False
0,9,280,0.08083544671535492,False
0,9,285,0.0836041048169136,False
0,9,290,0.10267801582813263,False
0,9,295,0.064350925385952,False
0,9,300,0.12296705693006516,False
0,9,305,0.1070326715707779,False
0,9,310,0.07485087215900421,False
0,9,315,0.06142149120569229,False
0,9,320,0.12341155856847763,False
0,9,325,0.11235683411359787,False
0,9,330,0.07384108006954193,False
0,9,335,0.06811442226171494,False
0,9,340,0.12826111912727356,False
0,9,345,0.12885116040706635,False
0,9,350,0.18497079610824585,False
0,9,355,0.12682503461837769,False
0,9,360,0.05462592840194702,False
0,9,365,0.10398880392313004,False
0,9,370,0.12844668328762054,False
0,9,375,0.3042462468147278,False
0,9,380,0.08434837311506271,False
0,9,385,0.19606313109397888,False
0,9,390,0.19604015350341797,False
0,9,395,0.07531356066465378,False
0,9,400,0.08549867570400238,False
0,9,405,0.1414700150489807,False
0,10,10,0.08131511509418488,False
0,10,15,0.0988411009311676,False
0,10,20,0.038799699395895004,False
0,10,25,0.09550550580024719,False
0,10,30,0.2508454918861389,False
0,10,35,0.281875342130661,False
0,10,40,0.11120656132698059,False
0,10,45,0.13948987424373627,False
0,10,50,0.13726525008678436,False
0,10,55,0.1365804821252823,False
0,10,60,0.18383987247943878,False
0,10,65,0.11243434995412827,False
0,10,70,0.08138750493526459,False
0,10,75,0.07013602554798126,False
0,10,80,0.059074610471725464,False
0,10,85,0.07473428547382355,False
0,10,90,0.05586574599146843,False
0,10,95,0.0722237229347229,False
0,10,100,0.04574016481637955,False
0,10,105,0.08337005972862244,False
0,10,110,0.044259488582611084,False
0,10,115,0.04680700972676277,False
0,10,120,0.054207026958465576,False
0,10,125,0.05862545967102051,False
0,10,130,0.0718352347612381,False
0,10,135,0.09803438186645508,False
0,10,140,0.0984925776720047,False
0,10,145,0.07426194101572037,False
0,10,150,0.08459609001874924,False
0,10,155,0.07992545515298843,False
0,10,160,0.047742810100317,False
0,10,165,0.04980113357305527,False
0,10,170,0.044455260038375854,False
0,10,175,0.04767749458551407,False
0,10,180,0.06489052623510361,False
0,10,185,0.05757169798016548,False
0,10,190,0.04792720079421997,False
0,10,195,0.059685174375772476,False
0,10,200,0.05515671521425247,False
0,10,205,0.05480954796075821,False
0,10,210,0.05453448370099068,False
0,10,215,0.06608321517705917,False
0,10,220,0.04442985728383064,False
0,10,225,0.09054085612297058,False
0,10,230,0.05024241283535957,False
0,10,235,0.07802922278642654,False
0,10,240,0.0581454336643219,False
0,10,245,0.12807093560695648,False
0,10,250,0.11727435886859894,False
0,10,255,0.13633807003498077,False
0,10,260,0.17682689428329468,False
0,10,265,0.16950751841068268,False
0,10,270,0.11774280667304993,False
0,10,275,0.06560349464416504,False
0,10,280,0.07378765195608139,False
0,10,285,0.05475175380706787,False
0,10,290,0.01529745850712061,False
0,10,295,0.04808648303151131,False
0,10,300,0.05826053395867348,False
0,10,305,0.04213937744498253,False
0,10,310,0.055611494928598404,False
0,10,315,0.0834861621260643,False
0,10,320,0.08294213563203812,False
0,10,325,0.09100043028593063,False
0,10,330,0.05297784134745598,False
0,10,335,0.2930450737476349,False
0,10,340,0.24550068378448486,False
0,10,345,0.5732879638671875,False
0,10,350,0.24683602154254913,False
0,10,355,0.25476449728012085,False
0,10,360,0.568679690361023,False
0,10,365,0.16437768936157227,False
0,10,370,0.2155023217201233,False
0,10,375,0.03625264763832092,False
0,10,380,0.060699496418237686,False
0,10,385,0.8066968321800232,False
0,10,390,0.21543623507022858,False
0,10,395,1.962470293045044,False
0,10,400,0.38795700669288635,False
0,10,405,0.214960977435112,False
0,11,10,0.11182722449302673,False
0,11,15,0.3164045214653015,False
0,11,20,0.3601270914077759,False
0,11,25,0.42018646001815796,False
0,11,30,0.32418230175971985,False
0,11,35,0.18382301926612854,False
0,11,40,0.19735121726989746,False
0,11,45,0.22648932039737701,False
0,11,50,0.6826841831207275,False
0,11,55,0.36523762345314026,False
0,11,60,0.7727258801460266,False
0,11,65,0.41759032011032104,False
0,11,70,0.14649023115634918,False
0,11,75,0.168707013130188,False
0,11,80,0.7646028995513916,False
0,11,85,1.3045399188995361,False
0,11,90,0.2600097954273224,False
0,11,95,0.4461404085159302,False
0,11,100,0.3692399859428406,False
0,11,105,0.38492292165756226,False
0,11,110,0.19042862951755524,False
0,11,115,0.17085681855678558,False
0,11,120,0.1882610321044922,False
0,11,125,0.13391797244548798,False
0,11,130,0.23488196730613708,False
0,11,135,0.22578273713588715,False
0,11,140,0.2102205604314804,False
0,11,145,0.1741071343421936,False
0,11,150,0.23822513222694397,False
0,11,155,0.10775761306285858,False
0,11,160,0.2568478286266327,False
0,11,165,0.12428490817546844,False
0,11,170,0.11824598163366318,False
0,11,175,0.9775367975234985,False
0,11,180,0.0951976552605629,False
0,11,185,0.12259916961193085,False
0,11,190,0.15284672379493713,False
0,11,195,0.34335294365882874,False
0,11,200,0.22838431596755981,False
0,11,205,0.2645687162876129,False
0,11,210,0.14441817998886108,False
0,11,215,0.32828518748283386,False
0,11,220,0.2447291910648346,False
0,11,225,0.6207647919654846,False
0,11,230,0.894310474395752,False
0,11,235,0.9259029626846313,False
0,11,240,0.8177911639213562,False
0,11,245,0.7030967473983765,False
0,11,250,0.7284433841705322,False
0,11,255,0.660216212272644,False
0,11,260,0.6434404850006104,False
0,11,265,0.7543290257453918,False
0,11,270,0.8020400404930115,False
0,11,275,0.8431726098060608,False
0,11,280,0.9242758750915527,False
0,11,285,0.7898668050765991,False
0,11,290,0.9052513241767883,False
0,11,295,0.9006843566894531,False
0,11,300,0.5174064636230469,False
0,11,305,0.5748976469039917,False
0,11,310,0.7582148909568787,False
0,11,315,0.7963587641716003,False
0,11,320,0.8273587822914124,False
0,11,325,0.8005491495132446,False
0,11,330,0.2643921971321106,False
0,11,335,0.1738651990890503,False
0,11,340,0.818390429019928,False
0,11,345,0.16219477355480194,False
0,11,350,0.7099651098251343,False
0,11,355,0.08370640128850937,False
0,11,360,0.1015682965517044,False
0,11,365,0.8282976746559143,False
0,11,370,0.10079018771648407,False
0,11,375,0.7972298860549927,False
0,11,380,0.06896254420280457,False
0,11,385,0.8273048996925354,False
0,11,390,0.030299030244350433,False
0,11,395,0.08420553058385849,False
0,11,400,0.821553111076355,False
0,11,405,0.06111961603164673,False
0,12,10,0.1344151645898819,False
0,12,15,0.13362228870391846,False
0,12,20,0.17591126263141632,False
0,12,25,0.31396111845970154,False
0,12,30,0.1555183082818985,False
0,12,35,0.1667129546403885,False
0,12,40,0.1748603731393814,False
0,12,45,0.34855183959007263,False
0,12,50,0.21782638132572174,False
0,12,55,0.14725960791110992,False
0,12,60,0.0918969139456749,False
0,12,65,0.05574728921055794,False
0,12,70,0.17957137525081635,False
0,12,75,0.17040085792541504,False
0,12,80,0.20936504006385803,False
0,12,85,0.1466033160686493,False
0,12,90,1.2388029098510742,False
0,12,95,0.2846817076206207,False
0,12,100,0.23749659955501556,False
0,12,105,0.1281578540802002,False
0,12,110,0.06579239666461945,False
0,12,115,0.15993890166282654,False
0,12,120,0.12678730487823486,False
0,12,125,0.0878097414970398,False
0,12,130,0.12758061289787292,False
0,12,135,0.11944837123155594,False
0,12,140,0.1193421483039856,False
0,12,145,0.19716212153434753,False
0,12,150,0.11040852218866348,False
0,12,155,0.08499573916196823,False
0,12,160,0.12725281715393066,False
0,12,165,0.2159130722284317,False
0,12,170,0.061072614043951035,False
0,12,175,0.041365884244441986,False
0,12,180,0.8396569490432739,False
0,12,185,0.042954567819833755,False
0,12,190,0.1263347715139389,False
0,12,195,0.6698533892631531,False
0,12,200,0.65932697057724,False
0,12,205,0.5307174324989319,False
0,12,210,0.48920756578445435,False
0,12,215,0.5184898376464844,False
0,12,220,0.3289562165737152,False
0,12,225,0.6423596143722534,False
0,12,230,0.2330327033996582,False
0,12,235,0.4236401617527008,False
0,12,240,0.5602019429206848,False
0,12,245,0.9159111976623535,False
0,12,250,0.7592911124229431,False
0,12,255,0.7424357533454895,False
0,12,260,0.4889017939567566,False
0,12,265,0.6553251147270203,False
0,12,270,0.6351025104522705,False
0,12,275,0.5240865349769592,False
0,12,280,0.6578966379165649,False
0,12,285,1.0131398439407349,False
0,12,290,0.6485275030136108,False
0,12,295,0.3026697337627411,False
0,12,300,0.2623812258243561,False
0,12,305,0.40158385038375854,False
0,12,310,0.7175565958023071,False
0,12,315,0.6610956788063049,False
0,12,320,0.44732221961021423,False
0,12,325,0.29907190799713135,False
0,12,330,1.0138068199157715,False
0,12,335,0.6039189696311951,False
0,12,340,0.6217038035392761,False
0,12,345,0.317304402589798,False
0,12,350,0.42156529426574707,False
0,12,355,0.3833371698856354,False
0,12,360,0.23361822962760925,False
0,12,365,0.1943918615579605,False
0,12,370,0.25918474793434143,False
0,12,375,0.8693922162055969,False
0,12,380,0.2081456333398819,False
0,12,385,0.3403674066066742,False
0,12,390,0.13489045202732086,False
0,12,395,0.6425923705101013,False
0,12,400,0.4208298921585083,False
0,12,405,0.5775920152664185,False
0,13,10,0.052396632730960846,True
0,13,15,0.18648770451545715,True
0,13,20,0.22766807675361633,True
0,13,25,0.36855658888816833,True
0,13,30,0.346242219209671,True
0,13,35,0.18790018558502197,True
0,13,40,0.4473766088485718,True
0,13,45,0.226796954870224,True
0,13,50,0.2106930911540985,True
0,13,55,0.5931475162506104,True
0,13,60,0.5786530375480652,True
0,13,65,0.46704530715942383,True
0,13,70,0.10635221004486084,True
0,13,75,0.10690130293369293,True
0,13,80,0.07368975877761841,True
0,13,85,0.05298765376210213,True
0,13,90,0.0392317920923233,True
0,13,95,0.044509828090667725,True
0,13,100,0.0759429782629013,True
0,13,105,0.08140414208173752,True
0,13,110,0.061759985983371735,True
0,13,115,0.07933598756790161,True
0,13,120,0.12785714864730835,True
0,13,125,0.20457741618156433,True
0,13,130,0.05489439144730568,True
0,13,135,0.09057948738336563,True
0,14,10,0.04224579781293869,False
0,14,15,0.29221928119659424,False
0,14,20,0.48029622435569763,False
0,14,25,0.24079328775405884,False
0,14,30,0.19971610605716705,False
0,14,35,0.320405513048172,False
0,14,40,0.1828424632549286,False
0,14,45,0.18773166835308075,False
0,14,50,1.6311900615692139,False
0,14,55,0.2192307412624359,False
0,14,60,2.0247161388397217,False
0,14,65,0.4171842038631439,False
0,14,70,0.27664899826049805,False
0,14,75,0.3304246664047241,False
0,14,80,0.7780044674873352,False
0,14,85,1.676270604133606,False
0,14,90,1.454268217086792,False
0,14,95,0.24388116598129272,False
0,14,100,0.22009308636188507,False
0,14,105,0.33739519119262695,False
0,14,110,0.36203041672706604,False
0,14,115,0.3153793215751648,False
0,14,120,0.343191534280777,False
0,14,125,0.3148766756057739,False
0,14,130,0.52854323387146,False
0,14,135,0.5316940546035767,False
0,14,140,0.550070583820343,False
0,14,145,0.35206884145736694,False
0,14,150,0.4276471734046936,False
0,14,155,0.48401397466659546,False
0,14,160,0.6287490725517273,False
0,14,165,0.2847118675708771,False
0,14,170,0.3684627413749695,False
0,14,175,0.2919027507305145,False
0,14,180,0.49900996685028076,False
0,14,185,0.5515232682228088,False
0,14,190,0.4395926296710968,False
0,14,195,0.5171476602554321,False
0,14,200,0.2545754313468933,False
0,14,205,0.2174098640680313,False
0,14,210,0.23096929490566254,False
0,14,215,0.26133134961128235,False
0,14,220,0.21391865611076355,False
0,14,225,0.31946203112602234,False
0,14,230,0.23389025032520294,False
0,14,235,0.2809925079345703,False
0,14,240,0.4068227708339691,False
0,14,245,0.5055633783340454,False
0,14,250,0.32864418625831604,False
0,14,255,0.2863447070121765,False
0,14,260,0.25824642181396484,False
0,14,265,0.42966020107269287,False
0,14,270,0.4607951045036316,False
0,14,275,0.4793248176574707,False
0,14,280,0.8908014893531799,False
0,14,285,0.43164190649986267,False
0,14,290,0.45618563890457153,False
0,14,295,0.6320788860321045,False
0,14,300,0.38189780712127686,False
0,14,305,0.36573371291160583,False
0,14,310,0.3158465325832367,False
0,14,315,0.4237978756427765,False
0,14,320,0.23983639478683472,False
0,14,325,0.18449927866458893,False
0,14,330,0.5448977947235107,False
0,14,335,0.31693363189697266,False
0,14,340,0.27618059515953064,False
0,14,345,0.30783405900001526,False
0,14,350,0.26928770542144775,False
0,14,355,0.3105885088443756,False
0,14,360,0.6411421895027161,False
0,14,365,0.6716415286064148,False
0,14,370,0.6410331130027771,False
0,14,375,0.2727026343345642,False
0,14,380,0.4053860008716583,False
0,14,385,0.3330549895763397,False
0,14,390,0.35739362239837646,False
0,14,395,0.5198482275009155,False
0,14,400,0.21242034435272217,False
0,14,405,0.41533300280570984,False
0,15,10,0.11796346306800842,False
0,15,15,0.08675426989793777,False
0,15,20,0.08376304805278778,False
0,15,25,0.12405024468898773,False
0,15,30,0.14524030685424805,False
0,15,35,0.12809842824935913,False
0,15,40,0.14751553535461426,False
0,15,45,0.1413610577583313,False
0,15,50,0.1075943261384964,False
0,15,55,0.08736080676317215,False
0,15,60,0.09092206507921219,False
0,15,65,0.06490907073020935,False
0,15,70,0.06101631373167038,False
0,15,75,0.062101639807224274,False
0,15,80,0.040656525641679764,False
0,15,85,0.10165323317050934,False
0,15,90,0.05114426463842392,False
0,15,95,0.036481861025094986,False
0,15,100,0.06320244073867798,False
0,15,105,0.07856899499893188,False
0,15,110,0.06755851209163666,False
0,15,115,0.06605283170938492,False
0,15,120,0.05245492607355118,False
0,15,125,0.0642760843038559,False
0,15,130,0.0721835345029831,False
0,15,135,0.06323885917663574,False
0,15,140,0.05337022617459297,False
0,15,145,0.0451660230755806,False
0,15,150,0.058612748980522156,False
0,15,155,0.07504782825708389,False
0,15,160,0.06310531497001648,False
0,15,165,0.06317680329084396,False
0,15,170,0.06626629084348679,False
0,15,175,0.04560520499944687,False
0,15,180,0.06070828065276146,False
0,15,185,0.046289123594760895,False
0,15,190,0.057146038860082626,False
0,15,195,0.028362134471535683,False
0,15,200,0.04707592353224754,False
0,15,205,0.02156696282327175,False
0,15,210,0.03579314798116684,False
0,15,215,0.030535727739334106,False
0,15,220,0.03766791895031929,False
0,15,225,0.04503536969423294,False
0,15,230,0.057165682315826416,False
0,15,235,0.06978385895490646,False
0,15,240,0.13657590746879578,False
0,15,245,0.1450994312763214,False
0,15,250,0.05608563497662544,False
0,15,255,0.08119363337755203,False
0,15,260,0.0901169553399086,False
0,15,265,0.1222493052482605,False
0,15,270,0.10469619184732437,False
0,15,275,0.04978277534246445,False
0,15,280,0.021608253940939903,False
0,15,285,0.033572934567928314,False
0,15,290,0.04491281136870384,False
0,15,295,0.06141018494963646,False
0,15,300,0.11047764867544174,False
0,15,305,0.08175602555274963,False
0,15,310,0.06385215371847153,False
0,15,315,0.028831271454691887,False
0,15,320,0.029938912019133568,False
0,15,325,0.052111994475126266,False
0,15,330,0.0387573279440403,False
0,15,335,0.03351074829697609,False
0,15,340,0.12450958788394928,False
0,15,345,0.26804259419441223,False
0,15,350,0.32088539004325867,False
0,15,355,0.05149766802787781,False
0,15,360,0.02005775459110737,False
0,15,365,0.03540947660803795,False
0,15,370,0.07711827754974365,False
0,15,375,0.194443017244339,False
0,15,380,0.2970393896102905,False
0,15,385,0.17323550581932068,False
0,15,390,0.039993707090616226,False
0,15,395,0.3229547142982483,False
0,15,400,0.2715953588485718,False
0,15,405,0.07173044979572296,False
0,16,10,0.04972383379936218,False
0,16,15,0.07767698913812637,False
0,16,20,0.08790536224842072,False
0,16,25,0.15506227314472198,False
0,16,30,0.045151934027671814,False
0,16,35,0.1625341922044754,False
0,16,40,0.14055339992046356,False
0,16,45,0.07048878818750381,False
0,16,50,0.049855370074510574,False
0,16,55,0.09350726753473282,False
0,16,60,0.3802421987056732,False
0,16,65,0.07306769490242004,False
0,16,70,0.03110368177294731,False
0,16,75,0.08050327748060226,False
0,16,80,0.1435246467590332,False
0,16,85,0.0379636324942112,False
0,16,90,0.10130897909402847,False
0,16,95,0.10350501537322998,False
0,16,100,0.10252849012613297,False
0,16,105,0.03523258864879608,False
0,16,110,0.04329829663038254,False
0,16,115,0.04214342683553696,False
0,16,120,0.05980875343084335,False
0,16,125,0.07810111343860626,False
0,16,130,0.0936024934053421,False
0,16,135,0.07230904698371887,False
0,16,140,0.036869633942842484,False
0,16,145,0.04495870694518089,False
0,16,150,0.0607333779335022,False
0,16,155,0.06653504818677902,False
0,16,160,0.05397098883986473,False
0,16,165,0.06153121590614319,False
0,16,170,0.0515359528362751,False
0,16,175,0.03302483633160591,False
0,16,180,0.07702325284481049,False
0,16,185,0.07749103754758835,False
0,16,190,0.1267882138490677,False
0,16,195,0.0399002842605114,False
0,16,200,0.06428945064544678,False
0,16,205,0.04632300138473511,False
0,16,210,0.08870673924684525,False
0,16,215,0.05331229791045189,False
0,16,220,0.07891064882278442,False
0,16,225,0.10055369138717651,False
0,16,230,0.08878738433122635,False
0,16,235,0.06015297770500183,False
0,16,240,0.1500125527381897,False
0,16,245,0.11886277794837952,False
0,16,250,0.09961286187171936,False
0,16,255,0.05005791783332825,False
0,16,260,0.09160254150629044,False
0,16,265,0.1439361721277237,False
0,16,270,0.030457904562354088,False
0,16,275,0.0703197568655014,False
0,16,280,0.08510174602270126,False
0,16,285,0.06985349208116531,False
0,16,290,0.4094248116016388,False
0,16,295,0.3693411350250244,False
0,16,300,0.1306467056274414,False
0,16,305,0.0827498808503151,False
0,16,310,0.13287046551704407,False
0,16,315,0.15215344727039337,False
0,16,320,0.18455862998962402,False
0,16,325,0.339123010635376,False
0,16,330,0.04738810285925865,False
0,16,335,0.21422433853149414,False
0,16,340,0.24713194370269775,False
0,16,345,0.1721695065498352,False
0,16,350,0.39353078603744507,False
0,16,355,0.26209959387779236,False
0,16,360,0.15601211786270142,False
0,16,365,0.21874456107616425,False
0,16,370,0.1421085000038147,False
0,16,375,0.1563141942024231,False
0,16,380,1.3943551778793335,False
0,16,385,0.15714922547340393,False
0,16,390,0.1426253616809845,False
0,16,395,1.319891095161438,False
0,16,400,0.08095317333936691,False
0,16,405,0.1145644262433052,False
0,17,10,0.13779649138450623,False
0,17,15,0.20308101177215576,False
0,17,20,0.318073034286499,False
0,17,25,0.4386126697063446,False
0,17,30,0.10998979955911636,False
0,17,35,0.23683470487594604,False
0,17,40,0.186210036277771,False
0,17,45,0.34371209144592285,False
0,17,50,0.24996556341648102,False
0,17,55,0.10426797717809677,False
0,17,60,0.10528768599033356,False
0,17,65,0.09958010166883469,False
0,17,70,1.2138749361038208,False
0,17,75,0.09346408396959305,False
0,17,80,0.7048482894897461,False
0,17,85,1.019100546836853,False
0,17,90,1.7725571393966675,False
0,17,95,0.10527236759662628,False
0,17,100,0.17653919756412506,False
0,17,105,0.21156418323516846,False
0,17,110,0.1578359752893448,False
0,17,115,0.117094986140728,False
0,17,120,0.14468175172805786,False
0,17,125,0.18873277306556702,False
0,17,130,0.1079004630446434,False
0,17,135,0.21565218269824982,False
0,17,140,0.10938934236764908,False
0,17,145,0.16463077068328857,False
0,17,150,0.20322167873382568,False
0,17,155,0.7611196637153625,False
0,17,160,0.3125195801258087,False
0,17,165,0.16319970786571503,False
0,17,170,0.14696113765239716,False
0,17,175,1.7565135955810547,False
0,17,180,0.2964036762714386,False
0,17,185,0.24234122037887573,False
0,17,190,0.21800683438777924,False
0,17,195,0.23295724391937256,False
0,17,200,0.19707873463630676,False
0,17,205,0.21904081106185913,False
0,17,210,0.2973101735115051,False
0,17,215,0.18690358102321625,False
0,17,220,0.16357707977294922,False
0,17,225,0.286368727684021,False
0,17,230,0.3187202215194702,False
0,17,235,0.5501505136489868,False
0,17,240,0.08099032193422318,False
0,17,245,0.19127680361270905,False
0,17,250,0.2580755352973938,False
0,17,255,0.2461937665939331,False
0,17,260,0.11263061314821243,False
0,17,265,0.19976474344730377,False
0,17,270,0.2167282998561859,False
0,17,275,0.20721948146820068,False
0,17,280,0.36833104491233826,False
0,17,285,0.21133898198604584,False
0,17,290,0.11512632668018341,False
0,17,295,0.13602225482463837,False
0,17,300,0.08366629481315613,False
0,17,305,0.10113121569156647,False
0,17,310,0.10411783307790756,False
0,17,315,0.180301696062088,False
0,17,320,0.16587375104427338,False
0,17,325,0.13694684207439423,False
0,17,330,0.29136067628860474,False
0,17,335,0.2471374124288559,False
0,17,340,0.23039600253105164,False
0,17,345,0.2401314526796341,False
0,17,350,0.2320355623960495,False
0,17,355,0.2390088140964508,False
0,17,360,0.12507042288780212,False
0,17,365,0.15627112984657288,False
0,17,370,0.13010016083717346,False
0,17,375,0.2720912992954254,False
0,17,380,0.1600119173526764,False
0,17,385,0.17890146374702454,False
0,17,390,0.37500885128974915,False
0,17,395,0.1011073961853981,False
0,17,400,0.19642555713653564,False
0,17,405,0.25967592000961304,False
0,18,10,0.07905697077512741,False
0,18,15,0.12091623246669769,False
0,18,20,0.12364871054887772,False
0,18,25,0.14735999703407288,False
0,18,30,0.39293554425239563,False
0,18,35,0.2548381984233856,False
0,18,40,0.2847570478916168,False
0,18,45,0.20487123727798462,False
0,18,50,0.0783601775765419,False
0,18,55,0.10197167098522186,False
0,18,60,0.06670389324426651,False
0,18,65,0.07369417697191238,False
0,18,70,0.07829419523477554,False
0,18,75,0.08458329737186432,False
0,18,80,0.046808674931526184,False
0,18,85,0.11102693527936935,False
0,18,90,0.05720546096563339,False
0,18,95,0.10394778102636337,False
0,18,100,0.06669823080301285,False
0,18,105,0.08539294451475143,False
0,18,110,0.07106496393680573,False
0,18,115,0.07853398472070694,False
0,18,120,0.09794429689645767,False
0,18,125,0.06870580464601517,False
0,18,130,0.0647113174200058,False
0,18,135,0.07575752586126328,False
0,18,140,0.14803871512413025,False
0,18,145,0.18059073388576508,False
0,18,150,0.2903195321559906,False
0,18,155,0.401272177696228,False
0,18,160,0.2603133022785187,False
0,18,165,0.1558874249458313,False
0,18,170,0.21375757455825806,False
0,18,175,0.28698480129241943,False
0,18,180,0.44649240374565125,False
0,18,185,0.2944757044315338,False
0,18,190,0.3606452941894531,False
0,18,195,0.3190059959888458,False
0,18,200,0.257088840007782,False
0,18,205,0.19381113350391388,False
0,18,210,0.17913007736206055,False
0,18,215,0.14505837857723236,False
0,18,220,0.11241738498210907,False
0,18,225,0.2019980549812317,False
0,18,230,0.1698729693889618,False
0,18,235,0.17827238142490387,False
0,18,240,0.20090976357460022,False
0,18,245,0.14501604437828064,False
0,18,250,0.16735683381557465,False
0,18,255,0.08733600378036499,False
0,18,260,0.09391113370656967,False
0,18,265,0.0742352232336998,False
0,18,270,0.25605252385139465,False
0,18,275,1.1723594665527344,False
0,18,280,0.8446749448776245,False
0,18,285,1.5832525491714478,False
0,18,290,0.038390420377254486,False
0,18,295,0.1903875321149826,False
0,18,300,0.5420944094657898,False
0,18,305,0.7961722016334534,False
0,18,310,0.4972270429134369,False
0,18,315,0.3820888102054596,False
0,18,320,0.3210704028606415,False
0,18,325,0.8006662130355835,False
0,18,330,0.4421611428260803,False
0,18,335,0.4305577278137207,False
0,18,340,0.17850317060947418,False
0,18,345,0.14196322858333588,False
0,18,350,0.09585299342870712,False
0,18,355,0.05005801469087601,False
0,18,360,0.08598865568637848,False
0,18,365,0.18354889750480652,False
0,18,370,0.04590289294719696,False
0,18,375,0.1493833065032959,False
0,18,380,0.10375363379716873,False
0,18,385,0.055639054626226425,False
0,18,390,0.11166047304868698,False
0,18,395,0.051183298230171204,False
0,18,400,0.05365077033638954,False
0,18,405,0.05901645869016647,False
0,19,10,0.07007883489131927,False
0,19,15,0.18812048435211182,False
0,19,20,0.26908618211746216,False
0,19,25,0.3007746636867523,False
0,19,30,0.6394428014755249,False
0,19,35,0.1811440885066986,False
0,19,40,0.07529415935277939,False
0,19,45,0.10540153086185455,False
0,19,50,0.06083701550960541,False
0,19,55,0.06163227558135986,False
0,19,60,0.07093925774097443,False
0,19,65,0.11513987183570862,False
0,19,70,0.08954675495624542,False
0,19,75,0.08792516589164734,False
0,19,80,0.08892593532800674,False
0,19,85,0.2107241451740265,False
0,19,90,0.05528196319937706,False
0,19,95,0.18832458555698395,False
0,19,100,0.04495791345834732,False
0,19,105,0.11747422069311142,False
0,19,110,0.10843132436275482,False
0,19,115,0.06413637101650238,False
0,19,120,0.123165063560009,False
0,19,125,0.07316026091575623,False
0,19,130,0.07224039733409882,False
0,19,135,0.07149580121040344,False
0,19,140,0.3915944993495941,False
0,19,145,0.07384362816810608,False
0,19,150,0.040593914687633514,False
0,19,155,0.04592103883624077,False
0,19,160,0.06426392495632172,False
0,19,165,0.08964807540178299,False
0,19,170,0.050992097705602646,False
0,19,175,0.040598928928375244,False
0,19,180,0.07511988282203674,False
0,19,185,0.060894161462783813,False
0,19,190,0.05713799223303795,False
0,19,195,0.0756334438920021,False
0,19,200,0.07451047003269196,False
0,19,205,0.06840868294239044,False
0,19,210,0.07938666641712189,False
0,19,215,0.04819734767079353,False
0,19,220,0.03240557014942169,False
0,19,225,0.07219849526882172,False
0,19,230,0.03689288720488548,False
0,19,235,0.0441090427339077,False
0,19,240,0.04872870445251465,False
0,19,245,0.08659526705741882,False
0,19,250,0.054292816668748856,False
0,19,255,0.08001876622438431,False
0,19,260,0.06900202482938766,False
0,19,265,0.0661616176366806,False
0,19,270,0.04923829063773155,False
0,19,275,0.04047316312789917,False
0,19,280,0.051417551934719086,False
0,19,285,0.16333913803100586,False
0,19,290,0.0518474243581295,False
0,19,295,0.04331619292497635,False
0,19,300,0.059709567576646805,False
0,19,305,0.07667924463748932,False
0,19,310,0.0701860785484314,False
0,19,315,0.060015492141246796,False
0,19,320,0.07158586382865906,False
0,19,325,0.04517749696969986,False
0,19,330,0.07154770940542221,False
0,19,335,0.05323672667145729,False
0,19,340,0.05663163959980011,False
0,19,345,0.03747617080807686,False
0,19,350,0.045487646013498306,False
0,19,355,0.058360908180475235,False
0,19,360,0.057416096329689026,False
0,19,365,0.07306481152772903,False
0,19,370,0.08057679235935211,False
0,19,375,0.06389991194009781,False
0,19,380,0.05760010704398155,False
0,19,385,0.061152324080467224,False
0,19,390,0.09291030466556549,False
0,19,395,0.06442070752382278,False
0,19,400,0.03977937251329422,False
0,19,405,0.05461045727133751,False
0,20,10,0.036283865571022034,False
0,20,15,0.08340661972761154,False
0,20,20,0.07534997165203094,False
0,20,25,0.11606445908546448,False
0,20,30,0.12037251889705658,False
0,20,35,0.2846263647079468,False
0,20,40,0.22588415443897247,False
0,20,45,0.08041657507419586,False
0,20,50,0.07628095149993896,False
0,20,55,0.05810808017849922,False
0,20,60,0.18482522666454315,False
0,20,65,0.23459234833717346,False
0,20,70,0.19398072361946106,False
0,20,75,0.18762899935245514,False
0,20,80,0.22681468725204468,False
0,20,85,0.1569022536277771,False
0,20,90,0.15866759419441223,False
0,20,95,0.16700738668441772,False
0,20,100,0.09215135127305984,False
0,20,105,0.07458920776844025,False
0,20,110,0.07123243063688278,False
0,20,115,0.10176236927509308,False
0,20,120,0.07397151738405228,False
0,20,125,0.06362894922494888,False
0,20,130,0.0936536192893982,False
0,20,135,0.07796717435121536,False
0,20,140,0.10574204474687576,False
0,20,145,0.05709151178598404,False
0,20,150,0.11369110643863678,False
0,20,155,0.06243311986327171,False
0,20,160,0.05036517232656479,False
0,20,165,0.16421270370483398,False
0,20,170,0.17942531406879425,False
0,20,175,0.26695767045021057,False
0,20,180,0.2871384620666504,False
0,20,185,0.3276793360710144,False
0,20,190,0.26061832904815674,False
0,20,195,0.08697260171175003,False
0,20,200,0.1181754469871521,False
0,20,205,0.08541525155305862,False
0,20,210,0.08725590258836746,False
0,20,215,0.13362820446491241,False
0,20,220,0.11575900763273239,False
0,20,225,0.1495489627122879,False
0,20,230,0.13597267866134644,False
0,20,235,0.1545453816652298,False
0,20,240,1.6194645166397095,False
0,20,245,1.780463457107544,False
0,20,250,1.6488869190216064,False
0,20,255,0.1280338168144226,False
0,20,260,0.13446280360221863,False
0,20,265,0.09667735546827316,False
0,20,270,0.15173594653606415,False
0,20,275,0.13998281955718994,False
0,20,280,0.12616300582885742,False
0,20,285,0.05888921394944191,False
0,20,290,0.06950876861810684,False
0,20,295,0.0375404991209507,False
0,20,300,0.10317014902830124,False
0,20,305,0.15493395924568176,False
0,20,310,0.13512827455997467,False
0,20,315,0.08671093732118607,False
0,20,320,0.1479186862707138,False
0,20,325,0.16424378752708435,False
0,20,330,0.10713174939155579,False
0,20,335,0.03980791196227074,False
0,20,340,0.08514437079429626,False
0,20,345,0.2129671424627304,False
0,20,350,0.27311038970947266,False
0,20,355,0.5597862005233765,False
0,20,360,0.13082370162010193,False
0,20,365,0.5744249224662781,False
0,20,370,0.14156469702720642,False
0,20,375,0.3735050559043884,False
0,20,380,0.35168182849884033,False
0,20,385,0.15478678047657013,False
0,20,390,0.1712792068719864,False
0,20,395,0.11468810588121414,False
0,20,400,0.49599453806877136,False
0,20,405,0.3214862644672394,False
0,21,10,0.034670908004045486,False
0,21,15,0.18466754257678986,False
0,21,20,0.2708949148654938,False
0,21,25,0.2699715495109558,False
0,21,30,0.3812595009803772,False
0,21,35,0.1515231877565384,False
0,21,40,0.09589840471744537,False
0,21,45,0.0668625608086586,False
0,21,50,0.08141498267650604,False
0,21,55,0.05727951601147652,False
0,21,60,0.09585435688495636,False
0,21,65,0.12320292741060257,False
0,21,70,0.15040436387062073,False
0,21,75,0.12036597728729248,False
0,21,80,0.13038551807403564,False
0,21,85,0.21806147694587708,False
0,21,90,0.11032760143280029,False
0,21,95,0.2858317196369171,False
0,21,100,0.2203831821680069,False
0,21,105,0.3789272904396057,False
0,21,110,0.3069905638694763,False
0,21,115,0.36866289377212524,False
0,21,120,0.21468886733055115,False
0,21,125,0.1474139541387558,False
0,21,130,0.14064615964889526,False
0,21,135,0.11921683698892593,False
0,21,140,0.29299843311309814,False
0,21,145,0.05148975923657417,False
0,21,150,0.41771772503852844,False
0,21,155,0.07369236648082733,False
0,21,160,0.1651318520307541,False
0,21,165,0.08633900433778763,False
0,21,170,0.13585533201694489,False
0,21,175,0.5241923332214355,False
0,21,180,0.11327217519283295,False
0,21,185,0.39465269446372986,False
0,21,190,0.1905708760023117,False
0,21,195,0.3122405409812927,False
0,21,200,0.5212823748588562,False
0,21,205,0.047946181148290634,False
0,21,210,0.6189453601837158,False
0,21,215,0.08611436933279037,False
0,21,220,0.8415297269821167,False
0,21,225,1.0168304443359375,False
0,21,230,0.10076005756855011,False
0,21,235,0.3294444680213928,False
0,21,240,0.27588197588920593,False
0,21,245,0.11392635107040405,False
0,21,250,0.2872177064418793,False
0,21,255,0.2726064920425415,False
0,21,260,0.19147714972496033,False
0,21,265,0.1147264912724495,False
0,21,270,0.4237268567085266,False
0,21,275,0.1395142376422882,False
0,21,280,0.2631594240665436,False
0,21,285,0.09901393204927444,False
0,21,290,0.17998744547367096,False
0,21,295,0.22287385165691376,False
0,21,300,0.08028261363506317,False
0,21,305,0.06924325972795486,False
0,21,310,0.26513537764549255,False
0,21,315,0.11595345288515091,False
0,21,320,0.39248061180114746,False
0,21,325,0.24146361649036407,False
0,21,330,0.08351732045412064,False
0,21,335,0.5409670472145081,False
0,21,340,0.2894364297389984,False
0,21,345,0.18398220837116241,False
0,21,350,0.5440598726272583,False
0,21,355,0.4109747111797333,False
0,21,360,0.5321322679519653,False
0,21,365,0.37077346444129944,False
0,21,370,0.1906849443912506,False
0,21,375,0.28729867935180664,False
0,21,380,0.404906690120697,False
0,21,385,0.3009680211544037,False
0,21,390,0.3615318238735199,False
0,21,395,0.31709760427474976,False
0,21,400,0.49336013197898865,False
0,21,405,0.3547317087650299,False
0,22,10,0.16050241887569427,False
0,22,15,0.24106940627098083,False
0,22,20,0.34237179160118103,False
0,22,25,0.48386386036872864,False
0,22,30,0.16605186462402344,False
0,22,35,0.18191689252853394,False
0,22,40,0.19722798466682434,False
0,22,45,0.19839875400066376,False
0,22,50,0.1759408414363861,False
0,22,55,0.14940407872200012,False
0,22,60,0.3052954375743866,False
0,22,65,0.11426946520805359,False
0,22,70,0.08021702617406845,False
0,22,75,0.18362097442150116,False
0,22,80,0.10414194315671921,False
0,22,85,0.07938025891780853,False
0,22,90,0.07208120822906494,False
0,22,95,0.0974404364824295,False
0,22,100,0.05297038331627846,False
0,22,105,0.12210404872894287,False
0,22,110,0.06332749128341675,False
0,22,115,0.055942352861166,False
0,22,120,0.06953100860118866,False
0,22,125,0.06640838831663132,False
0,22,130,0.06685882061719894,False
0,22,135,0.05649086833000183,False
0,22,140,0.09762284904718399,False
0,22,145,0.04164387285709381,False
0,22,150,0.05989663302898407,False
0,22,155,0.0778394490480423,False
0,22,160,0.07248418033123016,False
0,22,165,0.06796878576278687,False
0,22,170,0.07401735335588455,False
0,22,175,0.04695992171764374,False
0,22,180,0.09080120921134949,False
0,22,185,0.11614131182432175,False
0,22,190,0.07595890015363693,False
0,22,195,0.10329065471887589,False
0,22,200,0.06511018425226212,False
0,22,205,0.06623081117868423,False
0,22,210,0.0812094584107399,False
0,22,215,0.1057436615228653,False
0,22,220,0.04706846550107002,False
0,22,225,0.1133754625916481,False
0,22,230,0.07670456916093826,False
0,22,235,0.09398219734430313,False
0,22,240,0.07418952137231827,False
0,22,245,0.07563301175832748,False
0,22,250,0.11689265072345734,False
0,22,255,0.1889583021402359,False
0,22,260,0.04372118040919304,False
0,22,265,0.08730770647525787,False
0,22,270,0.1365407109260559,False
0,22,275,0.23274412751197815,False
0,22,280,0.17195270955562592,False
0,22,285,0.2185571938753128,False
0,22,290,0.0524149164557457,False
0,22,295,0.07034105062484741,False
0,22,300,0.05717642977833748,False
0,22,305,0.09494306892156601,False
0,22,310,0.15154454112052917,False
0,22,315,0.22287079691886902,False
0,22,320,0.13146813213825226,False
0,22,325,0.1212974488735199,False
0,22,330,0.38785383105278015,False
0,22,335,0.2080686092376709,False
0,22,340,0.15177886188030243,False
0,22,345,0.24869954586029053,False
0,22,350,0.14101500809192657,False
0,22,355,0.15069730579853058,False
0,22,360,0.2939628064632416,False
0,22,365,0.2941151261329651,False
0,22,370,0.36498820781707764,False
0,22,375,0.11624331027269363,False
0,22,380,0.16829049587249756,False
0,22,385,0.08756507188081741,False
0,22,390,0.10405230522155762,False
0,22,395,0.08030002564191818,False
0,22,400,0.0894305557012558,False
0,22,405,0.07886143028736115,False
0,23,10,0.06180398538708687,False
0,23,15,0.23080450296401978,False
0,23,20,0.2910079061985016,False
0,23,25,0.20751775801181793,False
0,23,30,0.28634604811668396,False
0,23,35,0.23201288282871246,False
0,23,40,0.18917417526245117,False
0,23,45,1.3038618564605713,False
0,23,50,1.3781241178512573,False
0,23,55,0.3463141918182373,False
0,23,60,0.42480698227882385,False
0,23,65,0.4893309772014618,False
0,23,70,1.2719109058380127,False
0,23,75,0.4521663784980774,False
0,23,80,1.5699703693389893,False
0,23,85,0.7085173726081848,False
0,23,90,0.41102519631385803,False
0,23,95,0.3482782244682312,False
0,23,100,0.2697712779045105,False
0,23,105,0.3003399968147278,False
0,23,110,0.20188644528388977,False
0,23,115,0.24835608899593353,False
0,23,120,0.2278931438922882,False
0,23,125,0.2051553577184677,False
0,23,130,0.3077464997768402,False
0,23,135,0.40307310223579407,False
0,23,140,0.21128949522972107,False
0,23,145,0.23692618310451508,False
0,23,150,0.21373499929904938,False
0,23,155,0.100565105676651,False
0,23,160,0.05137579143047333,False
0,23,165,0.1448846459388733,False
0,23,170,0.1497611701488495,False
0,23,175,0.10677877813577652,False
0,23,180,0.07062087953090668,False
0,23,185,0.09810736030340195,False
0,23,190,0.16227813065052032,False
0,23,195,0.07467814534902573,False
0,23,200,0.17213216423988342,False
0,23,205,0.1402263641357422,False
0,23,210,0.10922051966190338,False
0,23,215,0.13773144781589508,False
0,23,220,0.21260862052440643,False
0,23,225,0.14847077429294586,False
0,23,230,0.07971327751874924,False
0,23,235,0.09442119300365448,False
0,23,240,0.19023367762565613,False
0,23,245,0.10690350085496902,False
0,23,250,0.1423758864402771,False
0,23,255,0.12339390814304352,False
0,23,260,0.18924255669116974,False
0,23,265,0.09125759452581406,False
0,23,270,0.19067056477069855,False
0,23,275,0.14120329916477203,False
0,23,280,0.13000324368476868,False
0,23,285,0.16103443503379822,False
0,23,290,0.28178465366363525,False
0,23,295,0.16741782426834106,False
0,23,300,0.3298734128475189,False
0,23,305,0.7279285788536072,False
0,23,310,0.1724478304386139,False
0,23,315,0.18990956246852875,False
0,23,320,0.28223317861557007,False
0,23,325,0.34081026911735535,False
0,23,330,1.6002861261367798,False
0,23,335,0.4421505928039551,False
0,23,340,0.3460164964199066,False
0,23,345,1.6646333932876587,False
0,23,350,0.2060636729001999,False
0,23,355,0.26032716035842896,False
0,23,360,0.2827170491218567,False
0,23,365,0.32294732332229614,False
0,23,370,0.31777459383010864,False
0,23,375,0.3645065128803253,False
0,23,380,0.21954816579818726,False
0,23,385,0.2028784453868866,False
0,23,390,0.1293412744998932,False
0,23,395,0.15816906094551086,False
0,23,400,0.738153338432312,False
0,23,405,0.17297442257404327,False
0,24,10,0.026186572387814522,False
0,24,15,0.12215236574411392,False
0,24,20,0.23738521337509155,False
0,24,25,0.20704229176044464,False
0,24,30,0.4882006347179413,False
0,24,35,0.5064033269882202,False
0,24,40,0.4288482964038849,False
0,24,45,0.33140408992767334,False
0,24,50,0.17687354981899261,False
0,24,55,0.2793002426624298,False
0,24,60,0.2738196849822998,False
0,24,65,0.17970339953899384,False
0,24,70,0.05717189982533455,False
0,24,75,0.05857137590646744,False
0,24,80,0.04510388895869255,False
0,24,85,0.04941992461681366,False
0,24,90,0.07256031036376953,False
0,24,95,0.12768395245075226,False
0,24,100,0.16164399683475494,False
0,24,105,0.18460451066493988,False
0,24,110,0.2264290452003479,False
0,24,115,0.168622687458992,False
0,24,120,0.14369577169418335,False
0,24,125,0.11288280785083771,False
0,24,130,0.09751252830028534,False
0,24,135,0.07643770426511765,False
0,24,140,0.10891421139240265,False
0,24,145,0.06280642002820969,False
0,24,150,0.08485812693834305,False
0,24,155,0.07685881108045578,False
0,24,160,0.08484400808811188,False
0,24,165,0.03782681003212929,False
0,24,170,0.06625347584486008,False
0,24,175,0.14531655609607697,False
0,24,180,0.14681163430213928,False
0,24,185,0.11060581356287003,False
0,24,190,0.2422490417957306,False
0,24,195,0.21161308884620667,False
0,24,200,0.09411650151014328,False
0,24,205,0.14763382077217102,False
0,24,210,0.2495080530643463,False
0,24,215,0.06554149091243744,False
0,24,220,0.053644802421331406,False
0,24,225,0.2718410789966583,False
0,24,230,0.5979444980621338,False
0,24,235,0.5281246900558472,False
0,24,240,0.48000428080558777,False
0,24,245,0.7343360185623169,False
0,24,250,0.6330630779266357,False
0,24,255,0.4065994918346405,False
0,24,260,0.4037395417690277,False
0,24,265,0.16075892746448517,False
0,24,270,0.19933375716209412,False
0,24,275,0.4376026391983032,False
0,24,280,0.3359869122505188,False
0,24,285,0.25783559679985046,False
0,24,290,0.149482861161232,False
0,24,295,0.033627115190029144,False
0,24,300,0.17168861627578735,False
0,24,305,0.0658857449889183,False
0,24,310,0.0639508068561554,False
0,24,315,0.06841748207807541,False
0,24,320,0.08076164126396179,False
0,24,325,0.1376979798078537,False
0,24,330,0.12201081216335297,False
0,24,335,0.2854950726032257,False
0,24,340,0.27644506096839905,False
0,24,345,0.26753339171409607,False
0,24,350,0.29549530148506165,False
0,24,355,0.07202279567718506,False
0,24,360,0.11188261210918427,False
0,24,365,0.14621186256408691,False
0,24,370,0.05941125378012657,False
0,24,375,0.15351657569408417,False
0,24,380,0.14897266030311584,False
0,24,385,0.29129910469055176,False
0,24,390,0.2923075258731842,False
0,24,395,0.419826865196228,False
0,24,400,0.5918464064598083,False
0,24,405,0.05652790144085884,False
0,25,10,0.07062243670225143,True
0,25,15,0.0684327557682991,True
0,25,20,0.15298742055892944,True
0,25,25,0.2236138880252838,True
0,25,30,0.39933714270591736,True
0,25,35,0.3455718457698822,True
0,25,40,0.20392629504203796,True
0,25,45,0.4280458092689514,True
0,25,50,0.3615812063217163,True
0,25,55,0.4927617311477661,True
0,25,60,0.37510037422180176,True
0,25,65,0.2966548800468445,True
0,25,70,0.3338957726955414,True
0,25,75,0.2357250452041626,True
0,25,80,0.234413281083107,True
0,25,85,0.25586503744125366,True
0,25,90,0.23450781404972076,True
0,25,95,0.3389728367328644,True
0,25,100,0.3518087863922119,True
0,25,105,0.3031826615333557,True
0,25,110,0.33704057335853577,True
0,25,115,0.3601374626159668,True
0,25,120,0.32719776034355164,True
0,25,125,0.3518964350223541,True
0,25,130,0.19297601282596588,True
0,25,135,0.2651475965976715,True
0,25,140,0.3568754494190216,True
0,25,145,0.26896220445632935,True
0,25,150,0.3233945369720459,True
0,25,155,0.2780635952949524,True
0,25,160,0.10074121505022049,True
0,25,165,0.22371356189250946,True
0,25,170,0.14694419503211975,True
0,25,175,0.09515219926834106,True
0,25,180,0.04156007617712021,True
0,25,185,0.03431623801589012,True
0,25,190,0.08671083301305771,True
0,25,195,0.09658870100975037,True
0,25,200,0.2625370919704437,True
0,25,205,0.16579829156398773,True
0,25,210,0.10670427232980728,True
0,25,215,0.2440938651561737,True
0,25,220,0.055621590465307236,True
0,25,225,0.09217790514230728,True
0,25,230,0.0942273885011673,True
0,25,235,0.08379815518856049,True
0,25,240,0.15960809588432312,True
0,25,245,0.7403841614723206,True
0,25,250,0.6126096844673157,True
0,25,255,0.7471139430999756,True
0,25,260,0.4062585234642029,True
0,25,265,0.49899059534072876,True
0,25,270,0.9452050924301147,True
0,25,275,0.8867374658584595,True
0,25,280,0.10644754767417908,True
0,25,285,0.12194482982158661,True
0,25,290,0.181611105799675,True
0,25,295,0.13226065039634705,True
0,25,300,0.1370076686143875,True
0,26,10,0.04055293649435043,False
0,26,15,0.0954836905002594,False
0,26,20,0.07598394900560379,False
0,26,25,0.10312925279140472,False
0,26,30,0.2835303843021393,False
0,26,35,0.39931175112724304,False
0,26,40,0.13142533600330353,False
0,26,45,0.04665061831474304,False
0,26,50,0.05971013382077217,False
0,26,55,0.07415953278541565,False
0,26,60,0.2552899718284607,False
0,26,65,0.18181738257408142,False
0,26,70,0.16632170975208282,False
0,26,75,0.24791647493839264,False
0,26,80,0.12800000607967377,False
0,26,85,0.1895793080329895,False
0,26,90,0.14806152880191803,False
0,26,95,0.13713297247886658,False
0,26,100,0.11772383749485016,False
0,26,105,0.08551236987113953,False
0,26,110,0.09419926255941391,False
0,26,115,0.06679779291152954,False
0,26,120,0.07945548743009567,False
0,26,125,0.08620541542768478,False
0,26,130,0.082394540309906,False
0,26,135,0.09646543115377426,False
0,26,140,0.1259693056344986,False
0,26,145,0.10905320942401886,False
0,26,150,0.13795068860054016,False
0,26,155,0.03391839563846588,False
0,26,160,0.11893028020858765,False
0,26,165,0.037847310304641724,False
0,26,170,0.21706892549991608,False
0,26,175,0.03373923897743225,False
0,26,180,0.18602071702480316,False
0,26,185,0.07782478630542755,False
0,26,190,0.21423301100730896,False
0,26,195,0.17284457385540009,False
0,26,200,0.0832090899348259,False
0,26,205,0.26452508568763733,False
0,26,210,0.12640780210494995,False
0,26,215,0.39549458026885986,False
0,26,220,0.13015854358673096,False
0,26,225,0.08712998032569885,False
0,26,230,0.17360039055347443,False
0,26,235,0.13776126503944397,False
0,26,240,0.04631730914115906,False
0,26,245,0.053675327450037,False
0,26,250,0.05587273836135864,False
0,26,255,0.09395301342010498,False
0,26,260,0.08199744671583176,False
0,26,265,0.06821434199810028,False
0,26,270,0.04288491606712341,False
0,26,275,0.05265554040670395,False
0,26,280,0.05692669749259949,False
0,26,285,0.05344386026263237,False
0,26,290,0.27556365728378296,False
0,26,295,0.2683829963207245,False
0,26,300,0.04448310658335686,False
0,26,305,0.06880412995815277,False
0,26,310,0.04088471829891205,False
0,26,315,0.04364166408777237,False
0,26,320,0.0684669092297554,False
0,26,325,0.10820768773555756,False
0,26,330,0.054498013108968735,False
0,26,335,0.11726467311382294,False
0,26,340,0.029798973351716995,False
0,26,345,0.05876311659812927,False
0,26,350,0.23463405668735504,False
0,26,355,0.05634689703583717,False
0,26,360,0.08895864337682724,False
0,26,365,0.13500022888183594,False
0,26,370,0.1369093805551529,False
0,26,375,0.23965683579444885,False
0,26,380,0.10731545090675354,False
0,26,385,0.1338513195514679,False
0,26,390,0.08468164503574371,False
0,26,395,0.308708131313324,False
0,26,400,0.3286895751953125,False
0,26,405,0.06533094495534897,False
0,27,10,0.11927107721567154,False
0,27,15,0.08542501926422119,False
0,27,20,0.13635443150997162,False
0,27,25,0.1895494908094406,False
0,27,30,0.17052920162677765,False
0,27,35,0.1910620927810669,False
0,27,40,0.2244042009115219,False
0,27,45,0.1287747323513031,False
0,27,50,0.17170612514019012,False
0,27,55,0.24352030456066132,False
0,27,60,0.20760677754878998,False
0,27,65,0.20444414019584656,False
0,27,70,0.17498014867305756,False
0,27,75,0.09484975785017014,False
0,27,80,0.06460384279489517,False
0,27,85,0.18567697703838348,False
0,27,90,0.14378008246421814,False
0,27,95,0.1248178482055664,False
0,27,100,0.11688727885484695,False
0,27,105,0.04517596215009689,False
0,27,110,0.09743331372737885,False
0,27,115,0.11081238090991974,False
0,27,120,0.06825598329305649,False
0,27,125,0.09980812668800354,False
0,27,130,0.11019999533891678,False
0,27,135,0.08096177875995636,False
0,27,140,0.06208914890885353,False
0,27,145,0.05726912245154381,False
0,27,150,0.06409614533185959,False
0,27,155,0.12120644748210907,False
0,27,160,0.07433208078145981,False
0,27,165,0.11537041515111923,False
0,27,170,0.1252327263355255,False
0,27,175,0.1073833778500557,False
0,27,180,0.15198417007923126,False
0,27,185,0.10052722692489624,False
0,27,190,0.10072629898786545,False
0,27,195,0.12441252917051315,False
0,27,200,0.0684058666229248,False
0,27,205,0.05212556570768356,False
0,27,210,0.07150909304618835,False
0,27,215,0.14525707066059113,False
0,27,220,0.18472608923912048,False
0,27,225,0.20671215653419495,False
0,27,230,0.20302094519138336,False
0,27,235,0.11780101805925369,False
0,27,240,0.09467463195323944,False
0,27,245,0.09158937633037567,False
0,27,250,0.09300553798675537,False
0,27,255,0.09474271535873413,False
0,27,260,0.10142584890127182,False
0,27,265,0.10236695408821106,False
0,27,270,0.11780869960784912,False
0,27,275,0.16452129185199738,False
0,27,280,0.1294974535703659,False
0,27,285,0.07646460831165314,False
0,27,290,0.06006490811705589,False
0,27,295,0.2109423577785492,False
0,27,300,0.20955756306648254,False
0,27,305,0.3038555979728699,False
0,27,310,0.29879698157310486,False
0,27,315,0.39481985569000244,False
0,27,320,0.3981679081916809,False
0,27,325,0.16112692654132843,False
0,27,330,0.07189196348190308,False
0,27,335,0.10235638916492462,False
0,27,340,0.16964039206504822,False
0,27,345,0.8576116561889648,False
0,27,350,0.78850919008255,False
0,27,355,0.1978767216205597,False
0,27,360,0.36112716794013977,False
0,27,365,0.4308036267757416,False
0,27,370,0.16059406101703644,False
0,27,375,0.24672803282737732,False
0,27,380,0.3491782546043396,False
0,27,385,0.3921407461166382,False
0,27,390,0.4394418001174927,False
0,27,395,0.22037309408187866,False
0,27,400,0.05524946376681328,False
0,27,405,0.18101507425308228,False
0,28,10,0.07005278021097183,True
0,28,15,0.20502746105194092,True
0,28,20,0.21686577796936035,True
0,28,25,0.37990084290504456,True
0,28,30,0.17458944022655487,True
0,28,35,0.21139845252037048,True
0,28,40,0.42617979645729065,True
0,28,45,0.35398411750793457,True
0,28,50,0.11748414486646652,True
0,28,55,0.17981640994548798,True
0,28,60,0.15637291967868805,True
0,28,65,0.15075014531612396,True
0,28,70,0.05088217556476593,True
0,28,75,0.15109063684940338,True
0,28,80,0.06808698177337646,True
0,28,85,0.03700462728738785,True
0,28,90,0.04936398193240166,True
0,28,95,0.049671631306409836,True
0,28,100,0.06360244750976562,True
0,28,105,0.05095512792468071,True
0,28,110,0.11562392115592957,True
0,28,115,0.07277024537324905,True
0,28,120,0.06695426255464554,True
0,28,125,0.06986406445503235,True
0,28,130,0.023486493155360222,True
0,28,135,0.11495069414377213,True
0,29,10,0.16831307113170624,False
0,29,15,0.1443828046321869,False
0,29,20,0.24417386949062347,False
0,29,25,0.43075236678123474,False
0,29,30,0.3632696866989136,False
0,29,35,0.19126418232917786,False
0,29,40,0.18688534200191498,False
0,29,45,0.25910234451293945,False
0,29,50,0.06744656711816788,False
0,29,55,0.12044505774974823,False
0,29,60,0.057350948452949524,False
0,29,65,0.06600221246480942,False
0,29,70,0.10712030529975891,False
0,29,75,0.15407641232013702,False
0,29,80,0.2553948760032654,False
0,29,85,0.1784011423587799,False
0,29,90,0.17453289031982422,False
0,29,95,0.15179356932640076,False
0,29,100,0.16819943487644196,False
0,29,105,0.0850771889090538,False
0,29,110,0.0689387395977974,False
0,29,115,0.03353951498866081,False
0,29,120,0.028541255742311478,False
0,29,125,0.02575151063501835,False
0,29,130,0.10000744462013245,False
0,29,135,0.04685230180621147,False
0,29,140,0.09930463880300522,False
0,29,145,0.05178193002939224,False
0,29,150,0.08377477526664734,False
0,29,155,0.09735079854726791,False
0,29,160,0.17900697886943817,False
0,29,165,0.22235159575939178,False
0,29,170,0.13371281325817108,False
0,29,175,0.19127990305423737,False
0,29,180,0.25070804357528687,False
0,29,185,0.13024811446666718,False
0,29,190,0.06398221105337143,False
0,29,195,0.06417591869831085,False
0,29,200,0.11068067699670792,False
0,29,205,0.27859094738960266,False
0,29,210,0.06867305934429169,False
0,29,215,0.6734254956245422,False
0,29,220,0.3042523264884949,False
0,29,225,0.6599035859107971,False
0,29,230,0.15045461058616638,False
0,29,235,0.06219258904457092,False
0,29,240,1.0304381847381592,False
0,29,245,0.49693459272384644,False
0,29,250,0.07262789458036423,False
0,29,255,0.10812905430793762,False
0,29,260,0.7762728929519653,False
0,29,265,0.08642274141311646,False
0,29,270,0.06585683673620224,False
0,29,275,0.12490137666463852,False
0,29,280,0.8422515392303467,False
0,29,285,0.5931716561317444,False
0,29,290,0.09585878998041153,False
0,29,295,0.07000698894262314,False
0,29,300,0.07139581441879272,False
0,29,305,2.006659984588623,False
0,29,310,0.09017343819141388,False
0,29,315,0.5335081219673157,False
0,29,320,0.397601455450058,False
0,29,325,0.10774923861026764,False
0,29,330,0.04591846838593483,False
0,29,335,0.14469419419765472,False
0,29,340,0.14812029898166656,False
0,29,345,0.8593626618385315,False
0,29,350,0.12018737941980362,False
0,29,355,0.456036239862442,False
0,29,360,0.5341687798500061,False
0,29,365,0.36916977167129517,False
0,29,370,0.31388646364212036,False
0,29,375,0.07916509360074997,False
0,29,380,0.2609780728816986,False
0,29,385,0.42042067646980286,False
0,29,390,0.5577406883239746,False
0,29,395,0.10716915130615234,False
0,29,400,0.09505562484264374,False
0,29,405,0.3651033341884613,False
0,30,10,0.1712145060300827,False
0,30,15,0.14334620535373688,False
0,30,20,0.12568449974060059,False
0,30,25,0.299836665391922,False
0,30,30,0.12689106166362762,False
0,30,35,0.23873469233512878,False
0,30,40,0.1622166931629181,False
0,30,45,0.15990358591079712,False
0,30,50,0.15531660616397858,False
0,30,55,0.16708871722221375,False
0,30,60,0.16447117924690247,False
0,30,65,0.1553301066160202,False
0,30,70,0.19222933053970337,False
0,30,75,0.11981223523616791,False
0,30,80,0.14499734342098236,False
0,30,85,0.18750616908073425,False
0,30,90,0.1617148369550705,False
0,30,95,0.2593534290790558,False
0,30,100,0.2732084095478058,False
0,30,105,0.26749879121780396,False
0,30,110,0.24183350801467896,False
0,30,115,0.2711417078971863,False
0,30,120,0.2250763326883316,False
0,30,125,0.26630184054374695,False
0,30,130,0.2627810537815094,False
0,30,135,0.2456078827381134,False
0,30,140,0.3116586208343506,False
0,30,145,0.22089789807796478,False
0,30,150,0.30202925205230713,False
0,30,155,0.36234262585639954,False
0,30,160,0.08302541077136993,False
0,30,165,0.26484501361846924,False
0,30,170,0.30033594369888306,False
0,30,175,0.2583395540714264,False
0,30,180,0.2418297380208969,False
0,30,185,0.16687186062335968,False
0,30,190,0.23093566298484802,False
0,30,195,0.253079891204834,False
0,30,200,0.26848646998405457,False
0,30,205,0.24280647933483124,False
0,30,210,0.19224049150943756,False
0,30,215,0.2739367187023163,False
0,30,220,0.08497027307748795,False
0,30,225,0.20417603850364685,False
0,30,230,0.11365369707345963,False
0,30,235,0.11768952012062073,False
0,30,240,0.22820785641670227,False
0,30,245,0.19295665621757507,False
0,30,250,0.2923612892627716,False
0,30,255,0.10025812685489655,False
0,30,260,0.21429796516895294,False
0,30,265,0.18976294994354248,False
0,30,270,0.17141787707805634,False
0,30,275,0.12448456138372421,False
0,30,280,0.10993726551532745,False
0,30,285,0.17850245535373688,False
0,30,290,0.1059238612651825,False
0,30,295,0.10568100214004517,False
0,30,300,0.20989549160003662,False
0,30,305,0.16005966067314148,False
0,30,310,0.05065753683447838,False
0,30,315,0.708875834941864,False
0,30,320,0.10583487153053284,False
0,30,325,0.11133883148431778,False
0,30,330,0.06159696355462074,False
0,30,335,0.18015967309474945,False
0,30,340,0.08242905884981155,False
0,30,345,0.064584881067276,False
0,30,350,0.057924699038267136,False
0,30,355,0.0373702310025692,False
0,30,360,0.1034352257847786,False
0,30,365,0.09664952754974365,False
0,30,370,0.10851633548736572,False
0,30,375,0.0977846309542656,False
0,30,380,0.04600082337856293,False
0,30,385,0.053425133228302,False
0,30,390,0.10894892364740372,False
0,30,395,0.08835524320602417,False
0,30,400,0.16222290694713593,False
0,30,405,0.07792982459068298,False
0,31,10,0.02855856716632843,False
0,31,15,0.06305520236492157,False
0,31,20,0.0663432702422142,False
0,31,25,0.12168632447719574,False
0,31,30,0.3328522741794586,False
0,31,35,0.6191267371177673,False
0,31,40,0.43426796793937683,False
0,31,45,0.15367482602596283,False
0,31,50,0.09066203236579895,False
0,31,55,0.044291943311691284,False
0,31,60,0.04055750370025635,False
0,31,65,0.030502302572131157,False
0,31,70,0.07906440645456314,False
0,31,75,0.13374987244606018,False
0,31,80,0.08675731718540192,False
0,31,85,0.11760327965021133,False
0,31,90,0.0525677427649498,False
0,31,95,0.08605761080980301,False
0,31,100,0.041998863220214844,False
0,31,105,0.08223015069961548,False
0,31,110,0.06812941282987595,False
0,31,115,0.03146350756287575,False
0,31,120,0.0706259086728096,False
0,31,125,0.08392708748579025,False
0,31,130,0.0359407477080822,False
0,31,135,0.030934235081076622,False
0,31,140,0.06511092185974121,False
0,31,145,0.08382311463356018,False
0,31,150,0.05445870757102966,False
0,31,155,0.06269857287406921,False
0,31,160,0.02217179164290428,False
0,31,165,0.04268721863627434,False
0,31,170,0.11113294214010239,False
0,31,175,0.1642490029335022,False
0,31,180,0.10588206350803375,False
0,31,185,0.15474054217338562,False
0,31,190,0.08088181912899017,False
0,31,195,0.03181333839893341,False
0,31,200,0.06152178719639778,False
0,31,205,0.06038800626993179,False
0,31,210,0.06433141976594925,False
0,31,215,0.1985570192337036,False
0,31,220,0.08321914076805115,False
0,31,225,0.07643100619316101,False
0,31,230,0.09658762812614441,False
0,31,235,0.08275099843740463,False
0,31,240,0.09411810338497162,False
0,31,245,0.12441984564065933,False
0,31,250,0.08273985236883163,False
0,31,255,0.06188496574759483,False
0,31,260,0.36764785647392273,False
0,31,265,0.09745185077190399,False
0,31,270,0.04288811981678009,False
0,31,275,0.3564775884151459,False
0,31,280,0.4468497633934021,False
0,31,285,0.12971185147762299,False
0,31,290,0.13157771527767181,False
0,31,295,0.2620764672756195,False
0,31,300,0.20659399032592773,False
0,31,305,0.08589916676282883,False
0,31,310,0.043353304266929626,False
0,31,315,0.03269529342651367,False
0,31,320,0.11321185529232025,False
0,31,325,0.1580469161272049,False
0,31,330,0.11505002528429031,False
0,31,335,0.2090790718793869,False
0,31,340,0.08976752310991287,False
0,31,345,0.13845637440681458,False
0,31,350,0.21344171464443207,False
0,31,355,0.024604208767414093,False
0,31,360,0.07338938117027283,False
0,31,365,0.15231218934059143,False
0,31,370,0.07377059012651443,False
0,31,375,0.20726704597473145,False
0,31,380,0.14209769666194916,False
0,31,385,0.12306869029998779,False
0,31,390,0.10774388164281845,False
0,31,395,0.3000588119029999,False
0,31,400,0.34710049629211426,False
0,31,405,0.07653762400150299,False
0,32,10,0.042650219053030014,False
0,32,15,0.1111854538321495,False
0,32,20,0.1957377791404724,False
0,32,25,0.14803357422351837,False
0,32,30,0.28133583068847656,False
0,32,35,0.25607913732528687,False
0,32,40,0.3285241425037384,False
0,32,45,0.19552159309387207,False
0,32,50,0.12236525118350983,False
0,32,55,0.0694122463464737,False
0,32,60,0.07171228528022766,False
0,32,65,0.09961121529340744,False
0,32,70,0.04326210543513298,False
0,32,75,0.10055361688137054,False
0,32,80,0.09004287421703339,False
0,32,85,0.10031235218048096,False
0,32,90,0.2062370330095291,False
0,32,95,0.13504278659820557,False
0,32,100,0.06426107883453369,False
0,32,105,0.01672438345849514,False
0,32,110,0.04091273620724678,False
0,32,115,0.03611628711223602,False
0,32,120,0.04696296527981758,False
0,32,125,0.08461149036884308,False
0,32,130,0.03220154717564583,False
0,32,135,0.07099570333957672,False
0,32,140,0.07955165952444077,False
0,32,145,0.028308773413300514,False
0,32,150,0.04664891958236694,False
0,32,155,0.08546677976846695,False
0,32,160,0.07215387374162674,False
0,32,165,0.06087964400649071,False
0,32,170,0.09370652586221695,False
0,32,175,0.022846605628728867,False
0,32,180,0.03679643198847771,False
0,32,185,0.1931261569261551,False
0,32,190,0.13575050234794617,False
0,32,195,0.1923045516014099,False
0,32,200,0.07578869163990021,False
0,32,205,0.11508326977491379,False
0,32,210,0.11585962027311325,False
0,32,215,0.2391781210899353,False
0,32,220,0.10651297122240067,False
0,32,225,0.1452527493238449,False
0,32,230,0.34965571761131287,False
0,32,235,0.6785401701927185,False
0,32,240,0.22234807908535004,False
0,32,245,0.44546404480934143,False
0,32,250,0.21852567791938782,False
0,32,255,0.23703131079673767,False
0,32,260,0.2025366872549057,False
0,32,265,0.28668490052223206,False
0,32,270,0.21774332225322723,False
0,32,275,0.11901713907718658,False
0,32,280,0.4128516614437103,False
0,32,285,0.5780153274536133,False
0,32,290,0.173934206366539,False
0,32,295,0.2425779551267624,False
0,32,300,0.17344197630882263,False
0,32,305,0.17067646980285645,False
0,32,310,0.17793193459510803,False
0,32,315,0.3081960678100586,False
0,32,320,0.1786598116159439,False
0,32,325,0.12643828988075256,False
0,32,330,0.33236682415008545,False
0,32,335,0.280865877866745,False
0,32,340,0.32311341166496277,False
0,32,345,0.25742048025131226,False
0,32,350,0.2888972759246826,False
0,32,355,0.37502211332321167,False
0,32,360,0.6318690776824951,False
0,32,365,0.522590160369873,False
0,32,370,0.7437385320663452,False
0,32,375,0.40576818585395813,False
0,32,380,0.6061012744903564,False
0,32,385,0.5543445944786072,False
0,32,390,0.44165506958961487,False
0,32,395,0.5228427052497864,False
0,32,400,0.3294939696788788,False
0,32,405,0.44850918650627136,False
0,33,10,0.04513493552803993,False
0,33,15,0.19107551872730255,False
0,33,20,0.28377029299736023,False
0,33,25,0.47663700580596924,False
0,33,30,0.28642040491104126,False
0,33,35,0.12124145030975342,False
0,33,40,0.19887281954288483,False
0,33,45,0.34565675258636475,False
0,33,50,0.35665982961654663,False
0,33,55,0.5589696168899536,False
0,33,60,0.22542385756969452,False
0,33,65,0.2584819793701172,False
0,33,70,0.061626944690942764,False
0,33,75,0.06959313899278641,False
0,33,80,0.1490875780582428,False
0,33,85,0.08190039545297623,False
0,33,90,0.04166160523891449,False
0,33,95,0.1208428218960762,False
0,33,100,0.047194890677928925,False
0,33,105,0.10951053351163864,False
0,33,110,0.07719806581735611,False
0,33,115,0.11013266444206238,False
0,33,120,0.08703894168138504,False
0,33,125,0.20628103613853455,False
0,33,130,0.2615540325641632,False
0,33,135,0.2107008695602417,False
0,33,140,0.08721182495355606,False
0,33,145,0.03221742436289787,False
0,33,150,0.03797800838947296,False
0,33,155,0.030907683074474335,False
0,33,160,0.034583501517772675,False
0,33,165,0.03817189484834671,False
0,33,170,0.05979495123028755,False
0,33,175,0.09719754010438919,False
0,33,180,0.058727871626615524,False
0,33,185,0.17603571712970734,False
0,33,190,0.30580270290374756,False
0,33,195,0.24793395400047302,False
0,33,200,0.07121825963258743,False
0,33,205,0.2558690309524536,False
0,33,210,0.0834602639079094,False
0,33,215,0.14792706072330475,False
0,33,220,0.1227816790342331,False
0,33,225,0.2050079107284546,False
0,33,230,0.1031389981508255,False
0,33,235,0.10316724330186844,False
0,33,240,0.12703156471252441,False
0,33,245,1.665122628211975,False
0,33,250,0.21424905955791473,False
0,33,255,1.9284154176712036,False
0,33,260,0.10220250487327576,False
0,33,265,0.13164308667182922,False
0,33,270,0.12376394867897034,False
0,33,275,0.18769487738609314,False
0,33,280,0.15146945416927338,False
0,33,285,0.09558357298374176,False
0,33,290,0.1927468180656433,False
0,33,295,0.2703392505645752,False
0,33,300,0.08903148770332336,False
0,33,305,0.7579820156097412,False
0,33,310,0.38084062933921814,False
0,33,315,0.6277567744255066,False
0,33,320,0.21432878077030182,False
0,33,325,0.116802878677845,False
0,33,330,0.16177040338516235,False
0,33,335,0.18200097978115082,False
0,33,340,0.1378946602344513,False
0,33,345,0.3165222406387329,False
0,33,350,0.3025502562522888,False
0,33,355,0.20959101617336273,False
0,33,360,0.1957436054944992,False
0,33,365,0.1894811987876892,False
0,33,370,0.18742553889751434,False
0,33,375,0.31136712431907654,False
0,33,380,0.3601841628551483,False
0,33,385,0.38236138224601746,False
0,33,390,0.34821972250938416,False
0,33,395,0.401387482881546,False
0,33,400,0.10201912373304367,False
0,33,405,0.0630689188838005,False
0,34,10,0.12613582611083984,False
0,34,15,0.1813834309577942,False
0,34,20,0.2697448432445526,False
0,34,25,0.34462741017341614,False
0,34,30,0.26900333166122437,False
0,34,35,0.16518013179302216,False
0,34,40,0.10053851455450058,False
0,34,45,0.19264762103557587,False
0,34,50,0.1829369068145752,False
0,34,55,0.2854311168193817,False
0,34,60,0.37529119849205017,False
0,34,65,0.22226393222808838,False
0,34,70,0.20309485495090485,False
0,34,75,0.24047724902629852,False
0,34,80,0.18440964818000793,False
0,34,85,0.4300698935985565,False
0,34,90,0.1982429176568985,False
0,34,95,0.1699731945991516,False
0,34,100,0.1656755805015564,False
0,34,105,0.07548575103282928,False
0,34,110,0.23746603727340698,False
0,34,115,0.3639231026172638,False
0,34,120,0.3271545171737671,False
0,34,125,0.37704727053642273,False
0,34,130,0.3480084240436554,False
0,34,135,0.20041199028491974,False
0,34,140,0.3472570776939392,False
0,34,145,0.16142572462558746,False
0,34,150,0.26538658142089844,False
0,34,155,0.19077175855636597,False
0,34,160,0.17949508130550385,False
0,34,165,0.22242200374603271,False
0,34,170,0.3126702904701233,False
0,34,175,0.2951089143753052,False
0,34,180,0.40933698415756226,False
0,34,185,0.2649924159049988,False
0,34,190,0.16874344646930695,False
0,34,195,0.23759107291698456,False
0,34,200,0.18315845727920532,False
0,34,205,0.18943189084529877,False
0,34,210,0.21492017805576324,False
0,34,215,0.2504763901233673,False
0,34,220,0.17758576571941376,False
0,34,225,0.1987699270248413,False
0,34,230,0.1713417023420334,False
0,34,235,0.13115988671779633,False
0,34,240,0.1377701461315155,False
0,34,245,0.14654846489429474,False
0,34,250,0.21033123135566711,False
0,34,255,0.27669015526771545,False
0,34,260,0.1898850053548813,False
0,34,265,0.19467076659202576,False
0,34,270,0.26869112253189087,False
0,34,275,0.20013226568698883,False
0,34,280,0.20207412540912628,False
0,34,285,0.17255768179893494,False
0,34,290,0.2403041571378708,False
0,34,295,0.17272493243217468,False
0,34,300,0.23959539830684662,False
0,34,305,0.2212495356798172,False
0,34,310,0.20525063574314117,False
0,34,315,0.23567195236682892,False
0,34,320,0.23365868628025055,False
0,34,325,0.2682299315929413,False
0,34,330,0.19202031195163727,False
0,34,335,0.17470064759254456,False
0,34,340,0.1959628164768219,False
0,34,345,0.2805706858634949,False
0,34,350,0.17532643675804138,False
0,34,355,0.20515860617160797,False
0,34,360,0.23183222115039825,False
0,34,365,0.19948247075080872,False
0,34,370,0.17504450678825378,False
0,34,375,0.2686278223991394,False
0,34,380,0.23098953068256378,False
0,34,385,0.23698724806308746,False
0,34,390,0.1866946518421173,False
0,34,395,0.1968405544757843,False
0,34,400,0.25827404856681824,False
0,34,405,0.21030062437057495,False
0,35,10,0.1790594458580017,True
0,35,15,0.2170494645833969,True
0,35,20,0.2944808602333069,True
0,35,25,0.42455819249153137,True
0,35,30,0.35995084047317505,True
0,35,35,0.2889135181903839,True
0,35,40,0.3014567494392395,True
0,35,45,0.3710605204105377,True
0,35,50,0.13823957741260529,True
0,35,55,0.11084653437137604,True
0,35,60,0.2198754847049713,True
0,35,65,0.41359689831733704,True
0,35,70,0.16691714525222778,True
0,35,75,0.12666429579257965,True
0,35,80,0.15847064554691315,True
0,35,85,0.05764809250831604,True
0,35,90,0.03380913287401199,True
0,35,95,0.10518709570169449,True
0,35,100,0.05650041624903679,True
0,35,105,0.07558643072843552,True
0,35,110,0.0693456307053566,True
0,35,115,0.10294687002897263,True
0,35,120,0.23835140466690063,True
0,35,125,0.07842864841222763,True
0,35,130,0.10841384530067444,True
0,35,135,0.10591821372509003,True
0,35,140,0.061563096940517426,True
0,35,145,0.10386807471513748,True
0,36,10,0.06450915336608887,False
0,36,15,0.09255202114582062,False
0,36,20,0.1217527911067009,False
0,36,25,0.10460823774337769,False
0,36,30,0.268983393907547,False
0,36,35,0.22475141286849976,False
0,36,40,0.3333418667316437,False
0,36,45,0.19388045370578766,False
0,36,50,0.044706445187330246,False
0,36,55,0.12257897108793259,False
0,36,60,0.06857812404632568,False
0,36,65,0.07650665938854218,False
0,36,70,0.07086890190839767,False
0,36,75,0.1069723516702652,False
0,36,80,0.15759044885635376,False
0,36,85,0.15771576762199402,False
0,36,90,0.12217885255813599,False
0,36,95,0.17743059992790222,False
0,36,100,0.1541043221950531,False
0,36,105,0.12930046021938324,False
0,36,110,0.04715164378285408,False
0,36,115,0.02973748929798603,False
0,36,120,0.037335462868213654,False
0,36,125,0.1335606575012207,False
0,36,130,0.08313383907079697,False
0,36,135,0.09535479545593262,False
0,36,140,0.115135058760643,False
0,36,145,0.06866840273141861,False
0,36,150,0.05450435355305672,False
0,36,155,0.07511097937822342,False
0,36,160,0.23380473256111145,False
0,36,165,0.22121095657348633,False
0,36,170,0.15980611741542816,False
0,36,175,0.5659559369087219,False
0,36,180,0.35611823201179504,False
0,36,185,0.14034749567508698,False
0,36,190,0.3256906270980835,False
0,36,195,0.17563959956169128,False
0,36,200,0.4142947196960449,False
0,36,205,0.08699668943881989,False
0,36,210,0.21004487574100494,False
0,36,215,0.36701637506484985,False
0,36,220,0.5313525795936584,False
0,36,225,0.4916473627090454,False
0,36,230,0.11787780374288559,False
0,36,235,0.10967644304037094,False
0,36,240,0.31570717692375183,False
0,36,245,0.5510013699531555,False
0,36,250,0.11178066581487656,False
0,36,255,0.3071080446243286,False
0,36,260,0.47533199191093445,False
0,36,265,0.09070266038179398,False
0,36,270,0.14352905750274658,False
0,36,275,1.977742075920105,False
0,36,280,1.8379958868026733,False
0,36,285,0.19104021787643433,False
0,36,290,0.1611350029706955,False
0,36,295,0.05513521656394005,False
0,36,300,0.0909937247633934,False
0,36,305,0.19557836651802063,False
0,36,310,0.15391471982002258,False
0,36,315,0.34661391377449036,False
0,36,320,0.16041094064712524,False
0,36,325,0.35055506229400635,False
0,36,330,0.20329289138317108,False
0,36,335,0.09743259102106094,False
0,36,340,0.34894782304763794,False
0,36,345,0.4516841471195221,False
0,36,350,0.18826298415660858,False
0,36,355,0.15583758056163788,False
0,36,360,0.08278435468673706,False
0,36,365,0.09470370411872864,False
0,36,370,0.0758812427520752,False
0,36,375,0.09419573098421097,False
0,36,380,0.12089262902736664,False
0,36,385,0.14333999156951904,False
0,36,390,0.11025257408618927,False
0,36,395,0.23685947060585022,False
0,36,400,0.28918522596359253,False
0,36,405,0.07932590693235397,False
0,37,10,0.0654006227850914,False
0,37,15,0.16563166677951813,False
0,37,20,0.28374195098876953,False
0,37,25,0.32969117164611816,False
0,37,30,0.5058833360671997,False
0,37,35,0.11886180937290192,False
0,37,40,0.21597976982593536,False
0,37,45,0.07236142456531525,False
0,37,50,0.04230803623795509,False
0,37,55,0.1282229721546173,False
0,37,60,0.12733015418052673,False
0,37,65,0.15710529685020447,False
0,37,70,0.2583705186843872,False
0,37,75,0.3750069737434387,False
0,37,80,0.3283722996711731,False
0,37,85,0.07453079521656036,False
0,37,90,0.09930592030286789,False
0,37,95,0.1457786113023758,False
0,37,100,0.18732158839702606,False
0,37,105,0.6411479711532593,False
0,37,110,0.5739497542381287,False
0,37,115,0.3821844458580017,False
0,37,120,0.1012512743473053,False
0,37,125,0.28910547494888306,False
0,37,130,0.08298645913600922,False
0,37,135,0.07513891160488129,False
0,37,140,0.13508430123329163,False
0,37,145,0.0594652034342289,False
0,37,150,0.13143567740917206,False
0,37,155,0.16891422867774963,False
0,37,160,0.07926078140735626,False
0,37,165,0.06407418847084045,False
0,37,170,0.12006200850009918,False
0,37,175,0.6724827885627747,False
0,37,180,0.1533370167016983,False
0,37,185,0.11960218101739883,False
0,37,190,0.2913818359375,False
0,37,195,0.1523434966802597,False
0,37,200,0.11476986855268478,False
0,37,205,0.07713489234447479,False
0,37,210,0.10966035723686218,False
0,37,215,0.5717405080795288,False
0,37,220,0.049224428832530975,False
0,37,225,0.11154866963624954,False
0,37,230,0.06936859339475632,False
0,37,235,0.11475680023431778,False
0,37,240,0.8152493834495544,False
0,37,245,0.4963762164115906,False
0,37,250,0.06466194987297058,False
0,37,255,0.1330881118774414,False
0,37,260,0.17968666553497314,False
0,37,265,0.0960061252117157,False
0,37,270,0.26715314388275146,False
0,37,275,0.2545544505119324,False
0,37,280,0.3402673602104187,False
0,37,285,0.1829327940940857,False
0,37,290,0.14055253565311432,False
0,37,295,0.11911319196224213,False
0,37,300,0.22998888790607452,False
0,37,305,0.19315505027770996,False
0,37,310,0.3641397953033447,False
0,37,315,0.42585960030555725,False
0,37,320,0.2753869891166687,False
0,37,325,0.1080343946814537,False
0,37,330,0.21378616988658905,False
0,37,335,0.5230702757835388,False
0,37,340,0.20099569857120514,False
0,37,345,0.09773558378219604,False
0,37,350,0.21090200543403625,False
0,37,355,0.23746240139007568,False
0,37,360,0.22501036524772644,False
0,37,365,0.31980475783348083,False
0,37,370,0.6135909557342529,False
0,37,375,0.23287606239318848,False
0,37,380,0.21416321396827698,False
0,37,385,0.2462502121925354,False
0,37,390,0.2356451004743576,False
0,37,395,0.12574322521686554,False
0,37,400,0.17159341275691986,False
0,37,405,0.27525240182876587,False
0,38,10,0.11974361538887024,False
0,38,15,0.17489899694919586,False
0,38,20,0.27026259899139404,False
0,38,25,0.39473506808280945,False
0,38,30,0.26570045948028564,False
0,38,35,0.22471153736114502,False
0,38,40,0.19495908915996552,False
0,38,45,0.30528566241264343,False
0,38,50,0.18726050853729248,False
0,38,55,0.14056678116321564,False
0,38,60,0.21953485906124115,False
0,38,65,0.6360408067703247,False
0,38,70,0.628333568572998,False
0,38,75,0.457415372133255,False
0,38,80,0.27389371395111084,False
0,38,85,0.20686034858226776,False
0,38,90,0.1870672106742859,False
0,38,95,0.21590472757816315,False
0,38,100,0.2096186727285385,False
0,38,105,0.23019126057624817,False
0,38,110,0.21104279160499573,False
0,38,115,0.19972501695156097,False
0,38,120,0.21016861498355865,False
0,38,125,0.21112388372421265,False
0,38,130,0.2362203299999237,False
0,38,135,0.1793878823518753,False
0,38,140,0.22744505107402802,False
0,38,145,0.1778949499130249,False
0,38,150,0.18616241216659546,False
0,38,155,0.24127812683582306,False
0,38,160,0.1468868851661682,False
0,38,165,0.22449545562267303,False
0,38,170,0.24461905658245087,False
0,38,175,0.238544762134552,False
0,38,180,0.2483098804950714,False
0,38,185,0.19057177007198334,False
0,38,190,0.23416875302791595,False
0,38,195,0.19981767237186432,False
0,38,200,0.2598405182361603,False
0,38,205,0.21928873658180237,False
0,38,210,0.1445716917514801,False
0,38,215,0.13432206213474274,False
0,38,220,0.149064302444458,False
0,38,225,0.21724320948123932,False
0,38,230,0.15909919142723083,False
0,38,235,0.14691925048828125,False
0,38,240,0.16768887639045715,False
0,38,245,0.1779405176639557,False
0,38,250,0.2017340064048767,False
0,38,255,0.1270395815372467,False
0,38,260,0.15175925195217133,False
0,38,265,0.16180796921253204,False
0,38,270,0.12588873505592346,False
0,38,275,0.13594919443130493,False
0,38,280,0.10735748708248138,False
0,38,285,0.1073102355003357,False
0,38,290,0.08811739832162857,False
0,38,295,0.09139987081289291,False
0,38,300,0.1173885241150856,False
0,38,305,0.14027070999145508,False
0,38,310,0.17181694507598877,False
0,38,315,0.11123871803283691,False
0,38,320,0.17055009305477142,False
0,38,325,0.1378559172153473,False
0,38,330,0.1687972992658615,False
0,38,335,0.11380749940872192,False
0,38,340,0.12447243183851242,False
0,38,345,0.10704248398542404,False
0,38,350,0.15608200430870056,False
0,38,355,0.16063769161701202,False
0,38,360,0.11784972250461578,False
0,38,365,0.12157761305570602,False
0,38,370,0.1587979644536972,False
0,38,375,0.1867237240076065,False
0,38,380,0.11976137012243271,False
0,38,385,0.19989536702632904,False
0,38,390,0.10573001205921173,False
0,38,395,0.07535800337791443,False
0,38,400,0.11978094279766083,False
0,38,405,0.1379854381084442,False
0,39,10,0.12990278005599976,False
0,39,15,0.19998641312122345,False
0,39,20,0.3230995237827301,False
0,39,25,0.6276581287384033,False
0,39,30,0.17246372997760773,False
0,39,35,0.44678783416748047,False
0,39,40,0.5936325788497925,False
0,39,45,0.21337051689624786,False
0,39,50,0.32073473930358887,False
0,39,55,0.11569533497095108,False
0,39,60,0.2254982590675354,False
0,39,65,0.06569688022136688,False
0,39,70,0.2062174677848816,False
0,39,75,0.20881587266921997,False
0,39,80,0.15500687062740326,False
0,39,85,1.7361352443695068,False
0,39,90,1.0359326601028442,False
0,39,95,0.20748870074748993,False
0,39,100,0.14341171085834503,False
0,39,105,0.19474056363105774,False
0,39,110,1.0500437021255493,False
0,39,115,0.7319231033325195,False
0,39,120,0.7725028991699219,False
0,39,125,1.047066569328308,False
0,39,130,0.1814374476671219,False
0,39,135,1.290703535079956,False
0,39,140,0.3841473162174225,False
0,39,145,1.0549867153167725,False
0,39,150,0.24691849946975708,False
0,39,155,0.7509950995445251,False
0,39,160,0.18408770859241486,False
0,39,165,0.1992451399564743,False
0,39,170,0.28486165404319763,False
0,39,175,1.7474267482757568,False
0,39,180,0.36763995885849,False
0,39,185,0.09339367598295212,False
0,39,190,0.09603209793567657,False
0,39,195,0.13815803825855255,False
0,39,200,0.7756944894790649,False
0,39,205,0.13810186088085175,False
0,39,210,0.11291562020778656,False
0,39,215,0.12306513637304306,False
0,39,220,0.7295721173286438,False
0,39,225,0.1752994954586029,False
0,39,230,0.14433293044567108,False
0,39,235,0.14990592002868652,False
0,39,240,1.6045026779174805,False
0,39,245,0.8585050106048584,False
0,39,250,1.104130744934082,False
0,39,255,0.6471009254455566,False
0,39,260,1.063901424407959,False
0,39,265,1.0907840728759766,False
0,39,270,1.088155746459961,False
0,39,275,0.26147472858428955,False
0,39,280,0.3764860928058624,False
0,39,285,0.08699572831392288,False
0,39,290,0.20136895775794983,False
0,39,295,0.13032114505767822,False
0,39,300,0.12198102474212646,False
0,39,305,0.09911591559648514,False
0,39,310,0.2770836353302002,False
0,39,315,0.18279379606246948,False
0,39,320,0.11780230700969696,False
0,39,325,0.1556747704744339,False
0,39,330,0.20592539012432098,False
0,39,335,0.11923579126596451,False
0,39,340,0.10781625658273697,False
0,39,345,0.15378189086914062,False
0,39,350,0.121152862906456,False
0,39,355,0.15087591111660004,False
0,39,360,0.12530235946178436,False
0,39,365,0.10846472531557083,False
0,39,370,0.1514771431684494,False
0,39,375,0.1383720189332962,False
0,39,380,0.1118263229727745,False
0,39,385,0.1402214914560318,False
0,39,390,0.13183176517486572,False
0,39,395,0.10848028212785721,False
0,39,400,0.13120700418949127,False
0,39,405,0.06789577752351761,False
0,40,10,0.12184478342533112,False
0,40,15,0.21639761328697205,False
0,40,20,0.26257920265197754,False
0,40,25,0.31949594616889954,False
0,40,30,0.2624085545539856,False
0,40,35,0.4426075518131256,False
0,40,40,0.243728369474411,False
0,40,45,0.6097261905670166,False
0,40,50,0.6009558439254761,False
0,40,55,0.590535044670105,False
0,40,60,0.14991460740566254,False
0,40,65,0.18614886701107025,False
0,40,70,0.06528449058532715,False
0,40,75,0.03724197298288345,False
0,40,80,0.04020289331674576,False
0,40,85,0.04435240104794502,False
0,40,90,0.0463554672896862,False
0,40,95,0.04481835290789604,False
0,40,100,0.04759509488940239,False
0,40,105,0.09044363349676132,False
0,40,110,0.29024168848991394,False
0,40,115,0.09455084800720215,False
0,40,120,0.05465731769800186,False
0,40,125,0.024632900953292847,False
0,40,130,0.0467185340821743,False
0,40,135,0.04753197357058525,False
0,40,140,0.018038097769021988,False
0,40,145,0.024910517036914825,False
0,40,150,0.011073912493884563,False
0,40,155,0.016620591282844543,False
0,40,160,0.02251020260155201,False
0,40,165,0.02465364895761013,False
0,40,170,0.03977345675230026,False
0,40,175,0.07198529690504074,False
0,40,180,0.053160399198532104,False
0,40,185,0.06986866891384125,False
0,40,190,0.35780999064445496,False
0,40,195,0.17344079911708832,False
0,40,200,0.1203334778547287,False
0,40,205,0.0644371435046196,False
0,40,210,0.1768483966588974,False
0,40,215,0.3715369999408722,False
0,40,220,0.24027812480926514,False
0,40,225,0.1351071298122406,False
0,40,230,0.31187716126441956,False
0,40,235,0.5202585458755493,False
0,40,240,0.5470507144927979,False
0,40,245,0.1998588740825653,False
0,40,250,0.18615347146987915,False
0,40,255,0.372744619846344,False
0,40,260,0.1974509060382843,False
0,40,265,0.1132792979478836,False
0,40,270,0.050012677907943726,False
0,40,275,0.12601706385612488,False
0,40,280,0.08487655222415924,False
0,40,285,0.17255128920078278,False
0,40,290,0.1122039332985878,False
0,40,295,0.08775528520345688,False
0,40,300,0.12623856961727142,False
0,40,305,0.17368540167808533,False
0,40,310,0.1161075010895729,False
0,40,315,0.08465666323900223,False
0,40,320,0.1460987776517868,False
0,40,325,0.05938420444726944,False
0,40,330,0.055697374045848846,False
0,40,335,0.031117305159568787,False
0,40,340,0.03391748294234276,False
0,40,345,0.058265917003154755,False
0,40,350,0.146120086312294,False
0,40,355,0.04685346037149429,False
0,40,360,0.06978881359100342,False
0,40,365,0.0735730230808258,False
0,40,370,0.07485468685626984,False
0,40,375,0.06530550867319107,False
0,40,380,0.08788183331489563,False
0,40,385,0.10155484825372696,False
0,40,390,0.08025576174259186,False
0,40,395,0.07122489809989929,False
0,40,400,0.10402391105890274,False
0,40,405,0.10203202813863754,False
0,41,10,0.1992214471101761,False
0,41,15,0.1932344138622284,False
0,41,20,0.32905057072639465,False
0,41,25,0.6111721992492676,False
0,41,30,0.3561771810054779,False
0,41,35,0.11726683378219604,False
0,41,40,0.18728753924369812,False
0,41,45,0.09678957611322403,False
0,41,50,0.07620281726121902,False
0,41,55,0.06801584362983704,False
0,41,60,0.06983009725809097,False
0,41,65,0.0826328694820404,False
0,41,70,0.08393144607543945,False
0,41,75,0.11000865697860718,False
0,41,80,0.5750212669372559,False
0,41,85,0.10988431423902512,False
0,41,90,0.2255670130252838,False
0,41,95,0.18289509415626526,False
0,41,100,0.48654478788375854,False
0,41,105,0.42306575179100037,False
0,41,110,0.35386884212493896,False
0,41,115,0.2772206962108612,False
0,41,120,0.11929835379123688,False
0,41,125,0.3315016031265259,False
0,41,130,0.3407686948776245,False
0,41,135,0.5596526265144348,False
0,41,140,0.2204425185918808,False
0,41,145,0.07015755772590637,False
0,41,150,0.1279260367155075,False
0,41,155,0.30283525586128235,False
0,41,160,0.13678202033042908,False
0,41,165,0.17467248439788818,False
0,41,170,0.21535801887512207,False
0,41,175,0.15755125880241394,False
0,41,180,0.2772313952445984,False
0,41,185,0.5651785135269165,False
0,41,190,0.35309889912605286,False
0,41,195,0.08280626684427261,False
0,41,200,0.23936384916305542,False
0,41,205,0.160842165350914,False
0,41,210,0.15421903133392334,False
0,41,215,0.4172108471393585,False
0,41,220,0.09472079575061798,False
0,41,225,0.28498244285583496,False
0,41,230,0.06759680807590485,False
0,41,235,0.14185766875743866,False
0,41,240,0.4507491886615753,False
0,41,245,0.3721556067466736,False
0,41,250,0.2728476822376251,False
0,41,255,0.11101839691400528,False
0,41,260,0.24177564680576324,False
0,41,265,0.21490482985973358,False
0,41,270,0.2666624188423157,False
0,41,275,0.3815542459487915,False
0,41,280,0.0955297127366066,False
0,41,285,0.2520827353000641,False
0,41,290,0.07795869559049606,False
0,41,295,0.19811010360717773,False
0,41,300,0.34667009115219116,False
0,41,305,0.10460495948791504,False
0,41,310,0.25735267996788025,False
0,41,315,0.19019001722335815,False
0,41,320,0.2605188190937042,False
0,41,325,0.08264363557100296,False
0,41,330,0.28422513604164124,False
0,41,335,0.4531581401824951,False
0,41,340,0.2786184549331665,False
0,41,345,0.1120900884270668,False
0,41,350,0.20869167149066925,False
0,41,355,0.296701580286026,False
0,41,360,0.19246837496757507,False
0,41,365,0.24867747724056244,False
0,41,370,0.1702241450548172,False
0,41,375,0.27323484420776367,False
0,41,380,0.13471660017967224,False
0,41,385,0.09036628156900406,False
0,41,390,0.2414296567440033,False
0,41,395,0.09136512130498886,False
0,41,400,0.14814910292625427,False
0,41,405,0.38913121819496155,False
0,42,10,0.045812614262104034,False
0,42,15,0.07349701225757599,False
0,42,20,0.09453194588422775,False
0,42,25,0.09026212990283966,False
0,42,30,0.32843565940856934,False
0,42,35,0.4152408838272095,False
0,42,40,0.22923602163791656,False
0,42,45,0.15461976826190948,False
0,42,50,0.029509052634239197,False
0,42,55,0.05440673232078552,False
0,42,60,0.09370076656341553,False
0,42,65,0.056196343153715134,False
0,42,70,0.05607093125581741,False
0,42,75,0.06992240995168686,False
0,42,80,0.048814404755830765,False
0,42,85,0.1055101752281189,False
0,42,90,0.06140545383095741,False
0,42,95,0.044517915695905685,False
0,42,100,0.04662134125828743,False
0,42,105,0.18358244001865387,False
0,42,110,0.11727163195610046,False
0,42,115,0.09319786727428436,False
0,42,120,0.15114463865756989,False
0,42,125,0.10417547076940536,False
0,42,130,0.1520540714263916,False
0,42,135,0.17866526544094086,False
0,42,140,0.10124604403972626,False
0,42,145,1.7549680471420288,False
0,42,150,0.8038941621780396,False
0,42,155,0.06661919504404068,False
0,42,160,0.04384475201368332,False
0,42,165,0.12740498781204224,False
0,42,170,0.058669570833444595,False
0,42,175,0.03502814471721649,False
0,42,180,0.03193911537528038,False
0,42,185,0.06062288582324982,False
0,42,190,0.05830908566713333,False
0,42,195,1.241930365562439,False
0,42,200,0.03452657535672188,False
0,42,205,0.0341598279774189,False
0,42,210,0.05213770642876625,False
0,42,215,0.1320091038942337,False
0,42,220,0.039074305444955826,False
0,42,225,0.03349117562174797,False
0,42,230,0.04474811628460884,False
0,42,235,0.0675850436091423,False
0,42,240,0.04820818454027176,False
0,42,245,0.05186629667878151,False
0,42,250,0.08643826097249985,False
0,42,255,0.06078190356492996,False
0,42,260,0.11865609139204025,False
0,42,265,0.09888707846403122,False
0,42,270,0.0425892136991024,False
0,42,275,0.10206147283315659,False
0,42,280,0.09381359070539474,False
0,42,285,0.07055903226137161,False
0,42,290,0.0528828427195549,False
0,42,295,0.10219721496105194,False
0,42,300,0.026031387969851494,False
0,42,305,0.05615152046084404,False
0,42,310,0.04864853620529175,False
0,42,315,0.04324473813176155,False
0,42,320,0.05841948464512825,False
0,42,325,0.06079054996371269,False
0,42,330,0.13699139654636383,False
0,42,335,0.2747113108634949,False
0,42,340,0.160566046833992,False
0,42,345,0.33683454990386963,False
0,42,350,0.13823775947093964,False
0,42,355,0.13623911142349243,False
0,42,360,0.3374057710170746,False
0,42,365,0.28116828203201294,False
0,42,370,0.2668571174144745,False
0,42,375,0.2666760981082916,False
0,42,380,0.3283461034297943,False
0,42,385,0.08668557554483414,False
0,42,390,0.15593503415584564,False
0,42,395,0.2258085012435913,False
0,42,400,0.212973490357399,False
0,42,405,0.344143271446228,False
0,43,10,0.12247685343027115,False
0,43,15,0.1956593096256256,False
0,43,20,0.29082655906677246,False
0,43,25,0.4550190269947052,False
0,43,30,0.4071434438228607,False
0,43,35,0.10790219902992249,False
0,43,40,0.13613463938236237,False
0,43,45,0.135729119181633,False
0,43,50,0.05608860030770302,False
0,43,55,0.05828390643000603,False
0,43,60,0.10971418023109436,False
0,43,65,0.26034003496170044,False
0,43,70,0.2962881326675415,False
0,43,75,0.17206384241580963,False
0,43,80,0.24535061419010162,False
0,43,85,0.36651015281677246,False
0,43,90,0.39677894115448,False
0,43,95,0.4615090787410736,False
0,43,100,0.7077069282531738,False
0,43,105,0.35142236948013306,False
0,43,110,0.4674837589263916,False
0,43,115,0.4866420030593872,False
0,43,120,0.4326779544353485,False
0,43,125,0.3845425248146057,False
0,43,130,0.6697875261306763,False
0,43,135,0.3618796765804291,False
0,43,140,0.5152698755264282,False
0,43,145,0.14261898398399353,False
0,43,150,0.39044371247291565,False
0,43,155,0.4902884066104889,False
0,43,160,0.17432406544685364,False
0,43,165,0.16892877221107483,False
0,43,170,0.3372116684913635,False
0,43,175,0.10633817315101624,False
0,43,180,0.3748646676540375,False
0,43,185,0.1486748307943344,False
0,43,190,0.5270324349403381,False
0,43,195,0.6548805236816406,False
0,43,200,0.2756073474884033,False
0,43,205,0.3159114420413971,False
0,43,210,0.2262623906135559,False
0,43,215,0.3323816955089569,False
0,43,220,0.09395342320203781,False
0,43,225,0.46548983454704285,False
0,43,230,0.08728030323982239,False
0,43,235,0.14609909057617188,False
0,43,240,1.0292484760284424,False
0,43,245,0.18167144060134888,False
0,43,250,0.41191455721855164,False
0,43,255,0.12621445953845978,False
0,43,260,0.10355596989393234,False
0,43,265,0.10287154465913773,False
0,43,270,0.08754293620586395,False
0,43,275,0.1961219757795334,False
0,43,280,0.17016449570655823,False
0,43,285,0.056434907019138336,False
0,43,290,0.20743663609027863,False
0,43,295,0.2309560626745224,False
0,43,300,0.1081484854221344,False
0,43,305,0.6621338725090027,False
0,43,310,0.20869895815849304,False
0,43,315,0.557468593120575,False
0,43,320,0.30699920654296875,False
0,43,325,0.8342140913009644,False
0,43,330,0.20481528341770172,False
0,43,335,0.28195205330848694,False
0,43,340,0.725300133228302,False
0,43,345,1.0970242023468018,False
0,43,350,0.4745025038719177,False
0,43,355,0.18585240840911865,False
0,43,360,0.607718825340271,False
0,43,365,0.08988010883331299,False
0,43,370,0.6417275667190552,False
0,43,375,0.6896977424621582,False
0,43,380,0.40362587571144104,False
0,43,385,0.34694135189056396,False
0,43,390,1.3623769283294678,False
0,43,395,0.17056113481521606,False
0,43,400,0.41496965289115906,False
0,43,405,0.41617339849472046,False
0,44,10,0.14147710800170898,False
0,44,15,0.1149497777223587,False
0,44,20,0.1121593788266182,False
0,44,25,0.14677824079990387,False
0,44,30,0.13103346526622772,False
0,44,35,0.24835500121116638,False
0,44,40,0.07796762883663177,False
0,44,45,0.10610605776309967,False
0,44,50,0.15427888929843903,False
0,44,55,0.16654765605926514,False
0,44,60,0.228315532207489,False
0,44,65,0.24087567627429962,False
0,44,70,0.1782948225736618,False
0,44,75,0.13365204632282257,False
0,44,80,0.11360367387533188,False
0,44,85,0.13457715511322021,False
0,44,90,0.11134443432092667,False
0,44,95,0.20956775546073914,False
0,44,100,0.2171470671892166,False
0,44,105,0.12684473395347595,False
0,44,110,0.17212305963039398,False
0,44,115,0.17912212014198303,False
0,44,120,0.16439369320869446,False
0,44,125,0.1718742549419403,False
0,44,130,0.19078460335731506,False
0,44,135,0.21002209186553955,False
0,44,140,0.18264400959014893,False
0,44,145,0.14546874165534973,False
0,44,150,0.11692465096712112,False
0,44,155,0.10882853716611862,False
0,44,160,0.08987274765968323,False
0,44,165,0.081010602414608,False
0,44,170,0.07733184099197388,False
0,44,175,0.0868983119726181,False
0,44,180,0.13245807588100433,False
0,44,185,0.09771593660116196,False
0,44,190,0.15368777513504028,False
0,44,195,0.11695396155118942,False
0,44,200,0.17356668412685394,False
0,44,205,0.07566068321466446,False
0,44,210,0.08146309852600098,False
0,44,215,0.12714582681655884,False
0,44,220,0.06296662986278534,False
0,44,225,0.09422452002763748,False
0,44,230,0.04443399980664253,False
0,44,235,0.09687178581953049,False
0,44,240,0.1375267505645752,False
0,44,245,0.11459115147590637,False
0,44,250,0.16247698664665222,False
0,44,255,0.10611062496900558,False
0,44,260,0.1389012485742569,False
0,44,265,0.10279648005962372,False
0,44,270,0.05435783043503761,False
0,44,275,0.1277894675731659,False
0,44,280,0.1347632259130478,False
0,44,285,0.11724122613668442,False
0,44,290,0.03481537848711014,False
0,44,295,0.14711549878120422,False
0,44,300,0.08125322312116623,False
0,44,305,0.056766510009765625,False
0,44,310,0.03912194445729256,False
0,44,315,0.030836591497063637,False
0,44,320,0.056203458458185196,False
0,44,325,0.05265090987086296,False
0,44,330,0.09825558960437775,False
0,44,335,0.0395025834441185,False
0,44,340,0.059602655470371246,False
0,44,345,0.03648257255554199,False
0,44,350,0.05426965281367302,False
0,44,355,0.13615258038043976,False
0,44,360,0.1029863953590393,False
0,44,365,0.054141610860824585,False
0,44,370,0.2007560431957245,False
0,44,375,0.05590478703379631,False
0,44,380,0.11969228833913803,False
0,44,385,0.05586276948451996,False
0,44,390,0.16184669733047485,False
0,44,395,0.1119266077876091,False
0,44,400,0.18122833967208862,False
0,44,405,0.1131931021809578,False
0,45,10,0.16864246129989624,False
0,45,15,0.20189307630062103,False
0,45,20,0.3957573175430298,False
0,45,25,0.7157902717590332,False
0,45,30,0.24086084961891174,False
0,45,35,0.2583274841308594,False
0,45,40,0.18903116881847382,False
0,45,45,0.16773968935012817,False
0,45,50,0.12323617190122604,False
0,45,55,0.10943196713924408,False
0,45,60,0.1423911154270172,False
0,45,65,0.1699858456850052,False
0,45,70,0.20581689476966858,False
0,45,75,0.2755809724330902,False
0,45,80,0.24455192685127258,False
0,45,85,0.22106505930423737,False
0,45,90,0.20351947844028473,False
0,45,95,0.24053914844989777,False
0,45,100,0.15520916879177094,False
0,45,105,0.2527710497379303,False
0,45,110,0.1486765444278717,False
0,45,115,0.11644639819860458,False
0,45,120,0.1466824859380722,False
0,45,125,0.7335361242294312,False
0,45,130,0.20085124671459198,False
0,45,135,0.1947062462568283,False
0,45,140,0.2954368591308594,False
0,45,145,0.1222420260310173,False
0,45,150,0.16848690807819366,False
0,45,155,0.16494902968406677,False
0,45,160,0.17823652923107147,False
0,45,165,0.1750161200761795,False
0,45,170,0.1953059732913971,False
0,45,175,0.14269177615642548,False
0,45,180,0.10641206055879593,False
0,45,185,0.10679340362548828,False
0,45,190,0.08761107176542282,False
0,45,195,0.14122441411018372,False
0,45,200,0.1726437658071518,False
0,45,205,0.1490042358636856,False
0,45,210,0.11061736941337585,False
0,45,215,0.09016481786966324,False
0,45,220,0.08283741772174835,False
0,45,225,0.15189310908317566,False
0,45,230,0.08930622041225433,False
0,45,235,0.0929228737950325,False
0,45,240,0.0873902291059494,False
0,45,245,0.237053781747818,False
0,45,250,0.12494947016239166,False
0,45,255,0.12065555155277252,False
0,45,260,0.09980508685112,False
0,45,265,0.18024350702762604,False
0,45,270,0.1191316694021225,False
0,45,275,0.1263822764158249,False
0,45,280,0.09724800288677216,False
0,45,285,0.08935106545686722,False
0,45,290,0.10394309461116791,False
0,45,295,0.07368704676628113,False
0,45,300,0.05721139907836914,False
0,45,305,0.04958226531744003,False
0,45,310,0.06065639108419418,False
0,45,315,0.0633854791522026,False
0,45,320,0.054720908403396606,False
0,45,325,0.0394199974834919,False
0,45,330,0.08783061057329178,False
0,45,335,0.06876364350318909,False
0,45,340,0.06426918506622314,False
0,45,345,0.08655768632888794,False
0,45,350,0.058907099068164825,False
0,45,355,0.07941052317619324,False
0,45,360,0.1112036183476448,False
0,45,365,0.14073601365089417,False
0,45,370,0.14901262521743774,False
0,45,375,0.1738586127758026,False
0,45,380,0.17279449105262756,False
0,45,385,0.1521579921245575,False
0,45,390,0.24654224514961243,False
0,45,395,0.20435760915279388,False
0,45,400,0.1570693552494049,False
0,45,405,0.30278196930885315,False
0,46,10,0.08127350360155106,False
0,46,15,0.0830613225698471,False
0,46,20,0.215423122048378,False
0,46,25,0.15511071681976318,False
0,46,30,0.13268549740314484,False
0,46,35,0.2270759791135788,False
0,46,40,0.3582591116428375,False
0,46,45,0.17922189831733704,False
0,46,50,0.048851363360881805,False
0,46,55,0.05063582956790924,False
0,46,60,0.0332631841301918,False
0,46,65,0.04798479750752449,False
0,46,70,0.07119432836771011,False
0,46,75,0.037116847932338715,False
0,46,80,0.14266514778137207,False
0,46,85,0.13064363598823547,False
0,46,90,0.1189587414264679,False
0,46,95,0.14056909084320068,False
0,46,100,0.15885238349437714,False
0,46,105,0.042634494602680206,False
0,46,110,0.09794726967811584,False
0,46,115,0.05475635081529617,False
0,46,120,0.05290644243359566,False
0,46,125,0.07100257277488708,False
0,46,130,0.11808645725250244,False
0,46,135,0.0897444635629654,False
0,46,140,0.03309809789061546,False
0,46,145,0.09531054645776749,False
0,46,150,0.10195137560367584,False
0,46,155,0.05750265344977379,False
0,46,160,0.11853963136672974,False
0,46,165,0.031128104776144028,False
0,46,170,0.08802983909845352,False
0,46,175,0.5688397288322449,False
0,46,180,0.47943559288978577,False
0,46,185,0.10311587154865265,False
0,46,190,0.09703060239553452,False
0,46,195,0.28870874643325806,False
0,46,200,0.46243488788604736,False
0,46,205,0.223549485206604,False
0,46,210,0.399300217628479,False
0,46,215,0.31561723351478577,False
0,46,220,0.6566643714904785,False
0,46,225,0.1944461166858673,False
0,46,230,0.22595548629760742,False
0,46,235,0.5387197136878967,False
0,46,240,0.18995246291160583,False
0,46,245,0.6076574921607971,False
0,46,250,0.37842994928359985,False
0,46,255,0.1588544398546219,False
0,46,260,0.38605213165283203,False
0,46,265,0.2784595489501953,False
0,46,270,0.08898713439702988,False
0,46,275,0.1345505714416504,False
0,46,280,0.22981348633766174,False
0,46,285,0.6166261434555054,False
0,46,290,0.12158242613077164,False
0,46,295,0.34223148226737976,False
0,46,300,0.6642160415649414,False
0,46,305,0.6209487318992615,False
0,46,310,0.5490528345108032,False
0,46,315,0.20192749798297882,False
0,46,320,0.20655235648155212,False
0,46,325,0.2476077526807785,False
0,46,330,0.3262760043144226,False
0,46,335,0.45161351561546326,False
0,46,340,0.23554934561252594,False
0,46,345,0.6935052871704102,False
0,46,350,0.7328183650970459,False
0,46,355,0.7194518446922302,False
0,46,360,0.629762589931488,False
0,46,365,0.39855965971946716,False
0,46,370,0.06080364063382149,False
0,46,375,0.07139328122138977,False
0,46,380,0.3308902978897095,False
0,46,385,0.4923728108406067,False
0,46,390,0.46447786688804626,False
0,46,395,0.17679761350154877,False
0,46,400,0.11977329105138779,False
0,46,405,0.3198252022266388,False
0,47,10,0.08130025863647461,False
0,47,15,0.1796831339597702,False
0,47,20,0.29304537177085876,False
0,47,25,0.20332662761211395,False
0,47,30,0.12059080600738525,False
0,47,35,0.13305070996284485,False
0,47,40,0.20020420849323273,False
0,47,45,0.1969120055437088,False
0,47,50,0.19526442885398865,False
0,47,55,0.15716303884983063,False
0,47,60,0.33076098561286926,False
0,47,65,0.34467560052871704,False
0,47,70,0.5889038443565369,False
0,47,75,0.6188947558403015,False
0,47,80,0.5426393151283264,False
0,47,85,0.705564022064209,False
0,47,90,0.6102268695831299,False
0,47,95,0.07249443233013153,False
0,47,100,0.13706758618354797,False
0,47,105,0.10172372311353683,False
0,47,110,0.23557165265083313,False
0,47,115,0.23402072489261627,False
0,47,120,0.29789578914642334,False
0,47,125,0.28576502203941345,False
0,47,130,0.2561659514904022,False
0,47,135,0.24885499477386475,False
0,47,140,0.19371196627616882,False
0,47,145,0.16418056190013885,False
0,47,150,0.1389882117509842,False
0,47,155,0.17426797747612,False
0,47,160,0.18784186244010925,False
0,47,165,0.1493804156780243,False
0,47,170,0.17814546823501587,False
0,47,175,0.1288881003856659,False
0,47,180,0.2108212560415268,False
0,47,185,0.20987959206104279,False
0,47,190,0.19830265641212463,False
0,47,195,0.16693279147148132,False
0,47,200,0.1499931961297989,False
0,47,205,0.17205910384655,False
0,47,210,0.21255968511104584,False
0,47,215,0.40746042132377625,False
0,47,220,0.2303420901298523,False
0,47,225,0.2271369993686676,False
0,47,230,0.23473314940929413,False
0,47,235,0.22646130621433258,False
0,47,240,0.18626445531845093,False
0,47,245,0.12619680166244507,False
0,47,250,0.1631515920162201,False
0,47,255,0.23846296966075897,False
0,47,260,0.11781618744134903,False
0,47,265,0.13171464204788208,False
0,47,270,0.244121715426445,False
0,47,275,0.18998953700065613,False
0,47,280,0.20686472952365875,False
0,47,285,0.17957425117492676,False
0,47,290,0.22311055660247803,False
0,47,295,0.199418306350708,False
0,47,300,0.16107933223247528,False
0,47,305,0.06336914747953415,False
0,47,310,0.11114213615655899,False
0,47,315,0.07804779708385468,False
0,47,320,0.2445240467786789,False
0,47,325,0.0780922919511795,False
0,47,330,0.15900228917598724,False
0,47,335,0.11324310302734375,False
0,47,340,0.1321030557155609,False
0,47,345,0.14653758704662323,False
0,47,350,0.08147194981575012,False
0,47,355,0.10914946347475052,False
0,47,360,0.07157265394926071,False
0,47,365,0.0344281904399395,False
0,47,370,0.03143835812807083,False
0,47,375,0.020792610943317413,False
0,47,380,0.051067858934402466,False
0,47,385,0.06977123022079468,False
0,47,390,0.0995546504855156,False
0,47,395,0.07762662321329117,False
0,47,400,0.06445588916540146,False
0,47,405,0.047026969492435455,False
0,48,10,0.09163422882556915,False
0,48,15,0.06639814376831055,False
0,48,20,0.08396492153406143,False
0,48,25,0.12270241230726242,False
0,48,30,0.30786001682281494,False
0,48,35,0.3562348186969757,False
0,48,40,0.16055512428283691,False
0,48,45,0.0480942465364933,False
0,48,50,0.03708984702825546,False
0,48,55,0.0535326823592186,False
0,48,60,0.25554320216178894,False
0,48,65,0.44616204500198364,False
0,48,70,0.1734936237335205,False
0,48,75,0.07608551532030106,False
0,48,80,0.0993947684764862,False
0,48,85,0.13830707967281342,False
0,48,90,0.07309338450431824,False
0,48,95,0.05358969047665596,False
0,48,100,0.10019294917583466,False
0,48,105,0.110987588763237,False
0,48,110,0.06811240315437317,False
0,48,115,0.07015839964151382,False
0,48,120,0.06359489262104034,False
0,48,125,0.1462486833333969,False
0,48,130,0.15066184103488922,False
0,48,135,0.1329442411661148,False
0,48,140,0.12222638726234436,False
0,48,145,0.09398037195205688,False
0,48,150,0.045943353325128555,False
0,48,155,0.06159105524420738,False
0,48,160,0.06120330095291138,False
0,48,165,0.09875639528036118,False
0,48,170,0.05208105593919754,False
0,48,175,0.049343448132276535,False
0,48,180,0.03557164594531059,False
0,48,185,0.05267827957868576,False
0,48,190,0.05300261825323105,False
0,48,195,0.055899932980537415,False
0,48,200,0.10931477695703506,False
0,48,205,0.055630434304475784,False
0,48,210,0.24164606630802155,False
0,48,215,0.1333836317062378,False
0,48,220,0.15666137635707855,False
0,48,225,0.07398311048746109,False
0,48,230,0.12179537862539291,False
0,48,235,0.05432099476456642,False
0,48,240,0.06252843141555786,False
0,48,245,0.06484554708003998,False
0,48,250,0.07939157634973526,False
0,48,255,0.11466682702302933,False
0,48,260,0.15962563455104828,False
0,48,265,0.3391968309879303,False
0,48,270,0.43069201707839966,False
0,48,275,0.25386133790016174,False
0,48,280,0.3566920757293701,False
0,48,285,0.1029096394777298,False
0,48,290,0.2038530558347702,False
0,48,295,0.16052791476249695,False
0,48,300,0.08415911346673965,False
0,48,305,0.38566386699676514,False
0,48,310,0.2905389964580536,False
0,48,315,0.3342719078063965,False
0,48,320,0.19047251343727112,False
0,48,325,0.06066616252064705,False
0,48,330,0.1877654641866684,False
0,48,335,0.19373929500579834,False
0,48,340,0.2379894107580185,False
0,48,345,0.08280692249536514,False
0,48,350,0.07464074343442917,False
0,48,355,0.07184011489152908,False
0,48,360,0.06030585244297981,False
0,48,365,0.0820726528763771,False
0,48,370,0.05518808588385582,False
0,48,375,0.06907600164413452,False
0,48,380,0.08199865370988846,False
0,48,385,0.11926504969596863,False
0,48,390,0.14016777276992798,False
0,48,395,0.5776726007461548,False
0,48,400,0.3343715965747833,False
0,48,405,0.35436078906059265,False
0,49,10,0.12957318127155304,False
0,49,15,0.1454983502626419,False
0,49,20,0.17768624424934387,False
0,49,25,0.14368115365505219,False
0,49,30,0.37428462505340576,False
0,49,35,0.31741863489151,False
0,49,40,0.7296609282493591,False
0,49,45,0.36009421944618225,False
0,49,50,0.10734967887401581,False
0,49,55,0.16261056065559387,False
0,49,60,0.13838130235671997,False
0,49,65,0.15556666254997253,False
0,49,70,0.13821464776992798,False
0,49,75,0.1468789428472519,False
0,49,80,0.256468802690506,False
0,49,85,0.19675828516483307,False
0,49,90,0.18426859378814697,False
0,49,95,0.10277246683835983,False
0,49,100,0.03754596784710884,False
0,49,105,0.09886221587657928,False
0,49,110,0.06523922830820084,False
0,49,115,0.08203272521495819,False
0,49,120,0.0920940563082695,False
0,49,125,0.0835050418972969,False
0,49,130,0.0804324746131897,False
0,49,135,0.12515385448932648,False
0,49,140,0.11965451389551163,False
0,49,145,0.0911649838089943,False
0,49,150,0.047490622848272324,False
0,49,155,0.10512983798980713,False
0,49,160,0.1328960657119751,False
0,49,165,0.11477550119161606,False
0,49,170,0.07935211062431335,False
0,49,175,0.061668511480093,False
0,49,180,0.12625645101070404,False
0,49,185,0.1912820190191269,False
0,49,190,0.10732454806566238,False
0,49,195,0.0889856219291687,False
0,49,200,0.06148666515946388,False
0,49,205,0.07981743663549423,False
0,49,210,0.09675139933824539,False
0,49,215,0.0848817378282547,False
0,49,220,0.06006968393921852,False
0,49,225,0.7890053987503052,False
0,49,230,0.08440297096967697,False
0,49,235,0.06554315239191055,False
0,49,240,0.11789172887802124,False
0,49,245,0.14587947726249695,False
0,49,250,0.1406177282333374,False
0,49,255,0.21475927531719208,False
0,49,260,0.16693967580795288,False
0,49,265,0.0910448282957077,False
0,49,270,0.052608441561460495,False
0,49,275,0.06122281402349472,False
0,49,280,0.04256337136030197,False
0,49,285,0.04137855023145676,False
0,49,290,0.10317877680063248,False
0,49,295,0.047181837260723114,False
0,49,300,0.06959880143404007,False
0,49,305,0.12801705300807953,False
0,49,310,0.20085826516151428,False
0,49,315,0.1678186058998108,False
0,49,320,0.06476538628339767,False
0,49,325,0.10271948575973511,False
0,49,330,0.34806734323501587,False
0,49,335,0.4672291874885559,False
0,49,340,0.17546485364437103,False
0,49,345,0.09913889318704605,False
0,49,350,0.08219274878501892,False
0,49,355,0.05355684459209442,False
0,49,360,0.18137875199317932,False
0,49,365,0.31921255588531494,False
0,49,370,0.2538174092769623,False
0,49,375,0.1987341195344925,False
0,49,380,0.2061014622449875,False
0,49,385,0.40755733847618103,False
0,49,390,0.11076965928077698,False
0,49,395,0.17838899791240692,False
0,49,400,1.7101190090179443,False
0,49,405,0.10988412797451019,False
100,0,10,0.05485008284449577,False
100,0,15,0.1182824894785881,False
100,0,20,0.16059283912181854,False
100,0,25,0.11719217896461487,False
100,0,30,0.14731226861476898,False
100,0,35,0.24117562174797058,False
100,0,40,0.15471398830413818,False
100,0,45,0.10978321731090546,False
100,0,50,0.11707185208797455,False
100,0,55,0.0706903338432312,False
100,0,60,0.2592499554157257,False
100,0,65,0.19721511006355286,False
100,0,70,0.20199358463287354,False
100,0,75,0.1606701761484146,False
100,0,80,0.13331449031829834,False
100,0,85,0.38980600237846375,False
100,0,90,0.2579866647720337,False
100,0,95,0.20683109760284424,False
100,0,100,0.24866575002670288,False
100,0,105,0.20988796651363373,False
100,0,110,0.21578986942768097,False
100,0,115,0.30354639887809753,False
100,0,120,0.2399371713399887,False
100,0,125,0.2829959988594055,False
100,0,130,0.18903227150440216,False
100,0,135,0.2832947075366974,False
100,0,140,0.10733453184366226,False
100,0,145,0.2063169777393341,False
100,0,150,0.2066301703453064,False
100,0,155,0.32043248414993286,False
100,0,160,0.06355905532836914,False
100,0,165,0.08484219014644623,False
100,0,170,0.2431890219449997,False
100,0,175,0.1144026666879654,False
100,0,180,0.18111245334148407,False
100,0,185,0.22644968330860138,False
100,0,190,0.2495727241039276,False
100,0,195,0.4826497435569763,False
100,0,200,0.13499172031879425,False
100,0,205,0.1826220601797104,False
100,0,210,0.3131416440010071,False
100,0,215,0.15605232119560242,False
100,0,220,0.2918039858341217,False
100,0,225,0.13517993688583374,False
100,0,230,0.12741895020008087,False
100,0,235,0.1499207466840744,False
100,0,240,0.2656117081642151,False
100,0,245,0.10343730449676514,False
100,0,250,0.16995809972286224,False
100,0,255,0.112287737429142,False
100,0,260,0.0825401321053505,False
100,0,265,0.1266380399465561,False
100,0,270,0.11577803641557693,False
100,0,275,0.1263832002878189,False
100,0,280,0.11502223461866379,False
100,0,285,0.12315858900547028,False
100,0,290,0.15150684118270874,False
100,0,295,0.041615962982177734,False
100,0,300,0.10675758868455887,False
100,0,305,0.16990624368190765,False
100,0,310,0.12420517206192017,False
100,0,315,0.20321157574653625,False
100,0,320,0.1093682125210762,False
100,0,325,0.20876780152320862,False
100,0,330,1.53025484085083,False
100,0,335,0.0914512574672699,False
100,0,340,0.10987020283937454,False
100,0,345,0.14696907997131348,False
100,0,350,0.053810928016901016,False
100,0,355,0.16979561746120453,False
100,0,360,0.2051052451133728,False
100,0,365,0.0921429991722107,False
100,0,370,0.1864893138408661,False
100,0,375,0.07811898738145828,False
100,0,380,0.06336241960525513,False
100,0,385,0.03953398019075394,False
100,0,390,0.07051591575145721,False
100,0,395,0.05563105642795563,False
100,0,400,0.09842248260974884,False
100,0,405,0.08060213178396225,False
100,1,10,0.05985274910926819,False
100,1,15,0.14496320486068726,False
100,1,20,0.09984909743070602,False
100,1,25,0.21345911920070648,False
100,1,30,0.25152963399887085,False
100,1,35,0.08726238459348679,False
100,1,40,0.18281975388526917,False
100,1,45,0.1005716323852539,False
100,1,50,0.13017652928829193,False
100,1,55,0.2980676293373108,False
100,1,60,0.12617886066436768,False
100,1,65,0.1796165555715561,False
100,1,70,0.04311113804578781,False
100,1,75,0.12616565823554993,False
100,1,80,0.23862852156162262,False
100,1,85,0.287060022354126,False
100,1,90,0.4978042244911194,False
100,1,95,0.2324148565530777,False
100,1,100,0.4506649971008301,False
100,1,105,0.3984091579914093,False
100,1,110,0.5890889763832092,False
100,1,115,0.5205975770950317,False
100,1,120,0.30388808250427246,False
100,1,125,0.4246501922607422,False
100,1,130,0.1949850469827652,False
100,1,135,0.10585649311542511,False
100,1,140,0.04317151755094528,False
100,1,145,0.06288355588912964,False
100,1,150,0.07395406067371368,False
100,1,155,0.8879360556602478,False
100,1,160,0.02572866715490818,False
100,1,165,0.11891789734363556,False
100,1,170,0.21624897420406342,False
100,1,175,0.07019148021936417,False
100,1,180,0.07197022438049316,False
100,1,185,0.09242557734251022,False
100,1,190,0.2413378357887268,False
100,1,195,0.08147018402814865,False
100,1,200,0.2859247922897339,False
100,1,205,0.27521929144859314,False
100,1,210,0.11221789568662643,False
100,1,215,0.05786856636404991,False
100,1,220,0.03116777166724205,False
100,1,225,0.4304691255092621,False
100,1,230,0.03479954972863197,False
100,1,235,0.05274207144975662,False
100,1,240,0.10768131911754608,False
100,1,245,0.06918734312057495,False
100,1,250,0.05569605529308319,False
100,1,255,0.02019025757908821,False
100,1,260,0.30041953921318054,False
100,1,265,0.24296681582927704,False
100,1,270,0.4599369168281555,False
100,1,275,0.3135133385658264,False
100,1,280,0.07698279619216919,False
100,1,285,0.2828487455844879,False
100,1,290,0.09651178121566772,False
100,1,295,0.3584907352924347,False
100,1,300,0.18330317735671997,False
100,1,305,0.17012961208820343,False
100,1,310,0.11350804567337036,False
100,1,315,0.37424159049987793,False
100,1,320,0.16609126329421997,False
100,1,325,0.33163246512413025,False
100,1,330,0.7079169750213623,False
100,1,335,0.35665735602378845,False
100,1,340,0.30179163813591003,False
100,1,345,0.40960654616355896,False
100,1,350,0.09170365333557129,False
100,1,355,0.4915854036808014,False
100,1,360,0.7636665105819702,False
100,1,365,0.6550226211547852,False
100,1,370,0.5031808614730835,False
100,1,375,0.26553869247436523,False
100,1,380,0.6161352396011353,False
100,1,385,0.4724872410297394,False
100,1,390,0.18847741186618805,False
100,1,395,0.8930920958518982,False
100,1,400,0.2552919387817383,False
100,1,405,0.37887218594551086,False
100,2,10,0.028775721788406372,False
100,2,15,0.1445523351430893,False
100,2,20,0.22879783809185028,False
100,2,25,0.28224968910217285,False
100,2,30,0.29887133836746216,False
100,2,35,0.24124625325202942,False
100,2,40,0.12862730026245117,False
100,2,45,0.09491339325904846,False
100,2,50,0.1938757300376892,False
100,2,55,0.21352934837341309,False
100,2,60,0.2501755356788635,False
100,2,65,0.11346057802438736,False
100,2,70,0.27915701270103455,False
100,2,75,0.44193193316459656,False
100,2,80,0.41083016991615295,False
100,2,85,1.7920016050338745,False
100,2,90,0.1266876757144928,False
100,2,95,0.12103068828582764,False
100,2,100,0.17595422267913818,False
100,2,105,0.03900100663304329,False
100,2,110,0.04538612812757492,False
100,2,115,0.10056537389755249,False
100,2,120,0.06184065341949463,False
100,2,125,0.04940051957964897,False
100,2,130,0.06958078593015671,False
100,2,135,0.07514680922031403,False
100,2,140,0.06303060799837112,False
100,2,145,0.05547327175736427,False
100,2,150,0.1171606108546257,False
100,2,155,0.16457371413707733,False
100,2,160,0.06753228604793549,False
100,2,165,0.05546777695417404,False
100,2,170,0.06289546936750412,False
100,2,175,0.0753755047917366,False
100,2,180,0.14620782434940338,False
100,2,185,0.11119407415390015,False
100,2,190,0.10713565349578857,False
100,2,195,0.2888531982898712,False
100,2,200,0.0891270563006401,False
100,2,205,0.054271046072244644,False
100,2,210,0.2780604064464569,False
100,2,215,0.22106042504310608,False
100,2,220,0.13350428640842438,False
100,2,225,0.18523508310317993,False
100,2,230,0.1223265752196312,False
100,2,235,0.2433498501777649,False
100,2,240,0.2628776431083679,False
100,2,245,0.1617594212293625,False
100,2,250,0.19706816971302032,False
100,2,255,0.11521930992603302,False
100,2,260,0.0592053048312664,False
100,2,265,0.0882403552532196,False
100,2,270,0.1847829967737198,False
100,2,275,0.052514322102069855,False
100,2,280,0.13207994401454926,False
100,2,285,0.14710135757923126,False
100,2,290,0.10903842747211456,False
100,2,295,0.07358156889677048,False
100,2,300,0.09459350258111954,False
100,2,305,0.034844689071178436,False
100,2,310,0.03599506989121437,False
100,2,315,0.10450804978609085,False
100,2,320,0.05052821338176727,False
100,2,325,0.10078699886798859,False
100,2,330,0.16627603769302368,False
100,2,335,0.15017838776111603,False
100,2,340,0.08447646349668503,False
100,2,345,0.15589295327663422,False
100,2,350,0.07588520646095276,False
100,2,355,0.07966428250074387,False
100,2,360,0.02361833117902279,False
100,2,365,0.08077969402074814,False
100,2,370,0.030429137870669365,False
100,2,375,0.03263385221362114,False
100,2,380,0.05260223522782326,False
100,2,385,0.058756858110427856,False
100,2,390,0.06275031715631485,False
100,2,395,0.07046156376600266,False
100,2,400,0.04623650386929512,False
100,2,405,0.12608976662158966,False
100,3,10,0.10660915821790695,False
100,3,15,0.2561892569065094,False
100,3,20,0.379408061504364,False
100,3,25,0.34414830803871155,False
100,3,30,0.27387306094169617,False
100,3,35,0.16460655629634857,False
100,3,40,0.8888576030731201,False
100,3,45,1.5177795886993408,False
100,3,50,1.684488296508789,False
100,3,55,1.37738037109375,False
100,3,60,0.07502079010009766,False
100,3,65,0.27907195687294006,False
100,3,70,0.2513624429702759,False
100,3,75,0.11275060474872589,False
100,3,80,0.09868516027927399,False
100,3,85,1.2419624328613281,False
100,3,90,0.16825158894062042,False
100,3,95,0.20469753444194794,False
100,3,100,0.3490188717842102,False
100,3,105,0.1743451952934265,False
100,3,110,0.21429651975631714,False
100,3,115,0.21318311989307404,False
100,3,120,0.23224890232086182,False
100,3,125,0.24956470727920532,False
100,3,130,0.18447624146938324,False
100,3,135,0.11164504289627075,False
100,3,140,0.12823793292045593,False
100,3,145,0.17070424556732178,False
100,3,150,0.17572252452373505,False
100,3,155,0.07987047731876373,False
100,3,160,0.083607517182827,False
100,3,165,0.08371005207300186,False
100,3,170,0.11127930879592896,False
100,3,175,0.11428549885749817,False
100,3,180,0.1313684582710266,False
100,3,185,0.19236567616462708,False
100,3,190,0.11523902416229248,False
100,3,195,0.33840474486351013,False
100,3,200,0.1456357091665268,False
100,3,205,0.13388873636722565,False
100,3,210,0.19500137865543365,False
100,3,215,0.08962497860193253,False
100,3,220,0.21394836902618408,False
100,3,225,0.12468478828668594,False
100,3,230,0.14274439215660095,False
100,3,235,0.15624362230300903,False
100,3,240,0.18767760694026947,False
100,3,245,0.14221355319023132,False
100,3,250,0.1342182159423828,False
100,3,255,0.09638022631406784,False
100,3,260,0.14498478174209595,False
100,3,265,0.16416692733764648,False
100,3,270,0.1602223515510559,False
100,3,275,0.11967698484659195,False
100,3,280,0.18848922848701477,False
100,3,285,0.10871081054210663,False
100,3,290,0.05281953513622284,False
100,3,295,0.0462641604244709,False
100,3,300,0.03704119846224785,False
100,3,305,0.050990499556064606,False
100,3,310,0.04509185999631882,False
100,3,315,0.0674775242805481,False
100,3,320,0.07234650105237961,False
100,3,325,0.08232507109642029,False
100,3,330,0.14599935710430145,False
100,3,335,0.06552045047283173,False
100,3,340,0.0756407082080841,False
100,3,345,0.1514522284269333,False
100,3,350,0.06556861102581024,False
100,3,355,0.10282231867313385,False
100,3,360,0.062271345406770706,False
100,3,365,0.049254391342401505,False
100,3,370,0.04041289910674095,False
100,3,375,0.028960037976503372,False
100,3,380,0.04973743483424187,False
100,3,385,0.04222727194428444,False
100,3,390,0.047865986824035645,False
100,3,395,0.05816296488046646,False
100,3,400,0.0737144872546196,False
100,3,405,0.06652496755123138,False
100,4,10,0.05509094148874283,False
100,4,15,0.06781100481748581,False
100,4,20,0.12366093695163727,False
100,4,25,0.12521806359291077,False
100,4,30,0.11791303753852844,False
100,4,35,0.11417529731988907,False
100,4,40,0.27130231261253357,False
100,4,45,0.2690882682800293,False
100,4,50,0.28317001461982727,False
100,4,55,0.2355853170156479,False
100,4,60,0.1415274292230606,False
100,4,65,0.09372531622648239,False
100,4,70,0.14858317375183105,False
100,4,75,0.1797361522912979,False
100,4,80,0.19977505505084991,False
100,4,85,0.9846081733703613,False
100,4,90,0.4886566996574402,False
100,4,95,0.10995934158563614,False
100,4,100,0.36810705065727234,False
100,4,105,0.26506665349006653,False
100,4,110,0.40491217374801636,False
100,4,115,0.6026524305343628,False
100,4,120,0.474194198846817,False
100,4,125,0.42068853974342346,False
100,4,130,0.232059046626091,False
100,4,135,0.09238915890455246,False
100,4,140,0.05825551971793175,False
100,4,145,0.14760783314704895,False
100,4,150,0.1300954669713974,False
100,4,155,0.15541686117649078,False
100,4,160,0.09011290222406387,False
100,4,165,0.1063627377152443,False
100,4,170,0.10766375064849854,False
100,4,175,0.15217186510562897,False
100,4,180,0.14251521229743958,False
100,4,185,0.23154614865779877,False
100,4,190,0.27341219782829285,False
100,4,195,0.045157887041568756,False
100,4,200,0.08488282561302185,False
100,4,205,0.14061395823955536,False
100,4,210,0.08587756007909775,False
100,4,215,0.10647197812795639,False
100,4,220,0.06975843012332916,False
100,4,225,0.13080239295959473,False
100,4,230,0.11311973631381989,False
100,4,235,0.047907061874866486,False
100,4,240,0.06684771180152893,False
100,4,245,0.0847916230559349,False
100,4,250,0.11823815852403641,False
100,4,255,0.030040668323636055,False
100,4,260,0.05432604253292084,False
100,4,265,0.08274424076080322,False
100,4,270,0.3882012665271759,False
100,4,275,0.6131551861763,False
100,4,280,0.2046712189912796,False
100,4,285,0.23751536011695862,False
100,4,290,0.17457886040210724,False
100,4,295,0.07265309244394302,False
100,4,300,0.21923568844795227,False
100,4,305,0.06636253744363785,False
100,4,310,0.16999498009681702,False
100,4,315,0.14352333545684814,False
100,4,320,0.15813954174518585,False
100,4,325,0.308334082365036,False
100,4,330,0.5801620483398438,False
100,4,335,0.20816262066364288,False
100,4,340,0.24544644355773926,False
100,4,345,0.4558691382408142,False
100,4,350,0.15177829563617706,False
100,4,355,0.3365626335144043,False
100,4,360,0.5106056928634644,False
100,4,365,0.3561866879463196,False
100,4,370,0.32563892006874084,False
100,4,375,0.24577172100543976,False
100,4,380,0.21112273633480072,False
100,4,385,0.3092370927333832,False
100,4,390,0.27238139510154724,False
100,4,395,0.44441962242126465,False
100,4,400,0.2111966758966446,False
100,4,405,0.43231773376464844,False
100,5,10,0.08278409391641617,False
100,5,15,0.1109689325094223,False
100,5,20,0.17128397524356842,False
100,5,25,0.195731058716774,False
100,5,30,0.2084883451461792,False
100,5,35,0.10369357466697693,False
100,5,40,0.25835543870925903,False
100,5,45,0.17762990295886993,False
100,5,50,0.17005375027656555,False
100,5,55,0.27234792709350586,False
100,5,60,0.22465354204177856,False
100,5,65,0.2819260358810425,False
100,5,70,0.08747383952140808,False
100,5,75,0.09113609045743942,False
100,5,80,0.09869808703660965,False
100,5,85,1.6843857765197754,False
100,5,90,0.12202318757772446,False
100,5,95,0.24668385088443756,False
100,5,100,0.2978408634662628,False
100,5,105,0.15379154682159424,False
100,5,110,0.12908156216144562,False
100,5,115,0.3301239311695099,False
100,5,120,0.4021628201007843,False
100,5,125,0.2764185070991516,False
100,5,130,0.19351695477962494,False
100,5,135,0.13863934576511383,False
100,5,140,0.19048510491847992,False
100,5,145,0.12352336198091507,False
100,5,150,0.20455972850322723,False
100,5,155,0.10121291130781174,False
100,5,160,0.08396057039499283,False
100,5,165,0.26648229360580444,False
100,5,170,0.2243032455444336,False
100,5,175,0.6315715312957764,False
100,5,180,0.150372713804245,False
100,5,185,0.1480797827243805,False
100,5,190,0.1674157828092575,False
100,5,195,0.2386578917503357,False
100,5,200,0.16958853602409363,False
100,5,205,0.13878168165683746,False
100,5,210,0.06131507083773613,False
100,5,215,0.10787650942802429,False
100,5,220,0.06995691359043121,False
100,5,225,0.16213221848011017,False
100,5,230,0.08239810168743134,False
100,5,235,0.34897613525390625,False
100,5,240,0.15269264578819275,False
100,5,245,0.14752940833568573,False
100,5,250,0.17107903957366943,False
100,5,255,0.13904015719890594,False
100,5,260,0.1249496340751648,False
100,5,265,0.11795572936534882,False
100,5,270,0.12156114727258682,False
100,5,275,1.3507639169692993,False
100,5,280,0.07635017484426498,False
100,5,285,0.04009464755654335,False
100,5,290,0.06286834925413132,False
100,5,295,0.07308617234230042,False
100,5,300,0.1690576672554016,False
100,5,305,0.04106588289141655,False
100,5,310,0.6242886185646057,False
100,5,315,0.1642855405807495,False
100,5,320,0.11071521788835526,False
100,5,325,0.04060700908303261,False
100,5,330,0.068630151450634,False
100,5,335,0.01683175191283226,False
100,5,340,0.014295531436800957,False
100,5,345,0.033284127712249756,False
100,5,350,0.07818126678466797,False
100,5,355,0.05916391685605049,False
100,5,360,0.02577204629778862,False
100,5,365,0.05138503387570381,False
100,5,370,0.031429290771484375,False
100,5,375,0.04309918358922005,False
100,5,380,0.06310050189495087,False
100,5,385,0.0912611335515976,False
100,5,390,0.062354158610105515,False
100,5,395,0.050217121839523315,False
100,5,400,0.06278357654809952,False
100,5,405,0.12046462297439575,False
100,6,10,0.1135277971625328,False
100,6,15,0.1404523402452469,False
100,6,20,0.17423167824745178,False
100,6,25,0.1643051952123642,False
100,6,30,0.1860523372888565,False
100,6,35,0.14840246737003326,False
100,6,40,0.1993703693151474,False
100,6,45,0.22239995002746582,False
100,6,50,0.24926982820034027,False
100,6,55,0.21524745225906372,False
100,6,60,0.3076643645763397,False
100,6,65,0.2848358452320099,False
100,6,70,0.19014275074005127,False
100,6,75,0.173671156167984,False
100,6,80,0.197066530585289,False
100,6,85,1.5703824758529663,False
100,6,90,0.05813409015536308,False
100,6,95,0.10700976848602295,False
100,6,100,0.04581895470619202,False
100,6,105,0.2738012671470642,False
100,6,110,0.17289793491363525,False
100,6,115,0.17447994649410248,False
100,6,120,0.2101062685251236,False
100,6,125,0.2402510643005371,False
100,6,130,0.15730096399784088,False
100,6,135,0.07891098409891129,False
100,6,140,0.12985073029994965,False
100,6,145,0.14792487025260925,False
100,6,150,0.2986057996749878,False
100,6,155,0.1418287605047226,False
100,6,160,0.16829441487789154,False
100,6,165,0.4028851389884949,False
100,6,170,0.3185081481933594,False
100,6,175,0.15471906960010529,False
100,6,180,0.1851893961429596,False
100,6,185,0.1317174732685089,False
100,6,190,0.26207631826400757,False
100,6,195,0.3419094681739807,False
100,6,200,0.3550838828086853,False
100,6,205,0.16950498521327972,False
100,6,210,0.10543419420719147,False
100,6,215,0.23314934968948364,False
100,6,220,0.09256871044635773,False
100,6,225,0.06790893524885178,False
100,6,230,0.02783080004155636,False
100,6,235,0.12331495434045792,False
100,6,240,0.03876323997974396,False
100,6,245,0.05501879006624222,False
100,6,250,0.08060749620199203,False
100,6,255,0.0814390778541565,False
100,6,260,0.16726669669151306,False
100,6,265,0.10854320228099823,False
100,6,270,0.12378458678722382,False
100,6,275,0.20311541855335236,False
100,6,280,0.10956133157014847,False
100,6,285,0.050312161445617676,False
100,6,290,0.034758713096380234,False
100,6,295,0.06359650939702988,False
100,6,300,0.7419174313545227,False
100,6,305,0.11374739557504654,False
100,6,310,0.08269482105970383,False
100,6,315,0.13026773929595947,False
100,6,320,0.10737361013889313,False
100,6,325,0.07658135890960693,False
100,6,330,0.07698614150285721,False
100,6,335,0.06040608137845993,False
100,6,340,0.28382280468940735,False
100,6,345,0.15398292243480682,False
100,6,350,0.122295081615448,False
100,6,355,1.0479263067245483,False
100,6,360,0.27062419056892395,False
100,6,365,0.1627272218465805,False
100,6,370,0.09499287605285645,False
100,6,375,0.19888374209403992,False
100,6,380,0.08701284974813461,False
100,6,385,0.11838488280773163,False
100,6,390,0.06705302000045776,False
100,6,395,0.1337340921163559,False
100,6,400,0.18732336163520813,False
100,6,405,0.31604430079460144,False
100,7,10,0.0493147149682045,False
100,7,15,0.11081359535455704,False
100,7,20,0.20697475969791412,False
100,7,25,0.10696118324995041,False
100,7,30,0.13827303051948547,False
100,7,35,0.13064616918563843,False
100,7,40,0.19852808117866516,False
100,7,45,0.12825705111026764,False
100,7,50,0.10112722218036652,False
100,7,55,0.31896474957466125,False
100,7,60,0.15460462868213654,False
100,7,65,0.12214786559343338,False
100,7,70,0.07774121314287186,False
100,7,75,0.15531113743782043,False
100,7,80,0.14555391669273376,False
100,7,85,0.08848448097705841,False
100,7,90,0.05914905667304993,False
100,7,95,0.26972970366477966,False
100,7,100,0.12629573047161102,False
100,7,105,0.11929940432310104,False
100,7,110,0.11587605625391006,False
100,7,115,0.12043048441410065,False
100,7,120,0.1507183462381363,False
100,7,125,0.15797539055347443,False
100,7,130,0.11370067298412323,False
100,7,135,0.055910624563694,False
100,7,140,0.04259800910949707,False
100,7,145,0.07302919030189514,False
100,7,150,0.14672133326530457,False
100,7,155,0.06231061741709709,False
100,7,160,0.1689048707485199,False
100,7,165,0.1593572199344635,False
100,7,170,0.1488758772611618,False
100,7,175,0.05810248479247093,False
100,7,180,0.0764182060956955,False
100,7,185,0.04135042801499367,False
100,7,190,0.08781912177801132,False
100,7,195,0.16850370168685913,False
100,7,200,0.14370213449001312,False
100,7,205,0.38995710015296936,False
100,7,210,0.14864777028560638,False
100,7,215,0.2823777496814728,False
100,7,220,0.20587225258350372,False
100,7,225,0.05085987225174904,False
100,7,230,0.06374513357877731,False
100,7,235,0.07956556230783463,False
100,7,240,0.043082818388938904,False
100,7,245,0.025420939549803734,False
100,7,250,0.052218176424503326,False
100,7,255,0.06534431129693985,False
100,7,260,0.09305230528116226,False
100,7,265,0.04871310293674469,False
100,7,270,0.08395073562860489,False
100,7,275,0.05389797315001488,False
100,7,280,0.08275569975376129,False
100,7,285,0.07433266937732697,False
100,7,290,0.07469649612903595,False
100,7,295,0.11873909085988998,False
100,7,300,0.04861415550112724,False
100,7,305,0.0979095995426178,False
100,7,310,0.38199862837791443,False
100,7,315,0.08761080354452133,False
100,7,320,0.11031273752450943,False
100,7,325,0.04277254641056061,False
100,7,330,0.11518015712499619,False
100,7,335,0.03354163095355034,False
100,7,340,0.4304150640964508,False
100,7,345,0.27675387263298035,False
100,7,350,0.10955969244241714,False
100,7,355,0.12321939319372177,False
100,7,360,0.5289875864982605,False
100,7,365,0.0781143456697464,False
100,7,370,0.13199380040168762,False
100,7,375,0.19588905572891235,False
100,7,380,0.08714915066957474,False
100,7,385,0.10877854377031326,False
100,7,390,0.18128250539302826,False
100,7,395,0.13134914636611938,False
100,7,400,0.08089756965637207,False
100,7,405,0.10263674706220627,False
100,8,10,0.157527893781662,True
100,8,15,0.1937737613916397,True
100,8,20,0.25911784172058105,True
100,8,25,0.3267819285392761,True
100,8,30,0.2593081593513489,True
100,8,35,0.11245948076248169,True
100,8,40,0.17018938064575195,True
100,8,45,0.38818249106407166,True
100,8,50,0.17273075878620148,True
100,8,55,0.21144922077655792,True
100,8,60,0.44089847803115845,True
100,8,65,0.46758005023002625,True
100,8,70,0.13081097602844238,True
100,8,75,0.09537164121866226,True
100,8,80,0.2113708108663559,True
100,8,85,0.14815524220466614,True
100,8,90,0.26303911209106445,True
100,8,95,0.29721352458000183,True
100,8,100,0.22606469690799713,True
100,8,105,0.38160642981529236,True
100,8,110,0.44567814469337463,True
100,8,115,0.34877389669418335,True
100,8,120,0.553744912147522,True
100,8,125,0.5541226863861084,True
100,8,130,0.47930875420570374,True
100,8,135,0.36834385991096497,True
100,8,140,0.523456871509552,True
100,8,145,0.3973550498485565,True
100,8,150,0.2695392072200775,True
100,8,155,0.4457724690437317,True
100,8,160,0.4427846372127533,True
100,8,165,0.06934437155723572,True
100,8,170,0.08600176125764847,True
100,8,175,0.3482237458229065,True
100,8,180,0.07903926819562912,True
100,8,185,0.11914519965648651,True
100,8,190,0.09102559089660645,True
100,8,195,0.06977872550487518,True
100,9,10,0.0552717000246048,False
100,9,15,0.07877860218286514,False
100,9,20,0.2064361870288849,False
100,9,25,0.06588144600391388,False
100,9,30,0.16380873322486877,False
100,9,35,0.2917560935020447,False
100,9,40,0.33589041233062744,False
100,9,45,0.11654139310121536,False
100,9,50,0.21868358552455902,False
100,9,55,0.4119241535663605,False
100,9,60,0.18162386119365692,False
100,9,65,0.15080931782722473,False
100,9,70,0.09955418109893799,False
100,9,75,0.07372745871543884,False
100,9,80,0.17426924407482147,False
100,9,85,0.15425518155097961,False
100,9,90,0.10569733381271362,False
100,9,95,0.257309228181839,False
100,9,100,0.1923147290945053,False
100,9,105,0.03833940997719765,False
100,9,110,0.13897337019443512,False
100,9,115,0.22651028633117676,False
100,9,120,0.1748242825269699,False
100,9,125,0.1612209528684616,False
100,9,130,0.0622326135635376,False
100,9,135,0.03457389399409294,False
100,9,140,0.14434416592121124,False
100,9,145,0.09582003951072693,False
100,9,150,0.20214280486106873,False
100,9,155,0.05599304661154747,False
100,9,160,0.04366707801818848,False
100,9,165,0.21337175369262695,False
100,9,170,0.2855246663093567,False
100,9,175,0.7624632716178894,False
100,9,180,0.14092326164245605,False
100,9,185,0.2010326385498047,False
100,9,190,0.18343479931354523,False
100,9,195,0.30829787254333496,False
100,9,200,0.23031306266784668,False
100,9,205,0.17810775339603424,False
100,9,210,0.10645193606615067,False
100,9,215,0.18993951380252838,False
100,9,220,0.07778351753950119,False
100,9,225,0.04572441056370735,False
100,9,230,0.07169152051210403,False
100,9,235,0.18382957577705383,False
100,9,240,0.11124862730503082,False
100,9,245,0.028172871097922325,False
100,9,250,0.07330213487148285,False
100,9,255,0.09950269013643265,False
100,9,260,0.15256495773792267,False
100,9,265,0.08513586223125458,False
100,9,270,0.19600294530391693,False
100,9,275,0.2323346585035324,False
100,9,280,0.12549100816249847,False
100,9,285,0.029989417642354965,False
100,9,290,0.05599834769964218,False
100,9,295,0.09260452538728714,False
100,9,300,0.12567751109600067,False
100,9,305,0.0559275783598423,False
100,9,310,0.045535702258348465,False
100,9,315,0.054900627583265305,False
100,9,320,0.0826149582862854,False
100,9,325,0.13720878958702087,False
100,9,330,0.043302182108163834,False
100,9,335,0.05012306571006775,False
100,9,340,0.049155157059431076,False
100,9,345,0.07655909657478333,False
100,9,350,0.09407312422990799,False
100,9,355,0.2639250159263611,False
100,9,360,0.06606683135032654,False
100,9,365,0.04856008663773537,False
100,9,370,0.055731482803821564,False
100,9,375,0.08486822247505188,False
100,9,380,0.04407382756471634,False
100,9,385,0.17094220221042633,False
100,9,390,0.1073761135339737,False
100,9,395,0.09740156680345535,False
100,9,400,0.12157201021909714,False
100,9,405,0.06450789421796799,False
100,10,10,0.0946216732263565,False
100,10,15,0.06322929263114929,False
100,10,20,0.1765451580286026,False
100,10,25,0.12701988220214844,False
100,10,30,0.06736212968826294,False
100,10,35,0.11666710674762726,False
100,10,40,0.16170869767665863,False
100,10,45,0.15369682013988495,False
100,10,50,0.3168180286884308,False
100,10,55,0.18526442348957062,False
100,10,60,0.220948725938797,False
100,10,65,0.19211061298847198,False
100,10,70,0.08367352187633514,False
100,10,75,0.0736321210861206,False
100,10,80,0.2782764136791229,False
100,10,85,0.2268010526895523,False
100,10,90,0.2796717882156372,False
100,10,95,0.29917994141578674,False
100,10,100,0.30860498547554016,False
100,10,105,0.23586827516555786,False
100,10,110,0.2639864683151245,False
100,10,115,0.41847261786460876,False
100,10,120,0.30417928099632263,False
100,10,125,0.2728421986103058,False
100,10,130,0.18737854063510895,False
100,10,135,0.16159313917160034,False
100,10,140,0.053286630660295486,False
100,10,145,0.06294634193181992,False
100,10,150,0.06767865270376205,False
100,10,155,0.18843834102153778,False
100,10,160,0.1946098506450653,False
100,10,165,0.1570255309343338,False
100,10,170,0.10535149276256561,False
100,10,175,0.2452065348625183,False
100,10,180,0.07957416772842407,False
100,10,185,0.09542854875326157,False
100,10,190,0.07478173077106476,False
100,10,195,0.12008928507566452,False
100,10,200,0.0828833281993866,False
100,10,205,0.09612742066383362,False
100,10,210,0.055258508771657944,False
100,10,215,0.02360403537750244,False
100,10,220,0.06805051863193512,False
100,10,225,0.08455368876457214,False
100,10,230,0.010580033995211124,False
100,10,235,0.03307836502790451,False
100,10,240,0.03554386645555496,False
100,10,245,0.08392418175935745,False
100,10,250,0.1380474865436554,False
100,10,255,0.07397115230560303,False
100,10,260,0.174410879611969,False
100,10,265,0.12940114736557007,False
100,10,270,0.15685786306858063,False
100,10,275,0.12558066844940186,False
100,10,280,0.09559040516614914,False
100,10,285,0.09034541249275208,False
100,10,290,0.2113168090581894,False
100,10,295,0.2518797516822815,False
100,10,300,0.13832126557826996,False
100,10,305,0.06795035302639008,False
100,10,310,0.07908777892589569,False
100,10,315,0.03940010443329811,False
100,10,320,0.06057623401284218,False
100,10,325,0.09399011731147766,False
100,10,330,0.08659311383962631,False
100,10,335,0.06280652433633804,False
100,10,340,0.1526053547859192,False
100,10,345,0.13704955577850342,False
100,10,350,0.11826318502426147,False
100,10,355,0.24179962277412415,False
100,10,360,0.23679333925247192,False
100,10,365,0.2664940655231476,False
100,10,370,0.20992454886436462,False
100,10,375,0.34683555364608765,False
100,10,380,0.3275993764400482,False
100,10,385,0.37089040875434875,False
100,10,390,0.20802637934684753,False
100,10,395,0.20880407094955444,False
100,10,400,0.27238553762435913,False
100,10,405,0.3177553713321686,False
100,11,10,0.09705501794815063,False
100,11,15,0.2764540910720825,False
100,11,20,0.3251265287399292,False
100,11,25,0.19526928663253784,False
100,11,30,0.20579390227794647,False
100,11,35,0.08924146741628647,False
100,11,40,0.03250470757484436,False
100,11,45,0.18658588826656342,False
100,11,50,1.7467354536056519,False
100,11,55,1.3730875253677368,False
100,11,60,0.10457294434309006,False
100,11,65,0.29075103998184204,False
100,11,70,0.17767742276191711,False
100,11,75,0.13359525799751282,False
100,11,80,0.11752773821353912,False
100,11,85,0.46610069274902344,False
100,11,90,0.17918062210083008,False
100,11,95,0.12385855615139008,False
100,11,100,0.3499804437160492,False
100,11,105,0.1661618947982788,False
100,11,110,0.20833134651184082,False
100,11,115,0.27444562315940857,False
100,11,120,0.2512475848197937,False
100,11,125,0.18228518962860107,False
100,11,130,0.19622616469860077,False
100,11,135,0.09425364434719086,False
100,11,140,0.06249291077256203,False
100,11,145,0.14011280238628387,False
100,11,150,0.12595278024673462,False
100,11,155,0.07549913972616196,False
100,11,160,0.06155025213956833,False
100,11,165,0.07039203494787216,False
100,11,170,0.11875463277101517,False
100,11,175,0.707670271396637,False
100,11,180,0.28833112120628357,False
100,11,185,0.29364416003227234,False
100,11,190,0.1187376156449318,False
100,11,195,0.21886831521987915,False
100,11,200,0.08053511381149292,False
100,11,205,0.21455936133861542,False
100,11,210,0.11371039599180222,False
100,11,215,0.07907338440418243,False
100,11,220,0.11457264423370361,False
100,11,225,0.14872294664382935,False
100,11,230,0.08484794199466705,False
100,11,235,0.07070446759462357,False
100,11,240,0.15819674730300903,False
100,11,245,0.11972285062074661,False
100,11,250,0.0595894530415535,False
100,11,255,0.07471411675214767,False
100,11,260,0.058235153555870056,False
100,11,265,0.05904121324419975,False
100,11,270,0.06601643562316895,False
100,11,275,0.03913738206028938,False
100,11,280,0.0765557810664177,False
100,11,285,0.10656227916479111,False
100,11,290,0.08141135424375534,False
100,11,295,0.05309481918811798,False
100,11,300,0.05024489015340805,False
100,11,305,0.04731409251689911,False
100,11,310,0.05037727206945419,False
100,11,315,0.09940153360366821,False
100,11,320,0.08629924058914185,False
100,11,325,0.14522908627986908,False
100,11,330,0.20825903117656708,False
100,11,335,0.11897200345993042,False
100,11,340,0.11821623891592026,False
100,11,345,0.2057999223470688,False
100,11,350,0.0910814106464386,False
100,11,355,0.08267810195684433,False
100,11,360,0.07319243997335434,False
100,11,365,0.05548801273107529,False
100,11,370,0.04301115870475769,False
100,11,375,0.03020104207098484,False
100,11,380,0.10449354350566864,False
100,11,385,0.036660417914390564,False
100,11,390,0.04249170422554016,False
100,11,395,0.09410485625267029,False
100,11,400,0.05304881930351257,False
100,11,405,0.07487782090902328,False
100,12,10,0.14579883217811584,False
100,12,15,0.11049667000770569,False
100,12,20,0.18197578191757202,False
100,12,25,0.11882518976926804,False
100,12,30,0.15653248131275177,False
100,12,35,0.27208492159843445,False
100,12,40,0.463125079870224,False
100,12,45,0.3382395803928375,False
100,12,50,0.35813161730766296,False
100,12,55,0.21424667537212372,False
100,12,60,0.2522071301937103,False
100,12,65,0.26837486028671265,False
100,12,70,0.11590748280286789,False
100,12,75,0.11305572837591171,False
100,12,80,0.23506639897823334,False
100,12,85,0.21264159679412842,False
100,12,90,0.3917534649372101,False
100,12,95,0.42727982997894287,False
100,12,100,0.2419792115688324,False
100,12,105,0.09913798421621323,False
100,12,110,0.18631069362163544,False
100,12,115,0.3191259801387787,False
100,12,120,0.2987312376499176,False
100,12,125,0.3315708041191101,False
100,12,130,0.32737717032432556,False
100,12,135,0.4329361021518707,False
100,12,140,0.16653133928775787,False
100,12,145,0.06958478689193726,False
100,12,150,0.18572399020195007,False
100,12,155,0.10806500911712646,False
100,12,160,0.06184440478682518,False
100,12,165,0.1995614767074585,False
100,12,170,0.19218619167804718,False
100,12,175,0.1344815194606781,False
100,12,180,0.12200863659381866,False
100,12,185,0.1537276655435562,False
100,12,190,0.14395694434642792,False
100,12,195,0.1953762173652649,False
100,12,200,0.22202208638191223,False
100,12,205,0.42909955978393555,False
100,12,210,0.2392473667860031,False
100,12,215,0.31800565123558044,False
100,12,220,0.120530866086483,False
100,12,225,0.090359166264534,False
100,12,230,0.045451629906892776,False
100,12,235,0.07746950536966324,False
100,12,240,0.06223880127072334,False
100,12,245,0.05359770357608795,False
100,12,250,0.12336448580026627,False
100,12,255,0.12342385947704315,False
100,12,260,0.22086699306964874,False
100,12,265,0.29853200912475586,False
100,12,270,0.16926009953022003,False
100,12,275,0.22553077340126038,False
100,12,280,0.12497492134571075,False
100,12,285,0.05566012114286423,False
100,12,290,0.09417447447776794,False
100,12,295,0.13243769109249115,False
100,12,300,0.1366797387599945,False
100,12,305,0.13538816571235657,False
100,12,310,0.06555335968732834,False
100,12,315,0.05773022770881653,False
100,12,320,0.11184327304363251,False
100,12,325,0.18393847346305847,False
100,12,330,0.059160854667425156,False
100,12,335,0.23306351900100708,False
100,12,340,0.11710397899150848,False
100,12,345,0.12375913560390472,False
100,12,350,0.15265443921089172,False
100,12,355,0.2305161952972412,False
100,12,360,0.07216706871986389,False
100,12,365,0.17366620898246765,False
100,12,370,0.18647050857543945,False
100,12,375,0.20275188982486725,False
100,12,380,0.19659382104873657,False
100,12,385,0.14963562786579132,False
100,12,390,0.13242796063423157,False
100,12,395,0.06069561839103699,False
100,12,400,0.06576444953680038,False
100,12,405,0.20393997430801392,False
100,13,10,0.0762958824634552,False
100,13,15,0.15737073123455048,False
100,13,20,0.1827034205198288,False
100,13,25,0.1859845370054245,False
100,13,30,0.2788606286048889,False
100,13,35,0.3301430344581604,False
100,13,40,0.1615791767835617,False
100,13,45,0.195242241024971,False
100,13,50,0.20052337646484375,False
100,13,55,0.29930582642555237,False
100,13,60,0.36966630816459656,False
100,13,65,0.3963392972946167,False
100,13,70,0.4028276801109314,False
100,13,75,0.3320634961128235,False
100,13,80,0.33532246947288513,False
100,13,85,0.36958929896354675,False
100,13,90,0.33924445509910583,False
100,13,95,0.20563942193984985,False
100,13,100,0.0393906906247139,False
100,13,105,0.07888225466012955,False
100,13,110,0.12062642723321915,False
100,13,115,0.08031020313501358,False
100,13,120,0.09057080745697021,False
100,13,125,0.21174485981464386,False
100,13,130,0.09620113670825958,False
100,13,135,0.10768472403287888,False
100,13,140,0.1722283661365509,False
100,13,145,0.055470239371061325,False
100,13,150,0.08180569112300873,False
100,13,155,0.04708553105592728,False
100,13,160,0.0569692887365818,False
100,13,165,0.03662317618727684,False
100,13,170,0.03072083182632923,False
100,13,175,0.036167681217193604,False
100,13,180,0.02852603979408741,False
100,13,185,0.02743421494960785,False
100,13,190,0.011592206545174122,False
100,13,195,0.12576152384281158,False
100,13,200,0.06524332612752914,False
100,13,205,0.04750731959939003,False
100,13,210,0.03759223595261574,False
100,13,215,0.1916612684726715,False
100,13,220,0.09418779611587524,False
100,13,225,0.18913453817367554,False
100,13,230,0.06926100701093674,False
100,13,235,0.062043558806180954,False
100,13,240,0.07004936039447784,False
100,13,245,0.04454342648386955,False
100,13,250,0.08689063042402267,False
100,13,255,0.090577132999897,False
100,13,260,0.11286044120788574,False
100,13,265,0.06901013851165771,False
100,13,270,0.04337962344288826,False
100,13,275,0.04770376905798912,False
100,13,280,0.8679207563400269,False
100,13,285,0.08895084261894226,False
100,13,290,0.12682844698429108,False
100,13,295,0.03518127277493477,False
100,13,300,0.08163736760616302,False
100,13,305,0.09626901894807816,False
100,13,310,0.2573189437389374,False
100,13,315,0.05898473411798477,False
100,13,320,0.12525391578674316,False
100,13,325,0.11959070712327957,False
100,13,330,0.13542833924293518,False
100,13,335,0.044727083295583725,False
100,13,340,0.046150870621204376,False
100,13,345,0.08855173736810684,False
100,13,350,0.12822401523590088,False
100,13,355,0.0943513885140419,False
100,13,360,0.0792771726846695,False
100,13,365,0.1410345882177353,False
100,13,370,0.08582721650600433,False
100,13,375,0.1429968625307083,False
100,13,380,0.08883249014616013,False
100,13,385,0.1112498790025711,False
100,13,390,0.09645332396030426,False
100,13,395,0.11456556618213654,False
100,13,400,0.20924977958202362,False
100,13,405,0.26640546321868896,False
100,14,10,0.06650181859731674,False
100,14,15,0.376252681016922,False
100,14,20,0.5099858045578003,False
100,14,25,0.43067458271980286,False
100,14,30,0.37555891275405884,False
100,14,35,0.3265083134174347,False
100,14,40,0.04972649738192558,False
100,14,45,1.5353691577911377,False
100,14,50,0.8124931454658508,False
100,14,55,0.12014637142419815,False
100,14,60,0.11602586507797241,False
100,14,65,0.0656573697924614,False
100,14,70,0.10636541247367859,False
100,14,75,0.08113128691911697,False
100,14,80,0.08503533899784088,False
100,14,85,1.509908676147461,False
100,14,90,0.08353671431541443,False
100,14,95,0.0750732570886612,False
100,14,100,0.07601462304592133,False
100,14,105,0.0394737534224987,False
100,14,110,0.07553543150424957,False
100,14,115,0.09468579292297363,False
100,14,120,0.14234472811222076,False
100,14,125,0.07295393198728561,False
100,14,130,0.1334231197834015,False
100,14,135,0.0967007726430893,False
100,14,140,0.07714629918336868,False
100,14,145,0.03184354677796364,False
100,14,150,0.032408706843853,False
100,14,155,0.09848419576883316,False
100,14,160,0.08173607289791107,False
100,14,165,0.12082017958164215,False
100,14,170,0.09266387671232224,False
100,14,175,0.06786597520112991,False
100,14,180,0.17988815903663635,False
100,14,185,0.10086516290903091,False
100,14,190,0.034654345363378525,False
100,14,195,0.3322239816188812,False
100,14,200,0.06246833875775337,False
100,14,205,0.032567594200372696,False
100,14,210,0.12623907625675201,False
100,14,215,0.04219576716423035,False
100,14,220,0.14184369146823883,False
100,14,225,0.224171444773674,False
100,14,230,0.05668541416525841,False
100,14,235,0.16425111889839172,False
100,14,240,0.11696626245975494,False
100,14,245,0.17984779179096222,False
100,14,250,0.1982886791229248,False
100,14,255,0.44455984234809875,False
100,14,260,0.15798816084861755,False
100,14,265,0.1356932371854782,False
100,14,270,0.14426782727241516,False
100,14,275,0.1078629195690155,False
100,14,280,0.16879527270793915,False
100,14,285,0.1954909712076187,False
100,14,290,0.15606731176376343,False
100,14,295,0.2662898302078247,False
100,14,300,0.2355542778968811,False
100,14,305,0.2416141927242279,False
100,14,310,0.14778713881969452,False
100,14,315,0.2769531011581421,False
100,14,320,0.2977347671985626,False
100,14,325,0.49023526906967163,False
100,14,330,0.29650336503982544,False
100,14,335,0.2923942804336548,False
100,14,340,0.34734538197517395,False
100,14,345,0.2318870723247528,False
100,14,350,0.13696837425231934,False
100,14,355,0.260486364364624,False
100,14,360,0.2107362449169159,False
100,14,365,0.2042834609746933,False
100,14,370,0.1935882717370987,False
100,14,375,0.1426650583744049,False
100,14,380,0.15517769753932953,False
100,14,385,0.1021825522184372,False
100,14,390,0.12955617904663086,False
100,14,395,0.07219909876585007,False
100,14,400,0.24504829943180084,False
100,14,405,0.09355397522449493,False
100,15,10,0.11158664524555206,False
100,15,15,0.05720314756035805,False
100,15,20,0.17636451125144958,False
100,15,25,0.0752723217010498,False
100,15,30,0.08446481823921204,False
100,15,35,0.1089772954583168,False
100,15,40,0.0927828848361969,False
100,15,45,0.07410376518964767,False
100,15,50,0.18445289134979248,False
100,15,55,0.30558714270591736,False
100,15,60,0.14780034124851227,False
100,15,65,0.04177447035908699,False
100,15,70,0.11554784327745438,False
100,15,75,0.1550888568162918,False
100,15,80,0.1687014400959015,False
100,15,85,0.13514597713947296,False
100,15,90,0.2583969235420227,False
100,15,95,0.15763434767723083,False
100,15,100,0.3089219331741333,False
100,15,105,0.3180074393749237,False
100,15,110,0.494651198387146,False
100,15,115,0.5803111791610718,False
100,15,120,0.42114660143852234,False
100,15,125,0.40978720784187317,False
100,15,130,0.3676917552947998,False
100,15,135,0.12991724908351898,False
100,15,140,0.5402149558067322,False
100,15,145,0.18413372337818146,False
100,15,150,0.05377846583724022,False
100,15,155,0.1304398477077484,False
100,15,160,0.09184158593416214,False
100,15,165,0.07269379496574402,False
100,15,170,0.09120562672615051,False
100,15,175,0.18585163354873657,False
100,15,180,0.38677966594696045,False
100,15,185,0.23455339670181274,False
100,15,190,0.17360028624534607,False
100,15,195,0.1757872998714447,False
100,15,200,0.0912146046757698,False
100,15,205,0.0545848123729229,False
100,15,210,0.11746335029602051,False
100,15,215,0.10338211804628372,False
100,15,220,0.11431477963924408,False
100,15,225,0.07153905183076859,False
100,15,230,0.10400965064764023,False
100,15,235,0.07782122492790222,False
100,15,240,0.1824256032705307,False
100,15,245,0.1724339723587036,False
100,15,250,0.18400484323501587,False
100,15,255,0.44910696148872375,False
100,15,260,0.1781577318906784,False
100,15,265,0.09400710463523865,False
100,15,270,0.31534600257873535,False
100,15,275,0.21923178434371948,False
100,15,280,0.0721251368522644,False
100,15,285,0.1327980011701584,False
100,15,290,0.14331451058387756,False
100,15,295,0.18516913056373596,False
100,15,300,0.1546792834997177,False
100,15,305,0.09475936740636826,False
100,15,310,0.10696407407522202,False
100,15,315,0.05951168015599251,False
100,15,320,0.24093368649482727,False
100,15,325,0.10207851231098175,False
100,15,330,0.14473405480384827,False
100,15,335,0.06630321592092514,False
100,15,340,0.07639676332473755,False
100,15,345,0.2412031590938568,False
100,15,350,0.10327596217393875,False
100,15,355,0.07588604092597961,False
100,15,360,0.12216443568468094,False
100,15,365,0.06952650845050812,False
100,15,370,0.04999707639217377,False
100,15,375,0.13757599890232086,False
100,15,380,0.07731256633996964,False
100,15,385,0.08652985841035843,False
100,15,390,0.11483480036258698,False
100,15,395,0.028388410806655884,False
100,15,400,0.0764261856675148,False
100,15,405,0.12462974339723587,False
100,16,10,0.0381554439663887,False
100,16,15,0.07307461649179459,False
100,16,20,0.16167062520980835,False
100,16,25,0.08970557153224945,False
100,16,30,0.11247270554304123,False
100,16,35,0.16237258911132812,False
100,16,40,0.13543426990509033,False
100,16,45,0.16414093971252441,False
100,16,50,0.13698090612888336,False
100,16,55,0.1700935661792755,False
100,16,60,0.14624710381031036,False
100,16,65,0.07304560393095016,False
100,16,70,0.20605643093585968,False
100,16,75,0.2441529929637909,False
100,16,80,0.18227240443229675,False
100,16,85,0.14891351759433746,False
100,16,90,0.2014259696006775,False
100,16,95,0.20948359370231628,False
100,16,100,0.41634634137153625,False
100,16,105,0.3343927562236786,False
100,16,110,0.467587411403656,False
100,16,115,0.3421921730041504,False
100,16,120,0.20783762633800507,False
100,16,125,0.3382827639579773,False
100,16,130,0.46202313899993896,False
100,16,135,0.3684496283531189,False
100,16,140,0.5524011254310608,False
100,16,145,0.2141040563583374,False
100,16,150,0.21393892168998718,False
100,16,155,0.23480720818042755,False
100,16,160,0.09333079308271408,False
100,16,165,0.08606381714344025,False
100,16,170,1.216585397720337,False
100,16,175,0.0721774697303772,False
100,16,180,0.17412938177585602,False
100,16,185,0.9503223896026611,False
100,16,190,0.08357972651720047,False
100,16,195,0.11640162765979767,False
100,16,200,0.9257738590240479,False
100,16,205,0.12144873291254044,False
100,16,210,0.10169334709644318,False
100,16,215,0.7778202891349792,False
100,16,220,0.06755787879228592,False
100,16,225,0.07131122797727585,False
100,16,230,0.0940498560667038,False
100,16,235,0.10333865880966187,False
100,16,240,0.46421656012535095,False
100,16,245,0.698920726776123,False
100,16,250,0.771701455116272,False
100,16,255,0.09947942942380905,False
100,16,260,0.6205248832702637,False
100,16,265,0.96037358045578,False
100,16,270,1.0794413089752197,False
100,16,275,0.21112757921218872,False
100,16,280,0.09999044984579086,False
100,16,285,0.492266982793808,False
100,16,290,0.11732839792966843,False
100,16,295,0.1166989877820015,False
100,16,300,0.5417324304580688,False
100,16,305,0.11063642799854279,False
100,16,310,0.0935468003153801,False
100,16,315,0.071556456387043,False
100,16,320,0.12593239545822144,False
100,16,325,0.10512354224920273,False
100,16,330,0.07788562774658203,False
100,16,335,0.029535509645938873,False
100,16,340,0.06297310441732407,False
100,16,345,0.10558566451072693,False
100,16,350,0.34284210205078125,False
100,16,355,0.2826472818851471,False
100,16,360,0.060709498822689056,False
100,16,365,0.20756946504116058,False
100,16,370,0.16115760803222656,False
100,16,375,0.11254236102104187,False
100,16,380,0.3882811963558197,False
100,16,385,0.2059028446674347,False
100,16,390,0.19760026037693024,False
100,16,395,0.265007346868515,False
100,16,400,0.16975165903568268,False
100,16,405,0.09709274768829346,False
100,17,10,0.16560930013656616,False
100,17,15,0.17731620371341705,False
100,17,20,0.26105859875679016,False
100,17,25,0.24035732448101044,False
100,17,30,0.23921674489974976,False
100,17,35,0.09905492514371872,False
100,17,40,0.07482866942882538,False
100,17,45,0.10533285140991211,False
100,17,50,0.12968869507312775,False
100,17,55,0.11082714796066284,False
100,17,60,0.12007389217615128,False
100,17,65,0.045057278126478195,False
100,17,70,0.21725459396839142,False
100,17,75,0.17406722903251648,False
100,17,80,0.049522802233695984,False
100,17,85,0.09671133756637573,False
100,17,90,0.20218902826309204,False
100,17,95,0.060004010796546936,False
100,17,100,0.055466894060373306,False
100,17,105,0.09195828437805176,False
100,17,110,0.06152810901403427,False
100,17,115,0.08726294338703156,False
100,17,120,0.056959424167871475,False
100,17,125,0.18311583995819092,False
100,17,130,0.24589532613754272,False
100,17,135,0.2619626820087433,False
100,17,140,0.09745488315820694,False
100,17,145,0.05124736204743385,False
100,17,150,0.07677371799945831,False
100,17,155,0.1555769294500351,False
100,17,160,0.0796230286359787,False
100,17,165,0.10165711492300034,False
100,17,170,0.07478038966655731,False
100,17,175,0.0776335671544075,False
100,17,180,0.08048415184020996,False
100,17,185,0.13041512668132782,False
100,17,190,0.05756109952926636,False
100,17,195,0.3034820556640625,False
100,17,200,0.1495419144630432,False
100,17,205,0.08435884118080139,False
100,17,210,0.14485228061676025,False
100,17,215,0.07818248122930527,False
100,17,220,0.09926822781562805,False
100,17,225,0.1399095356464386,False
100,17,230,0.12481872737407684,False
100,17,235,0.12973888218402863,False
100,17,240,0.13563308119773865,False
100,17,245,0.10792167484760284,False
100,17,250,0.1238391250371933,False
100,17,255,0.08194790035486221,False
100,17,260,0.05487314611673355,False
100,17,265,0.07639128714799881,False
100,17,270,0.0584101602435112,False
100,17,275,0.10614409297704697,False
100,17,280,0.050647322088479996,False
100,17,285,0.10398681461811066,False
100,17,290,0.1753140538930893,False
100,17,295,0.09431353956460953,False
100,17,300,0.05834678187966347,False
100,17,305,0.0219603069126606,False
100,17,310,0.051215916872024536,False
100,17,315,0.04812195897102356,False
100,17,320,0.08314231038093567,False
100,17,325,0.13382168114185333,False
100,17,330,0.1493370085954666,False
100,17,335,0.11438646167516708,False
100,17,340,0.13831354677677155,False
100,17,345,0.1765359342098236,False
100,17,350,0.08677195757627487,False
100,17,355,0.10933005064725876,False
100,17,360,0.07876042276620865,False
100,17,365,0.14040911197662354,False
100,17,370,0.12558625638484955,False
100,17,375,0.023802559822797775,False
100,17,380,0.07899530231952667,False
100,17,385,0.050456833094358444,False
100,17,390,0.05987453833222389,False
100,17,395,0.09202900528907776,False
100,17,400,0.10173749178647995,False
100,17,405,0.15095721185207367,False
100,18,10,0.07396984100341797,False
100,18,15,0.08645349740982056,False
100,18,20,0.18908679485321045,False
100,18,25,0.06896462291479111,False
100,18,30,0.15190330147743225,False
100,18,35,0.17447583377361298,False
100,18,40,0.3405957818031311,False
100,18,45,0.3438747525215149,False
100,18,50,0.2825157940387726,False
100,18,55,0.29772767424583435,False
100,18,60,0.10004778951406479,False
100,18,65,0.15562856197357178,False
100,18,70,0.07369150221347809,False
100,18,75,0.15513047575950623,False
100,18,80,0.24841687083244324,False
100,18,85,0.227861687541008,False
100,18,90,0.2975749671459198,False
100,18,95,0.2561691403388977,False
100,18,100,0.1186852902173996,False
100,18,105,0.05875971540808678,False
100,18,110,0.19945117831230164,False
100,18,115,0.2394060492515564,False
100,18,120,0.1734338402748108,False
100,18,125,0.18906812369823456,False
100,18,130,0.23552745580673218,False
100,18,135,0.1529100090265274,False
100,18,140,0.4960794150829315,False
100,18,145,0.23654942214488983,False
100,18,150,0.3730534613132477,False
100,18,155,0.3510878384113312,False
100,18,160,0.29582902789115906,False
100,18,165,0.3979742228984833,False
100,18,170,0.3659047782421112,False
100,18,175,0.37225764989852905,False
100,18,180,0.35948944091796875,False
100,18,185,0.44988980889320374,False
100,18,190,0.3845442235469818,False
100,18,195,0.5408473610877991,False
100,18,200,0.074171282351017,False
100,18,205,0.29334500432014465,False
100,18,210,0.41523870825767517,False
100,18,215,0.39472439885139465,False
100,18,220,0.2840596139431,False
100,18,225,0.3719780743122101,False
100,18,230,0.5035436153411865,False
100,18,235,0.46867072582244873,False
100,18,240,0.42868462204933167,False
100,18,245,0.39888206124305725,False
100,18,250,0.10338980704545975,False
100,18,255,0.5786257982254028,False
100,18,260,0.14614301919937134,False
100,18,265,0.3539043366909027,False
100,18,270,0.4413769245147705,False
100,18,275,0.4907277822494507,False
100,18,280,0.5543860197067261,False
100,18,285,0.3404668867588043,False
100,18,290,0.43634867668151855,False
100,18,295,0.18320821225643158,False
100,18,300,0.2132410705089569,False
100,18,305,0.13995859026908875,False
100,18,310,0.3549393117427826,False
100,18,315,0.3839420676231384,False
100,18,320,0.32657456398010254,False
100,18,325,0.33607685565948486,False
100,18,330,0.5722014904022217,False
100,18,335,0.46569687128067017,False
100,18,340,0.26243579387664795,False
100,18,345,0.33352476358413696,False
100,18,350,0.16632428765296936,False
100,18,355,0.21269001066684723,False
100,18,360,0.13160450756549835,False
100,18,365,0.26529964804649353,False
100,18,370,0.15273496508598328,False
100,18,375,0.17044991254806519,False
100,18,380,0.17079150676727295,False
100,18,385,0.17606723308563232,False
100,18,390,0.07962679117918015,False
100,18,395,0.30451491475105286,False
100,18,400,0.15949487686157227,False
100,18,405,0.304007351398468,False
100,19,10,0.06422928720712662,False
100,19,15,0.169969379901886,False
100,19,20,0.1554543823003769,False
100,19,25,0.36320579051971436,False
100,19,30,0.34487661719322205,False
100,19,35,0.24518948793411255,False
100,19,40,0.064725361764431,False
100,19,45,0.07181976735591888,False
100,19,50,0.1380346566438675,False
100,19,55,0.04221312329173088,False
100,19,60,0.12259741872549057,False
100,19,65,0.06959562003612518,False
100,19,70,0.18679194152355194,False
100,19,75,0.2889747619628906,False
100,19,80,0.7625302076339722,False
100,19,85,0.1654336154460907,False
100,19,90,1.0956237316131592,False
100,19,95,1.7626088857650757,False
100,19,100,0.20510433614253998,False
100,19,105,0.1955571174621582,False
100,19,110,0.3427664339542389,False
100,19,115,0.23486612737178802,False
100,19,120,0.11982344835996628,False
100,19,125,1.6430846452713013,False
100,19,130,0.3591013252735138,False
100,19,135,1.499326467514038,False
100,19,140,0.422097384929657,False
100,19,145,0.06830599904060364,False
100,19,150,0.2014053612947464,False
100,19,155,0.39604660868644714,False
100,19,160,0.28748616576194763,False
100,19,165,0.16488805413246155,False
100,19,170,0.21260333061218262,False
100,19,175,1.4368685483932495,False
100,19,180,0.11765921860933304,False
100,19,185,0.11239571869373322,False
100,19,190,0.36750444769859314,False
100,19,195,0.1697981208562851,False
100,19,200,0.2580603063106537,False
100,19,205,0.18044526875019073,False
100,19,210,0.3250199854373932,False
100,19,215,0.3011971414089203,False
100,19,220,0.28029799461364746,False
100,19,225,0.05238797888159752,False
100,19,230,0.18409885466098785,False
100,19,235,0.04808861389756203,False
100,19,240,0.08998215943574905,False
100,19,245,0.10119657963514328,False
100,19,250,0.08332867175340652,False
100,19,255,0.11983760446310043,False
100,19,260,0.13272669911384583,False
100,19,265,0.18647345900535583,False
100,19,270,0.15511053800582886,False
100,19,275,0.12912464141845703,False
100,19,280,0.3786819577217102,False
100,19,285,0.057393159717321396,False
100,19,290,0.16450117528438568,False
100,19,295,0.32994043827056885,False
100,19,300,0.05844936519861221,False
100,19,305,0.05833227187395096,False
100,19,310,0.10610050708055496,False
100,19,315,0.07202041149139404,False
100,19,320,0.14154024422168732,False
100,19,325,0.11307337135076523,False
100,19,330,0.037876930087804794,False
100,19,335,0.05628155171871185,False
100,19,340,0.11989559233188629,False
100,19,345,0.12444652616977692,False
100,19,350,0.0957694798707962,False
100,19,355,0.12126779556274414,False
100,19,360,0.16938307881355286,False
100,19,365,0.12050577998161316,False
100,19,370,0.04854389280080795,False
100,19,375,0.0663210079073906,False
100,19,380,0.07015492767095566,False
100,19,385,0.07543165236711502,False
100,19,390,0.03777320310473442,False
100,19,395,0.01856829784810543,False
100,19,400,0.07420390844345093,False
100,19,405,0.21119776368141174,False
100,20,10,0.03314802795648575,False
100,20,15,0.07631110399961472,False
100,20,20,0.2092273086309433,False
100,20,25,0.10770560801029205,False
100,20,30,0.07362157851457596,False
100,20,35,0.18282394111156464,False
100,20,40,0.4809308350086212,False
100,20,45,0.06543579697608948,False
100,20,50,0.1513487845659256,False
100,20,55,0.5392006039619446,False
100,20,60,0.15766815841197968,False
100,20,65,0.056600041687488556,False
100,20,70,0.16039332747459412,False
100,20,75,0.08589611202478409,False
100,20,80,0.11537773162126541,False
100,20,85,0.1331557035446167,False
100,20,90,0.12487156689167023,False
100,20,95,0.26040714979171753,False
100,20,100,0.14019986987113953,False
100,20,105,0.13349249958992004,False
100,20,110,0.10389973968267441,False
100,20,115,0.2678719162940979,False
100,20,120,0.22353988885879517,False
100,20,125,0.1059027761220932,False
100,20,130,0.11059809476137161,False
100,20,135,0.07895021140575409,False
100,20,140,0.0736439973115921,False
100,20,145,0.09067905694246292,False
100,20,150,0.15759260952472687,False
100,20,155,0.08929110318422318,False
100,20,160,0.2967289090156555,False
100,20,165,0.09325079619884491,False
100,20,170,0.2250826507806778,False
100,20,175,0.050193902105093,False
100,20,180,0.037478379905223846,False
100,20,185,0.030207257717847824,False
100,20,190,0.06455074995756149,False
100,20,195,0.03702155873179436,False
100,20,200,0.15697263181209564,False
100,20,205,0.09005662053823471,False
100,20,210,0.09651778638362885,False
100,20,215,0.030000746250152588,False
100,20,220,0.1633811891078949,False
100,20,225,0.3360837697982788,False
100,20,230,0.0175793394446373,False
100,20,235,0.0229051411151886,False
100,20,240,0.047497157007455826,False
100,20,245,0.05781593173742294,False
100,20,250,0.04174793139100075,False
100,20,255,0.17976927757263184,False
100,20,260,0.23117028176784515,False
100,20,265,0.24331524968147278,False
100,20,270,0.08178811520338058,False
100,20,275,0.07956624031066895,False
100,20,280,0.8696293234825134,False
100,20,285,0.10133252292871475,False
100,20,290,0.06462665647268295,False
100,20,295,0.04086799547076225,False
100,20,300,0.10791800171136856,False
100,20,305,0.04090510308742523,False
100,20,310,0.051359303295612335,False
100,20,315,0.09224148839712143,False
100,20,320,0.23441076278686523,False
100,20,325,0.2918822169303894,False
100,20,330,0.5273632407188416,False
100,20,335,0.2599308490753174,False
100,20,340,0.2013067752122879,False
100,20,345,0.3196258544921875,False
100,20,350,0.21362918615341187,False
100,20,355,0.15218552947044373,False
100,20,360,0.13872550427913666,False
100,20,365,0.07469987869262695,False
100,20,370,0.04404062032699585,False
100,20,375,0.05579017475247383,False
100,20,380,0.083968885242939,False
100,20,385,0.1373405009508133,False
100,20,390,0.17733074724674225,False
100,20,395,0.16384446620941162,False
100,20,400,0.09606043994426727,False
100,20,405,0.03909847140312195,False
100,21,10,0.03847915306687355,False
100,21,15,0.1457352489233017,False
100,21,20,0.19994749128818512,False
100,21,25,0.2654566466808319,False
100,21,30,0.3302071690559387,False
100,21,35,0.2596461772918701,False
100,21,40,0.12319085001945496,False
100,21,45,0.12560509145259857,False
100,21,50,0.3022956848144531,False
100,21,55,0.106300950050354,False
100,21,60,0.30438727140426636,False
100,21,65,0.259976863861084,False
100,21,70,0.16915766894817352,False
100,21,75,0.1624564826488495,False
100,21,80,0.07817921042442322,False
100,21,85,0.21359692513942719,False
100,21,90,0.2531290650367737,False
100,21,95,0.10896933078765869,False
100,21,100,0.2237134575843811,False
100,21,105,0.3163144588470459,False
100,21,110,0.3884402811527252,False
100,21,115,0.28218457102775574,False
100,21,120,0.10819532722234726,False
100,21,125,0.12374851107597351,False
100,21,130,0.042618799954652786,False
100,21,135,0.1285826563835144,False
100,21,140,0.15659330785274506,False
100,21,145,0.173580601811409,False
100,21,150,0.2311878502368927,False
100,21,155,0.2414298802614212,False
100,21,160,0.02794441394507885,False
100,21,165,0.061781179159879684,False
100,21,170,0.07092785835266113,False
100,21,175,0.09525016695261002,False
100,21,180,0.07838279753923416,False
100,21,185,0.07386700063943863,False
100,21,190,0.10151194781064987,False
100,21,195,0.11844491213560104,False
100,21,200,0.07682514190673828,False
100,21,205,0.1312871128320694,False
100,21,210,0.05683789402246475,False
100,21,215,0.14975711703300476,False
100,21,220,0.09014391899108887,False
100,21,225,0.0649726390838623,False
100,21,230,0.4039996266365051,False
100,21,235,0.01149625051766634,False
100,21,240,0.01836228184401989,False
100,21,245,0.10167138278484344,False
100,21,250,0.06969665735960007,False
100,21,255,0.032194677740335464,False
100,21,260,0.15347254276275635,False
100,21,265,0.03446507453918457,False
100,21,270,0.05090434104204178,False
100,21,275,0.07580187171697617,False
100,21,280,0.02537682093679905,False
100,21,285,0.047527976334095,False
100,21,290,0.11783616244792938,False
100,21,295,0.15550711750984192,False
100,21,300,0.12404320389032364,False
100,21,305,0.0725848376750946,False
100,21,310,0.2422674596309662,False
100,21,315,0.35361266136169434,False
100,21,320,0.2878183126449585,False
100,21,325,0.4340105950832367,False
100,21,330,0.4453828036785126,False
100,21,335,0.3457168638706207,False
100,21,340,0.31468522548675537,False
100,21,345,0.39627376198768616,False
100,21,350,0.23827695846557617,False
100,21,355,0.29933711886405945,False
100,21,360,0.3400508463382721,False
100,21,365,0.43496325612068176,False
100,21,370,0.2925780117511749,False
100,21,375,0.2646300494670868,False
100,21,380,0.3520280420780182,False
100,21,385,0.4052188992500305,False
100,21,390,0.17608748376369476,False
100,21,395,0.32927143573760986,False
100,21,400,0.27803266048431396,False
100,21,405,0.24252468347549438,False
100,22,10,0.19880715012550354,False
100,22,15,0.18560515344142914,False
100,22,20,0.2359769344329834,False
100,22,25,0.27851560711860657,False
100,22,30,0.2130766212940216,False
100,22,35,0.1543908417224884,False
100,22,40,0.24530243873596191,False
100,22,45,0.24138905107975006,False
100,22,50,0.2865561246871948,False
100,22,55,0.2831780016422272,False
100,22,60,0.23932403326034546,False
100,22,65,0.279112309217453,False
100,22,70,0.1939304918050766,False
100,22,75,0.06219872832298279,False
100,22,80,0.17904597520828247,False
100,22,85,0.1960780769586563,False
100,22,90,0.22524890303611755,False
100,22,95,0.3213192820549011,False
100,22,100,0.18246057629585266,False
100,22,105,0.24757273495197296,False
100,22,110,0.28669923543930054,False
100,22,115,0.27933067083358765,False
100,22,120,0.4043019711971283,False
100,22,125,0.3667977750301361,False
100,22,130,0.30127793550491333,False
100,22,135,0.38655179738998413,False
100,22,140,0.47280383110046387,False
100,22,145,0.35001906752586365,False
100,22,150,0.36059683561325073,False
100,22,155,0.37532371282577515,False
100,22,160,0.20596730709075928,False
100,22,165,0.264035165309906,False
100,22,170,0.2836022973060608,False
100,22,175,0.11412619799375534,False
100,22,180,0.09065332263708115,False
100,22,185,0.20187969505786896,False
100,22,190,0.4616820514202118,False
100,22,195,0.1386163979768753,False
100,22,200,0.44566914439201355,False
100,22,205,0.5711798667907715,False
100,22,210,0.14655934274196625,False
100,22,215,0.04793931543827057,False
100,22,220,0.035215266048908234,False
100,22,225,0.09360525757074356,False
100,22,230,0.05169404298067093,False
100,22,235,0.06766640394926071,False
100,22,240,0.020727016031742096,False
100,22,245,0.050054389983415604,False
100,22,250,0.04063589125871658,False
100,22,255,0.02141399309039116,False
100,22,260,0.3442176282405853,False
100,22,265,0.2025901824235916,False
100,22,270,0.28283411264419556,False
100,22,275,0.16385306417942047,False
100,22,280,0.19469492137432098,False
100,22,285,0.12654179334640503,False
100,22,290,0.1598970592021942,False
100,22,295,0.17698180675506592,False
100,22,300,0.1865328699350357,False
100,22,305,0.08718007802963257,False
100,22,310,0.036570388823747635,False
100,22,315,0.10689017921686172,False
100,22,320,0.1211543008685112,False
100,22,325,0.06290845572948456,False
100,22,330,0.046014685183763504,False
100,22,335,0.05711105838418007,False
100,22,340,0.07644827663898468,False
100,22,345,0.09302379190921783,False
100,22,350,0.1268664449453354,False
100,22,355,0.128571018576622,False
100,22,360,0.10500209033489227,False
100,22,365,0.20545236766338348,False
100,22,370,0.03146082162857056,False
100,22,375,0.09785211086273193,False
100,22,380,0.049551378935575485,False
100,22,385,0.1208326667547226,False
100,22,390,0.06889303028583527,False
100,22,395,0.0497695617377758,False
100,22,400,0.09112078696489334,False
100,22,405,0.16404081881046295,False
100,23,10,0.06732500344514847,False
100,23,15,0.19181913137435913,False
100,23,20,0.2489723265171051,False
100,23,25,0.14279837906360626,False
100,23,30,0.22078579664230347,False
100,23,35,0.21634799242019653,False
100,23,40,0.0794115662574768,False
100,23,45,0.12753324210643768,False
100,23,50,1.2130391597747803,False
100,23,55,1.3996686935424805,False
100,23,60,0.13016265630722046,False
100,23,65,0.3631705939769745,False
100,23,70,0.2749561071395874,False
100,23,75,0.18113663792610168,False
100,23,80,0.17366251349449158,False
100,23,85,0.31509777903556824,False
100,23,90,0.15256014466285706,False
100,23,95,0.19479133188724518,False
100,23,100,0.36438480019569397,False
100,23,105,0.2004120796918869,False
100,23,110,0.18744122982025146,False
100,23,115,0.19188398122787476,False
100,23,120,0.26169973611831665,False
100,23,125,0.18333734571933746,False
100,23,130,0.144685298204422,False
100,23,135,0.158387690782547,False
100,23,140,0.13061223924160004,False
100,23,145,0.11448057740926743,False
100,23,150,0.14388582110404968,False
100,23,155,0.15803417563438416,False
100,23,160,0.13212229311466217,False
100,23,165,0.18019472062587738,False
100,23,170,0.17352108657360077,False
100,23,175,0.11086146533489227,False
100,23,180,0.1657126098871231,False
100,23,185,0.1603301465511322,False
100,23,190,0.19830109179019928,False
100,23,195,0.1822875440120697,False
100,23,200,0.0740673691034317,False
100,23,205,0.2977977991104126,False
100,23,210,0.1822059601545334,False
100,23,215,0.1861114650964737,False
100,23,220,0.1778167486190796,False
100,23,225,0.1679501235485077,False
100,23,230,0.15237295627593994,False
100,23,235,0.1214127242565155,False
100,23,240,0.25000083446502686,False
100,23,245,0.11701378226280212,False
100,23,250,0.2295600324869156,False
100,23,255,0.19032900035381317,False
100,23,260,0.189641073346138,False
100,23,265,0.19864602386951447,False
100,23,270,0.25118228793144226,False
100,23,275,0.20149505138397217,False
100,23,280,0.2146284580230713,False
100,23,285,0.17258860170841217,False
100,23,290,0.3076649010181427,False
100,23,295,0.3037030100822449,False
100,23,300,0.12184982746839523,False
100,23,305,0.2017057240009308,False
100,23,310,0.21275289356708527,False
100,23,315,0.2824340760707855,False
100,23,320,0.22590847313404083,False
100,23,325,0.15818147361278534,False
100,23,330,0.20523418486118317,False
100,23,335,0.24775195121765137,False
100,23,340,0.238899365067482,False
100,23,345,0.1127423495054245,False
100,23,350,0.14766690135002136,False
100,23,355,0.2917291522026062,False
100,23,360,0.23955906927585602,False
100,23,365,0.21261487901210785,False
100,23,370,0.17589254677295685,False
100,23,375,0.11312590539455414,False
100,23,380,0.1842864751815796,False
100,23,385,0.159250408411026,False
100,23,390,0.11714585870504379,False
100,23,395,0.23761697113513947,False
100,23,400,0.09653124213218689,False
100,23,405,0.1447247415781021,False
100,24,10,0.03297397866845131,False
100,24,15,0.14214444160461426,False
100,24,20,0.19078215956687927,False
100,24,25,0.30333778262138367,False
100,24,30,0.27455776929855347,False
100,24,35,0.2720188498497009,False
100,24,40,0.19746240973472595,False
100,24,45,0.2005855143070221,False
100,24,50,0.4522390365600586,False
100,24,55,0.21249347925186157,False
100,24,60,0.33851614594459534,False
100,24,65,0.152875617146492,False
100,24,70,0.35643887519836426,False
100,24,75,0.28690773248672485,False
100,24,80,0.14698246121406555,False
100,24,85,1.5423340797424316,False
100,24,90,0.15994872152805328,False
100,24,95,0.44472581148147583,False
100,24,100,0.3354467451572418,False
100,24,105,0.20793375372886658,False
100,24,110,0.21411357820034027,False
100,24,115,0.18534938991069794,False
100,24,120,0.07222654670476913,False
100,24,125,0.09925796836614609,False
100,24,130,0.051269762217998505,False
100,24,135,0.0765346959233284,False
100,24,140,0.10267824679613113,False
100,24,145,0.16720058023929596,False
100,24,150,0.11724896728992462,False
100,24,155,0.12167870253324509,False
100,24,160,0.6462241411209106,False
100,24,165,0.2785372734069824,False
100,24,170,1.8757481575012207,False
100,24,175,0.22071167826652527,False
100,24,180,0.18099667131900787,False
100,24,185,0.14292414486408234,False
100,24,190,0.09694643318653107,False
100,24,195,0.1546759158372879,False
100,24,200,0.057101570069789886,False
100,24,205,0.07267887890338898,False
100,24,210,0.08906774967908859,False
100,24,215,0.0794411227107048,False
100,24,220,0.051662594079971313,False
100,24,225,0.02725926600396633,False
100,24,230,0.11614494770765305,False
100,24,235,0.08295688033103943,False
100,24,240,0.03697017952799797,False
100,24,245,0.05908774957060814,False
100,24,250,0.092378169298172,False
100,24,255,0.07548914849758148,False
100,24,260,0.26151132583618164,False
100,24,265,0.19636602699756622,False
100,24,270,0.09257692843675613,False
100,24,275,0.09713170677423477,False
100,24,280,0.15775462985038757,False
100,24,285,0.09269329905509949,False
100,24,290,0.12564082443714142,False
100,24,295,0.0428195483982563,False
100,24,300,0.15278218686580658,False
100,24,305,0.18091504275798798,False
100,24,310,0.10627972334623337,False
100,24,315,0.8626525402069092,False
100,24,320,0.06289911270141602,False
100,24,325,0.024882692843675613,False
100,24,330,0.012286725454032421,False
100,24,335,0.011039006523787975,False
100,24,340,0.035841524600982666,False
100,24,345,0.07343129813671112,False
100,24,350,0.08640464395284653,False
100,24,355,0.0337061882019043,False
100,24,360,0.05177943781018257,False
100,24,365,0.1138840988278389,False
100,24,370,0.026242228224873543,False
100,24,375,0.0628197193145752,False
100,24,380,0.05635872855782509,False
100,24,385,0.07105319201946259,False
100,24,390,0.059782519936561584,False
100,24,395,0.12185948342084885,False
100,24,400,0.183772474527359,False
100,24,405,0.041340380907058716,False
100,25,10,0.05478794500231743,False
100,25,15,0.10213951021432877,False
100,25,20,0.17738163471221924,False
100,25,25,0.11167560517787933,False
100,25,30,0.1410406231880188,False
100,25,35,0.1669524759054184,False
100,25,40,0.26090607047080994,False
100,25,45,0.2358071655035019,False
100,25,50,0.1885388344526291,False
100,25,55,0.3800371587276459,False
100,25,60,0.2131047546863556,False
100,25,65,0.23067444562911987,False
100,25,70,0.17987824976444244,False
100,25,75,0.2195201963186264,False
100,25,80,0.188031405210495,False
100,25,85,0.34219595789909363,False
100,25,90,0.19385889172554016,False
100,25,95,0.40460360050201416,False
100,25,100,0.19215640425682068,False
100,25,105,0.20728212594985962,False
100,25,110,0.2951241433620453,False
100,25,115,0.2815295457839966,False
100,25,120,0.33778950572013855,False
100,25,125,0.28129681944847107,False
100,25,130,0.26798179745674133,False
100,25,135,0.20512597262859344,False
100,25,140,0.17251048982143402,False
100,25,145,0.2512074410915375,False
100,25,150,0.26119667291641235,False
100,25,155,0.3043173551559448,False
100,25,160,0.1352415382862091,False
100,25,165,0.10713288187980652,False
100,25,170,0.3321123719215393,False
100,25,175,1.258600115776062,False
100,25,180,0.18859516084194183,False
100,25,185,0.3185237944126129,False
100,25,190,0.18277712166309357,False
100,25,195,0.46098777651786804,False
100,25,200,0.18003197014331818,False
100,25,205,0.29207125306129456,False
100,25,210,0.19781215488910675,False
100,25,215,0.12893210351467133,False
100,25,220,0.23022127151489258,False
100,25,225,0.1867915242910385,False
100,25,230,0.14657187461853027,False
100,25,235,0.12854529917240143,False
100,25,240,0.17322242259979248,False
100,25,245,0.11965776979923248,False
100,25,250,0.15103654563426971,False
100,25,255,0.1223149448633194,False
100,25,260,0.09802365303039551,False
100,25,265,0.09050178527832031,False
100,25,270,0.09158139675855637,False
100,25,275,0.151987224817276,False
100,25,280,0.047832511365413666,False
100,25,285,0.08232467621564865,False
100,25,290,0.07242201268672943,False
100,25,295,0.07275810092687607,False
100,25,300,0.06290894001722336,False
100,25,305,0.10978763550519943,False
100,25,310,0.09147867560386658,False
100,25,315,0.15558230876922607,False
100,25,320,0.08126804232597351,False
100,25,325,0.16277799010276794,False
100,25,330,0.20188665390014648,False
100,25,335,0.06590791046619415,False
100,25,340,0.09460639208555222,False
100,25,345,0.1960269957780838,False
100,25,350,0.07571927458047867,False
100,25,355,0.0629611536860466,False
100,25,360,0.26164281368255615,False
100,25,365,0.11849422007799149,False
100,25,370,0.07991433888673782,False
100,25,375,0.039578672498464584,False
100,25,380,0.07934397459030151,False
100,25,385,0.049504656344652176,False
100,25,390,0.0552123561501503,False
100,25,395,0.027368251234292984,False
100,25,400,0.08564382046461105,False
100,25,405,0.09448681026697159,False
100,26,10,0.04082183912396431,False
100,26,15,0.08634952455759048,False
100,26,20,0.18765676021575928,False
100,26,25,0.07925115525722504,False
100,26,30,0.11738748848438263,False
100,26,35,0.19401676952838898,False
100,26,40,0.3214617073535919,False
100,26,45,0.1998317986726761,False
100,26,50,0.19577090442180634,False
100,26,55,0.375733345746994,False
100,26,60,0.15400336682796478,False
100,26,65,0.13273829221725464,False
100,26,70,0.11356371641159058,False
100,26,75,0.07754149287939072,False
100,26,80,0.14351153373718262,False
100,26,85,0.14171652495861053,False
100,26,90,0.11083049327135086,False
100,26,95,0.25752848386764526,False
100,26,100,0.19470976293087006,False
100,26,105,0.07547327876091003,False
100,26,110,0.12562443315982819,False
100,26,115,0.2546413540840149,False
100,26,120,0.20214146375656128,False
100,26,125,0.2642095983028412,False
100,26,130,0.07665504515171051,False
100,26,135,0.06516563892364502,False
100,26,140,0.10193844139575958,False
100,26,145,0.07438550889492035,False
100,26,150,0.056128691881895065,False
100,26,155,0.14227893948554993,False
100,26,160,0.07841126620769501,False
100,26,165,0.08435641974210739,False
100,26,170,0.08504267781972885,False
100,26,175,0.17863833904266357,False
100,26,180,0.12997914850711823,False
100,26,185,0.17483238875865936,False
100,26,190,0.1525603085756302,False
100,26,195,0.10897821187973022,False
100,26,200,0.05072099715471268,False
100,26,205,0.04263506457209587,False
100,26,210,0.07455483078956604,False
100,26,215,0.14842092990875244,False
100,26,220,0.10482660681009293,False
100,26,225,0.07282543182373047,False
100,26,230,0.0517108328640461,False
100,26,235,0.008772516623139381,False
100,26,240,0.09427393227815628,False
100,26,245,0.1205548495054245,False
100,26,250,0.08869260549545288,False
100,26,255,0.02996145561337471,False
100,26,260,0.054011549800634384,False
100,26,265,0.051119115203619,False
100,26,270,0.09828805923461914,False
100,26,275,0.18596696853637695,False
100,26,280,0.1243729218840599,False
100,26,285,0.10649849474430084,False
100,26,290,0.11281505972146988,False
100,26,295,0.21287409961223602,False
100,26,300,0.06831999123096466,False
100,26,305,0.06286149471998215,False
100,26,310,0.08501527458429337,False
100,26,315,0.21960148215293884,False
100,26,320,0.2799951732158661,False
100,26,325,0.27346065640449524,False
100,26,330,0.33782196044921875,False
100,26,335,0.21656207740306854,False
100,26,340,0.18166373670101166,False
100,26,345,0.4185938537120819,False
100,26,350,0.10135666280984879,False
100,26,355,0.3538346290588379,False
100,26,360,0.4842177629470825,False
100,26,365,0.5709760189056396,False
100,26,370,0.25986775755882263,False
100,26,375,0.3740970492362976,False
100,26,380,0.21851690113544464,False
100,26,385,0.31721338629722595,False
100,26,390,0.19074541330337524,False
100,26,395,0.31461963057518005,False
100,26,400,0.18617959320545197,False
100,26,405,0.23793014883995056,False
100,27,10,0.1207645982503891,False
100,27,15,0.08740394562482834,False
100,27,20,0.1479991227388382,False
100,27,25,0.05077749863266945,False
100,27,30,0.10197974741458893,False
100,27,35,0.0934864804148674,False
100,27,40,0.1549023538827896,False
100,27,45,0.14979149401187897,False
100,27,50,0.0836169645190239,False
100,27,55,0.07452959567308426,False
100,27,60,0.03216337412595749,False
100,27,65,0.04617337882518768,False
100,27,70,0.06031355634331703,False
100,27,75,0.13768239319324493,False
100,27,80,0.18627190589904785,False
100,27,85,0.07106519490480423,False
100,27,90,0.08786880970001221,False
100,27,95,0.15473316609859467,False
100,27,100,0.07914355397224426,False
100,27,105,0.26404687762260437,False
100,27,110,0.09412048757076263,False
100,27,115,0.049452319741249084,False
100,27,120,0.33761948347091675,False
100,27,125,0.509666919708252,False
100,27,130,0.47458526492118835,False
100,27,135,0.13453923165798187,False
100,27,140,0.2308814525604248,False
100,27,145,0.10847927629947662,False
100,27,150,0.1773940473794937,False
100,27,155,0.2347150295972824,False
100,27,160,0.07510370761156082,False
100,27,165,0.2487962394952774,False
100,27,170,0.22880356013774872,False
100,27,175,0.18070663511753082,False
100,27,180,0.24405182898044586,False
100,27,185,0.16094399988651276,False
100,27,190,0.2017941027879715,False
100,27,195,0.4121125042438507,False
100,27,200,0.19442830979824066,False
100,27,205,0.07213545590639114,False
100,27,210,0.06026683375239372,False
100,27,215,0.2923054099082947,False
100,27,220,0.13585264980793,False
100,27,225,0.16491691768169403,False
100,27,230,0.0723712295293808,False
100,27,235,0.049765683710575104,False
100,27,240,0.05282820016145706,False
100,27,245,0.16064997017383575,False
100,27,250,0.07528099417686462,False
100,27,255,0.020864758640527725,False
100,27,260,1.9956861734390259,False
100,27,265,0.035770025104284286,False
100,27,270,0.06342437118291855,False
100,27,275,0.1293221265077591,False
100,27,280,0.09107575565576553,False
100,27,285,0.3058004379272461,False
100,27,290,0.24957919120788574,False
100,27,295,0.11285509169101715,False
100,27,300,0.13490904867649078,False
100,27,305,0.09835812449455261,False
100,27,310,0.09646237641572952,False
100,27,315,0.10356013476848602,False
100,27,320,0.3507861793041229,False
100,27,325,0.4379326105117798,False
100,27,330,0.24014098942279816,False
100,27,335,0.29302898049354553,False
100,27,340,0.35626351833343506,False
100,27,345,0.40364423394203186,False
100,27,350,0.38739344477653503,False
100,27,355,0.3235622048377991,False
100,27,360,0.3399718701839447,False
100,27,365,0.2639527916908264,False
100,27,370,0.1838628053665161,False
100,27,375,0.17397916316986084,False
100,27,380,0.2121424823999405,False
100,27,385,0.09323503822088242,False
100,27,390,0.20527127385139465,False
100,27,395,0.3065549433231354,False
100,27,400,0.16261087357997894,False
100,27,405,0.08588676899671555,False
100,28,10,0.07556477189064026,False
100,28,15,0.17859788239002228,False
100,28,20,0.17418070137500763,False
100,28,25,0.2639714181423187,False
100,28,30,0.2632666826248169,False
100,28,35,0.27696582674980164,False
100,28,40,0.10359236598014832,False
100,28,45,0.14057639241218567,False
100,28,50,0.08143114298582077,False
100,28,55,0.04198884218931198,False
100,28,60,0.056344062089920044,False
100,28,65,0.04263979196548462,False
100,28,70,0.06257838010787964,False
100,28,75,0.10911825299263,False
100,28,80,0.027912819758057594,False
100,28,85,0.1821567416191101,False
100,28,90,0.17554780840873718,False
100,28,95,0.03585483506321907,False
100,28,100,0.09890586882829666,False
100,28,105,0.08941379934549332,False
100,28,110,0.02060433104634285,False
100,28,115,0.11703027784824371,False
100,28,120,0.10678285360336304,False
100,28,125,0.11193031072616577,False
100,28,130,0.06251202523708344,False
100,28,135,0.14648711681365967,False
100,28,140,0.022359371185302734,False
100,28,145,0.13183599710464478,False
100,28,150,0.1450933814048767,False
100,28,155,0.13824917376041412,False
100,28,160,0.18330112099647522,False
100,28,165,0.06664758175611496,False
100,28,170,0.04118992015719414,False
100,28,175,0.09808625280857086,False
100,28,180,0.06196928769350052,False
100,28,185,0.02962901070713997,False
100,28,190,0.10101094841957092,False
100,28,195,0.15709328651428223,False
100,28,200,0.0766122117638588,False
100,28,205,0.06801164895296097,False
100,28,210,0.20792414247989655,False
100,28,215,0.11285598576068878,False
100,28,220,0.0689764991402626,False
100,28,225,0.03255166485905647,False
100,28,230,0.0685260072350502,False
100,28,235,0.07095362991094589,False
100,28,240,0.08266659080982208,False
100,28,245,0.06624089926481247,False
100,28,250,0.09333889186382294,False
100,28,255,0.20970240235328674,False
100,28,260,0.06377938389778137,False
100,28,265,0.06950932741165161,False
100,28,270,0.10527002811431885,False
100,28,275,0.07769162952899933,False
100,28,280,0.14525547623634338,False
100,28,285,0.1143563762307167,False
100,28,290,0.09718797355890274,False
100,28,295,0.0932137593626976,False
100,28,300,0.07519425451755524,False
100,28,305,0.6932829022407532,False
100,28,310,0.031294140964746475,False
100,28,315,0.042148299515247345,False
100,28,320,0.05754966661334038,False
100,28,325,0.9321603178977966,False
100,28,330,1.7541495561599731,False
100,28,335,0.199191614985466,False
100,28,340,0.11437498033046722,False
100,28,345,0.13922159373760223,False
100,28,350,0.06118487939238548,False
100,28,355,0.08108730614185333,False
100,28,360,0.052498821169137955,False
100,28,365,0.03983946517109871,False
100,28,370,0.03105805069208145,False
100,28,375,0.03348786011338234,False
100,28,380,0.03888433426618576,False
100,28,385,0.07569587230682373,False
100,28,390,0.06818529218435287,False
100,28,395,0.0992702841758728,False
100,28,400,0.061986684799194336,False
100,28,405,0.03537391498684883,False
100,29,10,0.15868844091892242,False
100,29,15,0.12792006134986877,False
100,29,20,0.23782210052013397,False
100,29,25,0.2372189313173294,False
100,29,30,0.15272773802280426,False
100,29,35,0.20122535526752472,False
100,29,40,0.4519812762737274,False
100,29,45,0.3258691728115082,False
100,29,50,0.19170352816581726,False
100,29,55,0.35457542538642883,False
100,29,60,0.297594279050827,False
100,29,65,0.4265892505645752,False
100,29,70,0.30144232511520386,False
100,29,75,0.1498710811138153,False
100,29,80,0.2563648223876953,False
100,29,85,0.10338340699672699,False
100,29,90,0.255357950925827,False
100,29,95,0.21068605780601501,False
100,29,100,0.22175028920173645,False
100,29,105,0.09141577780246735,False
100,29,110,0.06665552407503128,False
100,29,115,0.1943311244249344,False
100,29,120,0.16100743412971497,False
100,29,125,0.17528212070465088,False
100,29,130,0.16033601760864258,False
100,29,135,0.15018640458583832,False
100,29,140,0.4520840346813202,False
100,29,145,0.23835377395153046,False
100,29,150,0.4033222496509552,False
100,29,155,0.32343223690986633,False
100,29,160,0.16967171430587769,False
100,29,165,0.08702454715967178,False
100,29,170,0.07844798266887665,False
100,29,175,0.5378912091255188,False
100,29,180,0.06555985659360886,False
100,29,185,0.044797107577323914,False
100,29,190,0.0968455895781517,False
100,29,195,0.043154604732990265,False
100,29,200,0.1351025253534317,False
100,29,205,0.10547227412462234,False
100,29,210,0.09508849680423737,False
100,29,215,0.06628628820180893,False
100,29,220,0.10823334008455276,False
100,29,225,0.10386662930250168,False
100,29,230,0.0557088665664196,False
100,29,235,0.11572358012199402,False
100,29,240,0.18051479756832123,False
100,29,245,0.04781746119260788,False
100,29,250,0.08288278430700302,False
100,29,255,0.10773783922195435,False
100,29,260,0.09965134412050247,False
100,29,265,0.06135350465774536,False
100,29,270,0.14409998059272766,False
100,29,275,0.054076045751571655,False
100,29,280,0.08093777298927307,False
100,29,285,0.05249645188450813,False
100,29,290,0.08726301789283752,False
100,29,295,0.12802544236183167,False
100,29,300,0.08765003830194473,False
100,29,305,0.07601256668567657,False
100,29,310,0.07959362119436264,False
100,29,315,0.026878971606492996,False
100,29,320,0.055818166583776474,False
100,29,325,0.0980997383594513,False
100,29,330,0.21453626453876495,False
100,29,335,0.05141798406839371,False
100,29,340,0.05003279075026512,False
100,29,345,0.3161163330078125,False
100,29,350,0.07779533416032791,False
100,29,355,0.11171913146972656,False
100,29,360,0.16417628526687622,False
100,29,365,0.20139054954051971,False
100,29,370,0.2814594507217407,False
100,29,375,0.26944631338119507,False
100,29,380,0.1921001821756363,False
100,29,385,0.19341057538986206,False
100,29,390,0.144412562251091,False
100,29,395,0.27245795726776123,False
100,29,400,0.174031063914299,False
100,29,405,0.31226325035095215,False
100,30,10,0.17446701228618622,False
100,30,15,0.07856080681085587,False
100,30,20,0.184092715382576,False
100,30,25,0.09924298524856567,False
100,30,30,0.07569421082735062,False
100,30,35,0.1564616858959198,False
100,30,40,0.1359805464744568,False
100,30,45,0.11893947422504425,False
100,30,50,0.21573910117149353,False
100,30,55,0.1314157098531723,False
100,30,60,0.11116758733987808,False
100,30,65,0.12083539366722107,False
100,30,70,0.036052558571100235,False
100,30,75,0.05544415861368179,False
100,30,80,0.20580105483531952,False
100,30,85,0.2660219073295593,False
100,30,90,0.19413317739963531,False
100,30,95,0.19280992448329926,False
100,30,100,0.08353552967309952,False
100,30,105,0.10925726592540741,False
100,30,110,0.16999192535877228,False
100,30,115,0.20445413887500763,False
100,30,120,0.0918252244591713,False
100,30,125,0.13967202603816986,False
100,30,130,0.04935295507311821,False
100,30,135,0.0723082646727562,False
100,30,140,1.6750701665878296,False
100,30,145,0.10265067219734192,False
100,30,150,0.044012054800987244,False
100,30,155,0.0842893123626709,False
100,30,160,0.08698421716690063,False
100,30,165,0.05085102841258049,False
100,30,170,0.10599879175424576,False
100,30,175,0.1683363914489746,False
100,30,180,0.15355215966701508,False
100,30,185,0.24141904711723328,False
100,30,190,0.22110874950885773,False
100,30,195,0.18132996559143066,False
100,30,200,0.24313075840473175,False
100,30,205,0.10713707655668259,False
100,30,210,0.07305175811052322,False
100,30,215,0.0842021107673645,False
100,30,220,0.03526807576417923,False
100,30,225,0.04856744781136513,False
100,30,230,0.018217122182250023,False
100,30,235,0.0153684476390481,False
100,30,240,0.04665210470557213,False
100,30,245,0.06736928224563599,False
100,30,250,0.06946329027414322,False
100,30,255,0.04282283037900925,False
100,30,260,0.05438442528247833,False
100,30,265,0.11349114030599594,False
100,30,270,0.09964483231306076,False
100,30,275,0.15367326140403748,False
100,30,280,0.16676101088523865,False
100,30,285,0.15389560163021088,False
100,30,290,0.12171115726232529,False
100,30,295,0.26392364501953125,False
100,30,300,0.18678215146064758,False
100,30,305,0.09770620614290237,False
100,30,310,0.109077088534832,False
100,30,315,0.0501466803252697,False
100,30,320,0.10045790672302246,False
100,30,325,0.09454713761806488,False
100,30,330,0.037371084094047546,False
100,30,335,0.026142293587327003,False
100,30,340,0.05621437355875969,False
100,30,345,0.13823436200618744,False
100,30,350,0.058819789439439774,False
100,30,355,0.06403037905693054,False
100,30,360,0.05728122219443321,False
100,30,365,0.03160202503204346,False
100,30,370,0.040704257786273956,False
100,30,375,0.08113489300012589,False
100,30,380,0.06556855142116547,False
100,30,385,0.13152442872524261,False
100,30,390,0.13683168590068817,False
100,30,395,0.18834026157855988,False
100,30,400,0.150239959359169,False
100,30,405,0.29796820878982544,False
100,31,10,0.029028113931417465,False
100,31,15,0.07233071327209473,False
100,31,20,0.19109119474887848,False
100,31,25,0.041449807584285736,False
100,31,30,0.11131927371025085,False
100,31,35,0.22916819155216217,False
100,31,40,0.1653822511434555,False
100,31,45,0.1453847587108612,False
100,31,50,0.10242898762226105,False
100,31,55,0.3152925372123718,False
100,31,60,0.16899456083774567,False
100,31,65,0.21624723076820374,False
100,31,70,0.1310407966375351,False
100,31,75,0.09327137470245361,False
100,31,80,0.19174934923648834,False
100,31,85,0.15538175404071808,False
100,31,90,0.058177027851343155,False
100,31,95,0.31284233927726746,False
100,31,100,0.06889664381742477,False
100,31,105,0.06227296590805054,False
100,31,110,0.18804875016212463,False
100,31,115,0.13173244893550873,False
100,31,120,0.20058855414390564,False
100,31,125,0.1859845668077469,False
100,31,130,0.14692938327789307,False
100,31,135,0.035950854420661926,False
100,31,140,0.3548774719238281,False
100,31,145,0.2556111216545105,False
100,31,150,0.3627077043056488,False
100,31,155,0.12461882084608078,False
100,31,160,0.14015208184719086,False
100,31,165,0.21438106894493103,False
100,31,170,0.2872546315193176,False
100,31,175,0.0591135211288929,False
100,31,180,0.08349817246198654,False
100,31,185,0.044269755482673645,False
100,31,190,0.061006493866443634,False
100,31,195,0.0626930445432663,False
100,31,200,0.20599809288978577,False
100,31,205,0.048801325261592865,False
100,31,210,0.08572287112474442,False
100,31,215,0.053763844072818756,False
100,31,220,0.09459993988275528,False
100,31,225,1.5120588541030884,False
100,31,230,0.6437802910804749,False
100,31,235,1.1212183237075806,False
100,31,240,0.16418574750423431,False
100,31,245,0.05810372903943062,False
100,31,250,0.0617670901119709,False
100,31,255,0.07340039312839508,False
100,31,260,0.039190780371427536,False
100,31,265,0.12410327792167664,False
100,31,270,0.05747896805405617,False
100,31,275,0.0445278100669384,False
100,31,280,0.0846407562494278,False
100,31,285,0.033569950610399246,False
100,31,290,0.13106070458889008,False
100,31,295,0.4893389046192169,False
100,31,300,0.2042970061302185,False
100,31,305,0.056692201644182205,False
100,31,310,0.1038929894566536,False
100,31,315,0.09349435567855835,False
100,31,320,0.11073988676071167,False
100,31,325,0.18816909193992615,False
100,31,330,0.12042369693517685,False
100,31,335,0.05382770672440529,False
100,31,340,0.05130283161997795,False
100,31,345,0.23633407056331635,False
100,31,350,0.04787861928343773,False
100,31,355,0.1025063544511795,False
100,31,360,0.08483169972896576,False
100,31,365,0.36238184571266174,False
100,31,370,0.2517372667789459,False
100,31,375,0.28635090589523315,False
100,31,380,0.15484392642974854,False
100,31,385,0.13674312829971313,False
100,31,390,0.1961132436990738,False
100,31,395,0.11481255292892456,False
100,31,400,0.2590624988079071,False
100,31,405,0.19599947333335876,False
100,32,10,0.040612462908029556,False
100,32,15,0.0902448445558548,False
100,32,20,0.16926085948944092,False
100,32,25,0.08934324979782104,False
100,32,30,0.15710316598415375,False
100,32,35,0.32576799392700195,False
100,32,40,0.29900869727134705,False
100,32,45,0.15536753833293915,False
100,32,50,0.1491522341966629,False
100,32,55,0.4010998606681824,False
100,32,60,0.20487652719020844,False
100,32,65,0.23070472478866577,False
100,32,70,0.1436055600643158,False
100,32,75,0.05800488591194153,False
100,32,80,0.14509817957878113,False
100,32,85,0.1278837025165558,False
100,32,90,0.12184914201498032,False
100,32,95,0.2683650553226471,False
100,32,100,0.19129587709903717,False
100,32,105,0.07766929268836975,False
100,32,110,0.14069418609142303,False
100,32,115,0.28118959069252014,False
100,32,120,0.14049361646175385,False
100,32,125,0.07633068412542343,False
100,32,130,0.0512189045548439,False
100,32,135,0.03046223148703575,False
100,32,140,0.17647555470466614,False
100,32,145,0.22370244562625885,False
100,32,150,0.31278079748153687,False
100,32,155,0.18651413917541504,False
100,32,160,0.14658641815185547,False
100,32,165,0.23672494292259216,False
100,32,170,0.10698463767766953,False
100,32,175,0.044628020375967026,False
100,32,180,0.8334284424781799,False
100,32,185,0.09061941504478455,False
100,32,190,0.07092922925949097,False
100,32,195,0.09690903127193451,False
100,32,200,0.1628917157649994,False
100,32,205,0.24064037203788757,False
100,32,210,0.07390809059143066,False
100,32,215,0.3185189366340637,False
100,32,220,0.09134390205144882,False
100,32,225,0.1819445937871933,False
100,32,230,0.041550006717443466,False
100,32,235,0.24561050534248352,False
100,32,240,0.07089672237634659,False
100,32,245,0.17871712148189545,False
100,32,250,0.12488044798374176,False
100,32,255,0.31222864985466003,False
100,32,260,0.13023822009563446,False
100,32,265,0.09100723266601562,False
100,32,270,0.1434839963912964,False
100,32,275,0.09124305099248886,False
100,32,280,0.06429596990346909,False
100,32,285,0.13787566125392914,False
100,32,290,0.09305603057146072,False
100,32,295,0.10140802711248398,False
100,32,300,0.3476603627204895,False
100,32,305,0.1281147599220276,False
100,32,310,0.17605891823768616,False
100,32,315,0.07741513848304749,False
100,32,320,0.1782166212797165,False
100,32,325,0.1114683523774147,False
100,32,330,0.06184110417962074,False
100,32,335,0.1734362244606018,False
100,32,340,0.15449455380439758,False
100,32,345,0.10798835009336472,False
100,32,350,0.10030555725097656,False
100,32,355,0.11179318279027939,False
100,32,360,0.11807025969028473,False
100,32,365,0.05768093466758728,False
100,32,370,0.05019116401672363,False
100,32,375,0.05628399923443794,False
100,32,380,0.12467489391565323,False
100,32,385,0.11110678315162659,False
100,32,390,0.05496842786669731,False
100,32,395,0.15585286915302277,False
100,32,400,0.0791362076997757,False
100,32,405,0.20378103852272034,False
100,33,10,0.04192477464675903,False
100,33,15,0.16522520780563354,False
100,33,20,0.2647305428981781,False
100,33,25,0.3023483157157898,False
100,33,30,0.18760953843593597,False
100,33,35,0.26960259675979614,False
100,33,40,0.20237421989440918,False
100,33,45,0.20442506670951843,False
100,33,50,0.301359087228775,False
100,33,55,0.27501243352890015,False
100,33,60,0.11191562563180923,False
100,33,65,0.20903544127941132,False
100,33,70,0.26365119218826294,False
100,33,75,0.14210908114910126,False
100,33,80,0.07459497451782227,False
100,33,85,0.5199038982391357,False
100,33,90,0.06994715332984924,False
100,33,95,0.06372823566198349,False
100,33,100,0.03433879837393761,False
100,33,105,0.21592815220355988,False
100,33,110,0.25279146432876587,False
100,33,115,0.13012287020683289,False
100,33,120,0.3478349447250366,False
100,33,125,0.2891377806663513,False
100,33,130,0.27997082471847534,False
100,33,135,0.2724548876285553,False
100,33,140,0.1648452877998352,False
100,33,145,0.20804588496685028,False
100,33,150,0.25996989011764526,False
100,33,155,0.2467641681432724,False
100,33,160,0.10105900466442108,False
100,33,165,0.40225714445114136,False
100,33,170,0.2507207989692688,False
100,33,175,0.9122300148010254,False
100,33,180,0.2610468864440918,False
100,33,185,0.3046717345714569,False
100,33,190,0.1570606380701065,False
100,33,195,0.2853631377220154,False
100,33,200,0.16163814067840576,False
100,33,205,0.18895657360553741,False
100,33,210,0.28127673268318176,False
100,33,215,0.17908050119876862,False
100,33,220,0.2177259922027588,False
100,33,225,0.16937486827373505,False
100,33,230,0.19447818398475647,False
100,33,235,0.2335837185382843,False
100,33,240,0.3447056710720062,False
100,33,245,0.2361079752445221,False
100,33,250,0.15076526999473572,False
100,33,255,0.11798997968435287,False
100,33,260,0.127529576420784,False
100,33,265,0.17066743969917297,False
100,33,270,0.1832214742898941,False
100,33,275,0.13705265522003174,False
100,33,280,0.0811104103922844,False
100,33,285,0.08767051994800568,False
100,33,290,0.16408491134643555,False
100,33,295,0.08289026468992233,False
100,33,300,0.04432307556271553,False
100,33,305,0.055597949773073196,False
100,33,310,0.06134200841188431,False
100,33,315,0.0976564884185791,False
100,33,320,0.06028192490339279,False
100,33,325,0.13982512056827545,False
100,33,330,0.17571698129177094,False
100,33,335,0.0716460570693016,False
100,33,340,0.08064928650856018,False
100,33,345,0.14222411811351776,False
100,33,350,0.055492669343948364,False
100,33,355,0.08972908556461334,False
100,33,360,0.12910406291484833,False
100,33,365,0.11193414032459259,False
100,33,370,0.1967368870973587,False
100,33,375,0.24384619295597076,False
100,33,380,0.1453307867050171,False
100,33,385,0.13316789269447327,False
100,33,390,0.11560475081205368,False
100,33,395,0.06210443004965782,False
100,33,400,0.07153109461069107,False
100,33,405,0.12282522767782211,False
100,34,10,0.1162979006767273,False
100,34,15,0.1690988838672638,False
100,34,20,0.21384075284004211,False
100,34,25,0.17007894814014435,False
100,34,30,0.21567746996879578,False
100,34,35,0.10733164101839066,False
100,34,40,0.14675438404083252,False
100,34,45,0.18542642891407013,False
100,34,50,0.09951145201921463,False
100,34,55,0.055777162313461304,False
100,34,60,0.30830636620521545,False
100,34,65,0.25364065170288086,False
100,34,70,0.24230167269706726,False
100,34,75,0.3794659972190857,False
100,34,80,0.27347955107688904,False
100,34,85,1.5144349336624146,False
100,34,90,0.0640043392777443,False
100,34,95,0.16201074421405792,False
100,34,100,0.3469603955745697,False
100,34,105,0.23708750307559967,False
100,34,110,0.1666097491979599,False
100,34,115,0.3457753360271454,False
100,34,120,0.23554518818855286,False
100,34,125,0.2645394504070282,False
100,34,130,0.35507240891456604,False
100,34,135,0.37080898880958557,False
100,34,140,0.05269192159175873,False
100,34,145,0.2455132156610489,False
100,34,150,0.173131063580513,False
100,34,155,0.5000296831130981,False
100,34,160,0.4358310401439667,False
100,34,165,0.31393861770629883,False
100,34,170,0.16073071956634521,False
100,34,175,0.11943180859088898,False
100,34,180,0.09289322048425674,False
100,34,185,0.04648181423544884,False
100,34,190,0.04561838507652283,False
100,34,195,0.13218508660793304,False
100,34,200,0.14786969125270844,False
100,34,205,0.190745010972023,False
100,34,210,0.3121432960033417,False
100,34,215,0.043934132903814316,False
100,34,220,0.09896564483642578,False
100,34,225,0.1283774971961975,False
100,34,230,0.17318274080753326,False
100,34,235,0.1376466602087021,False
100,34,240,0.760361909866333,False
100,34,245,0.10150810331106186,False
100,34,250,0.26248133182525635,False
100,34,255,0.27066290378570557,False
100,34,260,0.05018746107816696,False
100,34,265,0.0718226432800293,False
100,34,270,0.07358620315790176,False
100,34,275,0.10352135449647903,False
100,34,280,0.17711372673511505,False
100,34,285,0.07368078827857971,False
100,34,290,0.06991573423147202,False
100,34,295,0.06783930212259293,False
100,34,300,0.14915509521961212,False
100,34,305,0.058051880449056625,False
100,34,310,0.04642784968018532,False
100,34,315,0.03604692965745926,False
100,34,320,0.04443885385990143,False
100,34,325,0.044483017176389694,False
100,34,330,0.19254463911056519,False
100,34,335,0.1510206162929535,False
100,34,340,0.132992684841156,False
100,34,345,0.2507385015487671,False
100,34,350,0.12563498318195343,False
100,34,355,0.11467426270246506,False
100,34,360,0.09725029766559601,False
100,34,365,0.1252564936876297,False
100,34,370,0.12189478427171707,False
100,34,375,0.12692256271839142,False
100,34,380,0.13358043134212494,False
100,34,385,0.09543850272893906,False
100,34,390,0.1067928895354271,False
100,34,395,0.08541013300418854,False
100,34,400,0.12249740958213806,False
100,34,405,0.1942693293094635,False
100,35,10,0.20373132824897766,False
100,35,15,0.1958007514476776,False
100,35,20,0.22236907482147217,False
100,35,25,0.17656046152114868,False
100,35,30,0.23105479776859283,False
100,35,35,0.16020344197750092,False
100,35,40,0.12717321515083313,False
100,35,45,0.22274725139141083,False
100,35,50,0.2430017590522766,False
100,35,55,0.15622615814208984,False
100,35,60,0.2011924684047699,False
100,35,65,0.2555766999721527,False
100,35,70,0.09493066370487213,False
100,35,75,0.03741752728819847,False
100,35,80,0.23158589005470276,False
100,35,85,0.15999910235404968,False
100,35,90,0.26032742857933044,False
100,35,95,0.20995023846626282,False
100,35,100,0.27786126732826233,False
100,35,105,0.2770516872406006,False
100,35,110,0.3565552532672882,False
100,35,115,0.43289047479629517,False
100,35,120,0.4895322620868683,False
100,35,125,0.3396381139755249,False
100,35,130,0.28377893567085266,False
100,35,135,0.31176823377609253,False
100,35,140,0.21542224287986755,False
100,35,145,0.20114776492118835,False
100,35,150,0.09847500920295715,False
100,35,155,0.164598748087883,False
100,35,160,0.057651929557323456,False
100,35,165,0.05067642778158188,False
100,35,170,0.13687646389007568,False
100,35,175,0.11724184453487396,False
100,35,180,0.06010559946298599,False
100,35,185,0.10209021717309952,False
100,35,190,0.08968780934810638,False
100,35,195,0.10599296540021896,False
100,35,200,1.302303433418274,False
100,35,205,0.9128023982048035,False
100,35,210,0.07629215717315674,False
100,35,215,0.20645959675312042,False
100,35,220,0.22058863937854767,False
100,35,225,0.09322084486484528,False
100,35,230,0.055086344480514526,False
100,35,235,0.04971716180443764,False
100,35,240,0.21993908286094666,False
100,35,245,0.15598905086517334,False
100,35,250,0.16599762439727783,False
100,35,255,0.08432542532682419,False
100,35,260,0.08888936042785645,False
100,35,265,0.21258042752742767,False
100,35,270,0.05187901481986046,False
100,35,275,0.037363626062870026,False
100,35,280,0.11234916001558304,False
100,35,285,0.07221964746713638,False
100,35,290,0.1654859036207199,False
100,35,295,0.027101580053567886,False
100,35,300,0.15229958295822144,False
100,35,305,0.07153917104005814,False
100,35,310,0.19063733518123627,False
100,35,315,0.19163952767848969,False
100,35,320,0.17027629911899567,False
100,35,325,0.25648218393325806,False
100,35,330,0.11134270578622818,False
100,35,335,0.13962092995643616,False
100,35,340,0.1590396612882614,False
100,35,345,0.14647941291332245,False
100,35,350,0.12337329238653183,False
100,35,355,0.13746152818202972,False
100,35,360,0.2210930585861206,False
100,35,365,0.1805032640695572,False
100,35,370,0.11696182191371918,False
100,35,375,0.16111458837985992,False
100,35,380,0.04893670231103897,False
100,35,385,0.09622246772050858,False
100,35,390,0.09406902641057968,False
100,35,395,0.14629203081130981,False
100,35,400,0.19331680238246918,False
100,35,405,0.043017927557229996,False
100,36,10,0.05121981352567673,False
100,36,15,0.12522006034851074,False
100,36,20,0.1958959847688675,False
100,36,25,0.08427903056144714,False
100,36,30,0.1305706948041916,False
100,36,35,0.13244467973709106,False
100,36,40,0.21951793134212494,False
100,36,45,0.1659671813249588,False
100,36,50,0.14091220498085022,False
100,36,55,0.24341195821762085,False
100,36,60,0.1705625057220459,False
100,36,65,0.20029649138450623,False
100,36,70,0.05750305578112602,False
100,36,75,0.10907015949487686,False
100,36,80,0.1643379032611847,False
100,36,85,0.13265611231327057,False
100,36,90,0.2238646000623703,False
100,36,95,0.2738051414489746,False
100,36,100,0.13602526485919952,False
100,36,105,0.08082748204469681,False
100,36,110,0.12619349360466003,False
100,36,115,0.11079972237348557,False
100,36,120,0.26320913434028625,False
100,36,125,0.12359394133090973,False
100,36,130,0.07027089595794678,False
100,36,135,0.08963611721992493,False
100,36,140,0.0705055519938469,False
100,36,145,0.15240070223808289,False
100,36,150,0.1758650690317154,False
100,36,155,0.07543018460273743,False
100,36,160,0.03992846608161926,False
100,36,165,0.24996888637542725,False
100,36,170,0.13590112328529358,False
100,36,175,0.7050351500511169,False
100,36,180,0.11378862708806992,False
100,36,185,0.12063994258642197,False
100,36,190,0.15579472482204437,False
100,36,195,0.16527049243450165,False
100,36,200,0.12439155578613281,False
100,36,205,0.14326916635036469,False
100,36,210,0.06453302502632141,False
100,36,215,0.07374938577413559,False
100,36,220,0.07538297772407532,False
100,36,225,0.0896034985780716,False
100,36,230,0.1120360791683197,False
100,36,235,0.2978094518184662,False
100,36,240,0.13212251663208008,False
100,36,245,1.4940240383148193,False
100,36,250,0.19889090955257416,False
100,36,255,0.06545442342758179,False
100,36,260,0.11526305973529816,False
100,36,265,0.21995408833026886,False
100,36,270,0.24332737922668457,False
100,36,275,0.4058585464954376,False
100,36,280,0.36515870690345764,False
100,36,285,0.3030345141887665,False
100,36,290,0.14176422357559204,False
100,36,295,0.08803822100162506,False
100,36,300,0.05675331503152847,False
100,36,305,0.06053299456834793,False
100,36,310,0.040430594235658646,False
100,36,315,0.09558342397212982,False
100,36,320,0.1347750574350357,False
100,36,325,0.10077687352895737,False
100,36,330,0.06691698729991913,False
100,36,335,0.16742292046546936,False
100,36,340,0.11408974975347519,False
100,36,345,0.06169344484806061,False
100,36,350,0.03964124619960785,False
100,36,355,0.08176186680793762,False
100,36,360,0.044556181877851486,False
100,36,365,0.02846953645348549,False
100,36,370,0.0374714732170105,False
100,36,375,0.08560425043106079,False
100,36,380,0.03874057158827782,False
100,36,385,0.08845343440771103,False
100,36,390,0.10750453174114227,False
100,36,395,0.23526865243911743,False
100,36,400,0.21215683221817017,False
100,36,405,0.14092540740966797,False
100,37,10,0.0712939128279686,False
100,37,15,0.12696784734725952,False
100,37,20,0.14012867212295532,False
100,37,25,0.2896887958049774,False
100,37,30,0.35170066356658936,False
100,37,35,0.21202029287815094,False
100,37,40,0.10575685650110245,False
100,37,45,0.08896604180335999,False
100,37,50,0.04946363717317581,False
100,37,55,0.11744631081819534,False
100,37,60,0.03349611535668373,False
100,37,65,0.02471126616001129,False
100,37,70,0.10751427710056305,False
100,37,75,0.14379094541072845,False
100,37,80,1.070253610610962,False
100,37,85,0.0838225856423378,False
100,37,90,0.08444390445947647,False
100,37,95,0.18148493766784668,False
100,37,100,0.11287841945886612,False
100,37,105,0.13992109894752502,False
100,37,110,0.10370459407567978,False
100,37,115,0.07178828120231628,False
100,37,120,0.043941680341959,False
100,37,125,0.07098104804754257,False
100,37,130,0.05395316332578659,False
100,37,135,0.16666877269744873,False
100,37,140,0.12700405716896057,False
100,37,145,0.08041796833276749,False
100,37,150,0.2468351572751999,False
100,37,155,0.0982898473739624,False
100,37,160,0.11882691830396652,False
100,37,165,0.15668419003486633,False
100,37,170,0.09595950692892075,False
100,37,175,0.05816124007105827,False
100,37,180,0.13199523091316223,False
100,37,185,0.06211008504033089,False
100,37,190,0.04132324457168579,False
100,37,195,0.29514074325561523,False
100,37,200,0.15112490952014923,False
100,37,205,0.08380324393510818,False
100,37,210,0.19341368973255157,False
100,37,215,0.07504932582378387,False
100,37,220,0.15436114370822906,False
100,37,225,0.15057063102722168,False
100,37,230,0.11927676200866699,False
100,37,235,0.11457082629203796,False
100,37,240,0.20931629836559296,False
100,37,245,0.1322566419839859,False
100,37,250,0.14468087255954742,False
100,37,255,0.18123826384544373,False
100,37,260,0.11326221376657486,False
100,37,265,0.12603497505187988,False
100,37,270,0.12016455829143524,False
100,37,275,0.12027791142463684,False
100,37,280,0.15150395035743713,False
100,37,285,0.07146258652210236,False
100,37,290,0.09840761870145798,False
100,37,295,0.05756709724664688,False
100,37,300,0.11059000343084335,False
100,37,305,0.0667400136590004,False
100,37,310,0.06504016369581223,False
100,37,315,0.16309499740600586,False
100,37,320,0.08198592811822891,False
100,37,325,0.12828344106674194,False
100,37,330,0.3036118447780609,False
100,37,335,0.07457299530506134,False
100,37,340,0.07478021830320358,False
100,37,345,0.25854581594467163,False
100,37,350,0.022784458473324776,False
100,37,355,0.04103289544582367,False
100,37,360,0.3692338466644287,False
100,37,365,0.13261781632900238,False
100,37,370,0.12525449693202972,False
100,37,375,0.04941403865814209,False
100,37,380,0.0514519028365612,False
100,37,385,0.11278576403856277,False
100,37,390,0.06526243686676025,False
100,37,395,0.06436792761087418,False
100,37,400,0.05578240379691124,False
100,37,405,0.047156769782304764,False
100,38,10,0.13164426386356354,False
100,38,15,0.14479126036167145,False
100,38,20,0.14610013365745544,False
100,38,25,0.1901051551103592,False
100,38,30,0.28616827726364136,False
100,38,35,0.18242405354976654,False
100,38,40,0.07507289201021194,False
100,38,45,0.1510581225156784,False
100,38,50,0.11347408592700958,False
100,38,55,0.07466360181570053,False
100,38,60,0.12836812436580658,False
100,38,65,0.11502394080162048,False
100,38,70,0.3093899190425873,False
100,38,75,0.1284676343202591,False
100,38,80,0.23949432373046875,False
100,38,85,0.2634032666683197,False
100,38,90,0.08989670872688293,False
100,38,95,0.0953114703297615,False
100,38,100,0.04637157917022705,False
100,38,105,0.29563620686531067,False
100,38,110,0.9734512567520142,False
100,38,115,0.5523117780685425,False
100,38,120,0.2067939043045044,False
100,38,125,0.4237303137779236,False
100,38,130,0.46092689037323,False
100,38,135,0.19486258924007416,False
100,38,140,0.0487857349216938,False
100,38,145,0.3995066285133362,False
100,38,150,0.26492390036582947,False
100,38,155,0.15218673646450043,False
100,38,160,0.21460886299610138,False
100,38,165,0.15409603714942932,False
100,38,170,0.0797872394323349,False
100,38,175,0.09955878555774689,False
100,38,180,0.08652197569608688,False
100,38,185,0.1085970550775528,False
100,38,190,0.016347400844097137,False
100,38,195,0.15456321835517883,False
100,38,200,0.10885234922170639,False
100,38,205,0.1557152271270752,False
100,38,210,0.19954237341880798,False
100,38,215,0.12421131879091263,False
100,38,220,0.054605960845947266,False
100,38,225,0.04878569021821022,False
100,38,230,0.2227761447429657,False
100,38,235,0.21476058661937714,False
100,38,240,0.09292115271091461,False
100,38,245,0.06942509859800339,False
100,38,250,0.050538212060928345,False
100,38,255,0.26486286520957947,False
100,38,260,0.1432492733001709,False
100,38,265,0.2005165070295334,False
100,38,270,0.1891344040632248,False
100,38,275,0.1645544022321701,False
100,38,280,0.17972062528133392,False
100,38,285,0.1452925056219101,False
100,38,290,0.14485524594783783,False
100,38,295,0.145300030708313,False
100,38,300,0.2748125195503235,False
100,38,305,0.1598987579345703,False
100,38,310,0.16773633658885956,False
100,38,315,0.13463374972343445,False
100,38,320,0.10667219758033752,False
100,38,325,0.1300313025712967,False
100,38,330,0.16654305160045624,False
100,38,335,0.12453541904687881,False
100,38,340,0.1305151730775833,False
100,38,345,0.23280435800552368,False
100,38,350,0.16964872181415558,False
100,38,355,0.20728999376296997,False
100,38,360,0.07500210404396057,False
100,38,365,0.16628023982048035,False
100,38,370,0.20709443092346191,False
100,38,375,0.16703790426254272,False
100,38,380,0.20149299502372742,False
100,38,385,0.13276837766170502,False
100,38,390,0.10926467180252075,False
100,38,395,0.04864122346043587,False
100,38,400,0.09973409026861191,False
100,38,405,0.1296546459197998,False
100,39,10,0.1531735360622406,False
100,39,15,0.15567126870155334,False
100,39,20,0.2831745147705078,False
100,39,25,0.38286757469177246,False
100,39,30,0.41727739572525024,False
100,39,35,0.06627976149320602,False
100,39,40,0.10388563573360443,False
100,39,45,0.21910206973552704,False
100,39,50,0.23031115531921387,False
100,39,55,0.04673414304852486,False
100,39,60,0.1383993923664093,False
100,39,65,0.05755084753036499,False
100,39,70,0.371429443359375,False
100,39,75,0.4413774013519287,False
100,39,80,0.16449901461601257,False
100,39,85,0.06879471987485886,False
100,39,90,0.1639728993177414,False
100,39,95,0.02347416616976261,False
100,39,100,0.09107641875743866,False
100,39,105,0.4500173032283783,False
100,39,110,0.45044875144958496,False
100,39,115,0.2027350664138794,False
100,39,120,0.14021927118301392,False
100,39,125,0.15337766706943512,False
100,39,130,0.11448686569929123,False
100,39,135,0.11836180835962296,False
100,39,140,0.0575028657913208,False
100,39,145,0.05920612812042236,False
100,39,150,0.266543447971344,False
100,39,155,0.23686406016349792,False
100,39,160,0.1695021241903305,False
100,39,165,0.15431678295135498,False
100,39,170,0.04536182060837746,False
100,39,175,1.1279597282409668,False
100,39,180,0.1576046496629715,False
100,39,185,0.10261954367160797,False
100,39,190,0.12243927270174026,False
100,39,195,0.06900674104690552,False
100,39,200,0.1201319694519043,False
100,39,205,0.11334933340549469,False
100,39,210,0.10293398797512054,False
100,39,215,0.10455827414989471,False
100,39,220,0.07610844075679779,False
100,39,225,0.10475872457027435,False
100,39,230,0.127846822142601,False
100,39,235,0.21011868119239807,False
100,39,240,0.08853542059659958,False
100,39,245,0.11785338819026947,False
100,39,250,0.05368197336792946,False
100,39,255,0.06517855823040009,False
100,39,260,0.12082371115684509,False
100,39,265,0.07539492845535278,False
100,39,270,0.04479677602648735,False
100,39,275,0.10760427266359329,False
100,39,280,0.12055747956037521,False
100,39,285,0.060032837092876434,False
100,39,290,0.19736169278621674,False
100,39,295,0.15972650051116943,False
100,39,300,0.18845635652542114,False
100,39,305,0.08608758449554443,False
100,39,310,0.07891014963388443,False
100,39,315,0.03615068644285202,False
100,39,320,0.2187548577785492,False
100,39,325,0.04503066465258598,False
100,39,330,0.2341492921113968,False
100,39,335,0.2072174996137619,False
100,39,340,0.25624531507492065,False
100,39,345,0.4974583685398102,False
100,39,350,0.16764675080776215,False
100,39,355,0.16340254247188568,False
100,39,360,0.1871771216392517,False
100,39,365,0.1933623105287552,False
100,39,370,0.1933412253856659,False
100,39,375,0.3204851448535919,False
100,39,380,0.3272777497768402,False
100,39,385,0.2561447322368622,False
100,39,390,0.22466495633125305,False
100,39,395,0.2801390588283539,False
100,39,400,0.20750339329242706,False
100,39,405,0.11735693365335464,False
100,40,10,0.1505212038755417,False
100,40,15,0.1813136488199234,False
100,40,20,0.23696714639663696,False
100,40,25,0.235834538936615,False
100,40,30,0.293835312128067,False
100,40,35,0.2150588184595108,False
100,40,40,0.06634178012609482,False
100,40,45,0.1392088234424591,False
100,40,50,0.0357486829161644,False
100,40,55,0.038486164063215256,False
100,40,60,0.06488258391618729,False
100,40,65,0.0267935898154974,False
100,40,70,0.08555261045694351,False
100,40,75,0.11114688962697983,False
100,40,80,0.06773566454648972,False
100,40,85,0.8015922904014587,False
100,40,90,0.15025265514850616,False
100,40,95,0.03874503821134567,False
100,40,100,0.13652470707893372,False
100,40,105,0.22524507343769073,False
100,40,110,0.1861257255077362,False
100,40,115,0.1090962141752243,False
100,40,120,0.08707412332296371,False
100,40,125,0.10988342016935349,False
100,40,130,0.08232509344816208,False
100,40,135,0.08057761192321777,False
100,40,140,0.09360268712043762,False
100,40,145,0.1410667896270752,False
100,40,150,0.08662262558937073,False
100,40,155,0.05948154255747795,False
100,40,160,0.1853722333908081,False
100,40,165,0.08651845157146454,False
100,40,170,0.08336768299341202,False
100,40,175,0.15437304973602295,False
100,40,180,0.14458616077899933,False
100,40,185,0.26218605041503906,False
100,40,190,0.3952972888946533,False
100,40,195,0.11070021986961365,False
100,40,200,0.13008157908916473,False
100,40,205,0.13045856356620789,False
100,40,210,0.2802359461784363,False
100,40,215,0.058553703129291534,False
100,40,220,0.05075118690729141,False
100,40,225,0.06301243603229523,False
100,40,230,0.05064504221081734,False
100,40,235,0.07690026611089706,False
100,40,240,0.10179997980594635,False
100,40,245,0.049185410141944885,False
100,40,250,0.09322001785039902,False
100,40,255,0.11981730163097382,False
100,40,260,0.0431097187101841,False
100,40,265,0.06628520041704178,False
100,40,270,0.06869960576295853,False
100,40,275,0.053984783589839935,False
100,40,280,0.06365139782428741,False
100,40,285,0.10191217064857483,False
100,40,290,0.04242471233010292,False
100,40,295,0.06677550077438354,False
100,40,300,0.024884702637791634,False
100,40,305,0.027122419327497482,False
100,40,310,0.04125139117240906,False
100,40,315,0.031943850219249725,False
100,40,320,0.12113423645496368,False
100,40,325,0.0933656319975853,False
100,40,330,0.1446501910686493,False
100,40,335,0.05642319098114967,False
100,40,340,0.14477033913135529,False
100,40,345,0.1208205372095108,False
100,40,350,0.08313847333192825,False
100,40,355,0.11292892694473267,False
100,40,360,0.06087079271674156,False
100,40,365,0.06462955474853516,False
100,40,370,0.07086212188005447,False
100,40,375,0.04605672508478165,False
100,40,380,0.027870062738656998,False
100,40,385,0.1169397234916687,False
100,40,390,0.09465428441762924,False
100,40,395,0.1027546301484108,False
100,40,400,0.04078816995024681,False
100,40,405,0.07541633397340775,False
100,41,10,0.1991359293460846,False
100,41,15,0.12709076702594757,False
100,41,20,0.2650873064994812,False
100,41,25,0.3392397165298462,False
100,41,30,0.3663840889930725,False
100,41,35,0.060973722487688065,False
100,41,40,0.035851236432790756,False
100,41,45,0.4542275369167328,False
100,41,50,0.3762010633945465,False
100,41,55,0.5648743510246277,False
100,41,60,0.3679122030735016,False
100,41,65,0.30507227778434753,False
100,41,70,0.1464102864265442,False
100,41,75,0.10121244937181473,False
100,41,80,0.23142538964748383,False
100,41,85,0.17800822854042053,False
100,41,90,0.12252788990736008,False
100,41,95,0.07310787588357925,False
100,41,100,0.12059520184993744,False
100,41,105,0.10257630795240402,False
100,41,110,0.2505490481853485,False
100,41,115,0.6762282252311707,False
100,41,120,0.6444280743598938,False
100,41,125,0.4088607132434845,False
100,41,130,0.06236061826348305,False
100,41,135,0.02865762822329998,False
100,41,140,0.0479971319437027,False
100,41,145,0.04965739697217941,False
100,41,150,0.08195909857749939,False
100,41,155,1.5131715536117554,False
100,41,160,0.8662346005439758,False
100,41,165,0.1164303719997406,False
100,41,170,0.09685991704463959,False
100,41,175,0.3105695843696594,False
100,41,180,0.19249150156974792,False
100,41,185,0.05767028406262398,False
100,41,190,0.15797147154808044,False
100,41,195,0.04911157861351967,False
100,41,200,0.17114593088626862,False
100,41,205,0.3109426498413086,False
100,41,210,0.12944665551185608,False
100,41,215,0.10571115463972092,False
100,41,220,0.11901931464672089,False
100,41,225,0.14449317753314972,False
100,41,230,0.11927865445613861,False
100,41,235,0.1484086662530899,False
100,41,240,0.16030319035053253,False
100,41,245,0.15671055018901825,False
100,41,250,0.23322725296020508,False
100,41,255,0.06217203289270401,False
100,41,260,0.06379058212041855,False
100,41,265,0.07917696982622147,False
100,41,270,0.09379639476537704,False
100,41,275,0.20203319191932678,False
100,41,280,0.33408695459365845,False
100,41,285,0.33958253264427185,False
100,41,290,0.34735798835754395,False
100,41,295,0.29626697301864624,False
100,41,300,0.34615612030029297,False
100,41,305,0.1254630982875824,False
100,41,310,0.2571735084056854,False
100,41,315,0.23464547097682953,False
100,41,320,0.2241157442331314,False
100,41,325,0.3087313771247864,False
100,41,330,0.43416857719421387,False
100,41,335,0.3144550025463104,False
100,41,340,0.3226553797721863,False
100,41,345,0.37610533833503723,False
100,41,350,0.21954934298992157,False
100,41,355,0.354008287191391,False
100,41,360,0.44849833846092224,False
100,41,365,0.35367119312286377,False
100,41,370,0.367229700088501,False
100,41,375,0.28987595438957214,False
100,41,380,0.30216264724731445,False
100,41,385,0.3662140667438507,False
100,41,390,0.3000239133834839,False
100,41,395,0.3097408711910248,False
100,41,400,0.121238112449646,False
100,41,405,0.17147210240364075,False
100,42,10,0.04200327396392822,False
100,42,15,0.06850074231624603,False
100,42,20,0.17367924749851227,False
100,42,25,0.05897034332156181,False
100,42,30,0.11613889783620834,False
100,42,35,0.26058822870254517,False
100,42,40,0.168132483959198,False
100,42,45,0.17381836473941803,False
100,42,50,0.11132613569498062,False
100,42,55,0.35733169317245483,False
100,42,60,0.171490877866745,False
100,42,65,0.11081338673830032,False
100,42,70,0.09001383185386658,False
100,42,75,0.06148683279752731,False
100,42,80,0.19373862445354462,False
100,42,85,0.19129250943660736,False
100,42,90,0.12923137843608856,False
100,42,95,0.375517874956131,False
100,42,100,0.07642752677202225,False
100,42,105,0.029428888112306595,False
100,42,110,0.14512084424495697,False
100,42,115,0.14993047714233398,False
100,42,120,0.23000021278858185,False
100,42,125,0.17765483260154724,False
100,42,130,0.11933284997940063,False
100,42,135,0.06113076210021973,False
100,42,140,0.08940783143043518,False
100,42,145,0.1571240872144699,False
100,42,150,0.3275364935398102,False
100,42,155,0.0986449122428894,False
100,42,160,0.07742786407470703,False
100,42,165,0.16473078727722168,False
100,42,170,0.2950988709926605,False
100,42,175,0.22178372740745544,False
100,42,180,0.07189711928367615,False
100,42,185,0.050984665751457214,False
100,42,190,0.059780605137348175,False
100,42,195,0.12563712894916534,False
100,42,200,0.4445391297340393,False
100,42,205,0.09132220596075058,False
100,42,210,1.783215045928955,False
100,42,215,0.059338707476854324,False
100,42,220,0.11109321564435959,False
100,42,225,0.15415404736995697,False
100,42,230,0.22653432190418243,False
100,42,235,0.26759588718414307,False
100,42,240,0.11654751002788544,False
100,42,245,0.06341996043920517,False
100,42,250,0.030688311904668808,False
100,42,255,0.034266673028469086,False
100,42,260,0.06730812788009644,False
100,42,265,0.08373082429170609,False
100,42,270,0.0676068440079689,False
100,42,275,0.09169058501720428,False
100,42,280,0.09454930573701859,False
100,42,285,0.16034847497940063,False
100,42,290,0.11191097646951675,False
100,42,295,0.21245206892490387,False
100,42,300,0.186805859208107,False
100,42,305,0.1311900019645691,False
100,42,310,0.058836452662944794,False
100,42,315,0.10779973119497299,False
100,42,320,0.044127825647592545,False
100,42,325,0.15978553891181946,False
100,42,330,0.04452221095561981,False
100,42,335,0.04468684643507004,False
100,42,340,0.13789603114128113,False
100,42,345,0.16072218120098114,False
100,42,350,0.1063879057765007,False
100,42,355,0.09535027295351028,False
100,42,360,0.040030837059020996,False
100,42,365,0.02511778101325035,False
100,42,370,0.03041578084230423,False
100,42,375,0.07937949895858765,False
100,42,380,0.04869944602251053,False
100,42,385,0.06725804507732391,False
100,42,390,0.05035651475191116,False
100,42,395,0.09961190074682236,False
100,42,400,0.074783094227314,False
100,42,405,0.12674395740032196,False
100,43,10,0.13633567094802856,False
100,43,15,0.17955633997917175,False
100,43,20,0.1992676705121994,False
100,43,25,0.22625087201595306,False
100,43,30,0.2298034280538559,False
100,43,35,0.16370515525341034,False
100,43,40,0.1596997231245041,False
100,43,45,0.18541975319385529,False
100,43,50,0.17193402349948883,False
100,43,55,0.0770467072725296,False
100,43,60,0.2716078758239746,False
100,43,65,0.27796489000320435,False
100,43,70,0.29601430892944336,False
100,43,75,0.2712438702583313,False
100,43,80,0.259307324886322,False
100,43,85,0.2751460075378418,False
100,43,90,0.2659708857536316,False
100,43,95,0.05249474197626114,False
100,43,100,0.1746254861354828,False
100,43,105,0.20174987614154816,False
100,43,110,0.22205056250095367,False
100,43,115,0.2537291646003723,False
100,43,120,0.15266983211040497,False
100,43,125,0.20218439400196075,False
100,43,130,0.1642439365386963,False
100,43,135,0.36555832624435425,False
100,43,140,0.18688887357711792,False
100,43,145,0.08873966336250305,False
100,43,150,0.30281803011894226,False
100,43,155,0.39279916882514954,False
100,43,160,0.4245492219924927,False
100,43,165,0.17072054743766785,False
100,43,170,0.13675688207149506,False
100,43,175,1.441244125366211,False
100,43,180,0.1194235309958458,False
100,43,185,0.4963417053222656,False
100,43,190,0.3088321387767792,False
100,43,195,0.168489009141922,False
100,43,200,0.180018812417984,False
100,43,205,0.14258474111557007,False
100,43,210,0.21556036174297333,False
100,43,215,0.15028418600559235,False
100,43,220,0.1209714412689209,False
100,43,225,0.09671356528997421,False
100,43,230,0.12281022220849991,False
100,43,235,0.11362023651599884,False
100,43,240,0.1316509246826172,False
100,43,245,0.1649961769580841,False
100,43,250,0.049955107271671295,False
100,43,255,0.06646585464477539,False
100,43,260,0.06783677637577057,False
100,43,265,0.07488387078046799,False
100,43,270,0.07579264044761658,False
100,43,275,0.10403230041265488,False
100,43,280,0.9414734244346619,False
100,43,285,0.10034581273794174,False
100,43,290,0.13143983483314514,False
100,43,295,0.19270935654640198,False
100,43,300,0.11115322262048721,False
100,43,305,0.08688328415155411,False
100,43,310,0.07319722324609756,False
100,43,315,0.07432261109352112,False
100,43,320,0.1252763271331787,False
100,43,325,0.07752476632595062,False
100,43,330,0.15042895078659058,False
100,43,335,0.054209232330322266,False
100,43,340,0.10830892622470856,False
100,43,345,0.09023185819387436,False
100,43,350,0.07610864192247391,False
100,43,355,0.12092528492212296,False
100,43,360,0.048641387373209,False
100,43,365,0.0949937030673027,False
100,43,370,0.09146471321582794,False
100,43,375,0.17867162823677063,False
100,43,380,0.025447126477956772,False
100,43,385,0.053801193833351135,False
100,43,390,0.05674263834953308,False
100,43,395,0.040094420313835144,False
100,43,400,0.21123237907886505,False
100,43,405,0.08682125806808472,False
100,44,10,0.15831372141838074,False
100,44,15,0.08937852829694748,False
100,44,20,0.15558907389640808,False
100,44,25,0.17059312760829926,False
100,44,30,0.08649801462888718,False
100,44,35,0.18196070194244385,False
100,44,40,0.13092730939388275,False
100,44,45,0.09204988926649094,False
100,44,50,0.28359970450401306,False
100,44,55,0.1809808611869812,False
100,44,60,0.1962050497531891,False
100,44,65,0.1605648398399353,False
100,44,70,0.06048787385225296,False
100,44,75,0.10473741590976715,False
100,44,80,0.24412956833839417,False
100,44,85,0.2935728430747986,False
100,44,90,0.3468138873577118,False
100,44,95,0.23082520067691803,False
100,44,100,0.31784355640411377,False
100,44,105,0.35450121760368347,False
100,44,110,0.33490654826164246,False
100,44,115,0.4569346010684967,False
100,44,120,0.31967654824256897,False
100,44,125,0.542917788028717,False
100,44,130,0.6120728254318237,False
100,44,135,0.34094035625457764,False
100,44,140,0.6728380918502808,False
100,44,145,0.4645647704601288,False
100,44,150,0.4353960156440735,False
100,44,155,0.2931132912635803,False
100,44,160,0.28501468896865845,False
100,44,165,0.16684149205684662,False
100,44,170,0.1371275782585144,False
100,44,175,1.264274001121521,False
100,44,180,0.07760418951511383,False
100,44,185,0.072930708527565,False
100,44,190,0.15110962092876434,False
100,44,195,0.11826661229133606,False
100,44,200,0.24067999422550201,False
100,44,205,0.2633512318134308,False
100,44,210,0.07407965511083603,False
100,44,215,0.07134328782558441,False
100,44,220,0.08063533902168274,False
100,44,225,0.05615226924419403,False
100,44,230,0.04445004463195801,False
100,44,235,0.11467436701059341,False
100,44,240,0.036891836673021317,False
100,44,245,0.8670716881752014,False
100,44,250,0.10508812963962555,False
100,44,255,0.08067483454942703,False
100,44,260,0.05808871239423752,False
100,44,265,0.0426323227584362,False
100,44,270,0.11150645464658737,False
100,44,275,1.5477739572525024,False
100,44,280,0.11582349985837936,False
100,44,285,1.7225319147109985,False
100,44,290,0.5453782081604004,False
100,44,295,0.12162782996892929,False
100,44,300,0.2884782552719116,False
100,44,305,0.10912835597991943,False
100,44,310,0.1685953289270401,False
100,44,315,0.07631924003362656,False
100,44,320,0.08311870694160461,False
100,44,325,0.2990325689315796,False
100,44,330,1.5087640285491943,False
100,44,335,0.07351437211036682,False
100,44,340,0.05515095591545105,False
100,44,345,1.4844093322753906,False
100,44,350,0.15616953372955322,False
100,44,355,0.1924808919429779,False
100,44,360,0.14920325577259064,False
100,44,365,0.21840861439704895,False
100,44,370,0.047017116099596024,False
100,44,375,0.829313337802887,False
100,44,380,0.12125300616025925,False
100,44,385,0.10943184047937393,False
100,44,390,0.09927248954772949,False
100,44,395,1.7096928358078003,False
100,44,400,0.7127106785774231,False
100,44,405,0.14002370834350586,False
100,45,10,0.18881823122501373,False
100,45,15,0.188446044921875,False
100,45,20,0.3131258189678192,False
100,45,25,0.33620795607566833,False
100,45,30,0.29500439763069153,False
100,45,35,0.1690545380115509,False
100,45,40,0.04149289056658745,False
100,45,45,0.09030412137508392,False
100,45,50,0.10978296399116516,False
100,45,55,0.1284845620393753,False
100,45,60,0.02845410443842411,False
100,45,65,0.06693089008331299,False
100,45,70,0.1272740215063095,False
100,45,75,0.2260454148054123,False
100,45,80,0.09423724561929703,False
100,45,85,0.262758731842041,False
100,45,90,0.1035970002412796,False
100,45,95,0.12586495280265808,False
100,45,100,0.2103496938943863,False
100,45,105,0.17087332904338837,False
100,45,110,0.11605267971754074,False
100,45,115,0.0752708911895752,False
100,45,120,0.07132379710674286,False
100,45,125,0.20313532650470734,False
100,45,130,0.20944081246852875,False
100,45,135,0.253254234790802,False
100,45,140,0.15589281916618347,False
100,45,145,0.19177833199501038,False
100,45,150,0.2594471573829651,False
100,45,155,0.203720360994339,False
100,45,160,0.09907636791467667,False
100,45,165,0.37234288454055786,False
100,45,170,0.26928842067718506,False
100,45,175,0.8794988393783569,False
100,45,180,0.2596275210380554,False
100,45,185,0.24313680827617645,False
100,45,190,0.19909575581550598,False
100,45,195,0.39536017179489136,False
100,45,200,0.13590943813323975,False
100,45,205,0.20063917338848114,False
100,45,210,0.2762685716152191,False
100,45,215,0.2023938000202179,False
100,45,220,0.3163498044013977,False
100,45,225,0.14346475899219513,False
100,45,230,0.18205899000167847,False
100,45,235,0.22380828857421875,False
100,45,240,0.36419862508773804,False
100,45,245,0.21805773675441742,False
100,45,250,0.20124469697475433,False
100,45,255,0.24909460544586182,False
100,45,260,0.09629707038402557,False
100,45,265,0.1685517430305481,False
100,45,270,0.21170273423194885,False
100,45,275,0.19636954367160797,False
100,45,280,0.16479088366031647,False
100,45,285,0.1596963107585907,False
100,45,290,0.14291906356811523,False
100,45,295,0.1274939626455307,False
100,45,300,0.05552668496966362,False
100,45,305,0.061539411544799805,False
100,45,310,0.0695725679397583,False
100,45,315,0.05988075211644173,False
100,45,320,0.09759201854467392,False
100,45,325,0.15120308101177216,False
100,45,330,0.17526713013648987,False
100,45,335,0.12056045234203339,False
100,45,340,0.08003634214401245,False
100,45,345,0.14426209032535553,False
100,45,350,0.09640511870384216,False
100,45,355,0.09149117767810822,False
100,45,360,0.1265890747308731,False
100,45,365,0.16019299626350403,False
100,45,370,0.20139558613300323,False
100,45,375,0.2688330113887787,False
100,45,380,0.13745945692062378,False
100,45,385,0.1842142641544342,False
100,45,390,0.12609031796455383,False
100,45,395,0.23094616830348969,False
100,45,400,0.212759867310524,False
100,45,405,0.20699970424175262,False
100,46,10,0.05260321497917175,False
100,46,15,0.09206132590770721,False
100,46,20,0.1618911325931549,False
100,46,25,0.12995924055576324,False
100,46,30,0.1182575449347496,False
100,46,35,0.2719186842441559,False
100,46,40,0.20672349631786346,False
100,46,45,0.1253715306520462,False
100,46,50,0.23775693774223328,False
100,46,55,0.31024184823036194,False
100,46,60,0.190365731716156,False
100,46,65,0.19032911956310272,False
100,46,70,0.05607622116804123,False
100,46,75,0.06889015436172485,False
100,46,80,0.1351626217365265,False
100,46,85,0.11189588904380798,False
100,46,90,0.22538773715496063,False
100,46,95,0.34022605419158936,False
100,46,100,0.09979438036680222,False
100,46,105,0.07384984195232391,False
100,46,110,0.06466861814260483,False
100,46,115,0.22965440154075623,False
100,46,120,0.11034448444843292,False
100,46,125,0.08657129108905792,False
100,46,130,0.08494923263788223,False
100,46,135,0.042223259806632996,False
100,46,140,0.15653230249881744,False
100,46,145,0.18676891922950745,False
100,46,150,0.11258599162101746,False
100,46,155,0.21909122169017792,False
100,46,160,0.15732882916927338,False
100,46,165,0.1945182830095291,False
100,46,170,0.10636820644140244,False
100,46,175,0.05298232287168503,False
100,46,180,0.12466516345739365,False
100,46,185,0.08601576834917068,False
100,46,190,0.08641918003559113,False
100,46,195,0.03384775295853615,False
100,46,200,0.12438543140888214,False
100,46,205,0.07675053924322128,False
100,46,210,0.05019020289182663,False
100,46,215,0.11956950277090073,False
100,46,220,0.1091662123799324,False
100,46,225,0.13534829020500183,False
100,46,230,0.2558382749557495,False
100,46,235,0.09055075794458389,False
100,46,240,0.0611547976732254,False
100,46,245,0.19620968401432037,False
100,46,250,0.08909626305103302,False
100,46,255,0.05261143669486046,False
100,46,260,0.12629805505275726,False
100,46,265,0.17398270964622498,False
100,46,270,0.11815212666988373,False
100,46,275,0.0992823913693428,False
100,46,280,0.11079903692007065,False
100,46,285,0.09828455001115799,False
100,46,290,0.03156941011548042,False
100,46,295,0.04925409331917763,False
100,46,300,0.10610324889421463,False
100,46,305,0.11006912589073181,False
100,46,310,0.14331167936325073,False
100,46,315,0.1287318766117096,False
100,46,320,0.11638358235359192,False
100,46,325,0.06415550410747528,False
100,46,330,0.03826166316866875,False
100,46,335,0.08959438651800156,False
100,46,340,0.264819860458374,False
100,46,345,0.10490972548723221,False
100,46,350,0.2437008023262024,False
100,46,355,0.1709117293357849,False
100,46,360,0.07166129350662231,False
100,46,365,0.09956902265548706,False
100,46,370,0.055924203246831894,False
100,46,375,0.1783641129732132,False
100,46,380,0.1164315715432167,False
100,46,385,0.22270090878009796,False
100,46,390,0.09936447441577911,False
100,46,395,0.062396831810474396,False
100,46,400,0.1369064748287201,False
100,46,405,0.03864866867661476,False
100,47,10,0.11244466155767441,False
100,47,15,0.15780963003635406,False
100,47,20,0.19500823318958282,False
100,47,25,0.08581039309501648,False
100,47,30,0.22830958664417267,False
100,47,35,0.14332635700702667,False
100,47,40,0.2620856463909149,False
100,47,45,0.2557368576526642,False
100,47,50,0.2000928819179535,False
100,47,55,0.3453073501586914,False
100,47,60,0.16214217245578766,False
100,47,65,0.10057771950960159,False
100,47,70,0.09734462201595306,False
100,47,75,0.16211451590061188,False
100,47,80,0.18678206205368042,False
100,47,85,0.31681185960769653,False
100,47,90,0.09662836045026779,False
100,47,95,0.25822436809539795,False
100,47,100,0.19796626269817352,False
100,47,105,0.13556860387325287,False
100,47,110,0.13511791825294495,False
100,47,115,0.20780186355113983,False
100,47,120,0.23890341818332672,False
100,47,125,0.19368918240070343,False
100,47,130,0.15228509902954102,False
100,47,135,0.08726070076227188,False
100,47,140,0.29134753346443176,False
100,47,145,0.16965536773204803,False
100,47,150,0.20000746846199036,False
100,47,155,0.17503459751605988,False
100,47,160,0.05802113190293312,False
100,47,165,0.19493213295936584,False
100,47,170,0.1749984622001648,False
100,47,175,0.8548888564109802,False
100,47,180,0.1991242617368698,False
100,47,185,0.1652456670999527,False
100,47,190,0.1524992734193802,False
100,47,195,0.26829686760902405,False
100,47,200,0.21219506859779358,False
100,47,205,0.1900264471769333,False
100,47,210,0.18784932792186737,False
100,47,215,0.1206086277961731,False
100,47,220,0.16652564704418182,False
100,47,225,0.13557292520999908,False
100,47,230,0.12416864186525345,False
100,47,235,0.12123473733663559,False
100,47,240,0.1719595044851303,False
100,47,245,0.12109951674938202,False
100,47,250,0.19032147526741028,False
100,47,255,0.11506667733192444,False
100,47,260,0.13534800708293915,False
100,47,265,0.12740564346313477,False
100,47,270,0.10570359230041504,False
100,47,275,0.10887319594621658,False
100,47,280,0.8355963826179504,False
100,47,285,0.10112988203763962,False
100,47,290,0.02443966642022133,False
100,47,295,0.048633985221385956,False
100,47,300,0.06691095232963562,False
100,47,305,0.11453249305486679,False
100,47,310,0.1624118983745575,False
100,47,315,0.0858573243021965,False
100,47,320,0.11062178760766983,False
100,47,325,0.2394445836544037,False
100,47,330,0.20279856026172638,False
100,47,335,0.0820007473230362,False
100,47,340,0.1607210338115692,False
100,47,345,0.24906262755393982,False
100,47,350,0.08616794645786285,False
100,47,355,0.14772383868694305,False
100,47,360,0.1934274137020111,False
100,47,365,0.0489095002412796,False
100,47,370,0.06335355341434479,False
100,47,375,0.025388965383172035,False
100,47,380,0.07313544303178787,False
100,47,385,0.06598283350467682,False
100,47,390,0.07130949944257736,False
100,47,395,0.022740261629223824,False
100,47,400,0.08651936799287796,False
100,47,405,0.11130838096141815,False
100,48,10,0.08411674201488495,False
100,48,15,0.0702093169093132,False
100,48,20,0.17305904626846313,False
100,48,25,0.09048029780387878,False
100,48,30,0.1222439780831337,False
100,48,35,0.14878594875335693,False
100,48,40,0.25312432646751404,False
100,48,45,0.09145121276378632,False
100,48,50,0.21246059238910675,False
100,48,55,0.4527931809425354,False
100,48,60,0.2322843372821808,False
100,48,65,0.14168713986873627,False
100,48,70,0.07283161580562592,False
100,48,75,0.07182658463716507,False
100,48,80,0.11275871843099594,False
100,48,85,0.1074972152709961,False
100,48,90,0.1714877039194107,False
100,48,95,0.24364985525608063,False
100,48,100,0.14513137936592102,False
100,48,105,0.23893623054027557,False
100,48,110,0.23893262445926666,False
100,48,115,0.3318341374397278,False
100,48,120,0.28095871210098267,False
100,48,125,0.09313666820526123,False
100,48,130,0.8133377432823181,False
100,48,135,0.09379781037569046,False
100,48,140,0.07778171449899673,False
100,48,145,0.13290506601333618,False
100,48,150,0.23001796007156372,False
100,48,155,0.25100940465927124,False
100,48,160,0.11003988236188889,False
100,48,165,0.07014188915491104,False
100,48,170,0.15210896730422974,False
100,48,175,0.051386479288339615,False
100,48,180,0.109066903591156,False
100,48,185,0.12174054980278015,False
100,48,190,0.8554067611694336,False
100,48,195,0.03468810021877289,False
100,48,200,0.0861329436302185,False
100,48,205,0.0833677127957344,False
100,48,210,0.03673025965690613,False
100,48,215,0.11218208819627762,False
100,48,220,0.08824040740728378,False
100,48,225,0.14200960099697113,False
100,48,230,0.0723920688033104,False
100,48,235,0.11470020562410355,False
100,48,240,0.0811234638094902,False
100,48,245,0.10511748492717743,False
100,48,250,0.08944585174322128,False
100,48,255,0.044832099229097366,False
100,48,260,0.08154039084911346,False
100,48,265,0.08061199635267258,False
100,48,270,0.08950162678956985,False
100,48,275,0.058977555483579636,False
100,48,280,0.05915192887187004,False
100,48,285,0.14963901042938232,False
100,48,290,0.0955149307847023,False
100,48,295,0.1297515630722046,False
100,48,300,0.1652471125125885,False
100,48,305,0.1301717460155487,False
100,48,310,0.18834376335144043,False
100,48,315,0.013790002092719078,False
100,48,320,0.11721587926149368,False
100,48,325,0.05909200757741928,False
100,48,330,0.08676168322563171,False
100,48,335,0.10331641882658005,False
100,48,340,0.09786494821310043,False
100,48,345,0.1266406774520874,False
100,48,350,0.11945191025733948,False
100,48,355,0.06944014877080917,False
100,48,360,0.26459503173828125,False
100,48,365,0.43859463930130005,False
100,48,370,0.2456519454717636,False
100,48,375,0.17719362676143646,False
100,48,380,0.4449418783187866,False
100,48,385,0.3791292607784271,False
100,48,390,0.16642889380455017,False
100,48,395,0.2937331795692444,False
100,48,400,0.12880338728427887,False
100,48,405,0.1997986137866974,False
100,49,10,0.11704576015472412,False
100,49,15,0.11091341078281403,False
100,49,20,0.1775408387184143,False
100,49,25,0.12845271825790405,False
100,49,30,0.09834931790828705,False
100,49,35,0.19310402870178223,False
100,49,40,0.2918260395526886,False
100,49,45,0.2833370566368103,False
100,49,50,0.39706483483314514,False
100,49,55,0.3735591471195221,False
100,49,60,0.1619388908147812,False
100,49,65,0.13453629612922668,False
100,49,70,0.09303376078605652,False
100,49,75,0.09751133620738983,False
100,49,80,0.15980568528175354,False
100,49,85,0.12099320441484451,False
100,49,90,0.18546472489833832,False
100,49,95,0.24123021960258484,False
100,49,100,0.1402011215686798,False
100,49,105,0.035692453384399414,False
100,49,110,0.1307184398174286,False
100,49,115,0.22989854216575623,False
100,49,120,0.17094367742538452,False
100,49,125,0.17989638447761536,False
100,49,130,0.1440555900335312,False
100,49,135,0.05917154252529144,False
100,49,140,0.12180300056934357,False
100,49,145,0.09604015946388245,False
100,49,150,0.1959889531135559,False
100,49,155,0.2146291583776474,False
100,49,160,0.09790685027837753,False
100,49,165,0.26021671295166016,False
100,49,170,0.3059682250022888,False
100,49,175,0.44738876819610596,False
100,49,180,0.35528138279914856,False
100,49,185,0.4961985647678375,False
100,49,190,0.37629935145378113,False
100,49,195,0.47630271315574646,False
100,49,200,0.26199790835380554,False
100,49,205,0.3273155987262726,False
100,49,210,0.485671728849411,False
100,49,215,0.3307575285434723,False
100,49,220,0.27487680315971375,False
100,49,225,0.2575335204601288,False
100,49,230,0.4396319091320038,False
100,49,235,0.3810079097747803,False
100,49,240,0.3285105526447296,False
100,49,245,0.4084397852420807,False
100,49,250,0.4231107532978058,False
100,49,255,0.5838799476623535,False
100,49,260,0.1974494755268097,False
100,49,265,0.5347200036048889,False
100,49,270,0.25763165950775146,False
100,49,275,0.1865159571170807,False
100,49,280,0.3341216444969177,False
100,49,285,0.04724806919693947,False
100,49,290,0.13008935749530792,False
100,49,295,0.04401887580752373,False
100,49,300,0.14327047765254974,False
100,49,305,0.04794327914714813,False
100,49,310,0.16161388158798218,False
100,49,315,0.159265398979187,False
100,49,320,0.19631512463092804,False
100,49,325,0.38138070702552795,False
100,49,330,0.1933538168668747,False
100,49,335,0.23860126733779907,False
100,49,340,0.23279915750026703,False
100,49,345,0.36058270931243896,False
100,49,350,0.1247730627655983,False
100,49,355,0.28656256198883057,False
100,49,360,0.23102886974811554,False
100,49,365,0.2622627913951874,False
100,49,370,0.21564218401908875,False
100,49,375,0.26413047313690186,False
100,49,380,0.3127877116203308,False
100,49,385,0.19503231346607208,False
100,49,390,0.15398943424224854,False
100,49,395,0.29045796394348145,False
100,49,400,0.07118197530508041,False
100,49,405,0.1995307058095932,False
200,0,10,0.051658619195222855,False
200,0,15,0.0780567079782486,False
200,0,20,0.08999049663543701,False
200,0,25,0.03790779039263725,False
200,0,30,0.12953385710716248,False
200,0,35,0.44136843085289,False
200,0,40,0.18484729528427124,False
200,0,45,0.11238683760166168,False
200,0,50,0.16224774718284607,False
200,0,55,0.13949865102767944,False
200,0,60,0.07889566570520401,False
200,0,65,0.03742112219333649,False
200,0,70,0.14255861937999725,False
200,0,75,0.06411668658256531,False
200,0,80,0.06568178534507751,False
200,0,85,0.07441747933626175,False
200,0,90,0.06451670825481415,False
200,0,95,0.15066252648830414,False
200,0,100,0.06133447214961052,False
200,0,105,0.03141477331519127,False
200,0,110,0.03834794461727142,False
200,0,115,0.07755295187234879,False
200,0,120,0.10403160750865936,False
200,0,125,0.07997786998748779,False
200,0,130,0.04126739874482155,False
200,0,135,0.07727868854999542,False
200,0,140,0.02523355558514595,False
200,0,145,0.03870134428143501,False
200,0,150,0.049267664551734924,False
200,0,155,0.030423825606703758,False
200,0,160,0.0444369874894619,False
200,0,165,0.14095385372638702,False
200,0,170,0.0842980295419693,False
200,0,175,0.040624093264341354,False
200,0,180,0.14403079450130463,False
200,0,185,0.07804763317108154,False
200,0,190,0.085243821144104,False
200,0,195,0.029757438227534294,False
200,0,200,0.06604927033185959,False
200,0,205,0.07321622967720032,False
200,0,210,0.06387902796268463,False
200,0,215,0.10079175978899002,False
200,0,220,0.11283604055643082,False
200,0,225,0.07620071619749069,False
200,0,230,0.0710863247513771,False
200,0,235,0.060314834117889404,False
200,0,240,0.17707525193691254,False
200,0,245,0.11170200258493423,False
200,0,250,0.21556562185287476,False
200,0,255,0.1590050309896469,False
200,0,260,0.23465175926685333,False
200,0,265,0.18201909959316254,False
200,0,270,0.29302746057510376,False
200,0,275,0.13740402460098267,False
200,0,280,0.2897092401981354,False
200,0,285,0.16272644698619843,False
200,0,290,0.18066085875034332,False
200,0,295,0.29412344098091125,False
200,0,300,0.16341178119182587,False
200,0,305,0.20426273345947266,False
200,0,310,0.26019883155822754,False
200,0,315,0.1300855427980423,False
200,0,320,0.2239055037498474,False
200,0,325,0.18276649713516235,False
200,0,330,0.11170132458209991,False
200,0,335,0.08732973039150238,False
200,0,340,0.4015781283378601,False
200,0,345,0.2134355902671814,False
200,0,350,0.2804703414440155,False
200,0,355,0.057597000151872635,False
200,0,360,0.0838015154004097,False
200,0,365,0.04816547781229019,False
200,0,370,0.20412763953208923,False
200,0,375,0.273670494556427,False
200,0,380,0.31318199634552,False
200,0,385,0.13051827251911163,False
200,0,390,0.19218136370182037,False
200,0,395,0.04766801372170448,False
200,0,400,0.3208983242511749,False
200,0,405,0.6048793792724609,False
200,1,10,0.06690789759159088,False
200,1,15,0.12101966887712479,False
200,1,20,0.11673454940319061,False
200,1,25,0.1118665486574173,False
200,1,30,0.12050916254520416,False
200,1,35,0.1868119090795517,False
200,1,40,0.18912899494171143,False
200,1,45,0.18670333921909332,False
200,1,50,0.24696733057498932,False
200,1,55,0.3281721770763397,False
200,1,60,0.15754419565200806,False
200,1,65,0.17570073902606964,False
200,1,70,0.117401622235775,False
200,1,75,0.17998409271240234,False
200,1,80,0.13028915226459503,False
200,1,85,0.07359648495912552,False
200,1,90,0.04683734476566315,False
200,1,95,0.09527566283941269,False
200,1,100,0.047703396528959274,False
200,1,105,0.211147740483284,False
200,1,110,0.09363770484924316,False
200,1,115,0.15976615250110626,False
200,1,120,0.13099712133407593,False
200,1,125,0.15732602775096893,False
200,1,130,0.18967187404632568,False
200,1,135,0.13464418053627014,False
200,1,140,0.1914956420660019,False
200,1,145,0.09974256157875061,False
200,1,150,0.24060197174549103,False
200,1,155,0.08880525827407837,False
200,1,160,0.2894871234893799,False
200,1,165,0.1399696320295334,False
200,1,170,0.09481380879878998,False
200,1,175,0.2447897493839264,False
200,1,180,0.28603723645210266,False
200,1,185,0.11482919752597809,False
200,1,190,0.10996729135513306,False
200,1,195,0.08591918647289276,False
200,1,200,0.12468388676643372,False
200,1,205,0.18962916731834412,False
200,1,210,0.06818942725658417,False
200,1,215,0.24611994624137878,False
200,1,220,0.0973651260137558,False
200,1,225,0.09097695350646973,False
200,1,230,0.09613383561372757,False
200,1,235,0.22667717933654785,False
200,1,240,0.18291863799095154,False
200,1,245,0.17687124013900757,False
200,1,250,0.1254812330007553,False
200,1,255,0.16139987111091614,False
200,1,260,0.33621007204055786,False
200,1,265,0.29138901829719543,False
200,1,270,0.061745740473270416,False
200,1,275,0.035667534917593,False
200,1,280,0.05845814570784569,False
200,1,285,0.14744240045547485,False
200,1,290,0.17662784457206726,False
200,1,295,0.32552778720855713,False
200,1,300,0.14977610111236572,False
200,1,305,0.13401742279529572,False
200,1,310,0.19850358366966248,False
200,1,315,0.14818516373634338,False
200,1,320,0.10698692500591278,False
200,1,325,0.16834352910518646,False
200,1,330,0.05416836962103844,False
200,1,335,0.06346694380044937,False
200,1,340,0.10106591135263443,False
200,1,345,0.07051245123147964,False
200,1,350,0.14799264073371887,False
200,1,355,1.9065097570419312,False
200,1,360,0.07319707423448563,False
200,1,365,0.10562027245759964,False
200,1,370,0.026213467121124268,False
200,1,375,0.07200492173433304,False
200,1,380,0.04453784227371216,False
200,1,385,0.12977397441864014,False
200,1,390,0.16920951008796692,False
200,1,395,0.1029348149895668,False
200,1,400,0.1523023545742035,False
200,1,405,0.274126797914505,False
200,2,10,0.040054094046354294,False
200,2,15,0.1637258231639862,False
200,2,20,0.09078983217477798,False
200,2,25,0.22925716638565063,False
200,2,30,0.16863438487052917,False
200,2,35,0.2699703872203827,False
200,2,40,0.31796300411224365,False
200,2,45,0.14833161234855652,False
200,2,50,0.10419479012489319,False
200,2,55,0.10621722042560577,False
200,2,60,0.057863183319568634,False
200,2,65,0.04546387493610382,False
200,2,70,0.07692956924438477,False
200,2,75,0.05321764200925827,False
200,2,80,0.09830545634031296,False
200,2,85,1.4295287132263184,False
200,2,90,0.10102031379938126,False
200,2,95,0.15653583407402039,False
200,2,100,0.023120982572436333,False
200,2,105,0.043378088623285294,False
200,2,110,0.04930625110864639,False
200,2,115,0.11751727014780045,False
200,2,120,0.10955245792865753,False
200,2,125,0.08767562359571457,False
200,2,130,0.08328469097614288,False
200,2,135,0.18293531239032745,False
200,2,140,0.07491681724786758,False
200,2,145,0.10379976034164429,False
200,2,150,0.11652316898107529,False
200,2,155,0.12220628559589386,False
200,2,160,0.2581245005130768,False
200,2,165,0.2453235238790512,False
200,2,170,0.2593040466308594,False
200,2,175,0.09829790145158768,False
200,2,180,0.08364592492580414,False
200,2,185,0.1807609349489212,False
200,2,190,0.024271968752145767,False
200,2,195,0.07359248399734497,False
200,2,200,0.08899664878845215,False
200,2,205,0.050309453159570694,False
200,2,210,0.20264989137649536,False
200,2,215,0.11069715023040771,False
200,2,220,0.1131892204284668,False
200,2,225,0.10693684965372086,False
200,2,230,0.1546781063079834,False
200,2,235,0.21838001906871796,False
200,2,240,0.1352630853652954,False
200,2,245,0.17026618123054504,False
200,2,250,0.06559491157531738,False
200,2,255,0.21652252972126007,False
200,2,260,0.05151597037911415,False
200,2,265,0.11898694187402725,False
200,2,270,0.05862487852573395,False
200,2,275,0.05365028604865074,False
200,2,280,0.06689102947711945,False
200,2,285,0.09102533012628555,False
200,2,290,0.04721834510564804,False
200,2,295,0.040714140981435776,False
200,2,300,0.04946822300553322,False
200,2,305,0.09094947576522827,False
200,2,310,0.09681075066328049,False
200,2,315,0.09686709195375443,False
200,2,320,0.108884297311306,False
200,2,325,0.08414050191640854,False
200,2,330,0.05926906317472458,False
200,2,335,0.11674857139587402,False
200,2,340,0.1630481630563736,False
200,2,345,0.14444924890995026,False
200,2,350,0.12580350041389465,False
200,2,355,0.16789621114730835,False
200,2,360,0.15940311551094055,False
200,2,365,0.17643670737743378,False
200,2,370,0.08413141965866089,False
200,2,375,0.08409621566534042,False
200,2,380,0.15787553787231445,False
200,2,385,0.04086316004395485,False
200,2,390,0.12295806407928467,False
200,2,395,0.08963188529014587,False
200,2,400,0.059751447290182114,False
200,2,405,0.22122077643871307,False
200,3,10,0.0845576599240303,False
200,3,15,0.24080266058444977,False
200,3,20,0.1466725915670395,False
200,3,25,0.12231168895959854,False
200,3,30,0.28936007618904114,False
200,3,35,0.16593793034553528,False
200,3,40,0.1802884191274643,False
200,3,45,0.14660213887691498,False
200,3,50,0.017300382256507874,False
200,3,55,0.057623401284217834,False
200,3,60,0.06709057092666626,False
200,3,65,0.04474405199289322,False
200,3,70,0.11182530969381332,False
200,3,75,0.12523360550403595,False
200,3,80,0.1221475824713707,False
200,3,85,0.04854834824800491,False
200,3,90,0.15593110024929047,False
200,3,95,0.12679588794708252,False
200,3,100,0.028440432623028755,False
200,3,105,0.06849674135446548,False
200,3,110,0.05805109813809395,False
200,3,115,0.2782883942127228,False
200,3,120,0.262387752532959,False
200,3,125,0.16590963304042816,False
200,3,130,0.046630602329969406,False
200,3,135,0.07261820882558823,False
200,3,140,0.16962820291519165,False
200,3,145,0.13568967580795288,False
200,3,150,0.2686207890510559,False
200,3,155,0.08578934520483017,False
200,3,160,0.11736976355314255,False
200,3,165,0.08224811404943466,False
200,3,170,0.08465681970119476,False
200,3,175,0.12422680109739304,False
200,3,180,0.02457977458834648,False
200,3,185,0.046028632670640945,False
200,3,190,0.03924333304166794,False
200,3,195,0.04646617919206619,False
200,3,200,0.0643620491027832,False
200,3,205,0.062256794422864914,False
200,3,210,0.07201271504163742,False
200,3,215,0.06383682042360306,False
200,3,220,0.087260402739048,False
200,3,225,0.09076248109340668,False
200,3,230,0.13145232200622559,False
200,3,235,0.149788960814476,False
200,3,240,0.20834146440029144,False
200,3,245,0.058250147849321365,False
200,3,250,0.13177019357681274,False
200,3,255,0.0576518215239048,False
200,3,260,0.10975199937820435,False
200,3,265,0.05798136070370674,False
200,3,270,0.05777186527848244,False
200,3,275,0.04243532940745354,False
200,3,280,0.0695311427116394,False
200,3,285,0.14254841208457947,False
200,3,290,0.02197556011378765,False
200,3,295,0.09589066356420517,False
200,3,300,0.21113207936286926,False
200,3,305,0.09929648041725159,False
200,3,310,0.11870963871479034,False
200,3,315,0.08624427765607834,False
200,3,320,0.21222175657749176,False
200,3,325,0.1299174427986145,False
200,3,330,0.0952710434794426,False
200,3,335,0.06690008193254471,False
200,3,340,0.12220127135515213,False
200,3,345,0.35115179419517517,False
200,3,350,0.27054986357688904,False
200,3,355,0.48168373107910156,False
200,3,360,0.08181672543287277,False
200,3,365,0.031622402369976044,False
200,3,370,0.1202179342508316,False
200,3,375,0.20304788649082184,False
200,3,380,0.09715336561203003,False
200,3,385,0.166174054145813,False
200,3,390,0.16329152882099152,False
200,3,395,0.1832679808139801,False
200,3,400,0.3000407814979553,False
200,3,405,0.3141710162162781,False
200,4,10,0.03149030730128288,False
200,4,15,0.05175502598285675,False
200,4,20,0.11207004636526108,False
200,4,25,0.0521366149187088,False
200,4,30,0.10232273489236832,False
200,4,35,0.4110913872718811,False
200,4,40,0.24567362666130066,False
200,4,45,0.2416563630104065,False
200,4,50,0.15599998831748962,False
200,4,55,0.20374436676502228,False
200,4,60,0.12034143507480621,False
200,4,65,0.11756254732608795,False
200,4,70,0.15014764666557312,False
200,4,75,0.19364282488822937,False
200,4,80,0.14792518317699432,False
200,4,85,0.055700309574604034,False
200,4,90,0.03200257942080498,False
200,4,95,0.16541704535484314,False
200,4,100,0.07983560115098953,False
200,4,105,0.07350017875432968,False
200,4,110,0.04592466726899147,False
200,4,115,0.04727113991975784,False
200,4,120,0.08499584347009659,False
200,4,125,0.05373801290988922,False
200,4,130,0.06875233352184296,False
200,4,135,0.07862193137407303,False
200,4,140,0.1237463504076004,False
200,4,145,0.029953228309750557,False
200,4,150,0.014448917470872402,False
200,4,155,0.08438564836978912,False
200,4,160,0.07750755548477173,False
200,4,165,0.0608503632247448,False
200,4,170,0.034337811172008514,False
200,4,175,0.048360470682382584,False
200,4,180,0.14906705915927887,False
200,4,185,0.06869595497846603,False
200,4,190,0.03842326998710632,False
200,4,195,0.03868097811937332,False
200,4,200,0.06394150108098984,False
200,4,205,0.03377725929021835,False
200,4,210,0.039216648787260056,False
200,4,215,0.09025824815034866,False
200,4,220,0.05212341994047165,False
200,4,225,0.0315820574760437,False
200,4,230,0.09978856891393661,False
200,4,235,0.07511579990386963,False
200,4,240,0.05064084380865097,False
200,4,245,0.04530937597155571,False
200,4,250,0.04952866584062576,False
200,4,255,0.16684089601039886,False
200,4,260,0.04465768113732338,False
200,4,265,0.05025952681899071,False
200,4,270,0.07887980341911316,False
200,4,275,0.07645764946937561,False
200,4,280,0.14764773845672607,False
200,4,285,0.049318525940179825,False
200,4,290,0.059543296694755554,False
200,4,295,0.037801992148160934,False
200,4,300,0.06324838101863861,False
200,4,305,0.04526746645569801,False
200,4,310,0.04436745494604111,False
200,4,315,0.08639022707939148,False
200,4,320,0.1484977751970291,False
200,4,325,0.18063686788082123,False
200,4,330,0.07625523209571838,False
200,4,335,0.19102777540683746,False
200,4,340,0.15841582417488098,False
200,4,345,0.11108570545911789,False
200,4,350,0.12334536761045456,False
200,4,355,0.24610067903995514,False
200,4,360,0.16277433931827545,False
200,4,365,0.2528010308742523,False
200,4,370,0.2974421977996826,False
200,4,375,0.18201233446598053,False
200,4,380,0.16008974611759186,False
200,4,385,0.27324581146240234,False
200,4,390,0.13217464089393616,False
200,4,395,0.30709120631217957,False
200,4,400,0.2079625427722931,False
200,4,405,0.30175650119781494,False
200,5,10,0.05889473855495453,False
200,5,15,0.08563121408224106,False
200,5,20,0.10080274939537048,False
200,5,25,0.049039166420698166,False
200,5,30,0.10849104821681976,False
200,5,35,0.34279340505599976,False
200,5,40,0.1601140797138214,False
200,5,45,0.15996317565441132,False
200,5,50,0.12361443787813187,False
200,5,55,0.22534754872322083,False
200,5,60,0.1498345285654068,False
200,5,65,0.07631819695234299,False
200,5,70,0.23522348701953888,False
200,5,75,0.11209636181592941,False
200,5,80,0.051470015197992325,False
200,5,85,0.13610056042671204,False
200,5,90,0.11763116717338562,False
200,5,95,0.04090672731399536,False
200,5,100,0.06062661483883858,False
200,5,105,0.037947963923215866,False
200,5,110,0.049355581402778625,False
200,5,115,0.09961753338575363,False
200,5,120,0.14635270833969116,False
200,5,125,0.12435716390609741,False
200,5,130,0.03990861028432846,False
200,5,135,0.0427832305431366,False
200,5,140,0.051748380064964294,False
200,5,145,0.07121966779232025,False
200,5,150,0.11533346772193909,False
200,5,155,0.08186700940132141,False
200,5,160,0.09902078658342361,False
200,5,165,0.14095427095890045,False
200,5,170,0.10318087786436081,False
200,5,175,0.09556151926517487,False
200,5,180,0.10599568486213684,False
200,5,185,0.08393125981092453,False
200,5,190,0.04821136221289635,False
200,5,195,0.04031349718570709,False
200,5,200,0.06939282268285751,False
200,5,205,0.07836522907018661,False
200,5,210,0.08816172182559967,False
200,5,215,0.05911184474825859,False
200,5,220,0.09986186772584915,False
200,5,225,0.03773682937026024,False
200,5,230,0.0811622142791748,False
200,5,235,0.08811523020267487,False
200,5,240,0.039476580917835236,False
200,5,245,0.067383773624897,False
200,5,250,0.037373512983322144,False
200,5,255,0.10260741412639618,False
200,5,260,0.08697545528411865,False
200,5,265,0.057650964707136154,False
200,5,270,0.03158911317586899,False
200,5,275,0.017913000658154488,False
200,5,280,0.05979461222887039,False
200,5,285,0.045744072645902634,False
200,5,290,0.03603833168745041,False
200,5,295,0.02857978269457817,False
200,5,300,0.03683308884501457,False
200,5,305,0.16836601495742798,False
200,5,310,0.1167578399181366,False
200,5,315,0.18343545496463776,False
200,5,320,0.30251047015190125,False
200,5,325,0.24942275881767273,False
200,5,330,0.09416090697050095,False
200,5,335,0.23407354950904846,False
200,5,340,0.2299921214580536,False
200,5,345,0.10354210436344147,False
200,5,350,0.15814727544784546,False
200,5,355,0.3072478771209717,False
200,5,360,0.10062570869922638,False
200,5,365,0.2869926691055298,False
200,5,370,0.16688819229602814,False
200,5,375,0.11536292731761932,False
200,5,380,0.33030906319618225,False
200,5,385,0.15770836174488068,False
200,5,390,0.27824392914772034,False
200,5,395,0.23376908898353577,False
200,5,400,0.24712848663330078,False
200,5,405,0.4791918396949768,False
200,6,10,0.12168064713478088,False
200,6,15,0.11107812076807022,False
200,6,20,0.11210363358259201,False
200,6,25,0.06472492218017578,False
200,6,30,0.20630410313606262,False
200,6,35,0.3058028221130371,False
200,6,40,0.3138329088687897,False
200,6,45,0.2431916743516922,False
200,6,50,0.08131488412618637,False
200,6,55,0.23677657544612885,False
200,6,60,0.15493722259998322,False
200,6,65,0.09004633873701096,False
200,6,70,0.3358595073223114,False
200,6,75,0.12336622178554535,False
200,6,80,0.14054957032203674,False
200,6,85,0.8352224230766296,False
200,6,90,0.15048694610595703,False
200,6,95,0.15841788053512573,False
200,6,100,0.3025750517845154,False
200,6,105,0.3153594136238098,False
200,6,110,0.1179017424583435,False
200,6,115,0.10280993580818176,False
200,6,120,0.0668468251824379,False
200,6,125,0.09774355590343475,False
200,6,130,0.08547815680503845,False
200,6,135,0.22169442474842072,False
200,6,140,0.09336905926465988,False
200,6,145,0.24868784844875336,False
200,6,150,0.11650267988443375,False
200,6,155,0.14241720736026764,False
200,6,160,0.12357918173074722,False
200,6,165,0.111784428358078,False
200,6,170,0.06046994403004646,False
200,6,175,0.6672313213348389,False
200,6,180,0.07532975822687149,False
200,6,185,0.04711981490254402,False
200,6,190,0.0881994292140007,False
200,6,195,0.05219833925366402,False
200,6,200,0.02493337169289589,False
200,6,205,0.0438472218811512,False
200,6,210,0.13470596075057983,False
200,6,215,0.12824499607086182,False
200,6,220,0.0478999949991703,False
200,6,225,0.0439351461827755,False
200,6,230,0.07909254729747772,False
200,6,235,0.12827658653259277,False
200,6,240,0.09013296663761139,False
200,6,245,0.09018920361995697,False
200,6,250,0.05248062312602997,False
200,6,255,0.05381395295262337,False
200,6,260,0.06557034701108932,False
200,6,265,0.06474420428276062,False
200,6,270,0.05261242762207985,False
200,6,275,0.0379193015396595,False
200,6,280,0.8601698279380798,False
200,6,285,0.04916108027100563,False
200,6,290,0.03833455592393875,False
200,6,295,0.09889481961727142,False
200,6,300,0.04814109578728676,False
200,6,305,0.05363212525844574,False
200,6,310,0.060710977762937546,False
200,6,315,0.08213169872760773,False
200,6,320,0.041951850056648254,False
200,6,325,0.01722012646496296,False
200,6,330,0.06693965196609497,False
200,6,335,0.1028982624411583,False
200,6,340,0.07698365300893784,False
200,6,345,0.06479811668395996,False
200,6,350,0.07910078763961792,False
200,6,355,0.05309293791651726,False
200,6,360,0.042935874313116074,False
200,6,365,0.12756499648094177,False
200,6,370,0.047345150262117386,False
200,6,375,0.046875983476638794,False
200,6,380,0.050137218087911606,False
200,6,385,0.042730215936899185,False
200,6,390,0.04475180059671402,False
200,6,395,0.10123974829912186,False
200,6,400,0.13250060379505157,False
200,6,405,0.05155406892299652,False
200,7,10,0.04347292333841324,False
200,7,15,0.09095770120620728,False
200,7,20,0.09600070863962173,False
200,7,25,0.03929439187049866,False
200,7,30,0.05767858028411865,False
200,7,35,0.37976521253585815,False
200,7,40,0.2505744397640228,False
200,7,45,0.22395570576190948,False
200,7,50,0.13451464474201202,False
200,7,55,0.24061183631420135,False
200,7,60,0.07979068160057068,False
200,7,65,0.08836007863283157,False
200,7,70,0.11478240042924881,False
200,7,75,0.06981565803289413,False
200,7,80,0.053913187235593796,False
200,7,85,0.05442788824439049,False
200,7,90,0.12682756781578064,False
200,7,95,0.13598017394542694,False
200,7,100,0.02552243322134018,False
200,7,105,0.0654679611325264,False
200,7,110,0.054783646017313004,False
200,7,115,0.07259271293878555,False
200,7,120,0.03889978677034378,False
200,7,125,0.09494335949420929,False
200,7,130,0.03651599958539009,False
200,7,135,0.06107936426997185,False
200,7,140,0.06887392699718475,False
200,7,145,0.0513005331158638,False
200,7,150,0.035677772015333176,False
200,7,155,0.06553829461336136,False
200,7,160,0.02826201543211937,False
200,7,165,0.07089965790510178,False
200,7,170,0.06994257122278214,False
200,7,175,0.03301353380084038,False
200,7,180,0.1147441640496254,False
200,7,185,0.035898607224226,False
200,7,190,0.023770608007907867,False
200,7,195,0.03746689483523369,False
200,7,200,0.0682893767952919,False
200,7,205,0.06646089255809784,False
200,7,210,0.037104085087776184,False
200,7,215,0.10530883073806763,False
200,7,220,0.058364324271678925,False
200,7,225,0.028871849179267883,False
200,7,230,0.0845232605934143,False
200,7,235,0.05840301886200905,False
200,7,240,0.1696789562702179,False
200,7,245,0.058934517204761505,False
200,7,250,0.10225860029459,False
200,7,255,0.11706379801034927,False
200,7,260,0.15582604706287384,False
200,7,265,0.05999761447310448,False
200,7,270,0.150141641497612,False
200,7,275,0.12943118810653687,False
200,7,280,0.14450301229953766,False
200,7,285,0.07253453880548477,False
200,7,290,0.0393608883023262,False
200,7,295,0.09573499113321304,False
200,7,300,0.05868102237582207,False
200,7,305,0.12215835601091385,False
200,7,310,0.13409720361232758,False
200,7,315,0.1985972672700882,False
200,7,320,0.1470462828874588,False
200,7,325,0.16722741723060608,False
200,7,330,0.07409889996051788,False
200,7,335,0.22299854457378387,False
200,7,340,0.19530338048934937,False
200,7,345,0.10186637192964554,False
200,7,350,0.05650802701711655,False
200,7,355,0.20628105103969574,False
200,7,360,0.09862946718931198,False
200,7,365,0.10717270523309708,False
200,7,370,0.15309670567512512,False
200,7,375,0.12387337535619736,False
200,7,380,0.2168668806552887,False
200,7,385,0.0931393951177597,False
200,7,390,0.23798857629299164,False
200,7,395,0.16855648159980774,False
200,7,400,0.07318528741598129,False
200,7,405,0.264676034450531,False
200,8,10,0.14376597106456757,False
200,8,15,0.06986856460571289,False
200,8,20,0.0901898592710495,False
200,8,25,0.17850375175476074,False
200,8,30,0.17300650477409363,False
200,8,35,0.14807358384132385,False
200,8,40,0.4744976758956909,False
200,8,45,0.16751599311828613,False
200,8,50,0.31859517097473145,False
200,8,55,0.525214672088623,False
200,8,60,0.08466226607561111,False
200,8,65,0.20816446840763092,False
200,8,70,0.06493689864873886,False
200,8,75,0.1257818341255188,False
200,8,80,0.30556824803352356,False
200,8,85,0.12441837787628174,False
200,8,90,0.06032814830541611,False
200,8,95,0.06371737271547318,False
200,8,100,0.13083119690418243,False
200,8,105,0.08571582287549973,False
200,8,110,0.07376047968864441,False
200,8,115,0.009875750169157982,False
200,8,120,0.036091674119234085,False
200,8,125,0.06640263646841049,False
200,8,130,0.10364792495965958,False
200,8,135,0.25646913051605225,False
200,8,140,0.40646836161613464,False
200,8,145,0.49177274107933044,False
200,8,150,0.6185993552207947,False
200,8,155,0.28626540303230286,False
200,8,160,0.07979068160057068,False
200,8,165,0.051626984030008316,False
200,8,170,1.2413917779922485,False
200,8,175,0.02932165190577507,False
200,8,180,1.9360084533691406,False
200,8,185,0.061740901321172714,False
200,8,190,0.12636739015579224,False
200,8,195,1.5763322114944458,False
200,8,200,1.5782325267791748,False
200,8,205,1.7269893884658813,False
200,8,210,0.04033869132399559,False
200,8,215,2.0146420001983643,False
200,8,220,1.6164923906326294,False
200,8,225,0.14893922209739685,False
200,8,230,0.23846566677093506,False
200,8,235,0.27958419919013977,False
200,8,240,0.32416030764579773,False
200,8,245,0.21219119429588318,False
200,8,250,0.20220308005809784,False
200,8,255,0.12758181989192963,False
200,8,260,0.08112552016973495,False
200,8,265,0.09306474030017853,False
200,8,270,0.30783212184906006,False
200,8,275,0.3460381031036377,False
200,8,280,0.18218471109867096,False
200,8,285,0.08601239323616028,False
200,8,290,0.18078163266181946,False
200,8,295,0.26938655972480774,False
200,8,300,0.2976362109184265,False
200,8,305,0.07568228244781494,False
200,8,310,0.19484512507915497,False
200,8,315,0.1282978057861328,False
200,8,320,0.12321998178958893,False
200,8,325,0.09684699028730392,False
200,8,330,0.11344446986913681,False
200,8,335,0.21924108266830444,False
200,8,340,0.17325341701507568,False
200,8,345,0.16319170594215393,False
200,8,350,0.12386439740657806,False
200,8,355,0.12434343993663788,False
200,8,360,0.2430180311203003,False
200,8,365,0.11575794965028763,False
200,8,370,0.0993650034070015,False
200,8,375,0.11081060022115707,False
200,8,380,0.08820699900388718,False
200,8,385,0.025717131793498993,False
200,8,390,0.12532375752925873,False
200,8,395,0.13266436755657196,False
200,8,400,0.11588551104068756,False
200,8,405,0.026510560885071754,False
200,9,10,0.047035202383995056,False
200,9,15,0.0420684739947319,False
200,9,20,0.13544057309627533,False
200,9,25,0.021321523934602737,False
200,9,30,0.12880395352840424,False
200,9,35,0.42607593536376953,False
200,9,40,0.31346946954727173,False
200,9,45,0.1993972361087799,False
200,9,50,0.1611463874578476,False
200,9,55,0.18910279870033264,False
200,9,60,0.16700196266174316,False
200,9,65,0.05519244074821472,False
200,9,70,0.12738744914531708,False
200,9,75,0.08313371986150742,False
200,9,80,0.10102325677871704,False
200,9,85,0.07924696058034897,False
200,9,90,0.04706834256649017,False
200,9,95,0.04760606214404106,False
200,9,100,0.016517387703061104,False
200,9,105,0.023356864228844643,False
200,9,110,0.04027288034558296,False
200,9,115,0.0844794437289238,False
200,9,120,0.06949882954359055,False
200,9,125,0.05534442141652107,False
200,9,130,0.06516112387180328,False
200,9,135,0.08805296570062637,False
200,9,140,0.026794325560331345,False
200,9,145,0.03978293389081955,False
200,9,150,0.0767199695110321,False
200,9,155,0.04790370166301727,False
200,9,160,0.05217500776052475,False
200,9,165,0.07971478998661041,False
200,9,170,0.04170633852481842,False
200,9,175,0.06292577087879181,False
200,9,180,0.20788738131523132,False
200,9,185,0.055698245763778687,False
200,9,190,0.045381490141153336,False
200,9,195,0.03139811009168625,False
200,9,200,0.1087278500199318,False
200,9,205,0.0826389491558075,False
200,9,210,0.056974250823259354,False
200,9,215,0.0805380716919899,False
200,9,220,0.13946175575256348,False
200,9,225,0.08275701105594635,False
200,9,230,0.10856595635414124,False
200,9,235,0.09650825709104538,False
200,9,240,0.13895055651664734,False
200,9,245,0.0914468839764595,False
200,9,250,0.20498937368392944,False
200,9,255,0.1703380048274994,False
200,9,260,0.2143486887216568,False
200,9,265,0.09602712094783783,False
200,9,270,0.20223332941532135,False
200,9,275,0.11759176105260849,False
200,9,280,0.06967899948358536,False
200,9,285,0.13799859583377838,False
200,9,290,0.1534992903470993,False
200,9,295,0.27856576442718506,False
200,9,300,0.21320827305316925,False
200,9,305,0.16754069924354553,False
200,9,310,0.2652037441730499,False
200,9,315,0.11809912323951721,False
200,9,320,0.11704932898283005,False
200,9,325,0.2789299190044403,False
200,9,330,0.14153766632080078,False
200,9,335,0.08353576064109802,False
200,9,340,0.06886397302150726,False
200,9,345,0.14222301542758942,False
200,9,350,0.21065309643745422,False
200,9,355,0.3892817795276642,False
200,9,360,0.1182696521282196,False
200,9,365,0.19587071239948273,False
200,9,370,0.11724051088094711,False
200,9,375,0.21635019779205322,False
200,9,380,0.19820384681224823,False
200,9,385,0.28123199939727783,False
200,9,390,0.28759071230888367,False
200,9,395,0.10633965581655502,False
200,9,400,0.3832762539386749,False
200,9,405,0.49735143780708313,False
200,10,10,0.09142306447029114,False
200,10,15,0.036019258201122284,False
200,10,20,0.12793441116809845,False
200,10,25,0.06528131663799286,False
200,10,30,0.13728824257850647,False
200,10,35,0.24950960278511047,False
200,10,40,0.21988901495933533,False
200,10,45,0.14209869503974915,False
200,10,50,0.1598234474658966,False
200,10,55,0.09836211055517197,False
200,10,60,0.21019098162651062,False
200,10,65,0.05549491569399834,False
200,10,70,0.05581364408135414,False
200,10,75,0.03592171147465706,False
200,10,80,0.026689428836107254,False
200,10,85,0.11176639050245285,False
200,10,90,0.04151131212711334,False
200,10,95,0.13820432126522064,False
200,10,100,0.06047118082642555,False
200,10,105,0.0206717848777771,False
200,10,110,0.020508496090769768,False
200,10,115,0.05570891499519348,False
200,10,120,0.046169713139534,False
200,10,125,0.03292692080140114,False
200,10,130,0.01885897107422352,False
200,10,135,0.045689910650253296,False
200,10,140,0.06595449149608612,False
200,10,145,0.009386982768774033,False
200,10,150,0.03215590491890907,False
200,10,155,0.07330923527479172,False
200,10,160,0.09365244954824448,False
200,10,165,0.05696557089686394,False
200,10,170,0.07442770153284073,False
200,10,175,0.049642980098724365,False
200,10,180,0.10789141058921814,False
200,10,185,0.019943784922361374,False
200,10,190,0.025514787063002586,False
200,10,195,0.05612138658761978,False
200,10,200,0.07067156583070755,False
200,10,205,0.09662460535764694,False
200,10,210,0.03153905272483826,False
200,10,215,0.03885821998119354,False
200,10,220,0.047336332499980927,False
200,10,225,0.03827432915568352,False
200,10,230,0.08620291948318481,False
200,10,235,0.06014570966362953,False
200,10,240,0.08848021924495697,False
200,10,245,0.06632940471172333,False
200,10,250,0.07031959295272827,False
200,10,255,0.11426963657140732,False
200,10,260,0.12057938426733017,False
200,10,265,0.0990218073129654,False
200,10,270,0.21201252937316895,False
200,10,275,0.08175399154424667,False
200,10,280,0.18093927204608917,False
200,10,285,0.11135920882225037,False
200,10,290,0.03368820995092392,False
200,10,295,0.058759916573762894,False
200,10,300,0.0644170343875885,False
200,10,305,0.14599211513996124,False
200,10,310,0.09582336992025375,False
200,10,315,0.13371582329273224,False
200,10,320,0.1605890542268753,False
200,10,325,0.20032736659049988,False
200,10,330,0.08790653198957443,False
200,10,335,0.199796661734581,False
200,10,340,0.2682501971721649,False
200,10,345,0.13250605762004852,False
200,10,350,0.14808394014835358,False
200,10,355,0.28757423162460327,False
200,10,360,0.10239586234092712,False
200,10,365,0.17011620104312897,False
200,10,370,0.16380035877227783,False
200,10,375,0.2016851156949997,False
200,10,380,0.1563548445701599,False
200,10,385,0.13604597747325897,False
200,10,390,0.18661940097808838,False
200,10,395,0.14572370052337646,False
200,10,400,0.1727713942527771,False
200,10,405,0.29822269082069397,False
200,11,10,0.07238607853651047,False
200,11,15,0.21260195970535278,False
200,11,20,0.17216429114341736,False
200,11,25,0.16247746348381042,False
200,11,30,0.36861759424209595,False
200,11,35,0.2054876983165741,False
200,11,40,0.1862878054380417,False
200,11,45,0.18338023126125336,False
200,11,50,0.06494370847940445,False
200,11,55,0.08585721254348755,False
200,11,60,0.0679512694478035,False
200,11,65,0.07535482943058014,False
200,11,70,0.13622841238975525,False
200,11,75,0.07976813614368439,False
200,11,80,0.14899522066116333,False
200,11,85,0.09717468172311783,False
200,11,90,0.09880366921424866,False
200,11,95,0.11567739397287369,False
200,11,100,0.04653108865022659,False
200,11,105,0.049313321709632874,False
200,11,110,0.043118543922901154,False
200,11,115,0.09064808487892151,False
200,11,120,0.11029978841543198,False
200,11,125,0.08789996057748795,False
200,11,130,0.05974497273564339,False
200,11,135,0.14126847684383392,False
200,11,140,0.12357712537050247,False
200,11,145,0.1497296541929245,False
200,11,150,0.05623071640729904,False
200,11,155,0.19107018411159515,False
200,11,160,0.1974252611398697,False
200,11,165,0.07540861517190933,False
200,11,170,0.17630189657211304,False
200,11,175,0.1648281365633011,False
200,11,180,0.10400550067424774,False
200,11,185,0.13028669357299805,False
200,11,190,0.06863225251436234,False
200,11,195,0.07304630428552628,False
200,11,200,0.10198613256216049,False
200,11,205,0.10400894284248352,False
200,11,210,0.17560815811157227,False
200,11,215,0.15185332298278809,False
200,11,220,0.07613848149776459,False
200,11,225,0.1604471653699875,False
200,11,230,0.11981571465730667,False
200,11,235,0.11477918177843094,False
200,11,240,0.1928577870130539,False
200,11,245,0.246005579829216,False
200,11,250,0.11298857629299164,False
200,11,255,0.13533911108970642,False
200,11,260,0.093070849776268,False
200,11,265,0.2320789247751236,False
200,11,270,0.2095736563205719,False
200,11,275,0.09137417376041412,False
200,11,280,0.10452970862388611,False
200,11,285,0.28150251507759094,False
200,11,290,0.0435643307864666,False
200,11,295,0.05614733323454857,False
200,11,300,0.051906924694776535,False
200,11,305,0.13794474303722382,False
200,11,310,0.19874463975429535,False
200,11,315,0.09384213387966156,False
200,11,320,0.09879381954669952,False
200,11,325,0.0761759951710701,False
200,11,330,0.09552278369665146,False
200,11,335,0.0645296648144722,False
200,11,340,0.10581780225038528,False
200,11,345,0.16003499925136566,False
200,11,350,0.1578492522239685,False
200,11,355,0.22512699663639069,False
200,11,360,0.22558647394180298,False
200,11,365,0.24592700600624084,False
200,11,370,0.19466349482536316,False
200,11,375,0.06978246569633484,False
200,11,380,0.1907682716846466,False
200,11,385,0.0873701423406601,False
200,11,390,0.13028079271316528,False
200,11,395,0.14719071984291077,False
200,11,400,0.07325782626867294,False
200,11,405,0.2078329175710678,False
200,12,10,0.14909683167934418,False
200,12,15,0.09939351677894592,False
200,12,20,0.17452646791934967,False
200,12,25,0.08497363328933716,False
200,12,30,0.2743856906890869,False
200,12,35,0.3416518568992615,False
200,12,40,0.24523450434207916,False
200,12,45,0.29663580656051636,False
200,12,50,0.27967315912246704,False
200,12,55,0.33048468828201294,False
200,12,60,0.23029522597789764,False
200,12,65,0.24305278062820435,False
200,12,70,0.12652698159217834,False
200,12,75,0.08212999999523163,False
200,12,80,0.15126855671405792,False
200,12,85,0.16671687364578247,False
200,12,90,0.1940630078315735,False
200,12,95,0.1263003796339035,False
200,12,100,0.10893573611974716,False
200,12,105,0.06802468746900558,False
200,12,110,0.060998186469078064,False
200,12,115,0.2435162365436554,False
200,12,120,0.09092433750629425,False
200,12,125,0.16678321361541748,False
200,12,130,0.22212651371955872,False
200,12,135,0.1702408641576767,False
200,12,140,0.05301802605390549,False
200,12,145,0.04430398717522621,False
200,12,150,0.15303359925746918,False
200,12,155,0.08415564894676208,False
200,12,160,0.05595601350069046,False
200,12,165,0.0549432709813118,False
200,12,170,0.024617478251457214,False
200,12,175,0.010089258663356304,False
200,12,180,0.18227611482143402,False
200,12,185,0.18585443496704102,False
200,12,190,0.14594030380249023,False
200,12,195,0.0335891991853714,False
200,12,200,0.10936303436756134,False
200,12,205,0.21118254959583282,False
200,12,210,0.3787597119808197,False
200,12,215,0.09985806047916412,False
200,12,220,0.2159459888935089,False
200,12,225,0.14536850154399872,False
200,12,230,0.10525161027908325,False
200,12,235,0.07143782079219818,False
200,12,240,0.05486832186579704,False
200,12,245,0.12200163304805756,False
200,12,250,0.10967592149972916,False
200,12,255,0.09535878151655197,False
200,12,260,0.052310142666101456,False
200,12,265,0.059566278010606766,False
200,12,270,0.053295034915208817,False
200,12,275,0.05430490896105766,False
200,12,280,0.09275991469621658,False
200,12,285,0.06751558929681778,False
200,12,290,0.07926936447620392,False
200,12,295,0.075437530875206,False
200,12,300,0.04826845973730087,False
200,12,305,0.054206255823373795,False
200,12,310,0.026737896725535393,False
200,12,315,0.06912925839424133,False
200,12,320,0.15009042620658875,False
200,12,325,0.3044866621494293,False
200,12,330,0.1956837922334671,False
200,12,335,0.3546963334083557,False
200,12,340,0.1950046271085739,False
200,12,345,0.46100521087646484,False
200,12,350,0.2476397156715393,False
200,12,355,0.2671820819377899,False
200,12,360,0.14522358775138855,False
200,12,365,0.19117377698421478,False
200,12,370,0.20487353205680847,False
200,12,375,0.12098138779401779,False
200,12,380,0.18106842041015625,False
200,12,385,0.06404301524162292,False
200,12,390,0.2146298736333847,False
200,12,395,0.11920446157455444,False
200,12,400,0.11473605781793594,False
200,12,405,0.2153354436159134,False
200,13,10,0.07789962738752365,False
200,13,15,0.1281844824552536,False
200,13,20,0.10292373597621918,False
200,13,25,0.12878409028053284,False
200,13,30,0.11085475236177444,False
200,13,35,0.3343324065208435,False
200,13,40,0.16485629975795746,False
200,13,45,0.29229915142059326,False
200,13,50,0.0647127777338028,False
200,13,55,0.19860008358955383,False
200,13,60,0.11888185143470764,False
200,13,65,0.0897056981921196,False
200,13,70,0.2301711142063141,False
200,13,75,0.11225751787424088,False
200,13,80,0.09035850316286087,False
200,13,85,0.06852249056100845,False
200,13,90,0.09976837038993835,False
200,13,95,0.1677950918674469,False
200,13,100,0.07041562348604202,False
200,13,105,0.08619413524866104,False
200,13,110,0.04682077839970589,False
200,13,115,0.11935248225927353,False
200,13,120,0.10652085393667221,False
200,13,125,0.05293002352118492,False
200,13,130,0.2669343948364258,False
200,13,135,0.14279668033123016,False
200,13,140,0.0844525620341301,False
200,13,145,0.07623261213302612,False
200,13,150,0.12445339560508728,False
200,13,155,0.05258633568882942,False
200,13,160,0.10795193165540695,False
200,13,165,0.07932669669389725,False
200,13,170,0.08502672612667084,False
200,13,175,0.8014267086982727,False
200,13,180,0.04198082908987999,False
200,13,185,0.021918898448348045,False
200,13,190,0.02283289097249508,False
200,13,195,0.042557451874017715,False
200,13,200,0.06009789928793907,False
200,13,205,0.05963072553277016,False
200,13,210,0.03347207233309746,False
200,13,215,0.039503078907728195,False
200,13,220,0.08755260705947876,False
200,13,225,0.0498938150703907,False
200,13,230,0.15356892347335815,False
200,13,235,0.07646659761667252,False
200,13,240,0.05442587286233902,False
200,13,245,0.09974101930856705,False
200,13,250,0.17014849185943604,False
200,13,255,0.2306845486164093,False
200,13,260,0.12561991810798645,False
200,13,265,0.035212647169828415,False
200,13,270,0.039307985454797745,False
200,13,275,0.027025047689676285,False
200,13,280,0.04013965651392937,False
200,13,285,0.189939484000206,False
200,13,290,0.0683070495724678,False
200,13,295,0.07195613533258438,False
200,13,300,0.10715698450803757,False
200,13,305,0.05229650437831879,False
200,13,310,0.045982494950294495,False
200,13,315,0.06336132436990738,False
200,13,320,0.1535014808177948,False
200,13,325,0.43475818634033203,False
200,13,330,0.17165769636631012,False
200,13,335,0.1328626424074173,False
200,13,340,0.16427180171012878,False
200,13,345,0.3619324564933777,False
200,13,350,0.24953500926494598,False
200,13,355,0.4698279798030853,False
200,13,360,0.04663707688450813,False
200,13,365,0.13327278196811676,False
200,13,370,0.2531898617744446,False
200,13,375,0.235704705119133,False
200,13,380,0.2664724886417389,False
200,13,385,0.2813553512096405,False
200,13,390,0.2895558178424835,False
200,13,395,0.21051183342933655,False
200,13,400,0.091072216629982,False
200,13,405,0.28292524814605713,False
200,14,10,0.08010342717170715,False
200,14,15,0.2321886420249939,False
200,14,20,0.34571316838264465,False
200,14,25,0.3603258728981018,False
200,14,30,0.38969916105270386,False
200,14,35,0.16817133128643036,False
200,14,40,0.19306568801403046,False
200,14,45,0.11309821903705597,False
200,14,50,0.11120208352804184,False
200,14,55,0.05836343765258789,False
200,14,60,0.08920799940824509,False
200,14,65,0.015769977122545242,False
200,14,70,0.0802726000547409,False
200,14,75,0.07864420861005783,False
200,14,80,1.3647030591964722,False
200,14,85,0.04608908295631409,False
200,14,90,0.028850426897406578,False
200,14,95,0.08022619038820267,False
200,14,100,0.02241545356810093,False
200,14,105,0.06578013300895691,False
200,14,110,0.030746830627322197,False
200,14,115,0.11738257110118866,False
200,14,120,0.092972531914711,False
200,14,125,0.055137187242507935,False
200,14,130,0.025033757090568542,False
200,14,135,0.10984460264444351,False
200,14,140,0.18892934918403625,False
200,14,145,0.04541216790676117,False
200,14,150,0.07361268997192383,False
200,14,155,0.20997372269630432,False
200,14,160,0.11451182514429092,False
200,14,165,0.06576451659202576,False
200,14,170,0.08526967465877533,False
200,14,175,0.032141175121068954,False
200,14,180,0.15628071129322052,False
200,14,185,0.1403803527355194,False
200,14,190,0.12848062813282013,False
200,14,195,0.07701730728149414,False
200,14,200,0.08877060562372208,False
200,14,205,0.11556373536586761,False
200,14,210,0.07100145518779755,False
200,14,215,0.02070021815598011,False
200,14,220,0.0552590936422348,False
200,14,225,0.14577332139015198,False
200,14,230,0.05856657773256302,False
200,14,235,0.07884559780359268,False
200,14,240,0.0487818717956543,False
200,14,245,0.202121302485466,False
200,14,250,0.07671083509922028,False
200,14,255,0.13100005686283112,False
200,14,260,0.04826907441020012,False
200,14,265,0.12752097845077515,False
200,14,270,0.07581053674221039,False
200,14,275,0.02635001204907894,False
200,14,280,0.042586103081703186,False
200,14,285,0.1870657503604889,False
200,14,290,0.04599132016301155,False
200,14,295,0.07937347143888474,False
200,14,300,0.04015325754880905,False
200,14,305,0.05557937175035477,False
200,14,310,0.11822713911533356,False
200,14,315,0.10254797339439392,False
200,14,320,0.06284939497709274,False
200,14,325,0.10575728118419647,False
200,14,330,0.030565278604626656,False
200,14,335,0.05218353495001793,False
200,14,340,0.10317231714725494,False
200,14,345,0.07997719198465347,False
200,14,350,0.13164912164211273,False
200,14,355,0.151602104306221,False
200,14,360,0.13665537536144257,False
200,14,365,0.1354035884141922,False
200,14,370,0.06038820371031761,False
200,14,375,0.0993790477514267,False
200,14,380,0.08209880441427231,False
200,14,385,0.021744687110185623,False
200,14,390,0.06311880052089691,False
200,14,395,0.07864481955766678,False
200,14,400,0.05383832007646561,False
200,14,405,0.06304053217172623,False
200,15,10,0.10742698609828949,False
200,15,15,0.05432113632559776,False
200,15,20,0.09679336100816727,False
200,15,25,0.044025298207998276,False
200,15,30,0.1549343764781952,False
200,15,35,0.19806016981601715,False
200,15,40,0.3372962474822998,False
200,15,45,0.24397306144237518,False
200,15,50,0.408756822347641,False
200,15,55,0.5659071803092957,False
200,15,60,0.13097067177295685,False
200,15,65,0.13458287715911865,False
200,15,70,0.10311560332775116,False
200,15,75,0.07582440972328186,False
200,15,80,0.1714133620262146,False
200,15,85,0.11384522914886475,False
200,15,90,0.14204232394695282,False
200,15,95,0.10857230424880981,False
200,15,100,0.09254831075668335,False
200,15,105,0.15623421967029572,False
200,15,110,0.1351526826620102,False
200,15,115,0.1434403359889984,False
200,15,120,0.07840605080127716,False
200,15,125,0.08586737513542175,False
200,15,130,0.16900886595249176,False
200,15,135,0.20090167224407196,False
200,15,140,0.17957398295402527,False
200,15,145,0.22019986808300018,False
200,15,150,0.16783566772937775,False
200,15,155,0.13380809128284454,False
200,15,160,0.12532106041908264,False
200,15,165,0.20140425860881805,False
200,15,170,0.05108903720974922,False
200,15,175,0.9374780654907227,False
200,15,180,0.16317270696163177,False
200,15,185,0.12863442301750183,False
200,15,190,0.1863844394683838,False
200,15,195,0.07413472980260849,False
200,15,200,0.09035474061965942,False
200,15,205,0.10732828080654144,False
200,15,210,0.1090397983789444,False
200,15,215,0.1963755339384079,False
200,15,220,0.08024405688047409,False
200,15,225,0.172136589884758,False
200,15,230,0.110842764377594,False
200,15,235,0.10365068912506104,False
200,15,240,0.2771618366241455,False
200,15,245,0.13662554323673248,False
200,15,250,0.3251846432685852,False
200,15,255,0.12810112535953522,False
200,15,260,0.2849016487598419,False
200,15,265,0.18378818035125732,False
200,15,270,0.039209142327308655,False
200,15,275,0.11310012638568878,False
200,15,280,0.20128563046455383,False
200,15,285,0.07520052045583725,False
200,15,290,0.13856695592403412,False
200,15,295,0.3120270371437073,False
200,15,300,0.17634551227092743,False
200,15,305,0.2944486141204834,False
200,15,310,0.2868713140487671,False
200,15,315,0.08697735518217087,False
200,15,320,0.22461600601673126,False
200,15,325,0.07039368897676468,False
200,15,330,0.0447724349796772,False
200,15,335,0.0572492890059948,False
200,15,340,0.04067385196685791,False
200,15,345,0.05384282395243645,False
200,15,350,0.06885405629873276,False
200,15,355,1.1642546653747559,False
200,15,360,0.06844528019428253,False
200,15,365,0.05658289045095444,False
200,15,370,0.08884987980127335,False
200,15,375,0.10824518650770187,False
200,15,380,0.04226024076342583,False
200,15,385,0.07558877021074295,False
200,15,390,0.07701501250267029,False
200,15,395,0.051645781844854355,False
200,15,400,0.08117928355932236,False
200,15,405,0.08026695996522903,False
200,16,10,0.045357730239629745,False
200,16,15,0.06741272658109665,False
200,16,20,0.10370708256959915,False
200,16,25,0.07015848159790039,False
200,16,30,0.06963898986577988,False
200,16,35,0.21642489731311798,False
200,16,40,0.13026416301727295,False
200,16,45,0.24573715031147003,False
200,16,50,0.2415432184934616,False
200,16,55,0.2663033604621887,False
200,16,60,0.16579999029636383,False
200,16,65,0.12229357659816742,False
200,16,70,0.0891011580824852,False
200,16,75,0.0699235051870346,False
200,16,80,0.2757158875465393,False
200,16,85,0.10615667700767517,False
200,16,90,0.06338907033205032,False
200,16,95,0.14291620254516602,False
200,16,100,0.03033464401960373,False
200,16,105,0.12076419591903687,False
200,16,110,0.030867289751768112,False
200,16,115,0.10344601422548294,False
200,16,120,0.016513453796505928,False
200,16,125,0.0246550552546978,False
200,16,130,0.05666777491569519,False
200,16,135,0.04548526555299759,False
200,16,140,0.08188135176897049,False
200,16,145,0.03134332224726677,False
200,16,150,0.011644111014902592,False
200,16,155,0.1114029660820961,False
200,16,160,0.12213830649852753,False
200,16,165,0.018419256433844566,False
200,16,170,0.0188188087195158,False
200,16,175,0.02520960383117199,False
200,16,180,0.09224358946084976,False
200,16,185,0.05728645250201225,False
200,16,190,0.039406295865774155,False
200,16,195,0.05533221736550331,False
200,16,200,0.043019384145736694,False
200,16,205,0.020346714183688164,False
200,16,210,0.07132123410701752,False
200,16,215,0.07229352742433548,False
200,16,220,0.07229539752006531,False
200,16,225,0.0256030410528183,False
200,16,230,0.07735183089971542,False
200,16,235,0.06744877994060516,False
200,16,240,0.043335892260074615,False
200,16,245,0.10853293538093567,False
200,16,250,0.021790118888020515,False
200,16,255,0.1154819130897522,False
200,16,260,0.029951605945825577,False
200,16,265,0.07426410168409348,False
200,16,270,0.0540960468351841,False
200,16,275,0.035350900143384933,False
200,16,280,0.15517254173755646,False
200,16,285,0.06918101757764816,False
200,16,290,0.017101852223277092,False
200,16,295,0.06409992277622223,False
200,16,300,0.016539203003048897,False
200,16,305,0.031148090958595276,False
200,16,310,0.06334708631038666,False
200,16,315,0.01964649185538292,False
200,16,320,0.029218487441539764,False
200,16,325,0.14823420345783234,False
200,16,330,0.09230232238769531,False
200,16,335,0.15530630946159363,False
200,16,340,0.129713237285614,False
200,16,345,0.06814318150281906,False
200,16,350,0.12155425548553467,False
200,16,355,0.22170975804328918,False
200,16,360,0.2403678148984909,False
200,16,365,0.24790826439857483,False
200,16,370,0.21207968890666962,False
200,16,375,0.11609405279159546,False
200,16,380,0.25560420751571655,False
200,16,385,0.09854859113693237,False
200,16,390,0.19962657988071442,False
200,16,395,0.20562061667442322,False
200,16,400,0.06436153501272202,False
200,16,405,0.16047756373882294,False
200,17,10,0.1198543831706047,False
200,17,15,0.1160597950220108,False
200,17,20,0.09169408679008484,False
200,17,25,0.0596761479973793,False
200,17,30,0.16715829074382782,False
200,17,35,0.2714839279651642,False
200,17,40,0.23786792159080505,False
200,17,45,0.23328255116939545,False
200,17,50,0.05476757138967514,False
200,17,55,0.17356623709201813,False
200,17,60,0.06296030431985855,False
200,17,65,0.10344803333282471,False
200,17,70,0.2843826115131378,False
200,17,75,0.23755106329917908,False
200,17,80,0.12492528557777405,False
200,17,85,0.22785967588424683,False
200,17,90,0.17620782554149628,False
200,17,95,0.15027956664562225,False
200,17,100,0.21892209351062775,False
200,17,105,0.3208460807800293,False
200,17,110,0.0920976847410202,False
200,17,115,0.24076871573925018,False
200,17,120,0.08320217579603195,False
200,17,125,0.10508275032043457,False
200,17,130,0.0944991409778595,False
200,17,135,0.16276152431964874,False
200,17,140,0.11508272588253021,False
200,17,145,0.15078996121883392,False
200,17,150,0.059831466525793076,False
200,17,155,0.07139503210783005,False
200,17,160,0.23087096214294434,False
200,17,165,0.06067777797579765,False
200,17,170,0.031335584819316864,False
200,17,175,0.08046203851699829,False
200,17,180,0.05663256719708443,False
200,17,185,0.036501120775938034,False
200,17,190,0.1386399120092392,False
200,17,195,0.07985077798366547,False
200,17,200,0.033010322600603104,False
200,17,205,0.060540296137332916,False
200,17,210,0.10921501368284225,False
200,17,215,0.27580103278160095,False
200,17,220,0.0763663575053215,False
200,17,225,0.0385524220764637,False
200,17,230,0.10473200678825378,False
200,17,235,0.1006941869854927,False
200,17,240,0.07719378918409348,False
200,17,245,0.10337885469198227,False
200,17,250,0.05937816575169563,False
200,17,255,0.07049430906772614,False
200,17,260,0.062065355479717255,False
200,17,265,0.07735633105039597,False
200,17,270,0.07176060974597931,False
200,17,275,0.1121504157781601,False
200,17,280,0.09563788771629333,False
200,17,285,0.08348169922828674,False
200,17,290,0.037872981280088425,False
200,17,295,0.14823584258556366,False
200,17,300,0.07917346060276031,False
200,17,305,0.028059065341949463,False
200,17,310,0.026542961597442627,False
200,17,315,0.02980216220021248,False
200,17,320,0.02916155941784382,False
200,17,325,0.019898200407624245,False
200,17,330,0.024935711175203323,False
200,17,335,0.08212244510650635,False
200,17,340,0.10478673130273819,False
200,17,345,0.046310048550367355,False
200,17,350,0.06220920383930206,False
200,17,355,0.04257553443312645,False
200,17,360,0.04306458309292793,False
200,17,365,0.0709891989827156,False
200,17,370,0.04421388730406761,False
200,17,375,0.03611953184008598,False
200,17,380,0.08979245275259018,False
200,17,385,0.0736844390630722,False
200,17,390,0.017818143591284752,False
200,17,395,0.03908417001366615,False
200,17,400,0.10163646936416626,False
200,17,405,0.06225521117448807,False
200,18,10,0.07878806442022324,False
200,18,15,0.03295976296067238,False
200,18,20,0.12778465449810028,False
200,18,25,0.022263653576374054,False
200,18,30,0.23308637738227844,False
200,18,35,0.2642645239830017,False
200,18,40,0.18794573843479156,False
200,18,45,0.21274174749851227,False
200,18,50,0.06857150793075562,False
200,18,55,0.21402664482593536,False
200,18,60,0.11912787705659866,False
200,18,65,0.07363824546337128,False
200,18,70,0.11666851490736008,False
200,18,75,0.10103652626276016,False
200,18,80,0.18685220181941986,False
200,18,85,0.119414322078228,False
200,18,90,0.07945620268583298,False
200,18,95,1.7953547239303589,False
200,18,100,0.17738527059555054,False
200,18,105,0.0932597666978836,False
200,18,110,0.023067601025104523,False
200,18,115,0.05381414666771889,False
200,18,120,0.049178142100572586,False
200,18,125,0.13540728390216827,False
200,18,130,0.04820405691862106,False
200,18,135,0.07911531627178192,False
200,18,140,0.05077804997563362,False
200,18,145,0.06719420850276947,False
200,18,150,0.0647420734167099,False
200,18,155,0.04290636256337166,False
200,18,160,0.06017095223069191,False
200,18,165,0.1536417007446289,False
200,18,170,0.04850905016064644,False
200,18,175,0.037328869104385376,False
200,18,180,0.17892538011074066,False
200,18,185,0.06884658336639404,False
200,18,190,0.0513872466981411,False
200,18,195,0.0344325453042984,False
200,18,200,0.058462925255298615,False
200,18,205,0.1568240374326706,False
200,18,210,0.03902812674641609,False
200,18,215,0.10111001878976822,False
200,18,220,0.17401471734046936,False
200,18,225,0.09448233991861343,False
200,18,230,0.10673857480287552,False
200,18,235,0.1477077454328537,False
200,18,240,0.17821668088436127,False
200,18,245,0.1830468624830246,False
200,18,250,0.22445926070213318,False
200,18,255,0.12240073084831238,False
200,18,260,0.2575490474700928,False
200,18,265,0.23766689002513885,False
200,18,270,0.14518186450004578,False
200,18,275,0.0627143383026123,False
200,18,280,0.05388712137937546,False
200,18,285,0.12545432150363922,False
200,18,290,0.09902147948741913,False
200,18,295,0.22152554988861084,False
200,18,300,0.37326666712760925,False
200,18,305,0.35156846046447754,False
200,18,310,0.16243064403533936,False
200,18,315,0.09850563108921051,False
200,18,320,0.0896056517958641,False
200,18,325,0.27510344982147217,False
200,18,330,0.08935730904340744,False
200,18,335,0.07193918526172638,False
200,18,340,0.048275016248226166,False
200,18,345,0.058291614055633545,False
200,18,350,0.16741910576820374,False
200,18,355,0.15305306017398834,False
200,18,360,0.04371408373117447,False
200,18,365,0.11479425430297852,False
200,18,370,0.1438002586364746,False
200,18,375,0.2405078113079071,False
200,18,380,0.16090287268161774,False
200,18,385,0.1177811324596405,False
200,18,390,0.18838441371917725,False
200,18,395,0.08300240337848663,False
200,18,400,0.269305557012558,False
200,18,405,0.39874547719955444,False
200,19,10,0.060946498066186905,False
200,19,15,0.18413099646568298,False
200,19,20,0.0316610150039196,False
200,19,25,0.3076895773410797,False
200,19,30,0.13569135963916779,False
200,19,35,0.25106653571128845,False
200,19,40,0.26550719141960144,False
200,19,45,0.13711346685886383,False
200,19,50,0.09936892241239548,False
200,19,55,0.060409922152757645,False
200,19,60,0.06274464726448059,False
200,19,65,0.06760014593601227,False
200,19,70,0.16564695537090302,False
200,19,75,0.060276441276073456,False
200,19,80,0.10542047023773193,False
200,19,85,0.06057608872652054,False
200,19,90,0.1308661699295044,False
200,19,95,0.18948113918304443,False
200,19,100,0.07407308369874954,False
200,19,105,0.070863738656044,False
200,19,110,0.04198010265827179,False
200,19,115,0.20050854980945587,False
200,19,120,0.12300510704517365,False
200,19,125,0.07134466618299484,False
200,19,130,0.11462143808603287,False
200,19,135,0.0896100178360939,False
200,19,140,0.025479966774582863,False
200,19,145,0.03786604478955269,False
200,19,150,0.0599026158452034,False
200,19,155,0.0698610171675682,False
200,19,160,0.10750290751457214,False
200,19,165,0.11939211934804916,False
200,19,170,0.061998527497053146,False
200,19,175,0.8883810639381409,False
200,19,180,0.11082622408866882,False
200,19,185,0.01820286735892296,False
200,19,190,0.015323680825531483,False
200,19,195,0.031098095700144768,False
200,19,200,0.05458411946892738,False
200,19,205,0.07674223929643631,False
200,19,210,0.020536499097943306,False
200,19,215,0.047558706253767014,False
200,19,220,0.11193417757749557,False
200,19,225,0.09181875735521317,False
200,19,230,0.04776197671890259,False
200,19,235,0.06822146475315094,False
200,19,240,0.195750430226326,False
200,19,245,0.06979440897703171,False
200,19,250,0.14939838647842407,False
200,19,255,0.087685726583004,False
200,19,260,0.12765179574489594,False
200,19,265,0.16605225205421448,False
200,19,270,0.2407931536436081,False
200,19,275,0.07213132083415985,False
200,19,280,0.19052043557167053,False
200,19,285,0.11391136050224304,False
200,19,290,0.03240620717406273,False
200,19,295,0.1295207142829895,False
200,19,300,0.14170975983142853,False
200,19,305,0.17083516716957092,False
200,19,310,0.15170226991176605,False
200,19,315,0.10831200331449509,False
200,19,320,0.10883019119501114,False
200,19,325,0.18743790686130524,False
200,19,330,0.06702295690774918,False
200,19,335,0.22724635899066925,False
200,19,340,0.21416603028774261,False
200,19,345,0.21558167040348053,False
200,19,350,0.2559683322906494,False
200,19,355,0.40435948967933655,False
200,19,360,0.17591147124767303,False
200,19,365,0.1528456062078476,False
200,19,370,0.07555006444454193,False
200,19,375,0.06332544982433319,False
200,19,380,0.08173500746488571,False
200,19,385,0.1313236504793167,False
200,19,390,0.11228524148464203,False
200,19,395,0.04911006987094879,False
200,19,400,0.09488551318645477,False
200,19,405,0.24881786108016968,False
200,20,10,0.06034334748983383,False
200,20,15,0.04520997405052185,False
200,20,20,0.09663427621126175,False
200,20,25,0.0628141239285469,False
200,20,30,0.11800607293844223,False
200,20,35,0.24646969139575958,False
200,20,40,0.1458909660577774,False
200,20,45,0.2018052339553833,False
200,20,50,0.1647046059370041,False
200,20,55,0.3029122054576874,False
200,20,60,0.040303487330675125,False
200,20,65,0.06961829215288162,False
200,20,70,0.14642180502414703,False
200,20,75,0.09001655876636505,False
200,20,80,0.08077733963727951,False
200,20,85,0.07388456165790558,False
200,20,90,0.06446929275989532,False
200,20,95,0.15818165242671967,False
200,20,100,0.06815493851900101,False
200,20,105,0.10774410516023636,False
200,20,110,0.15713055431842804,False
200,20,115,0.08914076536893845,False
200,20,120,0.10865385085344315,False
200,20,125,0.09010866284370422,False
200,20,130,0.1497492641210556,False
200,20,135,0.09004674851894379,False
200,20,140,0.11819063872098923,False
200,20,145,0.08443424105644226,False
200,20,150,0.07862889766693115,False
200,20,155,0.11414295434951782,False
200,20,160,0.046080294996500015,False
200,20,165,0.07334014773368835,False
200,20,170,0.04578513652086258,False
200,20,175,0.028284389525651932,False
200,20,180,0.13688787817955017,False
200,20,185,0.0713973268866539,False
200,20,190,0.06214243546128273,False
200,20,195,0.04633574187755585,False
200,20,200,0.08987641334533691,False
200,20,205,0.03153121471405029,False
200,20,210,0.07305127382278442,False
200,20,215,0.0648699402809143,False
200,20,220,0.07377668470144272,False
200,20,225,0.05752785503864288,False
200,20,230,0.12025093287229538,False
200,20,235,0.08225924521684647,False
200,20,240,0.12554672360420227,False
200,20,245,0.12508639693260193,False
200,20,250,0.10233394056558609,False
200,20,255,0.12615591287612915,False
200,20,260,0.0748443752527237,False
200,20,265,0.06744512170553207,False
200,20,270,0.11227843910455704,False
200,20,275,0.07057760655879974,False
200,20,280,0.08074810355901718,False
200,20,285,0.15696880221366882,False
200,20,290,0.06544233858585358,False
200,20,295,0.0783667266368866,False
200,20,300,0.10430844128131866,False
200,20,305,0.06648043543100357,False
200,20,310,0.06109665706753731,False
200,20,315,0.045636437833309174,False
200,20,320,0.05977543443441391,False
200,20,325,0.07595965266227722,False
200,20,330,0.08726438879966736,False
200,20,335,0.0677923634648323,False
200,20,340,0.08623915910720825,False
200,20,345,0.08348587900400162,False
200,20,350,0.06776727735996246,False
200,20,355,0.10240021347999573,False
200,20,360,0.13533718883991241,False
200,20,365,0.17255163192749023,False
200,20,370,0.08779877424240112,False
200,20,375,0.02567865140736103,False
200,20,380,0.11996901780366898,False
200,20,385,0.056853774935007095,False
200,20,390,0.1134987324476242,False
200,20,395,0.1473778784275055,False
200,20,400,0.05533371493220329,False
200,20,405,0.06571564078330994,False
200,21,10,0.048053015023469925,False
200,21,15,0.14421705901622772,False
200,21,20,0.11677780002355576,False
200,21,25,0.22447872161865234,False
200,21,30,0.0901307538151741,False
200,21,35,0.402763694524765,False
200,21,40,0.30713245272636414,False
200,21,45,0.16590125858783722,False
200,21,50,0.1584785431623459,False
200,21,55,0.06049657240509987,False
200,21,60,0.05966315045952797,False
200,21,65,0.026085520163178444,False
200,21,70,0.17477674782276154,False
200,21,75,0.038030754774808884,False
200,21,80,0.05845769867300987,False
200,21,85,0.06619402021169662,False
200,21,90,0.04257051274180412,False
200,21,95,0.07129659503698349,False
200,21,100,0.020341984927654266,False
200,21,105,0.07074134796857834,False
200,21,110,0.03423881530761719,False
200,21,115,0.3211325407028198,False
200,21,120,0.1643652468919754,False
200,21,125,0.08362174779176712,False
200,21,130,0.04368463158607483,False
200,21,135,0.12785378098487854,False
200,21,140,0.09988006204366684,False
200,21,145,0.1324423998594284,False
200,21,150,0.12851423025131226,False
200,21,155,0.08171932399272919,False
200,21,160,0.150666743516922,False
200,21,165,0.1858634203672409,False
200,21,170,0.17544077336788177,False
200,21,175,0.12462452054023743,False
200,21,180,0.04714325815439224,False
200,21,185,0.08789987862110138,False
200,21,190,0.03557289019227028,False
200,21,195,0.08646441251039505,False
200,21,200,0.057358477264642715,False
200,21,205,0.04677975922822952,False
200,21,210,0.14414970576763153,False
200,21,215,0.05677085742354393,False
200,21,220,0.10614520311355591,False
200,21,225,0.042747266590595245,False
200,21,230,0.14836600422859192,False
200,21,235,0.16685530543327332,False
200,21,240,0.04809212684631348,False
200,21,245,0.09376294165849686,False
200,21,250,0.043486323207616806,False
200,21,255,0.14011187851428986,False
200,21,260,0.035870131105184555,False
200,21,265,0.09055224061012268,False
200,21,270,0.2083902806043625,False
200,21,275,0.15027637779712677,False
200,21,280,0.19656606018543243,False
200,21,285,0.1375320553779602,False
200,21,290,0.03947858139872551,False
200,21,295,0.04198254644870758,False
200,21,300,0.044911645352840424,False
200,21,305,0.07946490496397018,False
200,21,310,0.18968750536441803,False
200,21,315,0.2763954699039459,False
200,21,320,0.16402968764305115,False
200,21,325,0.17556124925613403,False
200,21,330,0.03687533736228943,False
200,21,335,0.19228705763816833,False
200,21,340,0.1944318562746048,False
200,21,345,0.1506410390138626,False
200,21,350,0.24006515741348267,False
200,21,355,0.27729958295822144,False
200,21,360,0.09835674613714218,False
200,21,365,0.14171092212200165,False
200,21,370,0.04360022768378258,False
200,21,375,0.07768433541059494,False
200,21,380,0.29350483417510986,False
200,21,385,0.08948169648647308,False
200,21,390,0.19172444939613342,False
200,21,395,0.1730189025402069,False
200,21,400,0.08592858165502548,False
200,21,405,0.26357755064964294,False
200,22,10,0.16449415683746338,False
200,22,15,0.06059465929865837,False
200,22,20,0.09551184624433517,False
200,22,25,0.09694334864616394,False
200,22,30,0.07202374190092087,False
200,22,35,0.1731082946062088,False
200,22,40,0.5213028192520142,False
200,22,45,0.2474193274974823,False
200,22,50,0.32400909066200256,False
200,22,55,0.4650228023529053,False
200,22,60,0.2932058572769165,False
200,22,65,0.23841552436351776,False
200,22,70,0.08371768146753311,False
200,22,75,0.12774869799613953,False
200,22,80,0.34063485264778137,False
200,22,85,0.16891200840473175,False
200,22,90,0.17681878805160522,False
200,22,95,0.11199203878641129,False
200,22,100,0.12542960047721863,False
200,22,105,0.3264220058917999,False
200,22,110,0.3499871790409088,False
200,22,115,0.5970526933670044,False
200,22,120,0.36993810534477234,False
200,22,125,0.4665858745574951,False
200,22,130,0.10552163422107697,False
200,22,135,0.2713742256164551,False
200,22,140,0.31540754437446594,False
200,22,145,0.18644464015960693,False
200,22,150,0.37482061982154846,False
200,22,155,0.19761458039283752,False
200,22,160,0.16431468725204468,False
200,22,165,0.3104899823665619,False
200,22,170,0.06330972909927368,False
200,22,175,1.9642071723937988,False
200,22,180,0.09961559623479843,False
200,22,185,0.0901457890868187,False
200,22,190,0.14035619795322418,False
200,22,195,0.03463004156947136,False
200,22,200,0.14193128049373627,False
200,22,205,0.2875955104827881,False
200,22,210,0.21101510524749756,False
200,22,215,0.29201850295066833,False
200,22,220,0.1660206913948059,False
200,22,225,0.13864614069461823,False
200,22,230,0.09313178062438965,False
200,22,235,0.29199305176734924,False
200,22,240,0.15755531191825867,False
200,22,245,0.19570975005626678,False
200,22,250,0.044634848833084106,False
200,22,255,0.1547585129737854,False
200,22,260,0.09749171137809753,False
200,22,265,0.2054262012243271,False
200,22,270,0.07060723751783371,False
200,22,275,0.10873983055353165,False
200,22,280,0.13170981407165527,False
200,22,285,0.13277354836463928,False
200,22,290,0.20769639313220978,False
200,22,295,0.08099772036075592,False
200,22,300,0.1375119984149933,False
200,22,305,0.09151574969291687,False
200,22,310,0.09199725836515427,False
200,22,315,0.026803577318787575,False
200,22,320,0.13248847424983978,False
200,22,325,0.13298435509204865,False
200,22,330,0.09271619468927383,False
200,22,335,0.1638181358575821,False
200,22,340,0.10702115297317505,False
200,22,345,0.06276562809944153,False
200,22,350,0.1467025727033615,False
200,22,355,0.3018694519996643,False
200,22,360,0.1682754009962082,False
200,22,365,0.13757090270519257,False
200,22,370,0.11007916927337646,False
200,22,375,0.08224629610776901,False
200,22,380,0.1587027609348297,False
200,22,385,0.07216108590364456,False
200,22,390,0.1045713871717453,False
200,22,395,0.014643323607742786,False
200,22,400,0.09032109379768372,False
200,22,405,0.03090657666325569,False
200,23,10,0.05816096439957619,False
200,23,15,0.17645706236362457,False
200,23,20,0.06625354290008545,False
200,23,25,0.08082152903079987,False
200,23,30,0.31004154682159424,False
200,23,35,0.156880185008049,False
200,23,40,0.20551908016204834,False
200,23,45,0.1522400677204132,False
200,23,50,0.05655583739280701,False
200,23,55,0.09833155572414398,False
200,23,60,0.03046244941651821,False
200,23,65,0.05278908461332321,False
200,23,70,0.09821836650371552,False
200,23,75,0.06415621191263199,False
200,23,80,1.627851963043213,False
200,23,85,0.8401728868484497,False
200,23,90,0.055191755294799805,False
200,23,95,0.19311663508415222,False
200,23,100,0.03462041914463043,False
200,23,105,0.09165357053279877,False
200,23,110,0.05410197749733925,False
200,23,115,0.11736501753330231,False
200,23,120,0.08034172654151917,False
200,23,125,0.045425426214933395,False
200,23,130,0.029818816110491753,False
200,23,135,0.15254221856594086,False
200,23,140,0.1640038639307022,False
200,23,145,0.04835384339094162,False
200,23,150,0.074857696890831,False
200,23,155,0.09657368808984756,False
200,23,160,0.1725998818874359,False
200,23,165,0.09323348850011826,False
200,23,170,0.2615399956703186,False
200,23,175,0.16847753524780273,False
200,23,180,0.16079075634479523,False
200,23,185,0.180251345038414,False
200,23,190,0.07037702202796936,False
200,23,195,0.10159581154584885,False
200,23,200,0.08743289113044739,False
200,23,205,0.08856189996004105,False
200,23,210,0.16881132125854492,False
200,23,215,0.07279067486524582,False
200,23,220,0.1601869761943817,False
200,23,225,0.1795973777770996,False
200,23,230,0.15133515000343323,False
200,23,235,0.16089165210723877,False
200,23,240,0.11395314335823059,False
200,23,245,0.24849571287631989,False
200,23,250,0.11541248857975006,False
200,23,255,0.16034965217113495,False
200,23,260,0.11250891536474228,False
200,23,265,0.09680335968732834,False
200,23,270,0.12862524390220642,False
200,23,275,0.14892151951789856,False
200,23,280,0.2531304955482483,False
200,23,285,0.12308701872825623,False
200,23,290,0.07964161783456802,False
200,23,295,0.14489808678627014,False
200,23,300,0.054811086505651474,False
200,23,305,0.12216707319021225,False
200,23,310,0.15563566982746124,False
200,23,315,0.13062503933906555,False
200,23,320,0.21581175923347473,False
200,23,325,0.5186030268669128,False
200,23,330,0.05023433268070221,False
200,23,335,0.16420932114124298,False
200,23,340,0.2261601686477661,False
200,23,345,0.07477165758609772,False
200,23,350,0.3722195625305176,False
200,23,355,0.41015130281448364,False
200,23,360,0.06117093190550804,False
200,23,365,0.14475780725479126,False
200,23,370,0.0517844557762146,False
200,23,375,0.08518515527248383,False
200,23,380,0.15254056453704834,False
200,23,385,0.06701898574829102,False
200,23,390,0.187605082988739,False
200,23,395,0.09200628101825714,False
200,23,400,0.08321010321378708,False
200,23,405,0.16146613657474518,False
200,24,10,0.03524898365139961,False
200,24,15,0.14681485295295715,False
200,24,20,0.11307509988546371,False
200,24,25,0.14343763887882233,False
200,24,30,0.10955241322517395,False
200,24,35,0.3415765166282654,False
200,24,40,0.2016741782426834,False
200,24,45,0.15926259756088257,False
200,24,50,0.13424888253211975,False
200,24,55,0.11365141719579697,False
200,24,60,0.05626782029867172,False
200,24,65,0.04983146861195564,False
200,24,70,0.19500558078289032,False
200,24,75,0.04864724352955818,False
200,24,80,0.053427137434482574,False
200,24,85,0.17246288061141968,False
200,24,90,0.07510790228843689,False
200,24,95,0.057142000645399094,False
200,24,100,0.012267176061868668,False
200,24,105,0.05047878623008728,False
200,24,110,0.05114728584885597,False
200,24,115,0.13023890554904938,False
200,24,120,0.10864037275314331,False
200,24,125,0.09769614040851593,False
200,24,130,0.0421568863093853,False
200,24,135,0.10587798058986664,False
200,24,140,0.1545352041721344,False
200,24,145,0.10933590680360794,False
200,24,150,0.08660845458507538,False
200,24,155,0.08966869115829468,False
200,24,160,0.1561279594898224,False
200,24,165,0.1493426412343979,False
200,24,170,0.10274618119001389,False
200,24,175,0.189800426363945,False
200,24,180,0.06783954054117203,False
200,24,185,0.1131105050444603,False
200,24,190,0.030932927504181862,False
200,24,195,0.06786618381738663,False
200,24,200,0.07100525498390198,False
200,24,205,0.051121145486831665,False
200,24,210,0.13311034440994263,False
200,24,215,0.07307948917150497,False
200,24,220,0.07731431722640991,False
200,24,225,0.08565016090869904,False
200,24,230,0.13572219014167786,False
200,24,235,0.11922144144773483,False
200,24,240,0.07587778568267822,False
200,24,245,0.12223479896783829,False
200,24,250,0.10222858190536499,False
200,24,255,0.14816877245903015,False
200,24,260,0.0685090571641922,False
200,24,265,0.10167054831981659,False
200,24,270,0.07696950435638428,False
200,24,275,0.07736258208751678,False
200,24,280,0.09783364832401276,False
200,24,285,0.1091858446598053,False
200,24,290,0.03617431968450546,False
200,24,295,0.055131781846284866,False
200,24,300,0.07159441709518433,False
200,24,305,0.0957234725356102,False
200,24,310,0.1628580391407013,False
200,24,315,0.18107587099075317,False
200,24,320,0.19684919714927673,False
200,24,325,0.20920032262802124,False
200,24,330,0.04436611011624336,False
200,24,335,0.08210302889347076,False
200,24,340,0.16288362443447113,False
200,24,345,0.10512561351060867,False
200,24,350,0.3104649484157562,False
200,24,355,0.37827977538108826,False
200,24,360,0.07962594926357269,False
200,24,365,0.23543760180473328,False
200,24,370,0.06539970636367798,False
200,24,375,0.0863196849822998,False
200,24,380,0.3043338358402252,False
200,24,385,0.05667060613632202,False
200,24,390,0.28654807806015015,False
200,24,395,0.2985427677631378,False
200,24,400,0.11622792482376099,False
200,24,405,0.21259979903697968,False
200,25,10,0.04029833897948265,False
200,25,15,0.03622326999902725,False
200,25,20,0.10010573267936707,False
200,25,25,0.05189265310764313,False
200,25,30,0.13345642387866974,False
200,25,35,0.2222319394350052,False
200,25,40,0.163316011428833,False
200,25,45,0.09992413222789764,False
200,25,50,0.27573689818382263,False
200,25,55,0.1546562761068344,False
200,25,60,0.03210433945059776,False
200,25,65,0.06302490085363388,False
200,25,70,0.07801470905542374,False
200,25,75,0.05498689040541649,False
200,25,80,0.20454972982406616,False
200,25,85,0.04119813069701195,False
200,25,90,0.02039395458996296,False
200,25,95,0.12241579592227936,False
200,25,100,0.042283620685338974,False
200,25,105,0.11870010197162628,False
200,25,110,0.08599141240119934,False
200,25,115,0.04679030552506447,False
200,25,120,0.10478057712316513,False
200,25,125,0.04420497640967369,False
200,25,130,0.027151085436344147,False
200,25,135,0.0790487676858902,False
200,25,140,0.032440185546875,False
200,25,145,0.026999151334166527,False
200,25,150,0.033024225383996964,False
200,25,155,0.10172507911920547,False
200,25,160,0.0452481210231781,False
200,25,165,0.06286191195249557,False
200,25,170,0.04063064604997635,False
200,25,175,0.022472092881798744,False
200,25,180,0.09990488737821579,False
200,25,185,0.041061881929636,False
200,25,190,0.08566965162754059,False
200,25,195,0.042697589844465256,False
200,25,200,0.08535074442625046,False
200,25,205,0.01669217087328434,False
200,25,210,0.07090719789266586,False
200,25,215,0.06040940806269646,False
200,25,220,0.03845573961734772,False
200,25,225,0.02540980465710163,False
200,25,230,0.07715103030204773,False
200,25,235,0.052803631871938705,False
200,25,240,0.13656115531921387,False
200,25,245,0.06002536416053772,False
200,25,250,0.0776180848479271,False
200,25,255,0.12716783583164215,False
200,25,260,0.0876016914844513,False
200,25,265,0.09248057007789612,False
200,25,270,0.30687400698661804,False
200,25,275,0.09860516339540482,False
200,25,280,0.22609250247478485,False
200,25,285,0.025153178721666336,False
200,25,290,0.040160149335861206,False
200,25,295,0.13022401928901672,False
200,25,300,0.10755737125873566,False
200,25,305,0.13237513601779938,False
200,25,310,0.14177608489990234,False
200,25,315,0.17684292793273926,False
200,25,320,0.14410358667373657,False
200,25,325,0.14820389449596405,False
200,25,330,0.09034974873065948,False
200,25,335,0.15188078582286835,False
200,25,340,0.14522609114646912,False
200,25,345,0.09554054588079453,False
200,25,350,0.15521633625030518,False
200,25,355,0.236722931265831,False
200,25,360,0.10895584523677826,False
200,25,365,0.16519516706466675,False
200,25,370,0.0767090693116188,False
200,25,375,0.11569945514202118,False
200,25,380,0.29820936918258667,False
200,25,385,0.13605476915836334,False
200,25,390,0.2261596918106079,False
200,25,395,0.23770494759082794,False
200,25,400,0.06706920266151428,False
200,25,405,0.2566424608230591,False
200,26,10,0.026504606008529663,False
200,26,15,0.05058474466204643,False
200,26,20,0.12140580266714096,False
200,26,25,0.050569918006658554,False
200,26,30,0.16182054579257965,False
200,26,35,0.1446349322795868,False
200,26,40,0.2176300287246704,False
200,26,45,0.16365943849086761,False
200,26,50,0.19912570714950562,False
200,26,55,0.16361840069293976,False
200,26,60,0.028427107259631157,False
200,26,65,0.057799529284238815,False
200,26,70,0.16163396835327148,False
200,26,75,0.06702962517738342,False
200,26,80,0.07051833719015121,False
200,26,85,0.04183529317378998,False
200,26,90,0.035586319863796234,False
200,26,95,0.07814354449510574,False
200,26,100,0.03403758630156517,False
200,26,105,0.02908536233007908,False
200,26,110,0.05398676171898842,False
200,26,115,0.05669199302792549,False
200,26,120,0.11574016511440277,False
200,26,125,0.07530781626701355,False
200,26,130,0.07308658212423325,False
200,26,135,0.08570580929517746,False
200,26,140,0.11874369531869888,False
200,26,145,0.030656617134809494,False
200,26,150,0.0715671256184578,False
200,26,155,0.08372893184423447,False
200,26,160,0.07078368961811066,False
200,26,165,0.07315529137849808,False
200,26,170,0.03493082523345947,False
200,26,175,0.047762658447027206,False
200,26,180,0.1536811888217926,False
200,26,185,0.0305132195353508,False
200,26,190,0.01892637275159359,False
200,26,195,0.04832916706800461,False
200,26,200,0.06034501641988754,False
200,26,205,0.08559191226959229,False
200,26,210,0.0510159507393837,False
200,26,215,0.170503169298172,False
200,26,220,0.08913833647966385,False
200,26,225,0.03930993378162384,False
200,26,230,0.11398772150278091,False
200,26,235,0.0667978897690773,False
200,26,240,0.12282221764326096,False
200,26,245,0.07885892689228058,False
200,26,250,0.1205197274684906,False
200,26,255,0.1546468734741211,False
200,26,260,0.1744394749403,False
200,26,265,0.11859455704689026,False
200,26,270,0.34151971340179443,False
200,26,275,0.18329274654388428,False
200,26,280,0.29559487104415894,False
200,26,285,0.11184276640415192,False
200,26,290,0.15396951138973236,False
200,26,295,0.23786145448684692,False
200,26,300,0.1460868865251541,False
200,26,305,0.18986020982265472,False
200,26,310,0.17745420336723328,False
200,26,315,0.11894556879997253,False
200,26,320,0.16502417623996735,False
200,26,325,0.2389315515756607,False
200,26,330,0.08693569153547287,False
200,26,335,0.18757951259613037,False
200,26,340,0.10302963852882385,False
200,26,345,0.12329832464456558,False
200,26,350,0.21177467703819275,False
200,26,355,0.12420126795768738,False
200,26,360,0.1148255318403244,False
200,26,365,0.22079916298389435,False
200,26,370,0.15174414217472076,False
200,26,375,0.1169147789478302,False
200,26,380,0.2712456285953522,False
200,26,385,0.1577059030532837,False
200,26,390,0.2701810300350189,False
200,26,395,0.2741420865058899,False
200,26,400,0.1818877011537552,False
200,26,405,0.3775138258934021,False
200,27,10,0.10859064757823944,False
200,27,15,0.04855246841907501,False
200,27,20,0.10136638581752777,False
200,27,25,0.030140426009893417,False
200,27,30,0.2956053912639618,False
200,27,35,0.2942272126674652,False
200,27,40,0.19091926515102386,False
200,27,45,0.19172361493110657,False
200,27,50,0.1031067818403244,False
200,27,55,0.10651108622550964,False
200,27,60,0.05207566171884537,False
200,27,65,0.04582212492823601,False
200,27,70,0.15424004197120667,False
200,27,75,0.06904985010623932,False
200,27,80,0.13492901623249054,False
200,27,85,0.06386405974626541,False
200,27,90,0.1058838739991188,False
200,27,95,0.1462298184633255,False
200,27,100,0.05342435836791992,False
200,27,105,0.031218979507684708,False
200,27,110,0.04047103971242905,False
200,27,115,0.1136683002114296,False
200,27,120,0.1381954550743103,False
200,27,125,0.0716758444905281,False
200,27,130,0.05204935371875763,False
200,27,135,0.10084030032157898,False
200,27,140,0.04106200113892555,False
200,27,145,0.06343062222003937,False
200,27,150,0.12629660964012146,False
200,27,155,0.044545967131853104,False
200,27,160,0.12724222242832184,False
200,27,165,0.10804293304681778,False
200,27,170,0.07242588698863983,False
200,27,175,0.07533225417137146,False
200,27,180,0.039805635809898376,False
200,27,185,0.8588650226593018,False
200,27,190,0.021328063681721687,False
200,27,195,0.03305303677916527,False
200,27,200,0.06741997599601746,False
200,27,205,0.06870889663696289,False
200,27,210,0.04093554615974426,False
200,27,215,0.06251596659421921,False
200,27,220,0.12108784168958664,False
200,27,225,0.07362042367458344,False
200,27,230,0.08462127298116684,False
200,27,235,0.1352442502975464,False
200,27,240,0.13167767226696014,False
200,27,245,0.06501609086990356,False
200,27,250,0.11070521175861359,False
200,27,255,0.07898972183465958,False
200,27,260,0.225690096616745,False
200,27,265,0.29343703389167786,False
200,27,270,0.10223688930273056,False
200,27,275,0.06437744945287704,False
200,27,280,0.11677341908216476,False
200,27,285,0.2116304636001587,False
200,27,290,0.11355768144130707,False
200,27,295,0.2889145314693451,False
200,27,300,0.048582833260297775,False
200,27,305,0.3038443624973297,False
200,27,310,0.28764501214027405,False
200,27,315,0.1477092206478119,False
200,27,320,0.4492517411708832,False
200,27,325,0.4902895390987396,False
200,27,330,0.11575855314731598,False
200,27,335,0.2584438621997833,False
200,27,340,0.21874120831489563,False
200,27,345,0.19378051161766052,False
200,27,350,0.38491806387901306,False
200,27,355,0.2113034427165985,False
200,27,360,0.03587086498737335,False
200,27,365,0.08319564163684845,False
200,27,370,0.08078765124082565,False
200,27,375,0.17738021910190582,False
200,27,380,0.27498966455459595,False
200,27,385,0.1491302251815796,False
200,27,390,0.29646146297454834,False
200,27,395,0.18076075613498688,False
200,27,400,0.24324466288089752,False
200,27,405,0.2820092737674713,False
200,28,10,0.07272878289222717,False
200,28,15,0.1374313235282898,False
200,28,20,0.06488834321498871,False
200,28,25,0.136744424700737,False
200,28,30,0.11095602065324783,False
200,28,35,0.31584832072257996,False
200,28,40,0.22182142734527588,False
200,28,45,0.17851227521896362,False
200,28,50,0.0858914852142334,False
200,28,55,0.17984414100646973,False
200,28,60,0.0817909985780716,False
200,28,65,0.08330570161342621,False
200,28,70,0.36910924315452576,False
200,28,75,0.2737361788749695,False
200,28,80,0.15181776881217957,False
200,28,85,0.16508977115154266,False
200,28,90,0.298458993434906,False
200,28,95,0.09916549175977707,False
200,28,100,0.15040801465511322,False
200,28,105,0.272725909948349,False
200,28,110,0.1421642005443573,False
200,28,115,0.13880175352096558,False
200,28,120,0.08511487394571304,False
200,28,125,0.08683306723833084,False
200,28,130,0.3011377155780792,False
200,28,135,0.17134399712085724,False
200,28,140,0.08679614216089249,False
200,28,145,0.22527976334095,False
200,28,150,0.17555071413516998,False
200,28,155,0.11694122105836868,False
200,28,160,0.15535663068294525,False
200,28,165,0.12139646708965302,False
200,28,170,0.07534950226545334,False
200,28,175,0.09002325683832169,False
200,28,180,0.1481570452451706,False
200,28,185,0.20024912059307098,False
200,28,190,0.02527768164873123,False
200,28,195,0.07403401285409927,False
200,28,200,0.05655260756611824,False
200,28,205,0.013236582279205322,False
200,28,210,0.15785032510757446,False
200,28,215,0.14443401992321014,False
200,28,220,0.05425233393907547,False
200,28,225,0.04089674726128578,False
200,28,230,0.14689412713050842,False
200,28,235,0.1315271258354187,False
200,28,240,0.09068905562162399,False
200,28,245,0.1451827883720398,False
200,28,250,0.04435708001255989,False
200,28,255,0.05613107606768608,False
200,28,260,0.10916146636009216,False
200,28,265,0.13344734907150269,False
200,28,270,0.13041885197162628,False
200,28,275,0.13697248697280884,False
200,28,280,0.15135060250759125,False
200,28,285,0.11635906994342804,False
200,28,290,0.15308912098407745,False
200,28,295,0.19504696130752563,False
200,28,300,0.07375313341617584,False
200,28,305,0.15394051373004913,False
200,28,310,0.14045153558254242,False
200,28,315,0.07931305468082428,False
200,28,320,0.09159011393785477,False
200,28,325,0.047980666160583496,False
200,28,330,0.06966791301965714,False
200,28,335,0.19643697142601013,False
200,28,340,0.09052755683660507,False
200,28,345,0.09538540989160538,False
200,28,350,0.09275224804878235,False
200,28,355,0.17058934271335602,False
200,28,360,0.036008019000291824,False
200,28,365,0.06239722669124603,False
200,28,370,0.06935759633779526,False
200,28,375,0.04523825645446777,False
200,28,380,0.02006611041724682,False
200,28,385,0.04257427901029587,False
200,28,390,0.045967232435941696,False
200,28,395,0.04218154400587082,False
200,28,400,0.05656685680150986,False
200,28,405,0.0716003030538559,False
200,29,10,0.13150174915790558,False
200,29,15,0.08752437680959702,False
200,29,20,0.14670956134796143,False
200,29,25,0.09603802859783173,False
200,29,30,0.2305699586868286,False
200,29,35,0.1484462320804596,False
200,29,40,0.10471662133932114,False
200,29,45,0.1060526892542839,False
200,29,50,0.16638383269309998,False
200,29,55,0.1298660784959793,False
200,29,60,0.10048079490661621,False
200,29,65,0.05367846414446831,False
200,29,70,0.15964289009571075,False
200,29,75,0.24288591742515564,False
200,29,80,0.24544139206409454,False
200,29,85,0.06776813417673111,False
200,29,90,0.9011151194572449,False
200,29,95,0.11677370220422745,False
200,29,100,0.10473962128162384,False
200,29,105,0.02772587724030018,False
200,29,110,0.05413857102394104,False
200,29,115,0.18311557173728943,False
200,29,120,0.11455617100000381,False
200,29,125,0.16951343417167664,False
200,29,130,0.26702117919921875,False
200,29,135,0.2898101210594177,False
200,29,140,0.48962491750717163,False
200,29,145,0.13799609243869781,False
200,29,150,0.16759440302848816,False
200,29,155,0.1492110788822174,False
200,29,160,0.09438584744930267,False
200,29,165,0.06895514577627182,False
200,29,170,0.09885119646787643,False
200,29,175,0.10379417985677719,False
200,29,180,0.25553426146507263,False
200,29,185,0.12430250644683838,False
200,29,190,0.16362687945365906,False
200,29,195,0.08020366728305817,False
200,29,200,0.1504918932914734,False
200,29,205,0.07109701633453369,False
200,29,210,0.15479916334152222,False
200,29,215,0.12926709651947021,False
200,29,220,0.0913916528224945,False
200,29,225,0.1639406383037567,False
200,29,230,0.07354061305522919,False
200,29,235,0.08002256602048874,False
200,29,240,0.1712827831506729,False
200,29,245,0.24559009075164795,False
200,29,250,0.12728610634803772,False
200,29,255,0.1696932017803192,False
200,29,260,0.1576850265264511,False
200,29,265,0.19452856481075287,False
200,29,270,0.22339999675750732,False
200,29,275,0.18850615620613098,False
200,29,280,0.27383941411972046,False
200,29,285,0.14146795868873596,False
200,29,290,0.07397287338972092,False
200,29,295,0.26683181524276733,False
200,29,300,0.0698024109005928,False
200,29,305,0.11943759024143219,False
200,29,310,0.17312730848789215,False
200,29,315,0.21746262907981873,False
200,29,320,0.2600308060646057,False
200,29,325,0.17558108270168304,False
200,29,330,0.09243260324001312,False
200,29,335,0.24858127534389496,False
200,29,340,0.2915211021900177,False
200,29,345,0.21429306268692017,False
200,29,350,0.19618968665599823,False
200,29,355,0.36560866236686707,False
200,29,360,0.1714371293783188,False
200,29,365,0.27972328662872314,False
200,29,370,0.09483364969491959,False
200,29,375,0.08959580212831497,False
200,29,380,0.2956082224845886,False
200,29,385,0.10826307535171509,False
200,29,390,0.223758265376091,False
200,29,395,0.2615954279899597,False
200,29,400,0.10900043696165085,False
200,29,405,0.21996714174747467,False
200,30,10,0.16084270179271698,False
200,30,15,0.07593408972024918,False
200,30,20,0.12273873388767242,False
200,30,25,0.06238884851336479,False
200,30,30,0.15919199585914612,False
200,30,35,0.40740713477134705,False
200,30,40,0.2018509805202484,False
200,30,45,0.26973000168800354,False
200,30,50,0.1903943419456482,False
200,30,55,0.12497074156999588,False
200,30,60,0.0974498838186264,False
200,30,65,0.13488654792308807,False
200,30,70,0.18355706334114075,False
200,30,75,0.06802064925432205,False
200,30,80,0.1515866219997406,False
200,30,85,0.07187024503946304,False
200,30,90,0.07171089202165604,False
200,30,95,0.12442910671234131,False
200,30,100,0.062274158000946045,False
200,30,105,0.025130169466137886,False
200,30,110,0.014421266503632069,False
200,30,115,0.09587982296943665,False
200,30,120,0.09656674414873123,False
200,30,125,0.0389920212328434,False
200,30,130,0.061158981174230576,False
200,30,135,0.08872806280851364,False
200,30,140,0.14501360058784485,False
200,30,145,0.08917924761772156,False
200,30,150,0.09240889549255371,False
200,30,155,0.1421368420124054,False
200,30,160,0.11089010536670685,False
200,30,165,0.0796339139342308,False
200,30,170,0.0974218100309372,False
200,30,175,0.09673775732517242,False
200,30,180,0.23974867165088654,False
200,30,185,0.12390735745429993,False
200,30,190,0.20116457343101501,False
200,30,195,0.07344521582126617,False
200,30,200,0.10180164873600006,False
200,30,205,0.07847561687231064,False
200,30,210,0.16147230565547943,False
200,30,215,0.12355014681816101,False
200,30,220,0.07886845618486404,False
200,30,225,0.18206560611724854,False
200,30,230,0.067935049533844,False
200,30,235,0.055826857686042786,False
200,30,240,0.08355101943016052,False
200,30,245,0.29751425981521606,False
200,30,250,0.09545363485813141,False
200,30,255,0.17416097223758698,False
200,30,260,0.0928482860326767,False
200,30,265,0.14706450700759888,False
200,30,270,0.07878242433071136,False
200,30,275,0.08967180550098419,False
200,30,280,0.05339818447828293,False
200,30,285,0.16702210903167725,False
200,30,290,0.08481241762638092,False
200,30,295,0.0978628545999527,False
200,30,300,0.0873044952750206,False
200,30,305,0.12636373937129974,False
200,30,310,0.1320721060037613,False
200,30,315,0.21388155221939087,False
200,30,320,0.20780782401561737,False
200,30,325,0.2437775880098343,False
200,30,330,0.18911467492580414,False
200,30,335,0.22777216136455536,False
200,30,340,0.2496960610151291,False
200,30,345,0.11230872571468353,False
200,30,350,0.25936681032180786,False
200,30,355,0.2484273463487625,False
200,30,360,0.10399491339921951,False
200,30,365,0.14984795451164246,False
200,30,370,0.05602099001407623,False
200,30,375,0.16043703258037567,False
200,30,380,0.12331516295671463,False
200,30,385,0.1723432093858719,False
200,30,390,0.15626169741153717,False
200,30,395,0.06252369284629822,False
200,30,400,0.19588914513587952,False
200,30,405,0.21038341522216797,False
200,31,10,0.02666516602039337,False
200,31,15,0.06202556565403938,False
200,31,20,0.12155339866876602,False
200,31,25,0.058891091495752335,False
200,31,30,0.08269654959440231,False
200,31,35,0.19305045902729034,False
200,31,40,0.24038350582122803,False
200,31,45,0.16933585703372955,False
200,31,50,0.23600877821445465,False
200,31,55,0.1722046583890915,False
200,31,60,0.07182896137237549,False
200,31,65,0.04673783853650093,False
200,31,70,0.06439574807882309,False
200,31,75,0.018833540380001068,False
200,31,80,0.07945430278778076,False
200,31,85,0.11008929461240768,False
200,31,90,0.05767444148659706,False
200,31,95,0.07550004869699478,False
200,31,100,0.057450585067272186,False
200,31,105,0.026502253487706184,False
200,31,110,0.034130919724702835,False
200,31,115,0.06008925288915634,False
200,31,120,0.08271826058626175,False
200,31,125,0.07691121101379395,False
200,31,130,0.06240661069750786,False
200,31,135,0.07491865754127502,False
200,31,140,0.03126451373100281,False
200,31,145,0.022480634972453117,False
200,31,150,0.060895975679159164,False
200,31,155,0.06827106326818466,False
200,31,160,0.08926286548376083,False
200,31,165,0.0783194825053215,False
200,31,170,0.06494707614183426,False
200,31,175,0.051282819360494614,False
200,31,180,0.05957148224115372,False
200,31,185,0.04470566287636757,False
200,31,190,0.021585389971733093,False
200,31,195,0.032755956053733826,False
200,31,200,0.10076906532049179,False
200,31,205,0.09503312408924103,False
200,31,210,0.059248004108667374,False
200,31,215,0.04148217663168907,False
200,31,220,0.07878075540065765,False
200,31,225,0.044927652925252914,False
200,31,230,0.0827360525727272,False
200,31,235,0.06827856600284576,False
200,31,240,0.082984060049057,False
200,31,245,0.09236345440149307,False
200,31,250,0.10939810425043106,False
200,31,255,0.11872453987598419,False
200,31,260,0.1644746959209442,False
200,31,265,0.14316169917583466,False
200,31,270,0.2549857497215271,False
200,31,275,0.1801254004240036,False
200,31,280,0.23286223411560059,False
200,31,285,0.13095714151859283,False
200,31,290,0.10361212491989136,False
200,31,295,0.3346557915210724,False
200,31,300,0.15271826088428497,False
200,31,305,0.15443924069404602,False
200,31,310,0.20370003581047058,False
200,31,315,0.12347825616598129,False
200,31,320,0.1566789448261261,False
200,31,325,0.3652661144733429,False
200,31,330,0.10259890556335449,False
200,31,335,0.1097048819065094,False
200,31,340,0.28342536091804504,False
200,31,345,0.09989378601312637,False
200,31,350,0.4125075042247772,False
200,31,355,0.5539863109588623,False
200,31,360,0.09688286483287811,False
200,31,365,0.125669464468956,False
200,31,370,0.16263450682163239,False
200,31,375,0.20919162034988403,False
200,31,380,0.27515655755996704,False
200,31,385,0.10961609333753586,False
200,31,390,0.21440769731998444,False
200,31,395,0.08796633780002594,False
200,31,400,0.2720955014228821,False
200,31,405,0.39836591482162476,False
200,32,10,0.04176928102970123,False
200,32,15,0.05052679032087326,False
200,32,20,0.09694385528564453,False
200,32,25,0.06053983420133591,False
200,32,30,0.32729506492614746,False
200,32,35,0.3026951253414154,False
200,32,40,0.14898084104061127,False
200,32,45,0.18392246961593628,False
200,32,50,0.13802793622016907,False
200,32,55,0.10188143700361252,False
200,32,60,0.03707661107182503,False
200,32,65,0.038242802023887634,False
200,32,70,0.039832741022109985,False
200,32,75,0.075996533036232,False
200,32,80,0.06835256516933441,False
200,32,85,0.05614593252539635,False
200,32,90,0.046169109642505646,False
200,32,95,0.056114181876182556,False
200,32,100,0.04371991008520126,False
200,32,105,0.045962486416101456,False
200,32,110,0.02189244143664837,False
200,32,115,0.10364171117544174,False
200,32,120,0.08423677831888199,False
200,32,125,0.04076268896460533,False
200,32,130,0.10765433311462402,False
200,32,135,0.09055149555206299,False
200,32,140,0.22745531797409058,False
200,32,145,0.06395281106233597,False
200,32,150,0.034619588404893875,False
200,32,155,0.046350255608558655,False
200,32,160,0.13457567989826202,False
200,32,165,0.14827558398246765,False
200,32,170,0.07745099812746048,False
200,32,175,0.03994753956794739,False
200,32,180,0.1257917582988739,False
200,32,185,0.09315387904644012,False
200,32,190,0.047552041709423065,False
200,32,195,0.039527103304862976,False
200,32,200,0.09184107184410095,False
200,32,205,0.11095878481864929,False
200,32,210,0.0714266300201416,False
200,32,215,0.3249885141849518,False
200,32,220,0.20266665518283844,False
200,32,225,0.10057249665260315,False
200,32,230,0.1567935198545456,False
200,32,235,0.17171642184257507,False
200,32,240,0.14462022483348846,False
200,32,245,0.15429024398326874,False
200,32,250,0.18979616463184357,False
200,32,255,0.1827995777130127,False
200,32,260,0.23590801656246185,False
200,32,265,0.2131751924753189,False
200,32,270,0.09661366045475006,False
200,32,275,0.05666808784008026,False
200,32,280,0.09776930510997772,False
200,32,285,0.18068362772464752,False
200,32,290,0.1709100902080536,False
200,32,295,0.3158970773220062,False
200,32,300,0.3849118649959564,False
200,32,305,0.13388916850090027,False
200,32,310,0.1964549422264099,False
200,32,315,0.11460667103528976,False
200,32,320,0.16541025042533875,False
200,32,325,0.33343207836151123,False
200,32,330,0.05122766271233559,False
200,32,335,0.0491415299475193,False
200,32,340,0.09257650375366211,False
200,32,345,0.14115670323371887,False
200,32,350,0.6011853814125061,False
200,32,355,0.21334397792816162,False
200,32,360,0.13868020474910736,False
200,32,365,0.19075438380241394,False
200,32,370,0.20665375888347626,False
200,32,375,0.28467458486557007,False
200,32,380,0.26435476541519165,False
200,32,385,0.2372768372297287,False
200,32,390,0.18793772161006927,False
200,32,395,0.1185222864151001,False
200,32,400,0.1791246235370636,False
200,32,405,0.47048747539520264,False
200,33,10,0.05672881007194519,False
200,33,15,0.1729399412870407,False
200,33,20,0.07674688845872879,False
200,33,25,0.18556644022464752,False
200,33,30,0.06805670261383057,False
200,33,35,0.4691402018070221,False
200,33,40,0.3244117200374603,False
200,33,45,0.1479252427816391,False
200,33,50,0.027781400829553604,False
200,33,55,0.11098458617925644,False
200,33,60,0.04017183184623718,False
200,33,65,0.06499499082565308,False
200,33,70,0.23666873574256897,False
200,33,75,0.0824817642569542,False
200,33,80,0.1366998255252838,False
200,33,85,0.23083919286727905,False
200,33,90,0.12786179780960083,False
200,33,95,0.19669440388679504,False
200,33,100,0.043118853121995926,False
200,33,105,0.14088983833789825,False
200,33,110,0.13335341215133667,False
200,33,115,0.0936056599020958,False
200,33,120,0.050194937735795975,False
200,33,125,0.1391289383172989,False
200,33,130,0.1123422309756279,False
200,33,135,0.22467373311519623,False
200,33,140,0.19449780881404877,False
200,33,145,0.16870523989200592,False
200,33,150,0.03672254830598831,False
200,33,155,0.12559013068675995,False
200,33,160,0.26269468665122986,False
200,33,165,0.13390031456947327,False
200,33,170,0.21784624457359314,False
200,33,175,0.15016882121562958,False
200,33,180,0.15306715667247772,False
200,33,185,0.15111762285232544,False
200,33,190,0.1110575720667839,False
200,33,195,0.05714874342083931,False
200,33,200,0.08000817894935608,False
200,33,205,0.048130907118320465,False
200,33,210,0.2831438481807709,False
200,33,215,0.07258667796850204,False
200,33,220,0.08275484293699265,False
200,33,225,0.14457331597805023,False
200,33,230,0.2653287947177887,False
200,33,235,0.20313362777233124,False
200,33,240,0.3543890714645386,False
200,33,245,0.3003247082233429,False
200,33,250,0.1298050433397293,False
200,33,255,0.2126837819814682,False
200,33,260,0.11738719046115875,False
200,33,265,0.17662672698497772,False
200,33,270,0.17666712403297424,False
200,33,275,0.06937812268733978,False
200,33,280,0.0942346379160881,False
200,33,285,0.2286255806684494,False
200,33,290,0.051150038838386536,False
200,33,295,0.06356777250766754,False
200,33,300,0.07556575536727905,False
200,33,305,0.1294671595096588,False
200,33,310,0.2024182677268982,False
200,33,315,0.1528967320919037,False
200,33,320,0.10594204068183899,False
200,33,325,0.07674376666545868,False
200,33,330,0.06367286294698715,False
200,33,335,0.10173138976097107,False
200,33,340,0.08846952021121979,False
200,33,345,0.07358536124229431,False
200,33,350,0.13390854001045227,False
200,33,355,0.13852138817310333,False
200,33,360,0.1567915976047516,False
200,33,365,0.22050821781158447,False
200,33,370,0.061741139739751816,False
200,33,375,0.08029009401798248,False
200,33,380,0.17375564575195312,False
200,33,385,0.03555409610271454,False
200,33,390,0.1128481850028038,False
200,33,395,0.1540379673242569,False
200,33,400,0.03738730400800705,False
200,33,405,0.10580702126026154,False
200,34,10,0.11294642835855484,False
200,34,15,0.17055554687976837,False
200,34,20,0.08020675182342529,False
200,34,25,0.10768287628889084,False
200,34,30,0.31406736373901367,False
200,34,35,0.20495527982711792,False
200,34,40,0.17429663240909576,False
200,34,45,0.24435260891914368,False
200,34,50,0.05922972038388252,False
200,34,55,0.16075673699378967,False
200,34,60,0.08253736793994904,False
200,34,65,0.11229564994573593,False
200,34,70,0.19087181985378265,False
200,34,75,0.08840962499380112,False
200,34,80,1.3891724348068237,False
200,34,85,0.19363714754581451,False
200,34,90,0.16656272113323212,False
200,34,95,0.06505931168794632,False
200,34,100,0.15199172496795654,False
200,34,105,0.1947111040353775,False
200,34,110,0.10931901633739471,False
200,34,115,0.13571836054325104,False
200,34,120,0.26747387647628784,False
200,34,125,0.08712565153837204,False
200,34,130,0.07489754259586334,False
200,34,135,0.24172553420066833,False
200,34,140,0.1283135861158371,False
200,34,145,0.030905937775969505,False
200,34,150,0.05762645974755287,False
200,34,155,0.09617722034454346,False
200,34,160,0.14947077631950378,False
200,34,165,0.1459575593471527,False
200,34,170,0.08271550387144089,False
200,34,175,0.07602249830961227,False
200,34,180,0.061741672456264496,False
200,34,185,0.022536924108862877,False
200,34,190,0.01841495744884014,False
200,34,195,0.08993034064769745,False
200,34,200,0.05330462381243706,False
200,34,205,0.0784306526184082,False
200,34,210,0.16871502995491028,False
200,34,215,0.10285303741693497,False
200,34,220,0.04923481494188309,False
200,34,225,0.04769643396139145,False
200,34,230,0.14357930421829224,False
200,34,235,0.16846336424350739,False
200,34,240,0.0894634947180748,False
200,34,245,0.059386420994997025,False
200,34,250,0.07289453595876694,False
200,34,255,0.24594354629516602,False
200,34,260,0.10791702568531036,False
200,34,265,0.04748157039284706,False
200,34,270,0.045533906668424606,False
200,34,275,0.08198021352291107,False
200,34,280,0.21716022491455078,False
200,34,285,0.047046590596437454,False
200,34,290,0.2434806525707245,False
200,34,295,0.08945997804403305,False
200,34,300,0.094716377556324,False
200,34,305,0.06061287596821785,False
200,34,310,0.07520473748445511,False
200,34,315,0.07593934237957001,False
200,34,320,0.07577140629291534,False
200,34,325,0.06736164540052414,False
200,34,330,0.1311601847410202,False
200,34,335,0.07182034850120544,False
200,34,340,0.24155747890472412,False
200,34,345,0.25269782543182373,False
200,34,350,0.11236285418272018,False
200,34,355,0.1726045459508896,False
200,34,360,0.08260469138622284,False
200,34,365,0.07086199522018433,False
200,34,370,0.03901482746005058,False
200,34,375,0.06725294888019562,False
200,34,380,0.152976855635643,False
200,34,385,0.1949375718832016,False
200,34,390,0.08455394953489304,False
200,34,395,0.1651478260755539,False
200,34,400,0.252536803483963,False
200,34,405,0.3397166132926941,False
200,35,10,0.16794465482234955,True
200,35,15,0.08177623897790909,True
200,35,20,0.1347111165523529,True
200,35,25,0.06406547129154205,True
200,35,30,0.146102637052536,True
200,35,35,0.2502448856830597,True
200,35,40,0.25610801577568054,True
200,35,45,0.08134617656469345,True
200,35,50,0.21728357672691345,True
200,35,55,0.3499448895454407,True
200,35,60,0.4211282730102539,True
200,35,65,0.24524396657943726,True
200,35,70,0.08371999859809875,True
200,35,75,0.06493272632360458,True
200,35,80,0.17881228029727936,True
200,35,85,0.15668994188308716,True
200,35,90,0.14857256412506104,True
200,35,95,0.10749498754739761,True
200,35,100,0.19029656052589417,True
200,35,105,0.1680482029914856,True
200,35,110,0.19334502518177032,True
200,35,115,0.15254482626914978,True
200,35,120,0.237343430519104,True
200,35,125,0.0998358502984047,True
200,35,130,0.20976847410202026,True
200,35,135,0.14255592226982117,True
200,35,140,0.1216587945818901,True
200,35,145,0.19666166603565216,True
200,35,150,0.08381590247154236,True
200,35,155,0.08131671696901321,True
200,35,160,0.11372760683298111,True
200,35,165,0.16493980586528778,True
200,35,170,0.07385434955358505,True
200,35,175,0.04592076689004898,True
200,35,180,0.03780888393521309,True
200,36,10,0.04304729029536247,False
200,36,15,0.06738781929016113,False
200,36,20,0.11979042738676071,False
200,36,25,0.03163621202111244,False
200,36,30,0.30859142541885376,False
200,36,35,0.253929078578949,False
200,36,40,0.11994484812021255,False
200,36,45,0.09112870693206787,False
200,36,50,0.15655887126922607,False
200,36,55,0.08204293996095657,False
200,36,60,0.07070275396108627,False
200,36,65,0.03792429715394974,False
200,36,70,0.055592671036720276,False
200,36,75,0.05812763795256615,False
200,36,80,0.09571080654859543,False
200,36,85,0.07223935425281525,False
200,36,90,0.056824538856744766,False
200,36,95,0.10027556866407394,False
200,36,100,0.034631822258234024,False
200,36,105,0.03467319905757904,False
200,36,110,0.05007823556661606,False
200,36,115,0.05129106342792511,False
200,36,120,0.05770028010010719,False
200,36,125,0.03170867636799812,False
200,36,130,0.03307648375630379,False
200,36,135,0.05652039870619774,False
200,36,140,0.06296131014823914,False
200,36,145,0.025187132880091667,False
200,36,150,0.0360562801361084,False
200,36,155,0.0718267410993576,False
200,36,160,0.07645091414451599,False
200,36,165,0.08746683597564697,False
200,36,170,0.08862647414207458,False
200,36,175,0.04795590043067932,False
200,36,180,0.06497368216514587,False
200,36,185,0.07459419965744019,False
200,36,190,0.03623797371983528,False
200,36,195,0.09056913107633591,False
200,36,200,0.09438614547252655,False
200,36,205,0.05913160368800163,False
200,36,210,0.04552840068936348,False
200,36,215,0.04507000371813774,False
200,36,220,0.060243554413318634,False
200,36,225,0.07763034850358963,False
200,36,230,0.07017767429351807,False
200,36,235,0.0383993498980999,False
200,36,240,0.19140379130840302,False
200,36,245,0.09091313928365707,False
200,36,250,0.12375330924987793,False
200,36,255,0.09141981601715088,False
200,36,260,0.1479049026966095,False
200,36,265,0.1357041597366333,False
200,36,270,0.22467145323753357,False
200,36,275,0.13581502437591553,False
200,36,280,0.19961504638195038,False
200,36,285,0.1501162052154541,False
200,36,290,0.15521234273910522,False
200,36,295,0.25727447867393494,False
200,36,300,0.1546248197555542,False
200,36,305,0.16344915330410004,False
200,36,310,0.24023501574993134,False
200,36,315,0.10702730715274811,False
200,36,320,0.1645483374595642,False
200,36,325,0.18584385514259338,False
200,36,330,0.09653831273317337,False
200,36,335,0.10707078129053116,False
200,36,340,0.3374967575073242,False
200,36,345,0.07746843248605728,False
200,36,350,0.5239774584770203,False
200,36,355,0.1732964664697647,False
200,36,360,0.0859929621219635,False
200,36,365,0.14677990972995758,False
200,36,370,0.15977714955806732,False
200,36,375,0.19445087015628815,False
200,36,380,0.2557864785194397,False
200,36,385,0.1007462665438652,False
200,36,390,0.15086662769317627,False
200,36,395,0.0863199308514595,False
200,36,400,0.27941182255744934,False
200,36,405,0.36027753353118896,False
200,37,10,0.07550607621669769,False
200,37,15,0.08171864598989487,False
200,37,20,0.05074957013130188,False
200,37,25,0.3217010796070099,False
200,37,30,0.16672760248184204,False
200,37,35,0.4585716724395752,False
200,37,40,0.30946922302246094,False
200,37,45,0.2346723973751068,False
200,37,50,0.1099703311920166,False
200,37,55,0.08828810602426529,False
200,37,60,0.060613323003053665,False
200,37,65,0.07757699489593506,False
200,37,70,0.14424201846122742,False
200,37,75,0.04587254300713539,False
200,37,80,0.12693633139133453,False
200,37,85,0.03820230811834335,False
200,37,90,0.1467573195695877,False
200,37,95,0.16060572862625122,False
200,37,100,0.038039639592170715,False
200,37,105,0.032801304012537,False
200,37,110,0.0328868106007576,False
200,37,115,0.13454918563365936,False
200,37,120,0.05467042326927185,False
200,37,125,0.05956539511680603,False
200,37,130,0.08117425441741943,False
200,37,135,0.10681775957345963,False
200,37,140,0.08187597244977951,False
200,37,145,0.08387811481952667,False
200,37,150,0.1113552525639534,False
200,37,155,0.060795918107032776,False
200,37,160,0.11200425028800964,False
200,37,165,1.8542470932006836,False
200,37,170,1.6923573017120361,False
200,37,175,0.8868521451950073,False
200,37,180,0.10912969708442688,False
200,37,185,0.020368998870253563,False
200,37,190,0.016980113461613655,False
200,37,195,0.03279132395982742,False
200,37,200,0.05879305303096771,False
200,37,205,0.08531457185745239,False
200,37,210,0.02648911625146866,False
200,37,215,0.04301440343260765,False
200,37,220,0.08930256962776184,False
200,37,225,0.0830850750207901,False
200,37,230,0.09470589458942413,False
200,37,235,0.17072288691997528,False
200,37,240,0.1558215171098709,False
200,37,245,0.05402433127164841,False
200,37,250,0.13938547670841217,False
200,37,255,0.08612260967493057,False
200,37,260,0.16090349853038788,False
200,37,265,0.1466025710105896,False
200,37,270,0.1191796213388443,False
200,37,275,0.06740381568670273,False
200,37,280,0.2237294614315033,False
200,37,285,0.10036858916282654,False
200,37,290,0.025670332834124565,False
200,37,295,0.16249017417430878,False
200,37,300,0.12274368852376938,False
200,37,305,0.21168984472751617,False
200,37,310,0.1685166358947754,False
200,37,315,0.11204897612333298,False
200,37,320,0.08045057207345963,False
200,37,325,0.17723113298416138,False
200,37,330,0.07936559617519379,False
200,37,335,0.23308199644088745,False
200,37,340,0.19926993548870087,False
200,37,345,0.24815964698791504,False
200,37,350,0.34974703192710876,False
200,37,355,0.2626880407333374,False
200,37,360,0.06330902129411697,False
200,37,365,0.10735141485929489,False
200,37,370,0.08166094124317169,False
200,37,375,0.15912184119224548,False
200,37,380,0.19125644862651825,False
200,37,385,0.08249862492084503,False
200,37,390,0.24391424655914307,False
200,37,395,0.09308518469333649,False
200,37,400,0.18107451498508453,False
200,37,405,0.2633398175239563,False
200,38,10,0.12401939183473587,False
200,38,15,0.0823017805814743,False
200,38,20,0.026743821799755096,False
200,38,25,0.1083928793668747,False
200,38,30,0.14586389064788818,False
200,38,35,0.24490207433700562,False
200,38,40,0.10187344998121262,False
200,38,45,0.16981910169124603,False
200,38,50,0.23295128345489502,False
200,38,55,0.21388863027095795,False
200,38,60,0.14544861018657684,False
200,38,65,0.20634743571281433,False
200,38,70,0.31200069189071655,False
200,38,75,0.18254561722278595,False
200,38,80,0.10410336405038834,False
200,38,85,0.07745736837387085,False
200,38,90,0.1936807930469513,False
200,38,95,0.06080789119005203,False
200,38,100,0.12546667456626892,False
200,38,105,0.22428779304027557,False
200,38,110,0.041629817336797714,False
200,38,115,0.20705826580524445,False
200,38,120,0.15375186502933502,False
200,38,125,0.1921113282442093,False
200,38,130,0.2940284013748169,False
200,38,135,0.2432643473148346,False
200,38,140,0.16389325261116028,False
200,38,145,0.0957670658826828,False
200,38,150,0.15519070625305176,False
200,38,155,0.10769630968570709,False
200,38,160,0.17088991403579712,False
200,38,165,0.1037534847855568,False
200,38,170,0.06690654903650284,False
200,38,175,0.09614332020282745,False
200,38,180,0.028324084356427193,False
200,38,185,0.08983117341995239,False
200,38,190,0.05789274722337723,False
200,38,195,0.023670440539717674,False
200,38,200,0.09524869173765182,False
200,38,205,0.0786152184009552,False
200,38,210,0.07320793718099594,False
200,38,215,0.0402299202978611,False
200,38,220,0.08365961909294128,False
200,38,225,0.1244097352027893,False
200,38,230,0.09168953448534012,False
200,38,235,0.13464008271694183,False
200,38,240,0.07740867882966995,False
200,38,245,0.1905706524848938,False
200,38,250,0.16726680099964142,False
200,38,255,0.18356285989284515,False
200,38,260,0.0656147450208664,False
200,38,265,0.1177792102098465,False
200,38,270,0.02509608305990696,False
200,38,275,0.05565031245350838,False
200,38,280,0.14343851804733276,False
200,38,285,0.07911393791437149,False
200,38,290,0.21484115719795227,False
200,38,295,0.11933629959821701,False
200,38,300,0.07297544926404953,False
200,38,305,0.18105706572532654,False
200,38,310,0.24866466224193573,False
200,38,315,0.25103381276130676,False
200,38,320,0.11370556801557541,False
200,38,325,0.031334057450294495,False
200,38,330,0.038588911294937134,False
200,38,335,0.02962368167936802,False
200,38,340,0.04624960944056511,False
200,38,345,0.0792328417301178,False
200,38,350,0.14706899225711823,False
200,38,355,0.07303132116794586,False
200,38,360,0.09238826483488083,False
200,38,365,0.06958283483982086,False
200,38,370,0.09577975422143936,False
200,38,375,0.05197791010141373,False
200,38,380,0.08009433001279831,False
200,38,385,0.030359337106347084,False
200,38,390,0.0676376223564148,False
200,38,395,0.02381300926208496,False
200,38,400,0.03977345675230026,False
200,38,405,0.12418907135725021,False
200,39,10,0.14149458706378937,False
200,39,15,0.0934772938489914,False
200,39,20,0.18630988895893097,False
200,39,25,0.09450925141572952,False
200,39,30,0.13895608484745026,False
200,39,35,0.10321099311113358,False
200,39,40,0.34572842717170715,False
200,39,45,0.3380086123943329,False
200,39,50,0.3469175100326538,False
200,39,55,0.6077264547348022,False
200,39,60,0.2967701256275177,False
200,39,65,0.30984053015708923,False
200,39,70,0.11264396458864212,False
200,39,75,0.15536193549633026,False
200,39,80,0.42996999621391296,False
200,39,85,0.3945632874965668,False
200,39,90,0.26915740966796875,False
200,39,95,0.0649162083864212,False
200,39,100,0.25387832522392273,False
200,39,105,0.12155228108167648,False
200,39,110,0.20966756343841553,False
200,39,115,0.13759291172027588,False
200,39,120,0.17313414812088013,False
200,39,125,0.547439694404602,False
200,39,130,0.1932285726070404,False
200,39,135,0.058901723474264145,False
200,39,140,0.3429861068725586,False
200,39,145,0.15910936892032623,False
200,39,150,0.40918490290641785,False
200,39,155,0.15937098860740662,False
200,39,160,0.14965297281742096,False
200,39,165,0.09784994274377823,False
200,39,170,0.22779737412929535,False
200,39,175,0.031924206763505936,False
200,39,180,0.10238410532474518,False
200,39,185,0.09562436491250992,False
200,39,190,0.13800406455993652,False
200,39,195,0.08200235664844513,False
200,39,200,0.16450661420822144,False
200,39,205,0.4337785542011261,False
200,39,210,0.8820708394050598,False
200,39,215,0.30444130301475525,False
200,39,220,0.10753735899925232,False
200,39,225,0.3859921097755432,False
200,39,230,0.139259472489357,False
200,39,235,0.10747821629047394,False
200,39,240,0.12428290396928787,False
200,39,245,0.1516369730234146,False
200,39,250,0.12342672049999237,False
200,39,255,0.08565901964902878,False
200,39,260,0.0802893415093422,False
200,39,265,0.8763647079467773,False
200,39,270,0.9058932065963745,False
200,39,275,0.10121233761310577,False
200,39,280,0.08181869238615036,False
200,39,285,0.06139568239450455,False
200,39,290,0.0622289702296257,False
200,39,295,0.02044595591723919,False
200,39,300,0.017367715016007423,False
200,39,305,0.0454789474606514,False
200,39,310,0.06332891434431076,False
200,39,315,0.031196149066090584,False
200,39,320,0.12322135269641876,False
200,39,325,0.20235350728034973,False
200,39,330,0.04481157287955284,False
200,39,335,0.11856527626514435,False
200,39,340,0.11029209196567535,False
200,39,345,0.14987091720104218,False
200,39,350,0.08399509638547897,False
200,39,355,0.13886873424053192,False
200,39,360,0.10233750939369202,False
200,39,365,0.10039139539003372,False
200,39,370,0.07446269690990448,False
200,39,375,0.08065862208604813,False
200,39,380,0.09582202881574631,False
200,39,385,0.10851720720529556,False
200,39,390,0.10847502201795578,False
200,39,395,0.10098360478878021,False
200,39,400,0.11620434373617172,False
200,39,405,0.11005449295043945,False
200,40,10,0.1333320289850235,True
200,40,15,0.1200437843799591,True
200,40,20,0.07245834171772003,True
200,40,25,0.07022970914840698,True
200,40,30,0.15575186908245087,True
200,40,35,0.20307059586048126,True
200,40,40,0.19787980616092682,True
200,40,45,0.2014313042163849,True
200,40,50,0.1831788867712021,True
200,40,55,0.08358310163021088,True
200,40,60,0.13409888744354248,True
200,40,65,0.15443618595600128,True
200,40,70,0.12926380336284637,True
200,40,75,0.11063175648450851,True
200,40,80,0.0829189270734787,True
200,40,85,0.017424747347831726,True
200,40,90,0.03658464923501015,True
200,40,95,0.08341235667467117,True
200,40,100,0.17646731436252594,True
200,40,105,0.22718578577041626,True
200,40,110,0.13842254877090454,True
200,40,115,0.17152740061283112,True
200,40,120,0.04932089149951935,True
200,40,125,0.13854782283306122,True
200,40,130,0.1079736053943634,True
200,40,135,0.04441598802804947,True
200,40,140,0.08761751651763916,True
200,40,145,0.1296752393245697,True
200,41,10,0.15838319063186646,False
200,41,15,0.07396028935909271,False
200,41,20,0.15955612063407898,False
200,41,25,0.1760614961385727,False
200,41,30,0.17940935492515564,False
200,41,35,0.15938681364059448,False
200,41,40,0.5758002400398254,False
200,41,45,0.18031655251979828,False
200,41,50,0.21957828104496002,False
200,41,55,0.42510998249053955,False
200,41,60,0.19720301032066345,False
200,41,65,0.4103327989578247,False
200,41,70,0.05295167863368988,False
200,41,75,0.2893441617488861,False
200,41,80,0.3712674677371979,False
200,41,85,0.1666804552078247,False
200,41,90,0.07257839292287827,False
200,41,95,0.06465158611536026,False
200,41,100,0.15815089643001556,False
200,41,105,0.2699207067489624,False
200,41,110,0.09828368574380875,False
200,41,115,0.08902937918901443,False
200,41,120,0.0762375146150589,False
200,41,125,0.30281728506088257,False
200,41,130,0.4891650974750519,False
200,41,135,0.09202825278043747,False
200,41,140,0.3643612265586853,False
200,41,145,0.3807755410671234,False
200,41,150,0.4825689196586609,False
200,41,155,0.3476726710796356,False
200,41,160,0.07527722418308258,False
200,41,165,0.05393536761403084,False
200,41,170,0.09093479067087173,False
200,41,175,0.036028869450092316,False
200,41,180,0.10248976945877075,False
200,41,185,0.11191227287054062,False
200,41,190,0.1217702254652977,False
200,41,195,0.05470331758260727,False
200,41,200,0.17195017635822296,False
200,41,205,0.1415693461894989,False
200,41,210,1.3113535642623901,False
200,41,215,0.5092821717262268,False
200,41,220,0.1561950296163559,False
200,41,225,0.24333693087100983,False
200,41,230,0.5363029837608337,False
200,41,235,1.864453673362732,False
200,41,240,0.62541264295578,False
200,41,245,0.773415207862854,False
200,41,250,0.10744061321020126,False
200,41,255,0.769788384437561,False
200,41,260,0.10565710067749023,False
200,41,265,0.27545925974845886,False
200,41,270,0.69461989402771,False
200,41,275,0.681380569934845,False
200,41,280,1.0706465244293213,False
200,41,285,0.45698732137680054,False
200,41,290,1.1262049674987793,False
200,41,295,1.0581060647964478,False
200,41,300,0.47313472628593445,False
200,41,305,0.20772743225097656,False
200,41,310,0.11989936232566833,False
200,41,315,0.8536672592163086,False
200,41,320,0.22367681562900543,False
200,41,325,0.23586298525333405,False
200,41,330,0.9965084195137024,False
200,41,335,1.0359084606170654,False
200,41,340,0.7996779680252075,False
200,41,345,0.31683221459388733,False
200,41,350,0.19158358871936798,False
200,41,355,0.38520529866218567,False
200,41,360,0.5685157775878906,False
200,41,365,0.6384553909301758,False
200,41,370,0.6488619446754456,False
200,41,375,0.13862907886505127,False
200,41,380,0.847208559513092,False
200,41,385,0.4277162551879883,False
200,41,390,0.20702767372131348,False
200,41,395,0.668776273727417,False
200,41,400,0.15271461009979248,False
200,41,405,0.7037132978439331,False
200,42,10,0.03338543325662613,False
200,42,15,0.050040703266859055,False
200,42,20,0.11472667008638382,False
200,42,25,0.06290210783481598,False
200,42,30,0.12011313438415527,False
200,42,35,0.2010486125946045,False
200,42,40,0.17180007696151733,False
200,42,45,0.15480968356132507,False
200,42,50,0.153213769197464,False
200,42,55,0.1698474884033203,False
200,42,60,0.032669566571712494,False
200,42,65,0.041649822145700455,False
200,42,70,0.09512504190206528,False
200,42,75,0.11297280341386795,False
200,42,80,0.047029852867126465,False
200,42,85,0.06567880511283875,False
200,42,90,0.04784227907657623,False
200,42,95,0.06971801072359085,False
200,42,100,0.03640936315059662,False
200,42,105,0.06358326971530914,False
200,42,110,0.03072384186089039,False
200,42,115,0.10745631158351898,False
200,42,120,0.06034247204661369,False
200,42,125,0.06492992490530014,False
200,42,130,0.06711047887802124,False
200,42,135,0.08894004672765732,False
200,42,140,0.019154725596308708,False
200,42,145,0.045949410647153854,False
200,42,150,0.10195378214120865,False
200,42,155,0.04739220067858696,False
200,42,160,0.051853857934474945,False
200,42,165,0.06072284281253815,False
200,42,170,0.043046578764915466,False
200,42,175,0.06841447949409485,False
200,42,180,0.16116343438625336,False
200,42,185,0.05686498433351517,False
200,42,190,0.032547514885663986,False
200,42,195,0.03644149750471115,False
200,42,200,0.08423201739788055,False
200,42,205,0.05311761423945427,False
200,42,210,0.0584944486618042,False
200,42,215,0.05113493651151657,False
200,42,220,0.12295829504728317,False
200,42,225,0.06927240639925003,False
200,42,230,0.05456743761897087,False
200,42,235,0.04795447736978531,False
200,42,240,0.13837578892707825,False
200,42,245,0.0530320443212986,False
200,42,250,0.20393894612789154,False
200,42,255,0.1486896574497223,False
200,42,260,0.21063140034675598,False
200,42,265,0.14049561321735382,False
200,42,270,0.22602765262126923,False
200,42,275,0.13733699917793274,False
200,42,280,0.0957099050283432,False
200,42,285,0.16090430319309235,False
200,42,290,0.23076824843883514,False
200,42,295,0.25502654910087585,False
200,42,300,0.13770072162151337,False
200,42,305,0.162952721118927,False
200,42,310,0.18622986972332,False
200,42,315,0.08981657773256302,False
200,42,320,0.1449582427740097,False
200,42,325,0.1339627206325531,False
200,42,330,0.11029940843582153,False
200,42,335,0.21350929141044617,False
200,42,340,0.1849542111158371,False
200,42,345,0.08029019832611084,False
200,42,350,0.24647299945354462,False
200,42,355,0.1863207072019577,False
200,42,360,0.07599514722824097,False
200,42,365,0.18423622846603394,False
200,42,370,0.13160964846611023,False
200,42,375,0.20367754995822906,False
200,42,380,0.17956362664699554,False
200,42,385,0.2809414863586426,False
200,42,390,0.25532394647598267,False
200,42,395,0.11889707297086716,False
200,42,400,0.3207184076309204,False
200,42,405,0.4666326642036438,False
200,43,10,0.13256210088729858,False
200,43,15,0.09906826913356781,False
200,43,20,0.1710517853498459,False
200,43,25,0.08836706727743149,False
200,43,30,0.12506410479545593,False
200,43,35,0.4148156940937042,False
200,43,40,0.1825064718723297,False
200,43,45,0.14866596460342407,False
200,43,50,0.082109235227108,False
200,43,55,0.21468856930732727,False
200,43,60,0.08512841910123825,False
200,43,65,0.03205214440822601,False
200,43,70,0.13934184610843658,False
200,43,75,0.1109410896897316,False
200,43,80,0.09645023941993713,False
200,43,85,1.658790946006775,False
200,43,90,0.07020078599452972,False
200,43,95,0.13443467020988464,False
200,43,100,0.025942787528038025,False
200,43,105,0.059426236897706985,False
200,43,110,0.09636827558279037,False
200,43,115,0.13745014369487762,False
200,43,120,0.11097659915685654,False
200,43,125,0.05832239240407944,False
200,43,130,0.030884869396686554,False
200,43,135,0.04873703420162201,False
200,43,140,0.13976579904556274,False
200,43,145,0.07912130653858185,False
200,43,150,0.030185142531991005,False
200,43,155,0.13338890671730042,False
200,43,160,0.14797468483448029,False
200,43,165,0.09049162268638611,False
200,43,170,0.1631874293088913,False
200,43,175,0.040743857622146606,False
200,43,180,0.054383534938097,False
200,43,185,0.12430413067340851,False
200,43,190,0.07536748051643372,False
200,43,195,0.04961877688765526,False
200,43,200,0.05613945797085762,False
200,43,205,0.0786285251379013,False
200,43,210,0.2031468152999878,False
200,43,215,0.11615446954965591,False
200,43,220,0.07795725762844086,False
200,43,225,0.07494465261697769,False
200,43,230,0.19490556418895721,False
200,43,235,0.1886577159166336,False
200,43,240,0.1176956295967102,False
200,43,245,0.19691219925880432,False
200,43,250,0.0786207765340805,False
200,43,255,0.1407971829175949,False
200,43,260,0.04221748933196068,False
200,43,265,0.10345633327960968,False
200,43,270,0.2653351426124573,False
200,43,275,0.2643511891365051,False
200,43,280,0.3379696309566498,False
200,43,285,0.16128221154212952,False
200,43,290,0.04599374160170555,False
200,43,295,0.06019539386034012,False
200,43,300,0.06848151236772537,False
200,43,305,0.10550187528133392,False
200,43,310,0.19382745027542114,False
200,43,315,0.3434232473373413,False
200,43,320,0.27747368812561035,False
200,43,325,0.26280128955841064,False
200,43,330,0.17692536115646362,False
200,43,335,0.35373446345329285,False
200,43,340,0.34972700476646423,False
200,43,345,0.3204592168331146,False
200,43,350,0.2804117202758789,False
200,43,355,0.3560216724872589,False
200,43,360,0.151360422372818,False
200,43,365,0.21202337741851807,False
200,43,370,0.1965799778699875,False
200,43,375,0.07813206315040588,False
200,43,380,0.3153102695941925,False
200,43,385,0.13984499871730804,False
200,43,390,0.2533279359340668,False
200,43,395,0.22951559722423553,False
200,43,400,0.12414009869098663,False
200,43,405,0.15471281111240387,False
200,44,10,0.156893789768219,True
200,44,15,0.07145442068576813,True
200,44,20,0.13310232758522034,True
200,44,25,0.07336468249559402,True
200,44,30,0.15427838265895844,True
200,44,35,0.17511771619319916,True
200,44,40,0.4187454283237457,True
200,44,45,0.2396506816148758,True
200,44,50,0.23940543830394745,True
200,44,55,0.2486198991537094,True
200,44,60,0.3019416034221649,True
200,44,65,0.134304940700531,True
200,44,70,0.10813341289758682,True
200,44,75,0.06054440513253212,True
200,44,80,0.07421406358480453,True
200,44,85,0.14508262276649475,True
200,44,90,0.13109706342220306,True
200,44,95,0.18897221982479095,True
200,44,100,0.12494296580553055,True
200,44,105,0.024560509249567986,True
200,44,110,0.15046225488185883,True
200,44,115,0.17383594810962677,True
200,44,120,0.17046071588993073,True
200,44,125,0.07572083175182343,True
200,44,130,0.17413648962974548,True
200,44,135,0.1325572282075882,True
200,44,140,0.13353095948696136,True
200,44,145,0.24886655807495117,True
200,44,150,0.18458831310272217,True
200,44,155,0.2647992968559265,True
200,44,160,0.17402726411819458,True
200,44,165,0.13328087329864502,True
200,44,170,0.0800749883055687,True
200,44,175,0.0774090364575386,True
200,44,180,0.1480923742055893,True
200,44,185,0.09704852849245071,True
200,44,190,0.11341087520122528,True
200,44,195,0.03227725997567177,True
200,44,200,0.09406863898038864,True
200,44,205,0.14517802000045776,True
200,44,210,0.06590338796377182,True
200,44,215,0.0762474313378334,True
200,44,220,0.08834424614906311,True
200,44,225,0.07568038254976273,True
200,44,230,0.08677563071250916,True
200,44,235,0.10455694794654846,True
200,44,240,0.15085957944393158,True
200,44,245,0.14801086485385895,True
200,45,10,0.17721594870090485,False
200,45,15,0.0885409563779831,False
200,45,20,0.1927635818719864,False
200,45,25,0.12709374725818634,False
200,45,30,0.16502436995506287,False
200,45,35,0.2081596851348877,False
200,45,40,0.4857240617275238,False
200,45,45,0.37518104910850525,False
200,45,50,0.37685033679008484,False
200,45,55,0.4771285653114319,False
200,45,60,0.37231239676475525,False
200,45,65,0.5326718688011169,False
200,45,70,0.27952441573143005,False
200,45,75,0.08244338631629944,False
200,45,80,0.36047250032424927,False
200,45,85,0.6424275040626526,False
200,45,90,0.41061049699783325,False
200,45,95,0.14232726395130157,False
200,45,100,0.4396587610244751,False
200,45,105,0.21992357075214386,False
200,45,110,0.12838114798069,False
200,45,115,0.3342048227787018,False
200,45,120,0.05651973932981491,False
200,45,125,0.14452160894870758,False
200,45,130,0.24355600774288177,False
200,45,135,0.10640881210565567,False
200,45,140,0.15938341617584229,False
200,45,145,0.1970134824514389,False
200,45,150,0.2814638316631317,False
200,45,155,0.17101597785949707,False
200,45,160,0.2005903571844101,False
200,45,165,0.3096475899219513,False
200,45,170,0.23129653930664062,False
200,45,175,0.1223163902759552,False
200,45,180,0.09631615877151489,False
200,45,185,0.08340609818696976,False
200,45,190,0.07156744599342346,False
200,45,195,0.08320659399032593,False
200,45,200,0.17767053842544556,False
200,45,205,0.34561970829963684,False
200,45,210,0.08313418924808502,False
200,45,215,0.07749047875404358,False
200,45,220,0.09146378934383392,False
200,45,225,0.15424618124961853,False
200,45,230,0.0548570454120636,False
200,45,235,0.07265573740005493,False
200,45,240,0.3474781811237335,False
200,45,245,0.15741603076457977,False
200,45,250,0.12670467793941498,False
200,45,255,0.055231571197509766,False
200,45,260,0.07636820524930954,False
200,45,265,0.16572372615337372,False
200,45,270,0.16076281666755676,False
200,45,275,0.11725213378667831,False
200,45,280,0.024341780692338943,False
200,45,285,0.04418078064918518,False
200,45,290,0.03619162365794182,False
200,45,295,0.04916888847947121,False
200,45,300,1.172219157218933,False
200,45,305,0.09834852069616318,False
200,45,310,1.1800270080566406,False
200,45,315,0.0972466915845871,False
200,45,320,0.22059033811092377,False
200,45,325,0.21095529198646545,False
200,45,330,0.04975280538201332,False
200,45,335,0.12960225343704224,False
200,45,340,0.07779490947723389,False
200,45,345,0.1319371461868286,False
200,45,350,0.151010200381279,False
200,45,355,0.2052396833896637,False
200,45,360,0.061136215925216675,False
200,45,365,0.12426610291004181,False
200,45,370,0.060119133442640305,False
200,45,375,0.11504214257001877,False
200,45,380,0.15508516132831573,False
200,45,385,0.023745641112327576,False
200,45,390,0.15608559548854828,False
200,45,395,0.031185738742351532,False
200,45,400,0.13273276388645172,False
200,45,405,0.06148260831832886,False
200,46,10,0.0351681187748909,False
200,46,15,0.06286424398422241,False
200,46,20,0.09983378648757935,False
200,46,25,0.1052498146891594,False
200,46,30,0.08505932241678238,False
200,46,35,0.37983161211013794,False
200,46,40,0.23428741097450256,False
200,46,45,0.28663361072540283,False
200,46,50,0.10179347544908524,False
200,46,55,0.13435404002666473,False
200,46,60,0.12862321734428406,False
200,46,65,0.08163926005363464,False
200,46,70,0.10468409210443497,False
200,46,75,0.09289028495550156,False
200,46,80,0.07738462835550308,False
200,46,85,0.049311716109514236,False
200,46,90,0.04664125293493271,False
200,46,95,0.08436319231987,False
200,46,100,0.0753093883395195,False
200,46,105,0.023835863918066025,False
200,46,110,0.0274455975741148,False
200,46,115,0.15919625759124756,False
200,46,120,0.07529515027999878,False
200,46,125,0.07502157986164093,False
200,46,130,0.030247805640101433,False
200,46,135,0.06553694605827332,False
200,46,140,0.0510207936167717,False
200,46,145,0.04163816571235657,False
200,46,150,0.051133837550878525,False
200,46,155,0.04949358478188515,False
200,46,160,0.08605717122554779,False
200,46,165,0.050338953733444214,False
200,46,170,0.01933523640036583,False
200,46,175,0.029139839112758636,False
200,46,180,0.12347546964883804,False
200,46,185,0.053707659244537354,False
200,46,190,0.029770154505968094,False
200,46,195,0.04101290926337242,False
200,46,200,0.049742940813302994,False
200,46,205,0.02745559811592102,False
200,46,210,0.04568645730614662,False
200,46,215,0.040942009538412094,False
200,46,220,0.048794638365507126,False
200,46,225,0.028179975226521492,False
200,46,230,0.10473877191543579,False
200,46,235,0.08572530746459961,False
200,46,240,0.08731506019830704,False
200,46,245,0.045857179909944534,False
200,46,250,0.0489242821931839,False
200,46,255,0.14121542870998383,False
200,46,260,0.05340428277850151,False
200,46,265,0.06791748851537704,False
200,46,270,0.19459876418113708,False
200,46,275,0.06690313667058945,False
200,46,280,0.2011907994747162,False
200,46,285,0.0858602225780487,False
200,46,290,0.038089651614427567,False
200,46,295,0.04966183006763458,False
200,46,300,0.038513969630002975,False
200,46,305,0.07466203719377518,False
200,46,310,0.07813219726085663,False
200,46,315,0.10966549068689346,False
200,46,320,0.14886310696601868,False
200,46,325,0.14731328189373016,False
200,46,330,0.08074692636728287,False
200,46,335,0.14479851722717285,False
200,46,340,0.15330952405929565,False
200,46,345,0.1739915907382965,False
200,46,350,0.16907566785812378,False
200,46,355,0.09667840600013733,False
200,46,360,0.04437797889113426,False
200,46,365,0.24617065489292145,False
200,46,370,0.2542863190174103,False
200,46,375,0.12951767444610596,False
200,46,380,0.031357541680336,False
200,46,385,0.24798430502414703,False
200,46,390,0.2987050414085388,False
200,46,395,0.11251038312911987,False
200,46,400,0.2571403384208679,False
200,46,405,0.45666077733039856,False
200,47,10,0.10677818208932877,False
200,47,15,0.13250741362571716,False
200,47,20,0.09546275436878204,False
200,47,25,0.0406336709856987,False
200,47,30,0.4234446585178375,False
200,47,35,0.17059387266635895,False
200,47,40,0.19846494495868683,False
200,47,45,0.1245526596903801,False
200,47,50,0.05927955359220505,False
200,47,55,0.13102498650550842,False
200,47,60,0.06980451196432114,False
200,47,65,0.08562909811735153,False
200,47,70,0.12536939978599548,False
200,47,75,0.06785690039396286,False
200,47,80,0.08531170338392258,False
200,47,85,1.6942325830459595,False
200,47,90,0.036690741777420044,False
200,47,95,0.09218316525220871,False
200,47,100,0.027664031833410263,False
200,47,105,0.10160383582115173,False
200,47,110,0.08134350180625916,False
200,47,115,0.11911887675523758,False
200,47,120,0.10306359827518463,False
200,47,125,0.09708185493946075,False
200,47,130,0.09671937674283981,False
200,47,135,0.035648807883262634,False
200,47,140,0.14586596190929413,False
200,47,145,0.14347437024116516,False
200,47,150,0.0416964553296566,False
200,47,155,0.13241641223430634,False
200,47,160,0.19819334149360657,False
200,47,165,0.04138939455151558,False
200,47,170,0.17576976120471954,False
200,47,175,0.2740837335586548,False
200,47,180,0.08479034155607224,False
200,47,185,0.19810545444488525,False
200,47,190,0.06294085830450058,False
200,47,195,0.0809292271733284,False
200,47,200,0.074397973716259,False
200,47,205,0.06404276192188263,False
200,47,210,0.17244462668895721,False
200,47,215,0.15676788985729218,False
200,47,220,0.22301025688648224,False
200,47,225,0.16799485683441162,False
200,47,230,0.2939867377281189,False
200,47,235,0.2461809664964676,False
200,47,240,0.2101714164018631,False
200,47,245,0.14572949707508087,False
200,47,250,0.1652587652206421,False
200,47,255,0.144826278090477,False
200,47,260,0.1671619713306427,False
200,47,265,0.18008612096309662,False
200,47,270,0.28181418776512146,False
200,47,275,0.15353843569755554,False
200,47,280,0.36178135871887207,False
200,47,285,0.19720005989074707,False
200,47,290,0.05061725154519081,False
200,47,295,0.146892711520195,False
200,47,300,0.08891313523054123,False
200,47,305,0.1654718965291977,False
200,47,310,0.1664963811635971,False
200,47,315,0.13883791863918304,False
200,47,320,0.33450132608413696,False
200,47,325,0.44854551553726196,False
200,47,330,0.0849364697933197,False
200,47,335,0.2078494429588318,False
200,47,340,0.27582502365112305,False
200,47,345,0.10095202177762985,False
200,47,350,0.3586401343345642,False
200,47,355,0.29099270701408386,False
200,47,360,0.0480632521212101,False
200,47,365,0.10683178156614304,False
200,47,370,0.040117815136909485,False
200,47,375,0.09234001487493515,False
200,47,380,0.10304640233516693,False
200,47,385,0.04327426105737686,False
200,47,390,0.22571945190429688,False
200,47,395,0.060377784073352814,False
200,47,400,0.06096416711807251,False
200,47,405,0.2094426453113556,False
200,48,10,0.06840656697750092,False
200,48,15,0.044932182878255844,False
200,48,20,0.10098648071289062,False
200,48,25,0.03721976652741432,False
200,48,30,0.20649081468582153,False
200,48,35,0.34327977895736694,False
200,48,40,0.2771971523761749,False
200,48,45,0.17717336118221283,False
200,48,50,0.2122228741645813,False
200,48,55,0.22764967381954193,False
200,48,60,0.09405724704265594,False
200,48,65,0.05419803410768509,False
200,48,70,0.057220764458179474,False
200,48,75,0.06907881796360016,False
200,48,80,0.03967155143618584,False
200,48,85,0.04304412752389908,False
200,48,90,0.06133779510855675,False
200,48,95,0.0875222310423851,False
200,48,100,0.08852391690015793,False
200,48,105,0.0273282453417778,False
200,48,110,0.03937824070453644,False
200,48,115,0.08378494530916214,False
200,48,120,0.06163222715258598,False
200,48,125,0.0677817314863205,False
200,48,130,0.028842322528362274,False
200,48,135,0.06482087075710297,False
200,48,140,0.02513127401471138,False
200,48,145,0.017737748101353645,False
200,48,150,0.03347909078001976,False
200,48,155,0.05107312649488449,False
200,48,160,0.0672047957777977,False
200,48,165,0.07722806185483932,False
200,48,170,0.077499158680439,False
200,48,175,0.07842843234539032,False
200,48,180,0.04196906462311745,False
200,48,185,0.030158283188939095,False
200,48,190,0.037226803600788116,False
200,48,195,0.026031997054815292,False
200,48,200,0.08068615943193436,False
200,48,205,0.0570356510579586,False
200,48,210,0.06216702610254288,False
200,48,215,0.06509187817573547,False
200,48,220,0.0774616003036499,False
200,48,225,0.03914127126336098,False
200,48,230,0.07812589406967163,False
200,48,235,0.0630737692117691,False
200,48,240,0.08453588932752609,False
200,48,245,0.042924702167510986,False
200,48,250,0.1104147732257843,False
200,48,255,0.11011006683111191,False
200,48,260,0.1338021606206894,False
200,48,265,0.11481225490570068,False
200,48,270,0.2732178866863251,False
200,48,275,0.11629050225019455,False
200,48,280,0.31337782740592957,False
200,48,285,0.1300755888223648,False
200,48,290,0.05774468928575516,False
200,48,295,0.2538280487060547,False
200,48,300,0.11420924216508865,False
200,48,305,0.17652706801891327,False
200,48,310,0.11430039256811142,False
200,48,315,0.08580588549375534,False
200,48,320,0.13996171951293945,False
200,48,325,0.24688993394374847,False
200,48,330,0.1131201833486557,False
200,48,335,0.1269732117652893,False
200,48,340,0.14377044141292572,False
200,48,345,0.17310269176959991,False
200,48,350,0.26618272066116333,False
200,48,355,0.21897056698799133,False
200,48,360,0.038493428379297256,False
200,48,365,0.15255333483219147,False
200,48,370,0.1155848503112793,False
200,48,375,0.1586722433567047,False
200,48,380,0.25700098276138306,False
200,48,385,0.06987141817808151,False
200,48,390,0.2275116890668869,False
200,48,395,0.10275309532880783,False
200,48,400,0.33787792921066284,False
200,48,405,0.48233306407928467,False
200,49,10,0.12250884622335434,False
200,49,15,0.06044495850801468,False
200,49,20,0.11636140197515488,False
200,49,25,0.0598960816860199,False
200,49,30,0.230590358376503,False
200,49,35,0.0887800008058548,False
200,49,40,0.03461422771215439,False
200,49,45,0.1947343796491623,False
200,49,50,0.15904122591018677,False
200,49,55,0.24277451634407043,False
200,49,60,0.1662006825208664,False
200,49,65,0.16987884044647217,False
200,49,70,0.2606028616428375,False
200,49,75,0.17595095932483673,False
200,49,80,0.21514326333999634,False
200,49,85,0.8291032314300537,False
200,49,90,0.12320316582918167,False
200,49,95,0.14923101663589478,False
200,49,100,0.018799899145960808,False
200,49,105,0.03223255276679993,False
200,49,110,0.07601916790008545,False
200,49,115,0.07636397331953049,False
200,49,120,0.05383172258734703,False
200,49,125,0.04608467221260071,False
200,49,130,0.08053216338157654,False
200,49,135,0.08837366104125977,False
200,49,140,0.2627198100090027,False
200,49,145,0.08747069537639618,False
200,49,150,0.1320134699344635,False
200,49,155,0.15117411315441132,False
200,49,160,0.07227738201618195,False
200,49,165,0.06552941352128983,False
200,49,170,0.08526840060949326,False
200,49,175,0.12702050805091858,False
200,49,180,0.2518743872642517,False
200,49,185,0.12172425538301468,False
200,49,190,0.114263154566288,False
200,49,195,0.04829535633325577,False
200,49,200,0.1186751276254654,False
200,49,205,0.054022159427404404,False
200,49,210,0.1557583063840866,False
200,49,215,0.11323832720518112,False
200,49,220,0.06885307282209396,False
200,49,225,0.1307324767112732,False
200,49,230,0.08793994039297104,False
200,49,235,0.06500061601400375,False
200,49,240,0.1448885053396225,False
200,49,245,0.22540712356567383,False
200,49,250,0.19954361021518707,False
200,49,255,0.13197539746761322,False
200,49,260,0.17643523216247559,False
200,49,265,0.1522318720817566,False
200,49,270,0.10419555008411407,False
200,49,275,0.0869658812880516,False
200,49,280,0.18183812499046326,False
200,49,285,0.16755177080631256,False
200,49,290,0.07466065138578415,False
200,49,295,0.15382668375968933,False
200,49,300,0.04354574903845787,False
200,49,305,0.1521719992160797,False
200,49,310,0.15410013496875763,False
200,49,315,0.12788350880146027,False
200,49,320,0.25214916467666626,False
200,49,325,0.4154026508331299,False
200,49,330,0.07850873470306396,False
200,49,335,0.15819385647773743,False
200,49,340,0.2646777927875519,False
200,49,345,0.07403271645307541,False
200,49,350,0.44804808497428894,False
200,49,355,0.3372959494590759,False
200,49,360,0.04500226303935051,False
200,49,365,0.11469675600528717,False
200,49,370,0.038714006543159485,False
200,49,375,0.11672275513410568,False
200,49,380,0.13909682631492615,False
200,49,385,0.0793231800198555,False
200,49,390,0.17045409977436066,False
200,49,395,0.18321841955184937,False
200,49,400,0.20201848447322845,False
200,49,405,0.4179714620113373,False
300,0,10,0.030875444412231445,False
300,0,15,0.10922513157129288,False
300,0,20,0.10810207575559616,False
300,0,25,0.13150997459888458,False
300,0,30,0.05234954506158829,False
300,0,35,0.23550963401794434,False
300,0,40,0.057802874594926834,False
300,0,45,0.03643922135233879,False
300,0,50,0.08031606674194336,False
300,0,55,0.1876354068517685,False
300,0,60,0.1011151373386383,False
300,0,65,0.12782885134220123,False
300,0,70,0.10585775971412659,False
300,0,75,0.06613211333751678,False
300,0,80,0.16834144294261932,False
300,0,85,0.10684560239315033,False
300,0,90,0.06245480850338936,False
300,0,95,0.07920963317155838,False
300,0,100,0.019007379189133644,False
300,0,105,0.12410367280244827,False
300,0,110,0.08208760619163513,False
300,0,115,0.06925658136606216,False
300,0,120,0.04341600462794304,False
300,0,125,0.03858579695224762,False
300,0,130,0.06122409924864769,False
300,0,135,0.12233436107635498,False
300,0,140,0.09206569939851761,False
300,0,145,0.04816938564181328,False
300,0,150,0.15262079238891602,False
300,0,155,0.03233733028173447,False
300,0,160,0.13061372935771942,False
300,0,165,0.2438022941350937,False
300,0,170,0.12838593125343323,False
300,0,175,0.026726339012384415,False
300,0,180,0.053414274007081985,False
300,0,185,0.049686793237924576,False
300,0,190,0.019794564694166183,False
300,0,195,0.03616444766521454,False
300,0,200,0.03357347473502159,False
300,0,205,0.1099853664636612,False
300,0,210,0.0782981589436531,False
300,0,215,0.03699762001633644,False
300,0,220,0.08604293316602707,False
300,0,225,0.07076869159936905,False
300,0,230,0.09549157321453094,False
300,0,235,0.07350069284439087,False
300,0,240,0.02039409801363945,False
300,0,245,0.01147429272532463,False
300,0,250,0.03786662966012955,False
300,0,255,0.1358167827129364,False
300,0,260,0.051920659840106964,False
300,0,265,0.06352991610765457,False
300,0,270,0.047389332205057144,False
300,0,275,0.011364159174263477,False
300,0,280,0.0655430257320404,False
300,0,285,0.09199164807796478,False
300,0,290,0.04102768003940582,False
300,0,295,0.062253523617982864,False
300,0,300,0.02137639932334423,False
300,0,305,0.01260440330952406,False
300,0,310,0.09811744838953018,False
300,0,315,0.08675136417150497,False
300,0,320,0.11441395431756973,False
300,0,325,0.2195320874452591,False
300,0,330,0.08073680847883224,False
300,0,335,0.12007677555084229,False
300,0,340,0.1128172054886818,False
300,0,345,0.16675789654254913,False
300,0,350,0.1420487016439438,False
300,0,355,0.309047132730484,False
300,0,360,0.08792245388031006,False
300,0,365,0.06116177514195442,False
300,0,370,0.05773546174168587,False
300,0,375,0.0663103461265564,False
300,0,380,0.07239528745412827,False
300,0,385,0.051167648285627365,False
300,0,390,0.05405373498797417,False
300,0,395,0.16717199981212616,False
300,0,400,0.10364602506160736,False
300,0,405,0.14140358567237854,False
300,1,10,0.03642522171139717,False
300,1,15,0.11577768623828888,False
300,1,20,0.03750995919108391,False
300,1,25,0.06400842219591141,False
300,1,30,0.06642764806747437,False
300,1,35,0.17993180453777313,False
300,1,40,0.2156733274459839,False
300,1,45,0.10282719880342484,False
300,1,50,0.11176469177007675,False
300,1,55,0.16940338909626007,False
300,1,60,0.10213303565979004,False
300,1,65,0.3416499197483063,False
300,1,70,0.1532203108072281,False
300,1,75,0.09486299008131027,False
300,1,80,0.0380723662674427,False
300,1,85,0.15469415485858917,False
300,1,90,0.18273012340068817,False
300,1,95,0.0908270999789238,False
300,1,100,0.12293799966573715,False
300,1,105,0.1477842926979065,False
300,1,110,0.044853270053863525,False
300,1,115,0.04244304075837135,False
300,1,120,0.062482431530952454,False
300,1,125,0.041670214384794235,False
300,1,130,0.08654046803712845,False
300,1,135,0.12754644453525543,False
300,1,140,0.04752025008201599,False
300,1,145,0.06402610242366791,False
300,1,150,0.04949146509170532,False
300,1,155,0.07615387439727783,False
300,1,160,0.14967432618141174,False
300,1,165,0.08615776896476746,False
300,1,170,0.11380763351917267,False
300,1,175,0.011478984728455544,False
300,1,180,0.04417714476585388,False
300,1,185,0.022596340626478195,False
300,1,190,0.01820111833512783,False
300,1,195,0.02302624098956585,False
300,1,200,0.09041894227266312,False
300,1,205,0.1325894296169281,False
300,1,210,0.05000300332903862,False
300,1,215,0.04201533645391464,False
300,1,220,0.11071671545505524,False
300,1,225,0.08022025227546692,False
300,1,230,0.16293534636497498,False
300,1,235,0.13474394381046295,False
300,1,240,0.28665658831596375,False
300,1,245,0.09234394133090973,False
300,1,250,0.06435419619083405,False
300,1,255,0.18340280652046204,False
300,1,260,0.09256432205438614,False
300,1,265,0.12341616302728653,False
300,1,270,0.16747556626796722,False
300,1,275,0.06309423595666885,False
300,1,280,0.1969883143901825,False
300,1,285,0.10246806591749191,False
300,1,290,0.05236475169658661,False
300,1,295,0.0571010448038578,False
300,1,300,0.05261748284101486,False
300,1,305,0.050886742770671844,False
300,1,310,0.11961035430431366,False
300,1,315,0.055879950523376465,False
300,1,320,0.11154317110776901,False
300,1,325,0.10403437167406082,False
300,1,330,0.08009370416402817,False
300,1,335,0.0993650034070015,False
300,1,340,0.17209561169147491,False
300,1,345,0.19732825458049774,False
300,1,350,0.06648801267147064,False
300,1,355,0.1291600912809372,False
300,1,360,0.10494772344827652,False
300,1,365,0.10535945743322372,False
300,1,370,0.06424004584550858,False
300,1,375,0.06239906698465347,False
300,1,380,0.07356356084346771,False
300,1,385,0.01624743640422821,False
300,1,390,0.046290189027786255,False
300,1,395,0.09181427210569382,False
300,1,400,0.03748417645692825,False
300,1,405,0.05389674752950668,False
300,2,10,0.0341474749147892,False
300,2,15,0.18522340059280396,False
300,2,20,0.14183355867862701,False
300,2,25,0.12462574243545532,False
300,2,30,0.09894784539937973,False
300,2,35,0.258833646774292,False
300,2,40,0.04861115664243698,False
300,2,45,0.19769658148288727,False
300,2,50,0.09662716090679169,False
300,2,55,0.22108377516269684,False
300,2,60,0.22568713128566742,False
300,2,65,0.30368945002555847,False
300,2,70,0.21247372031211853,False
300,2,75,0.08971134573221207,False
300,2,80,0.14071087539196014,False
300,2,85,0.8487108945846558,False
300,2,90,0.15826335549354553,False
300,2,95,0.04272942245006561,False
300,2,100,0.08650775253772736,False
300,2,105,0.15634043514728546,False
300,2,110,0.14375658333301544,False
300,2,115,0.08583356440067291,False
300,2,120,0.13103358447551727,False
300,2,125,0.2318589985370636,False
300,2,130,0.2123612016439438,False
300,2,135,0.24451646208763123,False
300,2,140,0.1331910341978073,False
300,2,145,0.047516364604234695,False
300,2,150,0.06311754137277603,False
300,2,155,0.05731770396232605,False
300,2,160,0.17720501124858856,False
300,2,165,0.10129570960998535,False
300,2,170,0.030534997582435608,False
300,2,175,0.047387756407260895,False
300,2,180,0.0523693785071373,False
300,2,185,0.044645342975854874,False
300,2,190,0.08025997877120972,False
300,2,195,0.07338544726371765,False
300,2,200,0.052911508828401566,False
300,2,205,0.07089532166719437,False
300,2,210,0.31634974479675293,False
300,2,215,0.04503808543086052,False
300,2,220,0.11210948973894119,False
300,2,225,0.06921731680631638,False
300,2,230,0.13377167284488678,False
300,2,235,0.1210390031337738,False
300,2,240,0.06650786101818085,False
300,2,245,0.05283249169588089,False
300,2,250,0.07116059958934784,False
300,2,255,0.1480083465576172,False
300,2,260,0.06069106236100197,False
300,2,265,0.047958988696336746,False
300,2,270,0.011231849901378155,False
300,2,275,0.01830778457224369,False
300,2,280,0.10635056346654892,False
300,2,285,0.03695195913314819,False
300,2,290,0.03891918808221817,False
300,2,295,0.08310741186141968,False
300,2,300,0.07372165471315384,False
300,2,305,0.06065250560641289,False
300,2,310,0.08330176770687103,False
300,2,315,0.039397384971380234,False
300,2,320,0.08537254482507706,False
300,2,325,0.1665540337562561,False
300,2,330,0.1013898029923439,False
300,2,335,0.1196492537856102,False
300,2,340,0.16232259571552277,False
300,2,345,0.23230674862861633,False
300,2,350,0.12150920182466507,False
300,2,355,0.10281195491552353,False
300,2,360,0.1719471514225006,False
300,2,365,0.20771297812461853,False
300,2,370,0.0434473492205143,False
300,2,375,0.1161707192659378,False
300,2,380,0.2546919584274292,False
300,2,385,0.11631876975297928,False
300,2,390,0.09584614634513855,False
300,2,395,0.15880121290683746,False
300,2,400,0.16637063026428223,False
300,2,405,0.14399796724319458,False
300,3,10,0.07343140244483948,False
300,3,15,0.22550246119499207,False
300,3,20,0.08117031306028366,False
300,3,25,0.08549221605062485,False
300,3,30,0.10333877056837082,False
300,3,35,0.5364412665367126,False
300,3,40,0.18668504059314728,False
300,3,45,0.2105615735054016,False
300,3,50,0.06664065271615982,False
300,3,55,0.15982739627361298,False
300,3,60,0.11891429871320724,False
300,3,65,0.18904463946819305,False
300,3,70,0.3365643322467804,False
300,3,75,0.1634562760591507,False
300,3,80,0.11749893426895142,False
300,3,85,0.2140568643808365,False
300,3,90,0.21816647052764893,False
300,3,95,0.08152686059474945,False
300,3,100,0.19045349955558777,False
300,3,105,0.11850938946008682,False
300,3,110,0.09155607968568802,False
300,3,115,0.15689970552921295,False
300,3,120,0.04847605898976326,False
300,3,125,0.09667738527059555,False
300,3,130,0.07539734989404678,False
300,3,135,0.171347975730896,False
300,3,140,0.05232815444469452,False
300,3,145,0.16665521264076233,False
300,3,150,0.035295519977808,False
300,3,155,0.15925192832946777,False
300,3,160,0.1799612194299698,False
300,3,165,0.08185157924890518,False
300,3,170,0.056251827627420425,False
300,3,175,0.04687052220106125,False
300,3,180,0.0581965297460556,False
300,3,185,0.08918961137533188,False
300,3,190,0.04353334754705429,False
300,3,195,0.11354909092187881,False
300,3,200,0.09978225827217102,False
300,3,205,0.08275241404771805,False
300,3,210,0.09482228755950928,False
300,3,215,0.07720572501420975,False
300,3,220,0.07691941410303116,False
300,3,225,0.0482574924826622,False
300,3,230,0.08377338200807571,False
300,3,235,0.08063838630914688,False
300,3,240,0.17079125344753265,False
300,3,245,0.1770385056734085,False
300,3,250,0.06558885425329208,False
300,3,255,0.13639816641807556,False
300,3,260,0.06708235293626785,False
300,3,265,0.052102383226156235,False
300,3,270,0.1363159567117691,False
300,3,275,0.05599061772227287,False
300,3,280,0.11241916567087173,False
300,3,285,0.11214940994977951,False
300,3,290,0.10807405412197113,False
300,3,295,0.02981490083038807,False
300,3,300,0.18592070043087006,False
300,3,305,0.11666963249444962,False
300,3,310,0.03347988426685333,False
300,3,315,0.07189863175153732,False
300,3,320,0.12447115778923035,False
300,3,325,0.1367691457271576,False
300,3,330,0.10602346062660217,False
300,3,335,0.08852551877498627,False
300,3,340,0.05154798924922943,False
300,3,345,0.07925154268741608,False
300,3,350,0.12154120206832886,False
300,3,355,0.037779808044433594,False
300,3,360,0.07383929193019867,False
300,3,365,0.07621272653341293,False
300,3,370,0.03640016168355942,False
300,3,375,0.1370697170495987,False
300,3,380,0.017699314281344414,False
300,3,385,0.05979214236140251,False
300,3,390,0.0369248129427433,False
300,3,395,0.034754250198602676,False
300,3,400,0.15611274540424347,False
300,3,405,0.036925118416547775,False
300,4,10,0.02177056111395359,False
300,4,15,0.09110851585865021,False
300,4,20,0.14310194551944733,False
300,4,25,0.040580276399850845,False
300,4,30,0.053135138005018234,False
300,4,35,0.24752424657344818,False
300,4,40,0.18785928189754486,False
300,4,45,0.5089794397354126,False
300,4,50,0.3590819239616394,False
300,4,55,0.3695612847805023,False
300,4,60,0.12477967143058777,False
300,4,65,0.12375574558973312,False
300,4,70,0.05201108381152153,False
300,4,75,0.16964499652385712,False
300,4,80,0.21890772879123688,False
300,4,85,0.10185498744249344,False
300,4,90,0.05030396580696106,False
300,4,95,0.2826710045337677,False
300,4,100,0.12631157040596008,False
300,4,105,0.148118257522583,False
300,4,110,0.12086855620145798,False
300,4,115,0.10946623235940933,False
300,4,120,0.12215224653482437,False
300,4,125,0.10134338587522507,False
300,4,130,0.11551719903945923,False
300,4,135,0.14815875887870789,False
300,4,140,0.07768413424491882,False
300,4,145,0.09467838704586029,False
300,4,150,0.05035889893770218,False
300,4,155,0.0837555006146431,False
300,4,160,0.02803824655711651,False
300,4,165,0.045533183962106705,False
300,4,170,0.026394223794341087,False
300,4,175,0.014624277129769325,False
300,4,180,0.04431886970996857,False
300,4,185,0.08155122399330139,False
300,4,190,0.01833670772612095,False
300,4,195,0.021056991070508957,False
300,4,200,0.05120470002293587,False
300,4,205,0.06669499725103378,False
300,4,210,0.050187040120363235,False
300,4,215,0.09265008568763733,False
300,4,220,0.04211112856864929,False
300,4,225,0.051205143332481384,False
300,4,230,0.053052328526973724,False
300,4,235,0.04988285154104233,False
300,4,240,0.08060329407453537,False
300,4,245,0.04366575926542282,False
300,4,250,0.09757991880178452,False
300,4,255,0.042513590306043625,False
300,4,260,0.08135976642370224,False
300,4,265,0.07352105528116226,False
300,4,270,0.10266245156526566,False
300,4,275,0.02449643611907959,False
300,4,280,0.041720543056726456,False
300,4,285,0.04468458890914917,False
300,4,290,0.05220451578497887,False
300,4,295,0.0462007001042366,False
300,4,300,0.0708315372467041,False
300,4,305,0.05171286687254906,False
300,4,310,0.07717724144458771,False
300,4,315,0.027587609365582466,False
300,4,320,0.03780226409435272,False
300,4,325,0.08468754589557648,False
300,4,330,0.07618914544582367,False
300,4,335,0.05492741987109184,False
300,4,340,0.09768294543027878,False
300,4,345,0.11848291754722595,False
300,4,350,0.0194083359092474,False
300,4,355,0.07131411880254745,False
300,4,360,0.13970397412776947,False
300,4,365,0.10312803089618683,False
300,4,370,0.05797732621431351,False
300,4,375,0.011869275942444801,False
300,4,380,0.061226654797792435,False
300,4,385,0.012191694229841232,False
300,4,390,0.0601901039481163,False
300,4,395,0.02536776103079319,False
300,4,400,0.035556286573410034,False
300,4,405,0.02354252152144909,False
300,5,10,0.039765939116477966,False
300,5,15,0.07106875628232956,False
300,5,20,0.0816240981221199,False
300,5,25,0.028144609183073044,False
300,5,30,0.07016724348068237,False
300,5,35,0.0709095299243927,False
300,5,40,0.07945805788040161,False
300,5,45,0.08609674870967865,False
300,5,50,0.11343004554510117,False
300,5,55,0.2294217199087143,False
300,5,60,0.12709152698516846,False
300,5,65,0.24843275547027588,False
300,5,70,0.13905449211597443,False
300,5,75,0.10394018143415451,False
300,5,80,0.14071723818778992,False
300,5,85,0.1789616197347641,False
300,5,90,0.09723734110593796,False
300,5,95,0.07561967521905899,False
300,5,100,0.07103877514600754,False
300,5,105,0.11063393950462341,False
300,5,110,0.07691659033298492,False
300,5,115,0.13735927641391754,False
300,5,120,0.06500059366226196,False
300,5,125,0.061835139989852905,False
300,5,130,0.05924059450626373,False
300,5,135,0.15493783354759216,False
300,5,140,0.1823866218328476,False
300,5,145,0.09602468460798264,False
300,5,150,0.046480320394039154,False
300,5,155,0.08669055998325348,False
300,5,160,0.16043023765087128,False
300,5,165,0.09626014530658722,False
300,5,170,0.09661625325679779,False
300,5,175,0.02170136384665966,False
300,5,180,0.05270905792713165,False
300,5,185,0.031686294823884964,False
300,5,190,0.028051892295479774,False
300,5,195,0.03805682063102722,False
300,5,200,0.0745217353105545,False
300,5,205,0.05366286635398865,False
300,5,210,0.09541893750429153,False
300,5,215,0.03680572286248207,False
300,5,220,0.11044176667928696,False
300,5,225,0.018591441214084625,False
300,5,230,0.08773582428693771,False
300,5,235,0.07889199256896973,False
300,5,240,0.04787437245249748,False
300,5,245,0.07979004830121994,False
300,5,250,0.023651914671063423,False
300,5,255,0.2497980147600174,False
300,5,260,0.07104546576738358,False
300,5,265,0.0724838376045227,False
300,5,270,0.02005591243505478,False
300,5,275,0.02169097773730755,False
300,5,280,0.07722457498311996,False
300,5,285,0.09201274067163467,False
300,5,290,0.039471160620450974,False
300,5,295,0.053696468472480774,False
300,5,300,0.03750978782773018,False
300,5,305,0.02679460495710373,False
300,5,310,0.03940162435173988,False
300,5,315,0.015854008495807648,False
300,5,320,0.03250156342983246,False
300,5,325,0.041974641382694244,False
300,5,330,0.046507179737091064,False
300,5,335,0.015602221712470055,False
300,5,340,0.030828556045889854,False
300,5,345,0.053656551986932755,False
300,5,350,0.06631483137607574,False
300,5,355,0.056798454374074936,False
300,5,360,0.052929896861314774,False
300,5,365,0.020984074100852013,False
300,5,370,0.05961667001247406,False
300,5,375,0.008760123513638973,False
300,5,380,0.03606520593166351,False
300,5,385,0.01878134161233902,False
300,5,390,0.06940761208534241,False
300,5,395,0.11771771311759949,False
300,5,400,0.035823721438646317,False
300,5,405,0.023800494149327278,False
300,6,10,0.11378276348114014,False
300,6,15,0.06273608654737473,False
300,6,20,0.07604234665632248,False
300,6,25,0.038824379444122314,False
300,6,30,0.08349557965993881,False
300,6,35,0.293617844581604,False
300,6,40,0.10276369005441666,False
300,6,45,0.1839013397693634,False
300,6,50,0.045675985515117645,False
300,6,55,0.21269632875919342,False
300,6,60,0.09898735582828522,False
300,6,65,0.14930838346481323,False
300,6,70,0.08274180442094803,False
300,6,75,0.01940019801259041,False
300,6,80,0.07170678675174713,False
300,6,85,0.08986251056194305,False
300,6,90,0.10486211627721786,False
300,6,95,0.08429545164108276,False
300,6,100,0.027942635118961334,False
300,6,105,0.05743573606014252,False
300,6,110,0.12934443354606628,False
300,6,115,0.05860036239027977,False
300,6,120,0.029244782403111458,False
300,6,125,0.07592499256134033,False
300,6,130,0.019896453246474266,False
300,6,135,0.09808424860239029,False
300,6,140,0.048061665147542953,False
300,6,145,0.0749596655368805,False
300,6,150,0.17687669396400452,False
300,6,155,0.031500011682510376,False
300,6,160,0.08724353462457657,False
300,6,165,0.061282090842723846,False
300,6,170,0.06096552312374115,False
300,6,175,0.050609041005373,False
300,6,180,0.05568845197558403,False
300,6,185,0.016319815069437027,False
300,6,190,0.014575905166566372,False
300,6,195,0.04999947175383568,False
300,6,200,0.023619886487722397,False
300,6,205,0.08554735779762268,False
300,6,210,0.1861753761768341,False
300,6,215,0.05229867622256279,False
300,6,220,0.08339902013540268,False
300,6,225,0.05488677695393562,False
300,6,230,0.0798102468252182,False
300,6,235,0.1702474057674408,False
300,6,240,0.05441836640238762,False
300,6,245,0.04241297394037247,False
300,6,250,0.021364256739616394,False
300,6,255,0.15493911504745483,False
300,6,260,0.06583864986896515,False
300,6,265,0.038266997784376144,False
300,6,270,0.025386083871126175,False
300,6,275,0.0230743158608675,False
300,6,280,0.07681537419557571,False
300,6,285,0.06497327983379364,False
300,6,290,0.070600226521492,False
300,6,295,0.03226785361766815,False
300,6,300,0.09216580539941788,False
300,6,305,0.05053746700286865,False
300,6,310,0.10175656527280807,False
300,6,315,0.013669797219336033,False
300,6,320,0.028359580785036087,False
300,6,325,0.08554151654243469,False
300,6,330,0.035002678632736206,False
300,6,335,0.018692081794142723,False
300,6,340,0.040067389607429504,False
300,6,345,0.02371741272509098,False
300,6,350,0.1091751903295517,False
300,6,355,0.0659942552447319,False
300,6,360,0.06981812417507172,False
300,6,365,0.023166052997112274,False
300,6,370,0.06822871416807175,False
300,6,375,0.04382475093007088,False
300,6,380,0.03584233298897743,False
300,6,385,0.013539241626858711,False
300,6,390,0.040596261620521545,False
300,6,395,0.10882147401571274,False
300,6,400,0.03597494959831238,False
300,6,405,0.13872559368610382,False
300,7,10,0.021129202097654343,False
300,7,15,0.08083667606115341,False
300,7,20,0.06500698626041412,False
300,7,25,0.061080045998096466,False
300,7,30,0.029765021055936813,False
300,7,35,0.1405794322490692,False
300,7,40,0.4070266783237457,False
300,7,45,0.1175907626748085,False
300,7,50,0.21909797191619873,False
300,7,55,0.19765806198120117,False
300,7,60,0.14400967955589294,False
300,7,65,0.16081766784191132,False
300,7,70,0.0453730933368206,False
300,7,75,0.021694224327802658,False
300,7,80,0.06429337710142136,False
300,7,85,0.09714318811893463,False
300,7,90,0.06012840196490288,False
300,7,95,0.057773713022470474,False
300,7,100,0.07449588179588318,False
300,7,105,0.04598104581236839,False
300,7,110,0.03977552428841591,False
300,7,115,0.054328858852386475,False
300,7,120,0.05670083686709404,False
300,7,125,0.03876889497041702,False
300,7,130,0.018468735739588737,False
300,7,135,0.07702623307704926,False
300,7,140,0.03040863573551178,False
300,7,145,0.036620061844587326,False
300,7,150,0.08997906744480133,False
300,7,155,0.0226576030254364,False
300,7,160,0.05402415618300438,False
300,7,165,0.06965923309326172,False
300,7,170,0.05365009605884552,False
300,7,175,0.054427046328783035,False
300,7,180,0.06121531128883362,False
300,7,185,0.023712923750281334,False
300,7,190,0.01466729212552309,False
300,7,195,0.046433135867118835,False
300,7,200,0.03561190515756607,False
300,7,205,0.09521829336881638,False
300,7,210,0.04729361832141876,False
300,7,215,0.028634795919060707,False
300,7,220,0.08562435209751129,False
300,7,225,0.017177294939756393,False
300,7,230,0.09929795563220978,False
300,7,235,0.09789160639047623,False
300,7,240,0.07463648170232773,False
300,7,245,0.02473764307796955,False
300,7,250,0.02392638847231865,False
300,7,255,0.14952099323272705,False
300,7,260,0.057179082185029984,False
300,7,265,0.03028540499508381,False
300,7,270,0.026829024776816368,False
300,7,275,0.04490366578102112,False
300,7,280,0.08834869414567947,False
300,7,285,0.039459142833948135,False
300,7,290,0.03469128534197807,False
300,7,295,0.025916926562786102,False
300,7,300,0.05007806047797203,False
300,7,305,0.03423676639795303,False
300,7,310,0.025999711826443672,False
300,7,315,0.006868728436529636,False
300,7,320,0.032750193029642105,False
300,7,325,0.043429017066955566,False
300,7,330,0.0628238320350647,False
300,7,335,0.05201510712504387,False
300,7,340,0.056172989308834076,False
300,7,345,0.10119336098432541,False
300,7,350,0.05296759679913521,False
300,7,355,0.07214819639921188,False
300,7,360,0.1055411621928215,False
300,7,365,0.023453280329704285,False
300,7,370,0.02507089637219906,False
300,7,375,0.02100781723856926,False
300,7,380,0.023662138730287552,False
300,7,385,0.02409200184047222,False
300,7,390,0.029069917276501656,False
300,7,395,0.09168892353773117,False
300,7,400,0.040784213691949844,False
300,7,405,0.04788760468363762,False
300,8,10,0.10682839900255203,True
300,8,15,0.09721694886684418,True
300,8,20,0.08481401950120926,True
300,8,25,0.08739255368709564,True
300,8,30,0.2696421146392822,True
300,8,35,0.15991586446762085,True
300,8,40,0.4457472860813141,True
300,8,45,0.21893474459648132,True
300,8,50,0.27925539016723633,True
300,8,55,0.4207577109336853,True
300,8,60,0.17980647087097168,True
300,8,65,0.23237961530685425,True
300,8,70,0.08606964349746704,True
300,8,75,0.15564830601215363,True
300,8,80,0.35129284858703613,True
300,8,85,0.12086337059736252,True
300,8,90,0.1014745831489563,True
300,8,95,0.08619684725999832,True
300,8,100,0.0983516126871109,True
300,8,105,0.12222111970186234,True
300,8,110,0.15552417933940887,True
300,8,115,0.0346502922475338,True
300,8,120,0.11433758586645126,True
300,8,125,0.08569484949111938,True
300,8,130,0.08118098974227905,True
300,8,135,0.03630509972572327,True
300,9,10,0.03841233626008034,False
300,9,15,0.04120384529232979,False
300,9,20,0.12307088077068329,False
300,9,25,0.07125122845172882,False
300,9,30,0.06871864944696426,False
300,9,35,0.11832969635725021,False
300,9,40,0.11648231744766235,False
300,9,45,0.11056603491306305,False
300,9,50,0.10943197458982468,False
300,9,55,0.2228928804397583,False
300,9,60,0.29047396779060364,False
300,9,65,0.3841771185398102,False
300,9,70,0.4048433005809784,False
300,9,75,0.06251910328865051,False
300,9,80,0.11348855495452881,False
300,9,85,0.30604612827301025,False
300,9,90,0.33488574624061584,False
300,9,95,0.13710062205791473,False
300,9,100,0.1322835236787796,False
300,9,105,0.1947115957736969,False
300,9,110,0.15636973083019257,False
300,9,115,0.2692539393901825,False
300,9,120,0.07408593595027924,False
300,9,125,0.22235971689224243,False
300,9,130,0.22516845166683197,False
300,9,135,0.2050796002149582,False
300,9,140,0.26748308539390564,False
300,9,145,0.1544933319091797,False
300,9,150,0.07693924754858017,False
300,9,155,0.24873779714107513,False
300,9,160,0.1433967798948288,False
300,9,165,0.03543015941977501,False
300,9,170,0.026822680607438087,False
300,9,175,0.1032121405005455,False
300,9,180,0.379780113697052,False
300,9,185,0.20377878844738007,False
300,9,190,0.13068357110023499,False
300,9,195,0.11399050056934357,False
300,9,200,0.03184720128774643,False
300,9,205,0.0224772822111845,False
300,9,210,0.16292575001716614,False
300,9,215,0.2745819091796875,False
300,9,220,0.0544649139046669,False
300,9,225,0.046593260020017624,False
300,9,230,0.14075708389282227,False
300,9,235,0.1820470094680786,False
300,9,240,0.14616583287715912,False
300,9,245,0.08394993096590042,False
300,9,250,0.02960168942809105,False
300,9,255,0.11748109012842178,False
300,9,260,0.04254458472132683,False
300,9,265,0.04506316035985947,False
300,9,270,0.0638556033372879,False
300,9,275,0.022600959986448288,False
300,9,280,0.12512367963790894,False
300,9,285,0.1220833957195282,False
300,9,290,0.03552473336458206,False
300,9,295,0.1646922528743744,False
300,9,300,0.03780004382133484,False
300,9,305,0.037501346319913864,False
300,9,310,0.03871149942278862,False
300,9,315,0.02597985789179802,False
300,9,320,0.0528423897922039,False
300,9,325,0.07659193128347397,False
300,9,330,0.14352725446224213,False
300,9,335,0.059995394200086594,False
300,9,340,0.06402894109487534,False
300,9,345,0.14669302105903625,False
300,9,350,0.08501067012548447,False
300,9,355,0.09082958102226257,False
300,9,360,0.09878917038440704,False
300,9,365,0.09725039452314377,False
300,9,370,0.10786266624927521,False
300,9,375,0.08174196630716324,False
300,9,380,0.1025649830698967,False
300,9,385,0.1779944896697998,False
300,9,390,0.057192813605070114,False
300,9,395,0.05320891737937927,False
300,9,400,0.047876082360744476,False
300,9,405,0.09028001129627228,False
300,10,10,0.09440821409225464,False
300,10,15,0.0910763293504715,False
300,10,20,0.18034309148788452,False
300,10,25,0.06935659795999527,False
300,10,30,0.39771878719329834,False
300,10,35,0.5695182085037231,False
300,10,40,0.1640034168958664,False
300,10,45,0.09229432791471481,False
300,10,50,0.09338205307722092,False
300,10,55,0.025109127163887024,False
300,10,60,0.06371397525072098,False
300,10,65,0.05782577767968178,False
300,10,70,0.040508341044187546,False
300,10,75,0.03884975612163544,False
300,10,80,0.08080699294805527,False
300,10,85,0.039279814809560776,False
300,10,90,0.08917704224586487,False
300,10,95,0.15700222551822662,False
300,10,100,0.09499455988407135,False
300,10,105,0.1196121796965599,False
300,10,110,0.076138436794281,False
300,10,115,0.06969016045331955,False
300,10,120,0.13387636840343475,False
300,10,125,0.04290331155061722,False
300,10,130,0.11954444646835327,False
300,10,135,0.143532857298851,False
300,10,140,0.07696732878684998,False
300,10,145,0.12354764342308044,False
300,10,150,0.06955758482217789,False
300,10,155,0.1526670604944229,False
300,10,160,0.0678272396326065,False
300,10,165,0.037363145500421524,False
300,10,170,0.013503548689186573,False
300,10,175,0.016153765842318535,False
300,10,180,0.03975103795528412,False
300,10,185,0.09206138551235199,False
300,10,190,0.054127175360918045,False
300,10,195,0.030188076198101044,False
300,10,200,0.05421726778149605,False
300,10,205,0.048246122896671295,False
300,10,210,0.08361800014972687,False
300,10,215,0.023709315806627274,False
300,10,220,0.06025936082005501,False
300,10,225,0.058385323733091354,False
300,10,230,0.024972254410386086,False
300,10,235,0.03532963991165161,False
300,10,240,0.0686190202832222,False
300,10,245,0.03692350909113884,False
300,10,250,0.06804556399583817,False
300,10,255,0.11730752140283585,False
300,10,260,0.04907641559839249,False
300,10,265,0.05637270584702492,False
300,10,270,0.12531845271587372,False
300,10,275,0.06916492432355881,False
300,10,280,0.14045508205890656,False
300,10,285,0.08267992734909058,False
300,10,290,0.17949317395687103,False
300,10,295,0.11558321863412857,False
300,10,300,0.10418584197759628,False
300,10,305,0.03266235813498497,False
300,10,310,0.03083733469247818,False
300,10,315,0.04953537881374359,False
300,10,320,0.02721552923321724,False
300,10,325,0.04453034698963165,False
300,10,330,0.08921690285205841,False
300,10,335,0.057990044355392456,False
300,10,340,0.09493940323591232,False
300,10,345,0.11868671327829361,False
300,10,350,0.03913884982466698,False
300,10,355,0.09183643013238907,False
300,10,360,0.05853607505559921,False
300,10,365,0.07811780273914337,False
300,10,370,0.026044731959700584,False
300,10,375,0.021157439798116684,False
300,10,380,0.0978187769651413,False
300,10,385,0.043741755187511444,False
300,10,390,0.09531311690807343,False
300,10,395,0.05238589644432068,False
300,10,400,0.056087080389261246,False
300,10,405,0.07542353123426437,False
300,11,10,0.07338376343250275,False
300,11,15,0.2043117880821228,False
300,11,20,0.1492336243391037,False
300,11,25,0.11277907341718674,False
300,11,30,0.10682029277086258,False
300,11,35,0.29746752977371216,False
300,11,40,0.06772100180387497,False
300,11,45,0.15535400807857513,False
300,11,50,0.14327476918697357,False
300,11,55,0.07383708655834198,False
300,11,60,0.25751739740371704,False
300,11,65,0.24045494198799133,False
300,11,70,0.22848272323608398,False
300,11,75,0.12702105939388275,False
300,11,80,0.14378172159194946,False
300,11,85,0.15674711763858795,False
300,11,90,0.10014462471008301,False
300,11,95,0.0819539874792099,False
300,11,100,0.12993887066841125,False
300,11,105,0.13202472031116486,False
300,11,110,0.036697134375572205,False
300,11,115,0.21837221086025238,False
300,11,120,0.04674646258354187,False
300,11,125,0.1497425138950348,False
300,11,130,0.13415323197841644,False
300,11,135,0.19123956561088562,False
300,11,140,0.23379109799861908,False
300,11,145,0.12579156458377838,False
300,11,150,0.22821968793869019,False
300,11,155,0.18768566846847534,False
300,11,160,0.22733794152736664,False
300,11,165,0.06276096403598785,False
300,11,170,0.07924479246139526,False
300,11,175,0.0893569216132164,False
300,11,180,0.29613620042800903,False
300,11,185,0.2570469081401825,False
300,11,190,0.04780138283967972,False
300,11,195,0.06997884809970856,False
300,11,200,0.052150554955005646,False
300,11,205,0.06391800940036774,False
300,11,210,0.18347300589084625,False
300,11,215,0.16857096552848816,False
300,11,220,0.04941217228770256,False
300,11,225,0.0857517197728157,False
300,11,230,0.20047812163829803,False
300,11,235,0.20846153795719147,False
300,11,240,0.2005867213010788,False
300,11,245,0.19393442571163177,False
300,11,250,0.05650057643651962,False
300,11,255,0.15905094146728516,False
300,11,260,0.04221641272306442,False
300,11,265,0.05365525186061859,False
300,11,270,0.05775109678506851,False
300,11,275,0.01199495792388916,False
300,11,280,0.047861114144325256,False
300,11,285,0.056736987084150314,False
300,11,290,0.10549604147672653,False
300,11,295,0.07723498344421387,False
300,11,300,0.05872522294521332,False
300,11,305,0.05320977047085762,False
300,11,310,0.06588597595691681,False
300,11,315,0.027892334386706352,False
300,11,320,0.05998130887746811,False
300,11,325,0.10595530271530151,False
300,11,330,0.0643015205860138,False
300,11,335,0.1004081517457962,False
300,11,340,0.058880507946014404,False
300,11,345,0.1682477742433548,False
300,11,350,0.06585625559091568,False
300,11,355,0.1785236895084381,False
300,11,360,0.1306757777929306,False
300,11,365,0.09518348425626755,False
300,11,370,0.04533005133271217,False
300,11,375,0.035554658621549606,False
300,11,380,0.04824576899409294,False
300,11,385,0.049207113683223724,False
300,11,390,0.058437809348106384,False
300,11,395,0.031373392790555954,False
300,11,400,0.09195507317781448,False
300,11,405,0.08566305786371231,False
300,12,10,0.12193673104047775,False
300,12,15,0.0807679072022438,False
300,12,20,0.14996100962162018,False
300,12,25,0.10518796741962433,False
300,12,30,0.1139855831861496,False
300,12,35,0.5029391646385193,False
300,12,40,0.4890352785587311,False
300,12,45,0.37563344836235046,False
300,12,50,0.62608802318573,False
300,12,55,0.7343814969062805,False
300,12,60,0.6157185435295105,False
300,12,65,0.7321612238883972,False
300,12,70,0.577038049697876,False
300,12,75,0.5496707558631897,False
300,12,80,0.11846088618040085,False
300,12,85,0.23506629467010498,False
300,12,90,0.5027477741241455,False
300,12,95,0.07819192111492157,False
300,12,100,0.4910058379173279,False
300,12,105,0.38543596863746643,False
300,12,110,0.19835519790649414,False
300,12,115,0.36659473180770874,False
300,12,120,0.20307251811027527,False
300,12,125,0.19476640224456787,False
300,12,130,0.07278428226709366,False
300,12,135,0.06932387501001358,False
300,12,140,0.1914091408252716,False
300,12,145,0.037270840257406235,False
300,12,150,0.07529698312282562,False
300,12,155,0.061979375779628754,False
300,12,160,0.14346632361412048,False
300,12,165,0.054531313478946686,False
300,12,170,0.07867530733346939,False
300,12,175,0.019822973757982254,False
300,12,180,0.11949719488620758,False
300,12,185,0.030232755467295647,False
300,12,190,0.05738605931401253,False
300,12,195,0.1633204221725464,False
300,12,200,0.10272803902626038,False
300,12,205,0.04398195445537567,False
300,12,210,0.039081353694200516,False
300,12,215,0.05114772170782089,False
300,12,220,0.09065209329128265,False
300,12,225,0.04893453046679497,False
300,12,230,0.1332794725894928,False
300,12,235,0.04852718487381935,False
300,12,240,0.044987186789512634,False
300,12,245,0.25101980566978455,False
300,12,250,0.07743769139051437,False
300,12,255,0.054242853075265884,False
300,12,260,0.10663483291864395,False
300,12,265,0.15795962512493134,False
300,12,270,0.01816820725798607,False
300,12,275,0.08870632201433182,False
300,12,280,0.10411658138036728,False
300,12,285,0.22087422013282776,False
300,12,290,0.05440783500671387,False
300,12,295,0.05880133435130119,False
300,12,300,0.038597024977207184,False
300,12,305,0.09391799569129944,False
300,12,310,0.09041783958673477,False
300,12,315,0.032615743577480316,False
300,12,320,0.12710362672805786,False
300,12,325,0.041748858988285065,False
300,12,330,0.09653444588184357,False
300,12,335,0.17766013741493225,False
300,12,340,0.0983811765909195,False
300,12,345,0.04942324012517929,False
300,12,350,0.17952388525009155,False
300,12,355,0.08568853884935379,False
300,12,360,0.021211937069892883,False
300,12,365,0.04076395183801651,False
300,12,370,0.018214857205748558,False
300,12,375,0.06655517965555191,False
300,12,380,0.09035388380289078,False
300,12,385,0.03986949846148491,False
300,12,390,0.17598392069339752,False
300,12,395,0.13971373438835144,False
300,12,400,0.09300962835550308,False
300,12,405,0.13898147642612457,False
300,13,10,0.056842219084501266,False
300,13,15,0.10442102700471878,False
300,13,20,0.10333655774593353,False
300,13,25,0.0572730116546154,False
300,13,30,0.04767603427171707,False
300,13,35,0.19572357833385468,False
300,13,40,0.10705634206533432,False
300,13,45,0.04424114525318146,False
300,13,50,0.06066906452178955,False
300,13,55,0.3796038329601288,False
300,13,60,0.16204850375652313,False
300,13,65,0.25236788392066956,False
300,13,70,0.12644416093826294,False
300,13,75,0.1033054068684578,False
300,13,80,0.1917901188135147,False
300,13,85,0.14479374885559082,False
300,13,90,0.15247593820095062,False
300,13,95,0.05602525174617767,False
300,13,100,0.05677534267306328,False
300,13,105,0.12542861700057983,False
300,13,110,0.08955419808626175,False
300,13,115,0.09612738341093063,False
300,13,120,0.11561160534620285,False
300,13,125,0.03736024349927902,False
300,13,130,0.13397857546806335,False
300,13,135,0.11337459087371826,False
300,13,140,0.06205831095576286,False
300,13,145,0.023206615820527077,False
300,13,150,0.1447233408689499,False
300,13,155,0.12802846729755402,False
300,13,160,0.12515154480934143,False
300,13,165,0.07622645795345306,False
300,13,170,0.0386602021753788,False
300,13,175,0.06798834353685379,False
300,13,180,0.03483683615922928,False
300,13,185,0.04865918308496475,False
300,13,190,0.031203066930174828,False
300,13,195,0.03294907882809639,False
300,13,200,0.07442202419042587,False
300,13,205,0.08828698098659515,False
300,13,210,0.07395347952842712,False
300,13,215,0.08049573749303818,False
300,13,220,0.09557542204856873,False
300,13,225,0.023608136922121048,False
300,13,230,0.04250122234225273,False
300,13,235,0.0909600481390953,False
300,13,240,0.05616990849375725,False
300,13,245,0.02621653489768505,False
300,13,250,0.07300569862127304,False
300,13,255,0.05880112200975418,False
300,13,260,0.05531420186161995,False
300,13,265,0.03795574605464935,False
300,13,270,0.12926754355430603,False
300,13,275,0.03354175388813019,False
300,13,280,0.01911432296037674,False
300,13,285,0.06810355931520462,False
300,13,290,0.03392978385090828,False
300,13,295,0.01980501413345337,False
300,13,300,0.08363715559244156,False
300,13,305,0.05776739493012428,False
300,13,310,0.056305158883333206,False
300,13,315,0.08061163127422333,False
300,13,320,0.08761562407016754,False
300,13,325,0.32957011461257935,False
300,13,330,0.11705053597688675,False
300,13,335,0.18306192755699158,False
300,13,340,0.1187974363565445,False
300,13,345,0.4765926003456116,False
300,13,350,0.2975045144557953,False
300,13,355,0.38559702038764954,False
300,13,360,0.17511121928691864,False
300,13,365,0.20914199948310852,False
300,13,370,0.24697695672512054,False
300,13,375,0.2514677345752716,False
300,13,380,0.27064743638038635,False
300,13,385,0.19304881989955902,False
300,13,390,0.15125389397144318,False
300,13,395,0.4248897433280945,False
300,13,400,0.3725915551185608,False
300,13,405,0.3708140254020691,False
300,14,10,0.07679533213376999,False
300,14,15,0.22290940582752228,False
300,14,20,0.2959929406642914,False
300,14,25,0.26549002528190613,False
300,14,30,0.24639838933944702,False
300,14,35,0.1453007459640503,False
300,14,40,0.3010484576225281,False
300,14,45,0.20462867617607117,False
300,14,50,0.19631345570087433,False
300,14,55,0.12718471884727478,False
300,14,60,0.1719224601984024,False
300,14,65,0.11983227729797363,False
300,14,70,0.044647738337516785,False
300,14,75,0.028617143630981445,False
300,14,80,0.07593008130788803,False
300,14,85,0.11120648682117462,False
300,14,90,0.06507288664579391,False
300,14,95,0.05987439677119255,False
300,14,100,0.030241580680012703,False
300,14,105,0.04170020669698715,False
300,14,110,0.10002099722623825,False
300,14,115,0.08731706440448761,False
300,14,120,0.04826715588569641,False
300,14,125,0.08271215111017227,False
300,14,130,0.0782390609383583,False
300,14,135,0.1442171037197113,False
300,14,140,0.0607936754822731,False
300,14,145,0.09686488658189774,False
300,14,150,0.10995273292064667,False
300,14,155,0.09365718066692352,False
300,14,160,0.18970359861850739,False
300,14,165,0.10384108871221542,False
300,14,170,0.13948635756969452,False
300,14,175,0.033197760581970215,False
300,14,180,0.08066519349813461,False
300,14,185,0.06215860694646835,False
300,14,190,0.02038615755736828,False
300,14,195,0.03167550265789032,False
300,14,200,0.07604186981916428,False
300,14,205,0.10159041732549667,False
300,14,210,0.056175459176301956,False
300,14,215,0.03383534401655197,False
300,14,220,0.13248082995414734,False
300,14,225,0.02028658054769039,False
300,14,230,0.122591532766819,False
300,14,235,0.11509991437196732,False
300,14,240,0.015117579139769077,False
300,14,245,0.024174965918064117,False
300,14,250,0.03173397108912468,False
300,14,255,0.11112906783819199,False
300,14,260,0.028124073520302773,False
300,14,265,0.03700779750943184,False
300,14,270,0.03254375979304314,False
300,14,275,0.04860340431332588,False
300,14,280,0.15437251329421997,False
300,14,285,0.1413652002811432,False
300,14,290,0.10548391193151474,False
300,14,295,0.11585593968629837,False
300,14,300,0.07255750894546509,False
300,14,305,0.049919649958610535,False
300,14,310,0.04985859617590904,False
300,14,315,0.04697820916771889,False
300,14,320,0.055175065994262695,False
300,14,325,0.04223722964525223,False
300,14,330,0.09428394585847855,False
300,14,335,0.10613168776035309,False
300,14,340,0.17565864324569702,False
300,14,345,0.13732261955738068,False
300,14,350,0.056996069848537445,False
300,14,355,0.06232660263776779,False
300,14,360,0.1468425691127777,False
300,14,365,0.09061754494905472,False
300,14,370,0.09076860547065735,False
300,14,375,0.03855162113904953,False
300,14,380,0.12179643660783768,False
300,14,385,0.06192515790462494,False
300,14,390,0.05009692534804344,False
300,14,395,0.10371947288513184,False
300,14,400,0.13356025516986847,False
300,14,405,0.10024844855070114,False
300,15,10,0.09614097326993942,False
300,15,15,0.02615927904844284,False
300,15,20,0.15457360446453094,False
300,15,25,0.030550440773367882,False
300,15,30,0.48603355884552,False
300,15,35,0.3282463252544403,False
300,15,40,0.42780858278274536,False
300,15,45,0.4682272672653198,False
300,15,50,0.3722850978374481,False
300,15,55,0.38891661167144775,False
300,15,60,0.34325462579727173,False
300,15,65,0.46189427375793457,False
300,15,70,0.17261730134487152,False
300,15,75,0.04154050722718239,False
300,15,80,0.24191045761108398,False
300,15,85,0.09034475684165955,False
300,15,90,0.060939136892557144,False
300,15,95,0.24701255559921265,False
300,15,100,0.1410999298095703,False
300,15,105,0.14428578317165375,False
300,15,110,0.09122389554977417,False
300,15,115,0.0943591520190239,False
300,15,120,0.07849489152431488,False
300,15,125,0.07941603660583496,False
300,15,130,0.1795843094587326,False
300,15,135,0.05645937845110893,False
300,15,140,0.17678242921829224,False
300,15,145,0.06707656383514404,False
300,15,150,0.1751347780227661,False
300,15,155,0.060106243938207626,False
300,15,160,0.10301999002695084,False
300,15,165,0.15368588268756866,False
300,15,170,0.08960886299610138,False
300,15,175,0.11007607728242874,False
300,15,180,0.18473072350025177,False
300,15,185,0.06620815396308899,False
300,15,190,0.11995416134595871,False
300,15,195,0.04461221396923065,False
300,15,200,0.19352538883686066,False
300,15,205,0.15203970670700073,False
300,15,210,0.06525246053934097,False
300,15,215,0.18260395526885986,False
300,15,220,0.13936223089694977,False
300,15,225,0.0823497623205185,False
300,15,230,0.13325724005699158,False
300,15,235,0.044260650873184204,False
300,15,240,0.25478124618530273,False
300,15,245,0.13342328369617462,False
300,15,250,0.17045210301876068,False
300,15,255,0.12073766440153122,False
300,15,260,0.04451915621757507,False
300,15,265,0.05299937352538109,False
300,15,270,0.06467840075492859,False
300,15,275,0.052839819341897964,False
300,15,280,0.06385616958141327,False
300,15,285,0.1943441778421402,False
300,15,290,0.024656597524881363,False
300,15,295,0.04836203157901764,False
300,15,300,0.13283908367156982,False
300,15,305,0.10840442776679993,False
300,15,310,0.19852910935878754,False
300,15,315,0.029600942507386208,False
300,15,320,0.29006654024124146,False
300,15,325,0.20055104792118073,False
300,15,330,0.037801649421453476,False
300,15,335,0.10033250600099564,False
300,15,340,0.13849666714668274,False
300,15,345,0.24213649332523346,False
300,15,350,0.11937911063432693,False
300,15,355,0.141200453042984,False
300,15,360,0.10677114129066467,False
300,15,365,0.14837101101875305,False
300,15,370,0.13510137796401978,False
300,15,375,0.05185530707240105,False
300,15,380,0.14409524202346802,False
300,15,385,0.08322741091251373,False
300,15,390,0.04965249076485634,False
300,15,395,0.21430230140686035,False
300,15,400,0.15390896797180176,False
300,15,405,0.09829232096672058,False
300,16,10,0.03732077404856682,False
300,16,15,0.06397821009159088,False
300,16,20,0.1066063642501831,False
300,16,25,0.06809985637664795,False
300,16,30,0.050694309175014496,False
300,16,35,0.2929229736328125,False
300,16,40,0.21266785264015198,False
300,16,45,0.19618931412696838,False
300,16,50,0.21302998065948486,False
300,16,55,0.31381815671920776,False
300,16,60,0.07495104521512985,False
300,16,65,0.09708984941244125,False
300,16,70,0.2018185704946518,False
300,16,75,0.07550974190235138,False
300,16,80,0.08917614072561264,False
300,16,85,0.11109248548746109,False
300,16,90,0.13919156789779663,False
300,16,95,0.07709582149982452,False
300,16,100,0.1319635808467865,False
300,16,105,0.14985214173793793,False
300,16,110,0.04627189040184021,False
300,16,115,0.012716895900666714,False
300,16,120,0.055694419890642166,False
300,16,125,0.010907357558608055,False
300,16,130,0.0760127454996109,False
300,16,135,0.16747145354747772,False
300,16,140,0.07933006435632706,False
300,16,145,0.1310005933046341,False
300,16,150,0.1591535359621048,False
300,16,155,0.23404060304164886,False
300,16,160,0.09396115690469742,False
300,16,165,0.11918793618679047,False
300,16,170,0.051267802715301514,False
300,16,175,0.06387783586978912,False
300,16,180,0.18401332199573517,False
300,16,185,0.09170699119567871,False
300,16,190,0.12042897939682007,False
300,16,195,0.12369855493307114,False
300,16,200,0.021282214671373367,False
300,16,205,0.07258480787277222,False
300,16,210,0.1863192617893219,False
300,16,215,0.16716131567955017,False
300,16,220,0.09186867624521255,False
300,16,225,0.12774428725242615,False
300,16,230,0.1530037522315979,False
300,16,235,0.1489943265914917,False
300,16,240,0.19144569337368011,False
300,16,245,0.08774968981742859,False
300,16,250,0.03415415436029434,False
300,16,255,0.23750273883342743,False
300,16,260,0.03848652169108391,False
300,16,265,0.04118439182639122,False
300,16,270,0.08083247393369675,False
300,16,275,0.04388635233044624,False
300,16,280,0.17306190729141235,False
300,16,285,0.116725392639637,False
300,16,290,0.14953333139419556,False
300,16,295,0.12797227501869202,False
300,16,300,0.08922271430492401,False
300,16,305,0.029894990846514702,False
300,16,310,0.07967469841241837,False
300,16,315,0.07356863468885422,False
300,16,320,0.031422197818756104,False
300,16,325,0.0636577159166336,False
300,16,330,0.06408857554197311,False
300,16,335,0.07542714476585388,False
300,16,340,0.09933309257030487,False
300,16,345,0.16235581040382385,False
300,16,350,0.04364670068025589,False
300,16,355,0.0809067115187645,False
300,16,360,0.06295938789844513,False
300,16,365,0.09327133744955063,False
300,16,370,0.08549156039953232,False
300,16,375,0.025042066350579262,False
300,16,380,0.10272478312253952,False
300,16,385,0.06750981509685516,False
300,16,390,0.06643995642662048,False
300,16,395,0.130985826253891,False
300,16,400,0.083572618663311,False
300,16,405,0.054628316313028336,False
300,17,10,0.12196621298789978,False
300,17,15,0.08427929878234863,False
300,17,20,0.12860669195652008,False
300,17,25,0.11745809018611908,False
300,17,30,0.14315426349639893,False
300,17,35,0.4272102415561676,False
300,17,40,0.3716917037963867,False
300,17,45,0.35324203968048096,False
300,17,50,0.5095111727714539,False
300,17,55,0.6060103178024292,False
300,17,60,0.4590560793876648,False
300,17,65,0.6241173148155212,False
300,17,70,0.23051846027374268,False
300,17,75,0.26026156544685364,False
300,17,80,0.2229038029909134,False
300,17,85,0.28370794653892517,False
300,17,90,0.42654603719711304,False
300,17,95,0.18307283520698547,False
300,17,100,0.5317218899726868,False
300,17,105,0.31011125445365906,False
300,17,110,0.42914626002311707,False
300,17,115,0.18931475281715393,False
300,17,120,0.4872075915336609,False
300,17,125,0.5174041986465454,False
300,17,130,0.40135008096694946,False
300,17,135,0.1523258239030838,False
300,17,140,0.6788041591644287,False
300,17,145,0.5170183181762695,False
300,17,150,0.2848046123981476,False
300,17,155,0.13534730672836304,False
300,17,160,0.11041419208049774,False
300,17,165,0.16761767864227295,False
300,17,170,0.3950139880180359,False
300,17,175,0.17937445640563965,False
300,17,180,0.2207932323217392,False
300,17,185,0.15347273647785187,False
300,17,190,0.1703234761953354,False
300,17,195,0.12139745056629181,False
300,17,200,0.2262963056564331,False
300,17,205,0.09973593056201935,False
300,17,210,0.4548099637031555,False
300,17,215,0.27113398909568787,False
300,17,220,0.07540254294872284,False
300,17,225,0.11463652551174164,False
300,17,230,0.3499162495136261,False
300,17,235,0.18073689937591553,False
300,17,240,0.2233104258775711,False
300,17,245,0.0649167075753212,False
300,17,250,0.08569614589214325,False
300,17,255,0.33135926723480225,False
300,17,260,0.06535467505455017,False
300,17,265,0.09238952398300171,False
300,17,270,0.10431274771690369,False
300,17,275,0.16210968792438507,False
300,17,280,0.16030070185661316,False
300,17,285,0.06964335590600967,False
300,17,290,0.08510930836200714,False
300,17,295,0.06987017393112183,False
300,17,300,0.17146460711956024,False
300,17,305,0.07955283671617508,False
300,17,310,0.04872717335820198,False
300,17,315,0.0527634471654892,False
300,17,320,0.04833831638097763,False
300,17,325,0.162917822599411,False
300,17,330,0.10223367810249329,False
300,17,335,0.16954302787780762,False
300,17,340,0.15008486807346344,False
300,17,345,0.12242339551448822,False
300,17,350,0.08881673961877823,False
300,17,355,0.2382972687482834,False
300,17,360,0.11899290978908539,False
300,17,365,0.09696434438228607,False
300,17,370,0.06385064125061035,False
300,17,375,0.038661062717437744,False
300,17,380,0.12542657554149628,False
300,17,385,0.027631966397166252,False
300,17,390,0.08228296041488647,False
300,17,395,0.08654521405696869,False
300,17,400,0.1262836903333664,False
300,17,405,0.02496718056499958,False
300,18,10,0.06975512951612473,False
300,18,15,0.030805284157395363,False
300,18,20,0.1593751311302185,False
300,18,25,0.038406070321798325,False
300,18,30,0.11569317430257797,False
300,18,35,0.21379442512989044,False
300,18,40,0.08972031623125076,False
300,18,45,0.10194950550794601,False
300,18,50,0.1417376697063446,False
300,18,55,0.2426925152540207,False
300,18,60,0.10270307213068008,False
300,18,65,0.17520682513713837,False
300,18,70,0.14121419191360474,False
300,18,75,0.040650784969329834,False
300,18,80,0.13949421048164368,False
300,18,85,0.0484454408288002,False
300,18,90,0.04766084998846054,False
300,18,95,0.06320860981941223,False
300,18,100,0.024492399767041206,False
300,18,105,0.10844694823026657,False
300,18,110,0.07754497230052948,False
300,18,115,0.0884774699807167,False
300,18,120,0.039677102118730545,False
300,18,125,0.06303854286670685,False
300,18,130,0.050910282880067825,False
300,18,135,0.1192365363240242,False
300,18,140,0.1617465317249298,False
300,18,145,0.06540973484516144,False
300,18,150,0.10050315409898758,False
300,18,155,0.0631265938282013,False
300,18,160,0.09059598296880722,False
300,18,165,0.26750776171684265,False
300,18,170,0.07909959554672241,False
300,18,175,0.022501196712255478,False
300,18,180,0.06795646995306015,False
300,18,185,0.044569168239831924,False
300,18,190,0.022222626954317093,False
300,18,195,0.04344075173139572,False
300,18,200,0.04635511338710785,False
300,18,205,0.034837909042835236,False
300,18,210,0.08890868723392487,False
300,18,215,0.034747976809740067,False
300,18,220,0.0652209147810936,False
300,18,225,0.03560436889529228,False
300,18,230,0.035101741552352905,False
300,18,235,0.03473937138915062,False
300,18,240,0.0724007710814476,False
300,18,245,0.013372654095292091,False
300,18,250,0.04248262569308281,False
300,18,255,0.1262151598930359,False
300,18,260,0.031131267547607422,False
300,18,265,0.03868069127202034,False
300,18,270,0.04503222554922104,False
300,18,275,0.010035344399511814,False
300,18,280,0.09712615609169006,False
300,18,285,0.04199349135160446,False
300,18,290,0.0639050230383873,False
300,18,295,0.09855727851390839,False
300,18,300,0.06512206047773361,False
300,18,305,0.033319827169179916,False
300,18,310,0.04230312258005142,False
300,18,315,0.04125778004527092,False
300,18,320,0.027520449832081795,False
300,18,325,0.07761800289154053,False
300,18,330,0.05338127538561821,False
300,18,335,0.05608854070305824,False
300,18,340,0.09656073153018951,False
300,18,345,0.11399717628955841,False
300,18,350,0.045266374945640564,False
300,18,355,0.14397180080413818,False
300,18,360,0.09092577546834946,False
300,18,365,0.0734410509467125,False
300,18,370,0.05356135591864586,False
300,18,375,0.061362482607364655,False
300,18,380,0.057529836893081665,False
300,18,385,0.04415992274880409,False
300,18,390,0.022945424541831017,False
300,18,395,0.14357052743434906,False
300,18,400,0.07017015665769577,False
300,18,405,0.10683761537075043,False
300,19,10,0.06039077416062355,False
300,19,15,0.2112121731042862,False
300,19,20,0.0697554349899292,False
300,19,25,0.07701022922992706,False
300,19,30,0.03519698977470398,False
300,19,35,0.13767506182193756,False
300,19,40,0.1620659977197647,False
300,19,45,0.1689079850912094,False
300,19,50,0.291498601436615,False
300,19,55,0.34202468395233154,False
300,19,60,0.19220204651355743,False
300,19,65,0.29638591408729553,False
300,19,70,0.217565655708313,False
300,19,75,0.05939647927880287,False
300,19,80,0.26052847504615784,False
300,19,85,0.1442568153142929,False
300,19,90,0.14207947254180908,False
300,19,95,0.045152921229600906,False
300,19,100,0.12210233509540558,False
300,19,105,0.25067025423049927,False
300,19,110,0.15272752940654755,False
300,19,115,0.09744775295257568,False
300,19,120,0.09363656491041183,False
300,19,125,0.06984076648950577,False
300,19,130,0.05224216356873512,False
300,19,135,0.14240528643131256,False
300,19,140,0.1100241094827652,False
300,19,145,0.2037889063358307,False
300,19,150,0.1300550401210785,False
300,19,155,0.08766423165798187,False
300,19,160,0.07495356351137161,False
300,19,165,0.0932830423116684,False
300,19,170,0.19303056597709656,False
300,19,175,0.061558712273836136,False
300,19,180,0.17607666552066803,False
300,19,185,0.11568192392587662,False
300,19,190,0.18486668169498444,False
300,19,195,0.08617023378610611,False
300,19,200,0.0748019739985466,False
300,19,205,0.25665298104286194,False
300,19,210,0.1977570503950119,False
300,19,215,0.13304948806762695,False
300,19,220,0.071403868496418,False
300,19,225,0.2617608606815338,False
300,19,230,0.25066399574279785,False
300,19,235,0.22030328214168549,False
300,19,240,0.11927662044763565,False
300,19,245,0.21157655119895935,False
300,19,250,0.06339675933122635,False
300,19,255,0.2723999619483948,False
300,19,260,0.11565341800451279,False
300,19,265,0.29335862398147583,False
300,19,270,0.3791901469230652,False
300,19,275,0.2021661251783371,False
300,19,280,0.17817887663841248,False
300,19,285,0.19401156902313232,False
300,19,290,0.12529616057872772,False
300,19,295,0.20648129284381866,False
300,19,300,0.09679222106933594,False
300,19,305,0.0487048402428627,False
300,19,310,0.24391399323940277,False
300,19,315,0.11791536957025528,False
300,19,320,0.12186841666698456,False
300,19,325,0.39779168367385864,False
300,19,330,0.07615348696708679,False
300,19,335,0.2589208781719208,False
300,19,340,0.19650360941886902,False
300,19,345,0.2802777588367462,False
300,19,350,0.1239868775010109,False
300,19,355,0.23894670605659485,False
300,19,360,0.15812097489833832,False
300,19,365,0.10173656046390533,False
300,19,370,0.12546294927597046,False
300,19,375,0.05443286523222923,False
300,19,380,0.07993711531162262,False
300,19,385,0.02950950898230076,False
300,19,390,0.09667489677667618,False
300,19,395,0.13086771965026855,False
300,19,400,0.1637485921382904,False
300,19,405,0.09735944867134094,False
300,20,10,0.06876885890960693,False
300,20,15,0.06063041463494301,False
300,20,20,0.12204461544752121,False
300,20,25,0.04971308633685112,False
300,20,30,0.13641239702701569,False
300,20,35,0.44305962324142456,False
300,20,40,0.14663049578666687,False
300,20,45,0.1530168056488037,False
300,20,50,0.044247906655073166,False
300,20,55,0.1822369396686554,False
300,20,60,0.12217347323894501,False
300,20,65,0.14248302578926086,False
300,20,70,0.029346873983740807,False
300,20,75,0.029834633693099022,False
300,20,80,0.09623979777097702,False
300,20,85,0.0539824403822422,False
300,20,90,0.056833334267139435,False
300,20,95,0.07424110174179077,False
300,20,100,0.019338279962539673,False
300,20,105,0.033280324190855026,False
300,20,110,0.07596901059150696,False
300,20,115,0.07034038752317429,False
300,20,120,0.05876832827925682,False
300,20,125,0.04647716134786606,False
300,20,130,0.02780301310122013,False
300,20,135,0.04195582494139671,False
300,20,140,0.01784498058259487,False
300,20,145,0.03235005587339401,False
300,20,150,0.13076089322566986,False
300,20,155,0.04320976510643959,False
300,20,160,0.08179938048124313,False
300,20,165,0.19903922080993652,False
300,20,170,0.11821730434894562,False
300,20,175,0.038690950721502304,False
300,20,180,0.05028139054775238,False
300,20,185,0.021015547215938568,False
300,20,190,0.04002058878540993,False
300,20,195,0.03128804638981819,False
300,20,200,0.038156915456056595,False
300,20,205,0.112339548766613,False
300,20,210,0.06222885102033615,False
300,20,215,0.04797288402915001,False
300,20,220,0.09305531531572342,False
300,20,225,0.015370885841548443,False
300,20,230,0.059166260063648224,False
300,20,235,0.10236799716949463,False
300,20,240,0.01726231910288334,False
300,20,245,0.03978017345070839,False
300,20,250,0.03949923440814018,False
300,20,255,0.15420565009117126,False
300,20,260,0.046165384352207184,False
300,20,265,0.04953467845916748,False
300,20,270,0.022467762231826782,False
300,20,275,0.013591502793133259,False
300,20,280,0.03549538552761078,False
300,20,285,0.05561079457402229,False
300,20,290,0.030605094507336617,False
300,20,295,0.06502221524715424,False
300,20,300,0.055290210992097855,False
300,20,305,0.03714242950081825,False
300,20,310,0.02791987918317318,False
300,20,315,0.01552410889416933,False
300,20,320,0.051560550928115845,False
300,20,325,0.04884492605924606,False
300,20,330,0.06313284486532211,False
300,20,335,0.04759470745921135,False
300,20,340,0.07023995369672775,False
300,20,345,0.05500972270965576,False
300,20,350,0.049301628023386,False
300,20,355,0.11863864958286285,False
300,20,360,0.04426528140902519,False
300,20,365,0.025835709646344185,False
300,20,370,0.06315728276968002,False
300,20,375,0.10860884934663773,False
300,20,380,0.057563308626413345,False
300,20,385,0.03941722214221954,False
300,20,390,0.044970881193876266,False
300,20,395,0.0643925815820694,False
300,20,400,0.08464924991130829,False
300,20,405,0.08290053904056549,False
300,21,10,0.028913481160998344,False
300,21,15,0.15594536066055298,False
300,21,20,0.1372927874326706,False
300,21,25,0.08817315101623535,False
300,21,30,0.02855658531188965,False
300,21,35,0.28698864579200745,False
300,21,40,0.018677452579140663,False
300,21,45,0.047991469502449036,False
300,21,50,0.13708122074604034,False
300,21,55,0.17902112007141113,False
300,21,60,0.08212923258543015,False
300,21,65,0.17608852684497833,False
300,21,70,0.1839633584022522,False
300,21,75,0.1853763312101364,False
300,21,80,0.2798544764518738,False
300,21,85,0.9221771955490112,False
300,21,90,0.32982540130615234,False
300,21,95,0.10166963934898376,False
300,21,100,0.31711986660957336,False
300,21,105,0.18981537222862244,False
300,21,110,0.18366917967796326,False
300,21,115,0.29818618297576904,False
300,21,120,0.0835137590765953,False
300,21,125,0.08436202257871628,False
300,21,130,0.25048694014549255,False
300,21,135,0.2209329605102539,False
300,21,140,0.15571613609790802,False
300,21,145,0.13382893800735474,False
300,21,150,0.1289350539445877,False
300,21,155,0.20877857506275177,False
300,21,160,0.14059552550315857,False
300,21,165,0.1252177506685257,False
300,21,170,0.04592454805970192,False
300,21,175,0.029486844316124916,False
300,21,180,0.33763161301612854,False
300,21,185,0.2820125222206116,False
300,21,190,0.19591094553470612,False
300,21,195,0.13827374577522278,False
300,21,200,0.05053241178393364,False
300,21,205,0.05086612328886986,False
300,21,210,0.3171917796134949,False
300,21,215,0.28192898631095886,False
300,21,220,0.06796009093523026,False
300,21,225,0.08103872090578079,False
300,21,230,0.2260405719280243,False
300,21,235,0.36811330914497375,False
300,21,240,0.10705239325761795,False
300,21,245,0.23593935370445251,False
300,21,250,0.09716708213090897,False
300,21,255,0.2804616093635559,False
300,21,260,0.038597505539655685,False
300,21,265,0.07683257013559341,False
300,21,270,0.08945117145776749,False
300,21,275,0.018912650644779205,False
300,21,280,0.051049888134002686,False
300,21,285,0.09726756811141968,False
300,21,290,0.033629223704338074,False
300,21,295,0.06525643914937973,False
300,21,300,0.03869554400444031,False
300,21,305,0.042226094752550125,False
300,21,310,0.043084003031253815,False
300,21,315,0.020889608189463615,False
300,21,320,0.050254128873348236,False
300,21,325,0.13442747294902802,False
300,21,330,0.15612420439720154,False
300,21,335,0.03515096381306648,False
300,21,340,0.03932183235883713,False
300,21,345,0.028408324345946312,False
300,21,350,0.04075590521097183,False
300,21,355,0.04260623827576637,False
300,21,360,0.08764632791280746,False
300,21,365,0.05907013267278671,False
300,21,370,0.051266949623823166,False
300,21,375,0.021183276548981667,False
300,21,380,0.016450729221105576,False
300,21,385,0.12077632546424866,False
300,21,390,0.05146957188844681,False
300,21,395,0.0175186637789011,False
300,21,400,0.04367045685648918,False
300,21,405,0.02715848945081234,False
300,22,10,0.15330690145492554,False
300,22,15,0.1041891947388649,False
300,22,20,0.10041581094264984,False
300,22,25,0.20267383754253387,False
300,22,30,0.13060571253299713,False
300,22,35,0.12842653691768646,False
300,22,40,0.2865511476993561,False
300,22,45,0.24079462885856628,False
300,22,50,0.3266562521457672,False
300,22,55,0.5733407139778137,False
300,22,60,0.20091001689434052,False
300,22,65,0.35657545924186707,False
300,22,70,0.08112657070159912,False
300,22,75,0.19914554059505463,False
300,22,80,0.43831804394721985,False
300,22,85,0.15960469841957092,False
300,22,90,0.22743560373783112,False
300,22,95,0.07732627540826797,False
300,22,100,0.3574833869934082,False
300,22,105,0.3838213086128235,False
300,22,110,0.26193347573280334,False
300,22,115,0.20410704612731934,False
300,22,120,0.2933542728424072,False
300,22,125,0.3929603695869446,False
300,22,130,0.20738458633422852,False
300,22,135,0.14767959713935852,False
300,22,140,0.26797163486480713,False
300,22,145,0.22696168720722198,False
300,22,150,0.2590627372264862,False
300,22,155,0.12980972230434418,False
300,22,160,0.1854967623949051,False
300,22,165,0.3601560592651367,False
300,22,170,0.06557455658912659,False
300,22,175,0.047153640538454056,False
300,22,180,0.0963570699095726,False
300,22,185,0.27102360129356384,False
300,22,190,0.12330593168735504,False
300,22,195,0.11830771714448929,False
300,22,200,0.09875112026929855,False
300,22,205,0.11058131605386734,False
300,22,210,0.09609134495258331,False
300,22,215,0.07974904030561447,False
300,22,220,0.056258756667375565,False
300,22,225,0.07414990663528442,False
300,22,230,0.49896377325057983,False
300,22,235,0.256664514541626,False
300,22,240,0.14242921769618988,False
300,22,245,0.20943957567214966,False
300,22,250,0.283034086227417,False
300,22,255,0.26711440086364746,False
300,22,260,0.13505011796951294,False
300,22,265,0.10317175835371017,False
300,22,270,0.22650158405303955,False
300,22,275,0.10189066082239151,False
300,22,280,0.16295261681079865,False
300,22,285,0.14431579411029816,False
300,22,290,0.09208210557699203,False
300,22,295,0.1100514829158783,False
300,22,300,0.11521846055984497,False
300,22,305,0.0354132354259491,False
300,22,310,0.04146604984998703,False
300,22,315,0.082155741751194,False
300,22,320,0.06018657609820366,False
300,22,325,0.16480351984500885,False
300,22,330,0.09262806922197342,False
300,22,335,0.14760783314704895,False
300,22,340,0.21407069265842438,False
300,22,345,0.1766914576292038,False
300,22,350,0.14758406579494476,False
300,22,355,0.1445918083190918,False
300,22,360,0.075789675116539,False
300,22,365,0.11479505151510239,False
300,22,370,0.09608402848243713,False
300,22,375,0.09616049379110336,False
300,22,380,0.141558438539505,False
300,22,385,0.05329865217208862,False
300,22,390,0.0587562695145607,False
300,22,395,0.08326079696416855,False
300,22,400,0.07974622398614883,False
300,22,405,0.03881639614701271,False
300,23,10,0.05997047573328018,False
300,23,15,0.19027143716812134,False
300,23,20,0.045005470514297485,False
300,23,25,0.09658066183328629,False
300,23,30,0.07327216118574142,False
300,23,35,0.39351189136505127,False
300,23,40,0.11567217111587524,False
300,23,45,0.25716692209243774,False
300,23,50,0.08810918778181076,False
300,23,55,0.07375726103782654,False
300,23,60,0.0461374931037426,False
300,23,65,0.1616514027118683,False
300,23,70,0.21557174623012543,False
300,23,75,0.17970025539398193,False
300,23,80,1.6590124368667603,False
300,23,85,1.8893282413482666,False
300,23,90,0.12020459771156311,False
300,23,95,0.06740190088748932,False
300,23,100,0.21686257421970367,False
300,23,105,0.09940695017576218,False
300,23,110,1.419356107711792,False
300,23,115,0.2234218418598175,False
300,23,120,0.11311918497085571,False
300,23,125,0.044642917811870575,False
300,23,130,0.04155680164694786,False
300,23,135,0.1241711974143982,False
300,23,140,0.10961753129959106,False
300,23,145,0.055204134434461594,False
300,23,150,0.04043641313910484,False
300,23,155,0.08905287832021713,False
300,23,160,0.0843193456530571,False
300,23,165,0.06042655557394028,False
300,23,170,0.05762452259659767,False
300,23,175,0.15014305710792542,False
300,23,180,0.2980557680130005,False
300,23,185,0.14826658368110657,False
300,23,190,0.21780219674110413,False
300,23,195,0.06183551996946335,False
300,23,200,0.07336103916168213,False
300,23,205,0.03196041285991669,False
300,23,210,0.19046470522880554,False
300,23,215,0.27929598093032837,False
300,23,220,0.04894868656992912,False
300,23,225,0.18027421832084656,False
300,23,230,0.10336032509803772,False
300,23,235,0.19971588253974915,False
300,23,240,0.11903306096792221,False
300,23,245,0.23937581479549408,False
300,23,250,0.037907663732767105,False
300,23,255,0.11329469829797745,False
300,23,260,0.06551755219697952,False
300,23,265,0.07678385823965073,False
300,23,270,0.10838209837675095,False
300,23,275,0.02876637876033783,False
300,23,280,0.02427302673459053,False
300,23,285,0.23847605288028717,False
300,23,290,0.053863976150751114,False
300,23,295,0.05380634963512421,False
300,23,300,0.1345459222793579,False
300,23,305,0.10958694666624069,False
300,23,310,0.15134412050247192,False
300,23,315,0.021437261253595352,False
300,23,320,0.0756845623254776,False
300,23,325,0.13138966262340546,False
300,23,330,0.038654956966638565,False
300,23,335,0.0558440275490284,False
300,23,340,0.11194486916065216,False
300,23,345,0.15308836102485657,False
300,23,350,0.10749439895153046,False
300,23,355,0.10488735139369965,False
300,23,360,0.17850860953330994,False
300,23,365,0.07985580712556839,False
300,23,370,0.022302644327282906,False
300,23,375,0.11017800122499466,False
300,23,380,0.061840031296014786,False
300,23,385,0.09379133582115173,False
300,23,390,0.08538327366113663,False
300,23,395,0.0860898345708847,False
300,23,400,0.08202765882015228,False
300,23,405,0.13126243650913239,False
300,24,10,0.02614464797079563,False
300,24,15,0.1499020755290985,False
300,24,20,0.12093647569417953,False
300,24,25,0.05319090187549591,False
300,24,30,0.07703651487827301,False
300,24,35,0.18215130269527435,False
300,24,40,0.17502236366271973,False
300,24,45,0.04990093410015106,False
300,24,50,0.13222363591194153,False
300,24,55,0.19577525556087494,False
300,24,60,0.16694790124893188,False
300,24,65,0.2005172073841095,False
300,24,70,0.2594735026359558,False
300,24,75,0.08339890837669373,False
300,24,80,0.12316671013832092,False
300,24,85,0.139381542801857,False
300,24,90,0.16366662085056305,False
300,24,95,0.06507276743650436,False
300,24,100,0.17046613991260529,False
300,24,105,0.1577896624803543,False
300,24,110,0.1721174418926239,False
300,24,115,0.14331640303134918,False
300,24,120,0.16948141157627106,False
300,24,125,0.18374508619308472,False
300,24,130,0.14167319238185883,False
300,24,135,0.17876984179019928,False
300,24,140,0.09860853850841522,False
300,24,145,0.08791112154722214,False
300,24,150,0.028968632221221924,False
300,24,155,0.05295427888631821,False
300,24,160,0.2970676124095917,False
300,24,165,0.07189533859491348,False
300,24,170,0.034202687442302704,False
300,24,175,0.021970367059111595,False
300,24,180,0.17051394283771515,False
300,24,185,0.15643657743930817,False
300,24,190,0.0946211889386177,False
300,24,195,0.09031345695257187,False
300,24,200,0.06023070216178894,False
300,24,205,0.06641416996717453,False
300,24,210,0.5410985350608826,False
300,24,215,0.059821560978889465,False
300,24,220,0.09139485657215118,False
300,24,225,0.0407954603433609,False
300,24,230,0.21872539818286896,False
300,24,235,0.3652609586715698,False
300,24,240,0.03196787089109421,False
300,24,245,0.06861018389463425,False
300,24,250,0.03210495412349701,False
300,24,255,0.12168076634407043,False
300,24,260,0.04548083245754242,False
300,24,265,0.04720553010702133,False
300,24,270,0.028559066355228424,False
300,24,275,0.011876899749040604,False
300,24,280,0.024679873138666153,False
300,24,285,0.1415656954050064,False
300,24,290,0.024236226454377174,False
300,24,295,0.05316449701786041,False
300,24,300,0.0731673464179039,False
300,24,305,0.04192855954170227,False
300,24,310,0.11791463196277618,False
300,24,315,0.06291226297616959,False
300,24,320,0.10469494760036469,False
300,24,325,0.1939651072025299,False
300,24,330,0.09018972516059875,False
300,24,335,0.15636730194091797,False
300,24,340,0.1764114946126938,False
300,24,345,0.1663658171892166,False
300,24,350,0.062271684408187866,False
300,24,355,0.11650654673576355,False
300,24,360,0.12434062361717224,False
300,24,365,0.0585467591881752,False
300,24,370,0.025743117555975914,False
300,24,375,0.04470120742917061,False
300,24,380,0.09450103342533112,False
300,24,385,0.07170230895280838,False
300,24,390,0.08887184411287308,False
300,24,395,0.031863655894994736,False
300,24,400,0.06975145637989044,False
300,24,405,0.09361553937196732,False
300,25,10,0.032881610095500946,False
300,25,15,0.03164523467421532,False
300,25,20,0.09950258582830429,False
300,25,25,0.08934079110622406,False
300,25,30,0.05177181586623192,False
300,25,35,0.402400404214859,False
300,25,40,0.5004223585128784,False
300,25,45,0.3032924234867096,False
300,25,50,0.3681619167327881,False
300,25,55,0.30740538239479065,False
300,25,60,0.21915960311889648,False
300,25,65,0.14954058825969696,False
300,25,70,0.05455836281180382,False
300,25,75,0.03857588395476341,False
300,25,80,0.27935901284217834,False
300,25,85,0.046263620257377625,False
300,25,90,0.025299765169620514,False
300,25,95,0.16385792195796967,False
300,25,100,0.04552863538265228,False
300,25,105,0.15087734162807465,False
300,25,110,0.143210768699646,False
300,25,115,0.09221507608890533,False
300,25,120,0.05937808379530907,False
300,25,125,0.06003561243414879,False
300,25,130,0.03978580981492996,False
300,25,135,0.10917606949806213,False
300,25,140,0.11845558881759644,False
300,25,145,0.09714184701442719,False
300,25,150,0.15458020567893982,False
300,25,155,0.2638421654701233,False
300,25,160,0.112143374979496,False
300,25,165,0.0410931222140789,False
300,25,170,0.09611795097589493,False
300,25,175,0.04117346182465553,False
300,25,180,0.14288459718227386,False
300,25,185,0.17818602919578552,False
300,25,190,0.07482319325208664,False
300,25,195,0.03908071666955948,False
300,25,200,0.024239620193839073,False
300,25,205,0.0641847550868988,False
300,25,210,0.1750345081090927,False
300,25,215,0.04125998541712761,False
300,25,220,0.09582303464412689,False
300,25,225,0.09541048854589462,False
300,25,230,0.07700691372156143,False
300,25,235,0.08474869281053543,False
300,25,240,0.0392911434173584,False
300,25,245,0.03428386524319649,False
300,25,250,0.045037515461444855,False
300,25,255,0.09488185495138168,False
300,25,260,0.029831457883119583,False
300,25,265,0.04305659607052803,False
300,25,270,0.1382279396057129,False
300,25,275,0.13193926215171814,False
300,25,280,0.17484024167060852,False
300,25,285,0.07977595925331116,False
300,25,290,0.13651004433631897,False
300,25,295,0.10595943033695221,False
300,25,300,0.07404343783855438,False
300,25,305,0.04167138785123825,False
300,25,310,0.09729620069265366,False
300,25,315,0.03750544786453247,False
300,25,320,0.029722414910793304,False
300,25,325,0.09666124731302261,False
300,25,330,0.0826147124171257,False
300,25,335,0.062820203602314,False
300,25,340,0.09565210342407227,False
300,25,345,0.14076171815395355,False
300,25,350,0.0678798034787178,False
300,25,355,0.11391469091176987,False
300,25,360,0.08605583012104034,False
300,25,365,0.05220640078186989,False
300,25,370,0.027304956689476967,False
300,25,375,0.0742550790309906,False
300,25,380,0.04829273000359535,False
300,25,385,0.009808523580431938,False
300,25,390,0.020923906937241554,False
300,25,395,0.04396475851535797,False
300,25,400,0.09783314168453217,False
300,25,405,0.07769618183374405,False
300,26,10,0.05204009637236595,False
300,26,15,0.052949804812669754,False
300,26,20,0.10793943703174591,False
300,26,25,0.022351043298840523,False
300,26,30,0.1246160939335823,False
300,26,35,0.3376097083091736,False
300,26,40,0.22736811637878418,False
300,26,45,0.15021912753582,False
300,26,50,0.08009014278650284,False
300,26,55,0.19465456902980804,False
300,26,60,0.15178468823432922,False
300,26,65,0.09085605293512344,False
300,26,70,0.043649669736623764,False
300,26,75,0.04262497276067734,False
300,26,80,0.1009616032242775,False
300,26,85,0.10624484717845917,False
300,26,90,0.10664872825145721,False
300,26,95,0.024574721232056618,False
300,26,100,0.04269440844655037,False
300,26,105,0.06323351711034775,False
300,26,110,0.01497744768857956,False
300,26,115,0.0937589779496193,False
300,26,120,0.07749043405056,False
300,26,125,0.029404671862721443,False
300,26,130,0.05653250589966774,False
300,26,135,0.1092943325638771,False
300,26,140,0.028706125915050507,False
300,26,145,0.028569906949996948,False
300,26,150,0.0409037321805954,False
300,26,155,0.06600133329629898,False
300,26,160,0.08738106489181519,False
300,26,165,0.08876200765371323,False
300,26,170,0.11439431458711624,False
300,26,175,0.017200302332639694,False
300,26,180,0.06100107356905937,False
300,26,185,0.023713210597634315,False
300,26,190,0.043141964823007584,False
300,26,195,0.024646194651722908,False
300,26,200,0.028499284759163857,False
300,26,205,0.056111134588718414,False
300,26,210,0.07565977424383163,False
300,26,215,0.03560466691851616,False
300,26,220,0.06927428394556046,False
300,26,225,0.01192518975585699,False
300,26,230,0.045304618775844574,False
300,26,235,0.1076955646276474,False
300,26,240,0.11924982815980911,False
300,26,245,0.08507196605205536,False
300,26,250,0.040887754410505295,False
300,26,255,0.17849192023277283,False
300,26,260,0.0472462922334671,False
300,26,265,0.06622057408094406,False
300,26,270,0.04626054689288139,False
300,26,275,0.0334344319999218,False
300,26,280,0.1700935959815979,False
300,26,285,0.11097576469182968,False
300,26,290,0.10688382387161255,False
300,26,295,0.09346417337656021,False
300,26,300,0.07883650809526443,False
300,26,305,0.026442116126418114,False
300,26,310,0.09946370124816895,False
300,26,315,0.04288189113140106,False
300,26,320,0.08289553970098495,False
300,26,325,0.029174527153372765,False
300,26,330,0.05348013713955879,False
300,26,335,0.07886791229248047,False
300,26,340,0.1009637862443924,False
300,26,345,0.14325925707817078,False
300,26,350,0.04904704913496971,False
300,26,355,0.266431599855423,False
300,26,360,0.08475739508867264,False
300,26,365,0.10161349922418594,False
300,26,370,0.09307564049959183,False
300,26,375,0.024979637935757637,False
300,26,380,0.07671818137168884,False
300,26,385,0.04502337798476219,False
300,26,390,0.03180588781833649,False
300,26,395,0.10229174792766571,False
300,26,400,0.03879111260175705,False
300,26,405,0.06893713027238846,False
300,27,10,0.0956343486905098,False
300,27,15,0.07592446357011795,False
300,27,20,0.1219898983836174,False
300,27,25,0.03369724377989769,False
300,27,30,0.23571321368217468,False
300,27,35,0.29167211055755615,False
300,27,40,0.09231730550527573,False
300,27,45,0.07288482040166855,False
300,27,50,0.21385318040847778,False
300,27,55,0.19347640872001648,False
300,27,60,0.16490545868873596,False
300,27,65,0.1540210098028183,False
300,27,70,0.288899689912796,False
300,27,75,0.18537619709968567,False
300,27,80,0.3306574821472168,False
300,27,85,0.2843998074531555,False
300,27,90,0.17414207756519318,False
300,27,95,0.054496340453624725,False
300,27,100,0.08435488492250443,False
300,27,105,0.07859795540571213,False
300,27,110,0.10906961560249329,False
300,27,115,0.05035087838768959,False
300,27,120,0.1112297996878624,False
300,27,125,0.14655190706253052,False
300,27,130,0.21516861021518707,False
300,27,135,0.1941700279712677,False
300,27,140,0.1478734165430069,False
300,27,145,0.12035083770751953,False
300,27,150,0.04004595801234245,False
300,27,155,0.23403647541999817,False
300,27,160,0.09573967754840851,False
300,27,165,0.04580477997660637,False
300,27,170,0.04394834488630295,False
300,27,175,0.07553046941757202,False
300,27,180,0.3033545911312103,False
300,27,185,0.17336736619472504,False
300,27,190,0.017887379974126816,False
300,27,195,0.11980181187391281,False
300,27,200,0.02555886097252369,False
300,27,205,0.03026827611029148,False
300,27,210,0.18047429621219635,False
300,27,215,0.11657740920782089,False
300,27,220,0.05858135223388672,False
300,27,225,0.05565909296274185,False
300,27,230,0.15831506252288818,False
300,27,235,0.1730508804321289,False
300,27,240,0.04346569627523422,False
300,27,245,0.13161547482013702,False
300,27,250,0.030685797333717346,False
300,27,255,0.13498857617378235,False
300,27,260,0.04340173676609993,False
300,27,265,0.04417369142174721,False
300,27,270,0.12947885692119598,False
300,27,275,0.03177192807197571,False
300,27,280,0.07192962616682053,False
300,27,285,0.061979178339242935,False
300,27,290,0.059301674365997314,False
300,27,295,0.051909755915403366,False
300,27,300,0.04417813941836357,False
300,27,305,0.061716143041849136,False
300,27,310,0.029718825593590736,False
300,27,315,0.025598721578717232,False
300,27,320,0.0628618448972702,False
300,27,325,0.10286857187747955,False
300,27,330,0.12238743156194687,False
300,27,335,0.01663855090737343,False
300,27,340,0.053944021463394165,False
300,27,345,0.04776850715279579,False
300,27,350,0.06334882974624634,False
300,27,355,0.04270146042108536,False
300,27,360,0.04757291451096535,False
300,27,365,0.05431951954960823,False
300,27,370,0.01781695894896984,False
300,27,375,0.022925345227122307,False
300,27,380,0.0814255028963089,False
300,27,385,0.10428223013877869,False
300,27,390,0.03823455423116684,False
300,27,395,0.0565606951713562,False
300,27,400,0.04234324023127556,False
300,27,405,0.03177836164832115,False
300,28,10,0.05361489951610565,False
300,28,15,0.11845295131206512,False
300,28,20,0.1537972390651703,False
300,28,25,0.086886465549469,False
300,28,30,0.08300549536943436,False
300,28,35,0.21645039319992065,False
300,28,40,0.19931280612945557,False
300,28,45,0.04908730834722519,False
300,28,50,0.06002289056777954,False
300,28,55,0.25740599632263184,False
300,28,60,0.08671383559703827,False
300,28,65,0.37145331501960754,False
300,28,70,0.25692427158355713,False
300,28,75,0.1870109885931015,False
300,28,80,0.10919629782438278,False
300,28,85,0.8625378608703613,False
300,28,90,0.18537646532058716,False
300,28,95,0.04648226872086525,False
300,28,100,0.10082856565713882,False
300,28,105,0.23168201744556427,False
300,28,110,0.13226020336151123,False
300,28,115,0.23894701898097992,False
300,28,120,0.24570930004119873,False
300,28,125,0.25032109022140503,False
300,28,130,0.2618825435638428,False
300,28,135,0.24027197062969208,False
300,28,140,0.13067090511322021,False
300,28,145,0.1252293884754181,False
300,28,150,0.034762829542160034,False
300,28,155,0.16398853063583374,False
300,28,160,0.25568491220474243,False
300,28,165,0.09170573949813843,False
300,28,170,0.0850243791937828,False
300,28,175,0.010631260462105274,False
300,28,180,0.1303999125957489,False
300,28,185,0.12424049526453018,False
300,28,190,0.032526906579732895,False
300,28,195,0.061593856662511826,False
300,28,200,0.07368099689483643,False
300,28,205,0.10651446878910065,False
300,28,210,0.34630003571510315,False
300,28,215,0.03675553575158119,False
300,28,220,0.12596124410629272,False
300,28,225,0.02341904118657112,False
300,28,230,0.1703323870897293,False
300,28,235,0.14881275594234467,False
300,28,240,0.07015489041805267,False
300,28,245,0.08622491359710693,False
300,28,250,0.05093902722001076,False
300,28,255,0.21992354094982147,False
300,28,260,0.03805256634950638,False
300,28,265,0.07106917351484299,False
300,28,270,0.0317981019616127,False
300,28,275,0.0344291590154171,False
300,28,280,0.09426514804363251,False
300,28,285,0.03456104174256325,False
300,28,290,0.02981218509376049,False
300,28,295,0.1146356612443924,False
300,28,300,0.03500165790319443,False
300,28,305,0.03570903092622757,False
300,28,310,0.08688858896493912,False
300,28,315,0.02333606407046318,False
300,28,320,0.03602667897939682,False
300,28,325,0.14725811779499054,False
300,28,330,0.07523491233587265,False
300,28,335,0.0465395487844944,False
300,28,340,0.05290420353412628,False
300,28,345,0.15426234900951385,False
300,28,350,0.12666717171669006,False
300,28,355,0.09534852206707001,False
300,28,360,0.18134479224681854,False
300,28,365,0.05340990796685219,False
300,28,370,0.04536047205328941,False
300,28,375,0.017327120527625084,False
300,28,380,0.05391388759016991,False
300,28,385,0.011688397265970707,False
300,28,390,0.059581730514764786,False
300,28,395,0.07190288603305817,False
300,28,400,0.07946573942899704,False
300,28,405,0.02027926594018936,False
300,29,10,0.11986911296844482,False
300,29,15,0.07759934663772583,False
300,29,20,0.10220766812562943,False
300,29,25,0.06444595754146576,False
300,29,30,0.26991626620292664,False
300,29,35,0.2788723409175873,False
300,29,40,0.2697088420391083,False
300,29,45,0.379749596118927,False
300,29,50,0.2535245716571808,False
300,29,55,0.10204920917749405,False
300,29,60,0.05269194394350052,False
300,29,65,0.2473801225423813,False
300,29,70,0.06395622342824936,False
300,29,75,0.05851199850440025,False
300,29,80,0.1344306915998459,False
300,29,85,0.14449141919612885,False
300,29,90,0.0594436414539814,False
300,29,95,0.30305448174476624,False
300,29,100,0.06291082501411438,False
300,29,105,0.04428314045071602,False
300,29,110,0.12649869918823242,False
300,29,115,0.08445276319980621,False
300,29,120,0.13278596103191376,False
300,29,125,0.0510324127972126,False
300,29,130,0.12051301449537277,False
300,29,135,0.10741226375102997,False
300,29,140,0.08665010333061218,False
300,29,145,0.09653294831514359,False
300,29,150,0.07134410738945007,False
300,29,155,0.2632782459259033,False
300,29,160,0.09821583330631256,False
300,29,165,0.02272404357790947,False
300,29,170,0.06558980792760849,False
300,29,175,0.032867033034563065,False
300,29,180,0.16702361404895782,False
300,29,185,0.08268783241510391,False
300,29,190,0.15912052989006042,False
300,29,195,0.03579104691743851,False
300,29,200,0.1430034041404724,False
300,29,205,0.07316010445356369,False
300,29,210,0.10626912862062454,False
300,29,215,0.0810655951499939,False
300,29,220,0.1357049196958542,False
300,29,225,0.15854768455028534,False
300,29,230,0.13896605372428894,False
300,29,235,0.14240945875644684,False
300,29,240,0.1768302619457245,False
300,29,245,0.08657629787921906,False
300,29,250,0.03082192689180374,False
300,29,255,0.15517662465572357,False
300,29,260,0.06932571530342102,False
300,29,265,0.09347508102655411,False
300,29,270,0.15916121006011963,False
300,29,275,0.0884743481874466,False
300,29,280,0.12913420796394348,False
300,29,285,0.15683558583259583,False
300,29,290,0.13317641615867615,False
300,29,295,0.055242203176021576,False
300,29,300,0.0917416661977768,False
300,29,305,0.01725587248802185,False
300,29,310,0.05236085504293442,False
300,29,315,0.06301698088645935,False
300,29,320,0.04498802497982979,False
300,29,325,0.10523072630167007,False
300,29,330,0.11031182110309601,False
300,29,335,0.046447984874248505,False
300,29,340,0.08601366728544235,False
300,29,345,0.17488491535186768,False
300,29,350,0.0653211772441864,False
300,29,355,0.08648693561553955,False
300,29,360,0.07208439707756042,False
300,29,365,0.049063362181186676,False
300,29,370,0.06722518056631088,False
300,29,375,0.017123408615589142,False
300,29,380,0.13042894005775452,False
300,29,385,0.10864010453224182,False
300,29,390,0.027439827099442482,False
300,29,395,0.11733175069093704,False
300,29,400,0.16068792343139648,False
300,29,405,0.049017682671546936,False
300,30,10,0.13701096177101135,False
300,30,15,0.12692181766033173,False
300,30,20,0.20363491773605347,False
300,30,25,0.12450697273015976,False
300,30,30,0.31651023030281067,False
300,30,35,0.509075939655304,False
300,30,40,0.45113083720207214,False
300,30,45,0.24741001427173615,False
300,30,50,0.12080004066228867,False
300,30,55,0.10175878554582596,False
300,30,60,0.09893258661031723,False
300,30,65,0.334574818611145,False
300,30,70,0.20116709172725677,False
300,30,75,0.20083145797252655,False
300,30,80,0.22403624653816223,False
300,30,85,0.21293871104717255,False
300,30,90,0.13092857599258423,False
300,30,95,0.10148294270038605,False
300,30,100,0.06531026214361191,False
300,30,105,0.10847771912813187,False
300,30,110,0.08867298066616058,False
300,30,115,0.05632033199071884,False
300,30,120,0.10349693149328232,False
300,30,125,0.029348226264119148,False
300,30,130,0.041172727942466736,False
300,30,135,0.06556922942399979,False
300,30,140,0.045994989573955536,False
300,30,145,0.05894996598362923,False
300,30,150,0.04999383166432381,False
300,30,155,0.13494563102722168,False
300,30,160,0.05157395452260971,False
300,30,165,0.1475134640932083,False
300,30,170,0.06639288365840912,False
300,30,175,0.17106260359287262,False
300,30,180,0.12470661103725433,False
300,30,185,0.05959876999258995,False
300,30,190,0.06670991331338882,False
300,30,195,0.03023553267121315,False
300,30,200,0.08485011011362076,False
300,30,205,0.02831396274268627,False
300,30,210,0.03681911900639534,False
300,30,215,0.04615071788430214,False
300,30,220,0.10266885161399841,False
300,30,225,0.19125477969646454,False
300,30,230,0.10126864165067673,False
300,30,235,0.025295918807387352,False
300,30,240,0.10344082117080688,False
300,30,245,0.06261535733938217,False
300,30,250,0.08970668166875839,False
300,30,255,0.12228389829397202,False
300,30,260,0.07374931871891022,False
300,30,265,0.051919594407081604,False
300,30,270,0.15787899494171143,False
300,30,275,0.047446541488170624,False
300,30,280,0.07270272076129913,False
300,30,285,0.12514616549015045,False
300,30,290,0.13934727013111115,False
300,30,295,0.11179419606924057,False
300,30,300,0.1426854282617569,False
300,30,305,0.050599630922079086,False
300,30,310,0.05853850021958351,False
300,30,315,0.13828574120998383,False
300,30,320,0.07337040454149246,False
300,30,325,0.14479494094848633,False
300,30,330,0.11565692722797394,False
300,30,335,0.08249523490667343,False
300,30,340,0.2320713847875595,False
300,30,345,0.31296733021736145,False
300,30,350,0.06279408931732178,False
300,30,355,0.18483835458755493,False
300,30,360,0.1577884703874588,False
300,30,365,0.20846876502037048,False
300,30,370,0.13968506455421448,False
300,30,375,0.08025988191366196,False
300,30,380,0.17838113009929657,False
300,30,385,0.0987379252910614,False
300,30,390,0.0910741463303566,False
300,30,395,0.23255182802677155,False
300,30,400,0.18668216466903687,False
300,30,405,0.18653883039951324,False
300,31,10,0.017230644822120667,False
300,31,15,0.058491431176662445,False
300,31,20,0.09813724458217621,False
300,31,25,0.12298856675624847,False
300,31,30,0.1912854015827179,False
300,31,35,0.1128145381808281,False
300,31,40,0.48825788497924805,False
300,31,45,0.10134606063365936,False
300,31,50,0.3103386461734772,False
300,31,55,0.15091495215892792,False
300,31,60,0.054143134504556656,False
300,31,65,0.09789567440748215,False
300,31,70,0.03178452327847481,False
300,31,75,0.06733205914497375,False
300,31,80,0.08174140751361847,False
300,31,85,0.07468212395906448,False
300,31,90,0.03643050044775009,False
300,31,95,0.08754672855138779,False
300,31,100,0.03641071543097496,False
300,31,105,0.09672156721353531,False
300,31,110,0.05540652200579643,False
300,31,115,0.09136947244405746,False
300,31,120,0.030354052782058716,False
300,31,125,0.012632626108825207,False
300,31,130,0.09285152703523636,False
300,31,135,0.1417887955904007,False
300,31,140,0.12915313243865967,False
300,31,145,0.11927299946546555,False
300,31,150,0.069171242415905,False
300,31,155,0.12515856325626373,False
300,31,160,0.0751635804772377,False
300,31,165,0.03809079900383949,False
300,31,170,0.022372020408511162,False
300,31,175,0.011890491470694542,False
300,31,180,0.0222488846629858,False
300,31,185,0.06638585776090622,False
300,31,190,0.01766878180205822,False
300,31,195,0.03736089542508125,False
300,31,200,0.04008716717362404,False
300,31,205,0.027816729620099068,False
300,31,210,0.06895369291305542,False
300,31,215,0.033014021813869476,False
300,31,220,0.05742976814508438,False
300,31,225,0.06901905685663223,False
300,31,230,0.043343253433704376,False
300,31,235,0.09407145529985428,False
300,31,240,0.05743611976504326,False
300,31,245,0.02794371172785759,False
300,31,250,0.06431616842746735,False
300,31,255,0.11147189885377884,False
300,31,260,0.029286107048392296,False
300,31,265,0.04393257573246956,False
300,31,270,0.07809754461050034,False
300,31,275,0.07596533745527267,False
300,31,280,0.15478633344173431,False
300,31,285,0.05626058205962181,False
300,31,290,0.1990714818239212,False
300,31,295,0.09603225439786911,False
300,31,300,0.09119581431150436,False
300,31,305,0.012189248576760292,False
300,31,310,0.0168139785528183,False
300,31,315,0.06151777133345604,False
300,31,320,0.034630898386240005,False
300,31,325,0.026620008051395416,False
300,31,330,0.07378696650266647,False
300,31,335,0.07381588220596313,False
300,31,340,0.16168606281280518,False
300,31,345,0.12612225115299225,False
300,31,350,0.06643005460500717,False
300,31,355,0.23044870793819427,False
300,31,360,0.08530844002962112,False
300,31,365,0.1684810221195221,False
300,31,370,0.045963432639837265,False
300,31,375,0.08439803868532181,False
300,31,380,0.12944826483726501,False
300,31,385,0.13470147550106049,False
300,31,390,0.1038883700966835,False
300,31,395,0.041522588580846786,False
300,31,400,0.08064775168895721,False
300,31,405,0.0946960523724556,False
300,32,10,0.03065844252705574,False
300,32,15,0.06464245170354843,False
300,32,20,0.057157717645168304,False
300,32,25,0.12679769098758698,False
300,32,30,0.05786764621734619,False
300,32,35,0.3910534381866455,False
300,32,40,0.2847036123275757,False
300,32,45,0.10442488640546799,False
300,32,50,0.16540294885635376,False
300,32,55,0.2178507149219513,False
300,32,60,0.09141425788402557,False
300,32,65,0.15421010553836823,False
300,32,70,0.024312280118465424,False
300,32,75,0.017806751653552055,False
300,32,80,0.1205902174115181,False
300,32,85,0.0979677364230156,False
300,32,90,0.06889841705560684,False
300,32,95,0.05381380766630173,False
300,32,100,0.10062363743782043,False
300,32,105,0.06722711026668549,False
300,32,110,0.10704046487808228,False
300,32,115,0.10554956644773483,False
300,32,120,0.05113251134753227,False
300,32,125,0.04019651561975479,False
300,32,130,0.06934672594070435,False
300,32,135,0.07503844797611237,False
300,32,140,0.08967184275388718,False
300,32,145,0.06321025639772415,False
300,32,150,0.06381169706583023,False
300,32,155,0.10465431958436966,False
300,32,160,0.14092917740345,False
300,32,165,0.03594062104821205,False
300,32,170,0.01941545121371746,False
300,32,175,0.021018806844949722,False
300,32,180,0.026410918682813644,False
300,32,185,0.03834398463368416,False
300,32,190,0.05091783404350281,False
300,32,195,0.04402478411793709,False
300,32,200,0.047950100153684616,False
300,32,205,0.02764623425900936,False
300,32,210,0.07768508046865463,False
300,32,215,0.019740717485547066,False
300,32,220,0.09018222987651825,False
300,32,225,0.07947934418916702,False
300,32,230,0.030674338340759277,False
300,32,235,0.06612390279769897,False
300,32,240,0.06816767901182175,False
300,32,245,0.10623127967119217,False
300,32,250,0.06739279627799988,False
300,32,255,0.06713291257619858,False
300,32,260,0.07928363978862762,False
300,32,265,0.13982033729553223,False
300,32,270,0.080162912607193,False
300,32,275,0.01214437372982502,False
300,32,280,0.04114314913749695,False
300,32,285,0.2535248398780823,False
300,32,290,0.05631685256958008,False
300,32,295,0.1383366882801056,False
300,32,300,0.10927963256835938,False
300,32,305,0.06203430891036987,False
300,32,310,0.14501260221004486,False
300,32,315,0.03151264041662216,False
300,32,320,0.0883222445845604,False
300,32,325,0.16166771948337555,False
300,32,330,0.03269083797931671,False
300,32,335,0.06215307489037514,False
300,32,340,0.08960335701704025,False
300,32,345,0.1385669708251953,False
300,32,350,0.19759580492973328,False
300,32,355,0.2798444628715515,False
300,32,360,0.08977515995502472,False
300,32,365,0.1136140301823616,False
300,32,370,0.05696061998605728,False
300,32,375,0.12972517311573029,False
300,32,380,0.0981258749961853,False
300,32,385,0.0638679713010788,False
300,32,390,0.03404044359922409,False
300,32,395,0.07129278779029846,False
300,32,400,0.10930737107992172,False
300,32,405,0.17264902591705322,False
300,33,10,0.04150276631116867,False
300,33,15,0.181645929813385,False
300,33,20,0.08998940885066986,False
300,33,25,0.11856535822153091,False
300,33,30,0.061742153018713,False
300,33,35,0.17843861877918243,False
300,33,40,0.17906400561332703,False
300,33,45,0.0585503987967968,False
300,33,50,0.07277169078588486,False
300,33,55,0.2674148380756378,False
300,33,60,0.13473595678806305,False
300,33,65,0.21372297406196594,False
300,33,70,0.17819954454898834,False
300,33,75,0.06785188615322113,False
300,33,80,0.224460631608963,False
300,33,85,0.08252894878387451,False
300,33,90,0.07812459766864777,False
300,33,95,0.07380447536706924,False
300,33,100,0.09685419499874115,False
300,33,105,0.1141684278845787,False
300,33,110,0.10203108191490173,False
300,33,115,0.03200672194361687,False
300,33,120,0.03866255283355713,False
300,33,125,0.06054527685046196,False
300,33,130,0.05924299731850624,False
300,33,135,0.155270054936409,False
300,33,140,0.18973329663276672,False
300,33,145,0.12265702337026596,False
300,33,150,0.05287664011120796,False
300,33,155,0.16163912415504456,False
300,33,160,0.14387741684913635,False
300,33,165,0.14064963161945343,False
300,33,170,0.10691492259502411,False
300,33,175,0.018680250272154808,False
300,33,180,0.07268811017274857,False
300,33,185,0.045476581901311874,False
300,33,190,0.04363178089261055,False
300,33,195,0.04024098068475723,False
300,33,200,0.07894992083311081,False
300,33,205,0.04703110456466675,False
300,33,210,0.10918785631656647,False
300,33,215,0.0455436147749424,False
300,33,220,0.10989764332771301,False
300,33,225,0.021567249670624733,False
300,33,230,0.10006121546030045,False
300,33,235,0.14693960547447205,False
300,33,240,0.01331255678087473,False
300,33,245,0.05982475355267525,False
300,33,250,0.03726448863744736,False
300,33,255,0.13535229861736298,False
300,33,260,0.08329125493764877,False
300,33,265,0.03807057812809944,False
300,33,270,0.08174245804548264,False
300,33,275,0.04271170496940613,False
300,33,280,0.07895900309085846,False
300,33,285,0.04601280018687248,False
300,33,290,0.024917177855968475,False
300,33,295,0.05599207058548927,False
300,33,300,0.04559726640582085,False
300,33,305,0.03899756819009781,False
300,33,310,0.1584148108959198,False
300,33,315,0.012254003435373306,False
300,33,320,0.022891756147146225,False
300,33,325,0.06369924545288086,False
300,33,330,0.09665273874998093,False
300,33,335,0.0672428160905838,False
300,33,340,0.06536229699850082,False
300,33,345,0.025760671123862267,False
300,33,350,0.10193740576505661,False
300,33,355,0.10254399478435516,False
300,33,360,0.043682634830474854,False
300,33,365,0.0749090313911438,False
300,33,370,0.014874564483761787,False
300,33,375,0.014853812754154205,False
300,33,380,0.016841089352965355,False
300,33,385,0.0555981881916523,False
300,33,390,0.05357279255986214,False
300,33,395,0.05599120631814003,False
300,33,400,0.021351274102926254,False
300,33,405,0.025139205157756805,False
300,34,10,0.08474420011043549,False
300,34,15,0.12674948573112488,False
300,34,20,0.0544918030500412,False
300,34,25,0.0658116266131401,False
300,34,30,0.09622295945882797,False
300,34,35,0.25159093737602234,False
300,34,40,0.02683795616030693,False
300,34,45,0.09696544706821442,False
300,34,50,0.08946893364191055,False
300,34,55,0.10540831089019775,False
300,34,60,0.11851581186056137,False
300,34,65,0.1122705414891243,False
300,34,70,0.3185412883758545,False
300,34,75,0.203025683760643,False
300,34,80,0.07630351930856705,False
300,34,85,0.17695339024066925,False
300,34,90,0.20275965332984924,False
300,34,95,0.07557664811611176,False
300,34,100,0.2711385190486908,False
300,34,105,0.19277654588222504,False
300,34,110,0.09831883013248444,False
300,34,115,0.15394076704978943,False
300,34,120,0.06629616767168045,False
300,34,125,0.039497412741184235,False
300,34,130,0.08693239837884903,False
300,34,135,0.10888845473527908,False
300,34,140,0.13870936632156372,False
300,34,145,0.2721575200557709,False
300,34,150,0.06673786044120789,False
300,34,155,0.255947083234787,False
300,34,160,0.04445170238614082,False
300,34,165,0.08997819572687149,False
300,34,170,0.19958297908306122,False
300,34,175,0.3096866011619568,False
300,34,180,0.3737805187702179,False
300,34,185,0.12564554810523987,False
300,34,190,0.12684890627861023,False
300,34,195,0.05275023728609085,False
300,34,200,0.06995013356208801,False
300,34,205,0.08219671994447708,False
300,34,210,0.0832785815000534,False
300,34,215,0.10985713452100754,False
300,34,220,0.126600444316864,False
300,34,225,0.1102852150797844,False
300,34,230,0.026079898700118065,False
300,34,235,0.1261032372713089,False
300,34,240,0.0662325769662857,False
300,34,245,0.10052014142274857,False
300,34,250,0.049316100776195526,False
300,34,255,0.13683004677295685,False
300,34,260,0.06451482325792313,False
300,34,265,0.07116526365280151,False
300,34,270,0.07111534476280212,False
300,34,275,0.11577550321817398,False
300,34,280,0.12317435443401337,False
300,34,285,0.0707658976316452,False
300,34,290,0.17997193336486816,False
300,34,295,0.09507511556148529,False
300,34,300,0.06573780626058578,False
300,34,305,0.04231315851211548,False
300,34,310,0.08284685015678406,False
300,34,315,0.057143684476614,False
300,34,320,0.09117578715085983,False
300,34,325,0.23101738095283508,False
300,34,330,0.1358976811170578,False
300,34,335,0.07693655788898468,False
300,34,340,0.1011858806014061,False
300,34,345,0.1888813078403473,False
300,34,350,0.09211625903844833,False
300,34,355,0.1680755913257599,False
300,34,360,0.14704176783561707,False
300,34,365,0.07096966356039047,False
300,34,370,0.05405518412590027,False
300,34,375,0.05741662159562111,False
300,34,380,0.06732814759016037,False
300,34,385,0.06476403772830963,False
300,34,390,0.03912222385406494,False
300,34,395,0.09395090490579605,False
300,34,400,0.06842116266489029,False
300,34,405,0.0494089275598526,False
300,35,10,0.16290107369422913,False
300,35,15,0.17438486218452454,False
300,35,20,0.17834456264972687,False
300,35,25,0.10572872310876846,False
300,35,30,0.12156444042921066,False
300,35,35,0.11666160076856613,False
300,35,40,0.39538857340812683,False
300,35,45,0.11396834254264832,False
300,35,50,0.1362760066986084,False
300,35,55,0.28091341257095337,False
300,35,60,0.1736498922109604,False
300,35,65,0.3391034007072449,False
300,35,70,0.13385486602783203,False
300,35,75,0.1308116316795349,False
300,35,80,0.3251883089542389,False
300,35,85,0.2189854085445404,False
300,35,90,0.21957968175411224,False
300,35,95,0.10148255527019501,False
300,35,100,0.23197206854820251,False
300,35,105,0.10117009282112122,False
300,35,110,0.12113872915506363,False
300,35,115,0.7425933480262756,False
300,35,120,0.1374719887971878,False
300,35,125,0.08673904091119766,False
300,35,130,0.22575202584266663,False
300,35,135,0.32024669647216797,False
300,35,140,0.21034210920333862,False
300,35,145,0.23454248905181885,False
300,35,150,0.2004239857196808,False
300,35,155,0.16667670011520386,False
300,35,160,0.3239519000053406,False
300,35,165,0.2157152146100998,False
300,35,170,0.16025201976299286,False
300,35,175,0.45933032035827637,False
300,35,180,0.15304367244243622,False
300,35,185,0.3225644528865814,False
300,35,190,0.33374908566474915,False
300,35,195,0.34299734234809875,False
300,35,200,0.08905956894159317,False
300,35,205,0.40914300084114075,False
300,35,210,0.1461726576089859,False
300,35,215,0.1280086487531662,False
300,35,220,0.15686269104480743,False
300,35,225,0.13007518649101257,False
300,35,230,0.09745913743972778,False
300,35,235,0.1913873702287674,False
300,35,240,0.31082436442375183,False
300,35,245,0.3391350209712982,False
300,35,250,0.0708838477730751,False
300,35,255,0.08175616711378098,False
300,35,260,0.05864612013101578,False
300,35,265,0.09452900290489197,False
300,35,270,0.27244603633880615,False
300,35,275,0.18259753286838531,False
300,35,280,0.2053033411502838,False
300,35,285,0.11304248869419098,False
300,35,290,0.07363630086183548,False
300,35,295,0.19807575643062592,False
300,35,300,0.03741077706217766,False
300,35,305,0.05368143692612648,False
300,35,310,0.1116567999124527,False
300,35,315,0.10478779673576355,False
300,35,320,0.0935821682214737,False
300,35,325,0.1735566258430481,False
300,35,330,0.14864297211170197,False
300,35,335,0.3228607773780823,False
300,35,340,0.3950871229171753,False
300,35,345,0.06522276252508163,False
300,35,350,0.07686267793178558,False
300,35,355,0.1495244801044464,False
300,35,360,0.1674499362707138,False
300,35,365,0.16739392280578613,False
300,35,370,0.17610183358192444,False
300,35,375,0.11018481850624084,False
300,35,380,0.2594858407974243,False
300,35,385,0.1563570201396942,False
300,35,390,0.09499994665384293,False
300,35,395,0.15229828655719757,False
300,35,400,0.07853566855192184,False
300,35,405,0.10585767775774002,False
300,36,10,0.0242520272731781,False
300,36,15,0.06073912978172302,False
300,36,20,0.12627772986888885,False
300,36,25,0.09285151958465576,False
300,36,30,0.10350395739078522,False
300,36,35,0.41870298981666565,False
300,36,40,0.29935911297798157,False
300,36,45,0.15140177309513092,False
300,36,50,0.15193577110767365,False
300,36,55,0.18969710171222687,False
300,36,60,0.10501221567392349,False
300,36,65,0.13654667139053345,False
300,36,70,0.02322438545525074,False
300,36,75,0.021672675386071205,False
300,36,80,0.068446584045887,False
300,36,85,0.07107249647378922,False
300,36,90,0.037380654364824295,False
300,36,95,0.07659004628658295,False
300,36,100,0.013942441903054714,False
300,36,105,0.011836428195238113,False
300,36,110,0.011669197119772434,False
300,36,115,0.02119746431708336,False
300,36,120,0.066324882209301,False
300,36,125,0.03750663995742798,False
300,36,130,0.030725492164492607,False
300,36,135,0.06454936414957047,False
300,36,140,0.022436656057834625,False
300,36,145,0.039987027645111084,False
300,36,150,0.07331802695989609,False
300,36,155,0.08082401752471924,False
300,36,160,0.07913296669721603,False
300,36,165,0.06246781349182129,False
300,36,170,0.08464991301298141,False
300,36,175,0.025921663269400597,False
300,36,180,0.08060543984174728,False
300,36,185,0.016072988510131836,False
300,36,190,0.010111341252923012,False
300,36,195,0.03783820942044258,False
300,36,200,0.022539230063557625,False
300,36,205,0.10831915587186813,False
300,36,210,0.026372946798801422,False
300,36,215,0.05852769315242767,False
300,36,220,0.07503855228424072,False
300,36,225,0.01845359243452549,False
300,36,230,0.02806568518280983,False
300,36,235,0.10825598239898682,False
300,36,240,0.016377059742808342,False
300,36,245,0.021656077355146408,False
300,36,250,0.05107647553086281,False
300,36,255,0.09451648592948914,False
300,36,260,0.06109384074807167,False
300,36,265,0.04630186781287193,False
300,36,270,0.016197940334677696,False
300,36,275,0.04881790280342102,False
300,36,280,0.11457186937332153,False
300,36,285,0.1071154922246933,False
300,36,290,0.085487000644207,False
300,36,295,0.05966544523835182,False
300,36,300,0.05134313926100731,False
300,36,305,0.0523616261780262,False
300,36,310,0.08265450596809387,False
300,36,315,0.09011863172054291,False
300,36,320,0.11163175851106644,False
300,36,325,0.13074922561645508,False
300,36,330,0.0717456191778183,False
300,36,335,0.1378028243780136,False
300,36,340,0.10936341434717178,False
300,36,345,0.1140546053647995,False
300,36,350,0.17790743708610535,False
300,36,355,0.25267693400382996,False
300,36,360,0.08461478352546692,False
300,36,365,0.05669040605425835,False
300,36,370,0.05671819671988487,False
300,36,375,0.05588588863611221,False
300,36,380,0.04695361480116844,False
300,36,385,0.029057174921035767,False
300,36,390,0.03281306102871895,False
300,36,395,0.04163992032408714,False
300,36,400,0.0914383977651596,False
300,36,405,0.08377277851104736,False
300,37,10,0.052056025713682175,False
300,37,15,0.1201249435544014,False
300,37,20,0.03965086117386818,False
300,37,25,0.10404207557439804,False
300,37,30,0.039854004979133606,False
300,37,35,0.20351220667362213,False
300,37,40,0.01769792102277279,False
300,37,45,0.02683854103088379,False
300,37,50,0.05669943988323212,False
300,37,55,0.2651224732398987,False
300,37,60,0.09588678926229477,False
300,37,65,0.20106136798858643,False
300,37,70,0.1726430058479309,False
300,37,75,0.07289735227823257,False
300,37,80,0.10057709366083145,False
300,37,85,0.10117517411708832,False
300,37,90,0.06015443429350853,False
300,37,95,0.08066343516111374,False
300,37,100,0.12910689413547516,False
300,37,105,0.10106433928012848,False
300,37,110,0.05226840451359749,False
300,37,115,0.10805419087409973,False
300,37,120,0.07117299735546112,False
300,37,125,0.026403289288282394,False
300,37,130,0.05431044101715088,False
300,37,135,0.06520622223615646,False
300,37,140,0.023096123710274696,False
300,37,145,0.030294813215732574,False
300,37,150,0.06391274183988571,False
300,37,155,0.05390988662838936,False
300,37,160,0.09670456498861313,False
300,37,165,0.12013538926839828,False
300,37,170,0.16147968173027039,False
300,37,175,0.8492951393127441,False
300,37,180,0.10376150906085968,False
300,37,185,0.04779040068387985,False
300,37,190,0.031075550243258476,False
300,37,195,0.07434649020433426,False
300,37,200,0.0371411070227623,False
300,37,205,0.052349530160427094,False
300,37,210,0.13381768763065338,False
300,37,215,0.03648224472999573,False
300,37,220,0.05882839486002922,False
300,37,225,0.06659262627363205,False
300,37,230,0.0762297734618187,False
300,37,235,0.08417046815156937,False
300,37,240,0.050337180495262146,False
300,37,245,0.019094618037343025,False
300,37,250,0.0610826201736927,False
300,37,255,0.047089237719774246,False
300,37,260,0.04601754993200302,False
300,37,265,0.03907618299126625,False
300,37,270,0.06553012132644653,False
300,37,275,0.022793304175138474,False
300,37,280,0.050860315561294556,False
300,37,285,0.036800626665353775,False
300,37,290,0.031472109258174896,False
300,37,295,0.06655151396989822,False
300,37,300,0.1752411276102066,False
300,37,305,0.046452596783638,False
300,37,310,0.022256331518292427,False
300,37,315,0.1308547705411911,False
300,37,320,0.08908578753471375,False
300,37,325,0.08351662755012512,False
300,37,330,0.2623858153820038,False
300,37,335,0.19579598307609558,False
300,37,340,0.42320162057876587,False
300,37,345,0.5019952654838562,False
300,37,350,0.13818100094795227,False
300,37,355,0.48095929622650146,False
300,37,360,0.2069772332906723,False
300,37,365,0.23682324588298798,False
300,37,370,0.2762868106365204,False
300,37,375,0.22390787303447723,False
300,37,380,0.2019900381565094,False
300,37,385,0.3604653775691986,False
300,37,390,0.17373201251029968,False
300,37,395,0.21844692528247833,False
300,37,400,0.24055033922195435,False
300,37,405,0.21222326159477234,False
300,38,10,0.09126226603984833,False
300,38,15,0.07745971530675888,False
300,38,20,0.10572394728660583,False
300,38,25,0.06816829741001129,False
300,38,30,0.09291841834783554,False
300,38,35,0.22457772493362427,False
300,38,40,0.4192293882369995,False
300,38,45,0.3157590925693512,False
300,38,50,0.28245773911476135,False
300,38,55,0.5185567140579224,False
300,38,60,0.24614350497722626,False
300,38,65,0.2514440715312958,False
300,38,70,0.1655670553445816,False
300,38,75,0.13371187448501587,False
300,38,80,0.6112573146820068,False
300,38,85,0.752915620803833,False
300,38,90,0.5234419107437134,False
300,38,95,0.47429752349853516,False
300,38,100,0.2302599549293518,False
300,38,105,0.18075546622276306,False
300,38,110,0.44972649216651917,False
300,38,115,0.33542734384536743,False
300,38,120,0.17893019318580627,False
300,38,125,0.37883707880973816,False
300,38,130,0.40445300936698914,False
300,38,135,0.2933778762817383,False
300,38,140,0.28693312406539917,False
300,38,145,0.18226425349712372,False
300,38,150,0.12117403000593185,False
300,38,155,0.13007810711860657,False
300,38,160,0.08317646384239197,False
300,38,165,0.1305970847606659,False
300,38,170,0.20611879229545593,False
300,38,175,0.03985695168375969,False
300,38,180,0.09392663836479187,False
300,38,185,0.03800174593925476,False
300,38,190,0.10421525686979294,False
300,38,195,0.03554514795541763,False
300,38,200,0.1566360592842102,False
300,38,205,0.13597922027111053,False
300,38,210,0.1412886083126068,False
300,38,215,0.08081664144992828,False
300,38,220,0.07840538769960403,False
300,38,225,0.035413358360528946,False
300,38,230,0.09814812242984772,False
300,38,235,0.051776301115751266,False
300,38,240,0.08581271767616272,False
300,38,245,0.09492330253124237,False
300,38,250,0.14475791156291962,False
300,38,255,0.05532021075487137,False
300,38,260,0.07499746978282928,False
300,38,265,0.097714364528656,False
300,38,270,0.09376311302185059,False
300,38,275,0.08898197114467621,False
300,38,280,0.11622998863458633,False
300,38,285,0.06862512230873108,False
300,38,290,0.033870551735162735,False
300,38,295,0.1485099345445633,False
300,38,300,0.07423101365566254,False
300,38,305,0.0862453281879425,False
300,38,310,1.1012048721313477,False
300,38,315,0.26842498779296875,False
300,38,320,0.1702663004398346,False
300,38,325,0.08948290348052979,False
300,38,330,0.46479734778404236,False
300,38,335,0.5044012069702148,False
300,38,340,0.48405423760414124,False
300,38,345,0.4901037812232971,False
300,38,350,0.18702222406864166,False
300,38,355,0.2837091386318207,False
300,38,360,0.25647732615470886,False
300,38,365,0.09350225329399109,False
300,38,370,0.10124307125806808,False
300,38,375,0.059653762727975845,False
300,38,380,0.0583784282207489,False
300,38,385,0.04484628885984421,False
300,38,390,0.05066549405455589,False
300,38,395,0.11109934747219086,False
300,38,400,0.06626175343990326,False
300,38,405,0.15495650470256805,False
300,39,10,0.09903641790151596,False
300,39,15,0.07894391566514969,False
300,39,20,0.10975919663906097,False
300,39,25,0.10718989372253418,False
300,39,30,0.237713024020195,False
300,39,35,0.23772713541984558,False
300,39,40,0.17967545986175537,False
300,39,45,0.2895425856113434,False
300,39,50,0.2656189203262329,False
300,39,55,0.2912401556968689,False
300,39,60,0.5405772924423218,False
300,39,65,0.4828849732875824,False
300,39,70,0.04627002030611038,False
300,39,75,0.03370363265275955,False
300,39,80,0.23154112696647644,False
300,39,85,0.6365103721618652,False
300,39,90,0.5545746088027954,False
300,39,95,0.3194776773452759,False
300,39,100,0.13291561603546143,False
300,39,105,0.14951184391975403,False
300,39,110,0.25988510251045227,False
300,39,115,0.24551478028297424,False
300,39,120,0.06203180178999901,False
300,39,125,0.05120985209941864,False
300,39,130,0.14499349892139435,False
300,39,135,0.1435585618019104,False
300,39,140,0.1383383870124817,False
300,39,145,0.17727549374103546,False
300,39,150,0.20994894206523895,False
300,39,155,0.04757116362452507,False
300,39,160,0.04463767260313034,False
300,39,165,0.07932106405496597,False
300,39,170,0.07548760622739792,False
300,39,175,0.10328782349824905,False
300,39,180,0.1614433377981186,False
300,39,185,0.18925191462039948,False
300,39,190,1.0582129955291748,False
300,39,195,0.2708226442337036,False
300,39,200,0.6194908618927002,False
300,39,205,0.5775284767150879,False
300,39,210,0.39774489402770996,False
300,39,215,0.40312859416007996,False
300,39,220,0.9722691774368286,False
300,39,225,0.4851836860179901,False
300,39,230,0.12196003645658493,False
300,39,235,0.7582502961158752,False
300,39,240,0.08968694508075714,False
300,39,245,0.2843889594078064,False
300,39,250,0.05423005670309067,False
300,39,255,0.113944873213768,False
300,39,260,0.10620345920324326,False
300,39,265,0.12770098447799683,False
300,39,270,0.15466469526290894,False
300,39,275,0.2934908866882324,False
300,39,280,0.8942204713821411,False
300,39,285,0.33318912982940674,False
300,39,290,0.7314785718917847,False
300,39,295,0.1731971800327301,False
300,39,300,0.12892979383468628,False
300,39,305,0.1322464942932129,False
300,39,310,0.3981102705001831,False
300,39,315,0.6835708618164062,False
300,39,320,0.3734627366065979,False
300,39,325,0.31267809867858887,False
300,39,330,0.2465844750404358,False
300,39,335,0.18932779133319855,False
300,39,340,0.021985527127981186,False
300,39,345,0.0722300186753273,False
300,39,350,0.19970817863941193,False
300,39,355,0.1129341870546341,False
300,39,360,0.0607462078332901,False
300,39,365,0.04799601063132286,False
300,39,370,0.020774642005562782,False
300,39,375,0.0824849009513855,False
300,39,380,0.03276257961988449,False
300,39,385,0.04545692354440689,False
300,39,390,0.11690810322761536,False
300,39,395,0.06685743480920792,False
300,39,400,0.1249522790312767,False
300,39,405,0.13042178750038147,False
300,40,10,0.14233598113059998,False
300,40,15,0.05694332346320152,False
300,40,20,0.16519735753536224,False
300,40,25,0.15452975034713745,False
300,40,30,0.16011276841163635,False
300,40,35,0.249052494764328,False
300,40,40,0.3002508878707886,False
300,40,45,0.24041175842285156,False
300,40,50,0.37410515546798706,False
300,40,55,0.6892572641372681,False
300,40,60,0.2092403918504715,False
300,40,65,0.32436949014663696,False
300,40,70,0.060014888644218445,False
300,40,75,0.1657416671514511,False
300,40,80,0.3664077818393707,False
300,40,85,0.4301985502243042,False
300,40,90,0.4686333239078522,False
300,40,95,0.1511256992816925,False
300,40,100,0.47752925753593445,False
300,40,105,0.15325206518173218,False
300,40,110,0.4354448914527893,False
300,40,115,0.35013821721076965,False
300,40,120,0.1924961805343628,False
300,40,125,0.13613887131214142,False
300,40,130,0.4675394296646118,False
300,40,135,0.38646960258483887,False
300,40,140,0.5106898546218872,False
300,40,145,0.39000368118286133,False
300,40,150,0.48787057399749756,False
300,40,155,0.30822575092315674,False
300,40,160,0.3948018252849579,False
300,40,165,0.4553963840007782,False
300,40,170,0.4651176333427429,False
300,40,175,0.5196017622947693,False
300,40,180,0.06462588906288147,False
300,40,185,0.06180877983570099,False
300,40,190,0.05427515506744385,False
300,40,195,0.2709718644618988,False
300,40,200,0.10607351362705231,False
300,40,205,0.03667459264397621,False
300,40,210,0.07865728437900543,False
300,40,215,0.08932904899120331,False
300,40,220,0.1278287023305893,False
300,40,225,0.038365233689546585,False
300,40,230,0.03672515228390694,False
300,40,235,0.13463826477527618,False
300,40,240,0.05771128460764885,False
300,40,245,0.08121836185455322,False
300,40,250,0.049190931022167206,False
300,40,255,0.20325522124767303,False
300,40,260,0.06030482053756714,False
300,40,265,0.15141572058200836,False
300,40,270,0.18828418850898743,False
300,40,275,0.13725773990154266,False
300,40,280,0.16546471416950226,False
300,40,285,0.08762709051370621,False
300,40,290,0.04968647286295891,False
300,40,295,0.08062388747930527,False
300,40,300,0.07913358509540558,False
300,40,305,0.07169341295957565,False
300,40,310,0.16479170322418213,False
300,40,315,0.20366351306438446,False
300,40,320,0.1936630755662918,False
300,40,325,0.372406929731369,False
300,40,330,0.15539319813251495,False
300,40,335,0.2935415208339691,False
300,40,340,0.2958122789859772,False
300,40,345,0.27843591570854187,False
300,40,350,0.0712614506483078,False
300,40,355,0.18859732151031494,False
300,40,360,0.21702411770820618,False
300,40,365,0.07517651468515396,False
300,40,370,0.08225392550230026,False
300,40,375,0.07198003679513931,False
300,40,380,0.1817278414964676,False
300,40,385,0.0872732549905777,False
300,40,390,0.11046884953975677,False
300,40,395,0.13661447167396545,False
300,40,400,0.09607990086078644,False
300,40,405,0.03182463347911835,False
300,41,10,0.13280270993709564,False
300,41,15,0.0851699486374855,False
300,41,20,0.1095517948269844,False
300,41,25,0.14807775616645813,False
300,41,30,0.22978000342845917,False
300,41,35,0.11132160574197769,False
300,41,40,0.285832941532135,False
300,41,45,0.31052809953689575,False
300,41,50,0.2846251130104065,False
300,41,55,0.5032864212989807,False
300,41,60,0.34419089555740356,False
300,41,65,0.40602752566337585,False
300,41,70,0.03619109094142914,False
300,41,75,0.12095442414283752,False
300,41,80,0.3940839171409607,False
300,41,85,0.3010682463645935,False
300,41,90,0.5479639172554016,False
300,41,95,0.28671276569366455,False
300,41,100,0.3150602877140045,False
300,41,105,0.1720384657382965,False
300,41,110,0.35571736097335815,False
300,41,115,0.42548832297325134,False
300,41,120,0.13839484751224518,False
300,41,125,0.40252193808555603,False
300,41,130,0.4965609908103943,False
300,41,135,0.4651423394680023,False
300,41,140,0.589998722076416,False
300,41,145,0.4847751557826996,False
300,41,150,0.33992400765419006,False
300,41,155,0.2945478856563568,False
300,41,160,0.33440592885017395,False
300,41,165,0.59935063123703,False
300,41,170,0.3571748435497284,False
300,41,175,0.16636094450950623,False
300,41,180,0.052901770919561386,False
300,41,185,0.12311537563800812,False
300,41,190,0.026249531656503677,False
300,41,195,0.1930372416973114,False
300,41,200,0.07769335061311722,False
300,41,205,0.041963573545217514,False
300,41,210,0.1451318860054016,False
300,41,215,0.057100918143987656,False
300,41,220,0.12605607509613037,False
300,41,225,0.14720699191093445,False
300,41,230,0.12050899118185043,False
300,41,235,0.14122691750526428,False
300,41,240,0.07541683316230774,False
300,41,245,0.06926754117012024,False
300,41,250,0.046298980712890625,False
300,41,255,0.22620385885238647,False
300,41,260,0.05973407253623009,False
300,41,265,0.203492671251297,False
300,41,270,0.15857747197151184,False
300,41,275,0.1431056708097458,False
300,41,280,0.15323492884635925,False
300,41,285,0.033601801842451096,False
300,41,290,0.08603982627391815,False
300,41,295,0.049407441169023514,False
300,41,300,0.11778078973293304,False
300,41,305,0.06312010437250137,False
300,41,310,0.13257458806037903,False
300,41,315,0.14602601528167725,False
300,41,320,0.06192309781908989,False
300,41,325,0.39013147354125977,False
300,41,330,0.1119108721613884,False
300,41,335,0.2098265290260315,False
300,41,340,0.2007044106721878,False
300,41,345,0.1342633217573166,False
300,41,350,0.13067074120044708,False
300,41,355,0.14251269400119781,False
300,41,360,0.3065796494483948,False
300,41,365,0.13522087037563324,False
300,41,370,0.08322063833475113,False
300,41,375,0.04915317893028259,False
300,41,380,0.09125026315450668,False
300,41,385,0.03751726821064949,False
300,41,390,0.08377181738615036,False
300,41,395,0.09634698927402496,False
300,41,400,0.05745013430714607,False
300,41,405,0.038355689495801926,False
300,42,10,0.04916848987340927,False
300,42,15,0.04600708186626434,False
300,42,20,0.10522990673780441,False
300,42,25,0.05849924311041832,False
300,42,30,0.04742196202278137,False
300,42,35,0.5084260106086731,False
300,42,40,0.40196743607521057,False
300,42,45,0.10514377802610397,False
300,42,50,0.13542793691158295,False
300,42,55,0.1530117690563202,False
300,42,60,0.15030425786972046,False
300,42,65,0.15580075979232788,False
300,42,70,0.05340006202459335,False
300,42,75,0.06502225995063782,False
300,42,80,0.05388696491718292,False
300,42,85,0.0620010569691658,False
300,42,90,0.03250352293252945,False
300,42,95,0.04656914621591568,False
300,42,100,0.06929846853017807,False
300,42,105,0.06445518136024475,False
300,42,110,0.11000025272369385,False
300,42,115,0.07723434269428253,False
300,42,120,0.04462876543402672,False
300,42,125,0.041720639914274216,False
300,42,130,0.06576819717884064,False
300,42,135,0.12631434202194214,False
300,42,140,0.02074034884572029,False
300,42,145,0.08784615993499756,False
300,42,150,0.07021696120500565,False
300,42,155,0.165065199136734,False
300,42,160,0.16515423357486725,False
300,42,165,0.10192609578371048,False
300,42,170,0.22941312193870544,False
300,42,175,0.021877940744161606,False
300,42,180,0.04178638756275177,False
300,42,185,0.10144966095685959,False
300,42,190,0.042012907564640045,False
300,42,195,0.05799185857176781,False
300,42,200,0.075152188539505,False
300,42,205,0.07084352523088455,False
300,42,210,0.10438105463981628,False
300,42,215,0.02785147912800312,False
300,42,220,0.11101041734218597,False
300,42,225,0.07176943123340607,False
300,42,230,0.05345867946743965,False
300,42,235,0.07097665965557098,False
300,42,240,0.09299302101135254,False
300,42,245,0.022209545597434044,False
300,42,250,0.019698869436979294,False
300,42,255,0.14477770030498505,False
300,42,260,0.06330671906471252,False
300,42,265,0.049169160425662994,False
300,42,270,0.07701613754034042,False
300,42,275,0.04411834478378296,False
300,42,280,0.13499552011489868,False
300,42,285,0.16034750640392303,False
300,42,290,0.1708235889673233,False
300,42,295,0.0912155881524086,False
300,42,300,0.09555549174547195,False
300,42,305,0.023675620555877686,False
300,42,310,0.052946098148822784,False
300,42,315,0.0434802770614624,False
300,42,320,0.027426155284047127,False
300,42,325,0.0514255091547966,False
300,42,330,0.11310011893510818,False
300,42,335,0.08469362556934357,False
300,42,340,0.0834307000041008,False
300,42,345,0.13374796509742737,False
300,42,350,0.051808394491672516,False
300,42,355,0.13857640326023102,False
300,42,360,0.0942891538143158,False
300,42,365,0.11777304857969284,False
300,42,370,0.09652676433324814,False
300,42,375,0.03543383628129959,False
300,42,380,0.09879422932863235,False
300,42,385,0.09505867213010788,False
300,42,390,0.03965587913990021,False
300,42,395,0.04352574050426483,False
300,42,400,0.07195621728897095,False
300,42,405,0.1616293340921402,False
300,43,10,0.09291566908359528,False
300,43,15,0.06844287365674973,False
300,43,20,0.19018830358982086,False
300,43,25,0.10387119650840759,False
300,43,30,0.1034182459115982,False
300,43,35,0.3311592936515808,False
300,43,40,0.23941439390182495,False
300,43,45,0.24205845594406128,False
300,43,50,0.131000816822052,False
300,43,55,0.31574341654777527,False
300,43,60,0.4657784402370453,False
300,43,65,0.5718527436256409,False
300,43,70,0.3909120261669159,False
300,43,75,0.17400667071342468,False
300,43,80,0.24051807820796967,False
300,43,85,0.8090454936027527,False
300,43,90,0.8343274593353271,False
300,43,95,0.2379601001739502,False
300,43,100,0.6233935356140137,False
300,43,105,0.07654650509357452,False
300,43,110,0.15840783715248108,False
300,43,115,0.26035672426223755,False
300,43,120,0.2446894645690918,False
300,43,125,0.1594713181257248,False
300,43,130,0.4992547929286957,False
300,43,135,0.5155028700828552,False
300,43,140,0.5046670436859131,False
300,43,145,0.5858243703842163,False
300,43,150,0.5481996536254883,False
300,43,155,0.050703223794698715,False
300,43,160,0.05497050657868385,False
300,43,165,0.047743067145347595,False
300,43,170,0.03613470122218132,False
300,43,175,0.052918124943971634,False
300,43,180,0.04191751033067703,False
300,43,185,0.08615992218255997,False
300,43,190,0.08817265182733536,False
300,43,195,0.1893361210823059,False
300,43,200,0.09060273319482803,False
300,43,205,0.08386395126581192,False
300,43,210,0.08396849781274796,False
300,43,215,0.12722022831439972,False
300,43,220,0.10633037984371185,False
300,43,225,0.0730375424027443,False
300,43,230,0.07147826999425888,False
300,43,235,0.07184121012687683,False
300,43,240,0.08245405554771423,False
300,43,245,0.10480308532714844,False
300,43,250,0.08522026985883713,False
300,43,255,0.19510453939437866,False
300,43,260,0.11998207122087479,False
300,43,265,0.12673422694206238,False
300,43,270,0.18368315696716309,False
300,43,275,0.27318432927131653,False
300,43,280,0.1629204899072647,False
300,43,285,0.2486667037010193,False
300,43,290,0.06935437768697739,False
300,43,295,0.036009445786476135,False
300,43,300,0.06234690546989441,False
300,43,305,0.09538210928440094,False
300,43,310,0.06257914006710052,False
300,43,315,0.05006203427910805,False
300,43,320,0.08591540902853012,False
300,43,325,0.11975541710853577,False
300,43,330,0.12241227179765701,False
300,43,335,0.09624975174665451,False
300,43,340,0.12653958797454834,False
300,43,345,0.19442909955978394,False
300,43,350,0.06144196167588234,False
300,43,355,0.02069881558418274,False
300,43,360,0.06530891358852386,False
300,43,365,0.08653330057859421,False
300,43,370,0.06193806603550911,False
300,43,375,0.08707371354103088,False
300,43,380,0.1581895351409912,False
300,43,385,0.02219333127140999,False
300,43,390,0.10604339838027954,False
300,43,395,0.09851514548063278,False
300,43,400,0.046631745994091034,False
300,43,405,0.11043282598257065,False
300,44,10,0.1307460069656372,True
300,44,15,0.043938834220170975,True
300,44,20,0.15045876801013947,True
300,44,25,0.11944525688886642,True
300,44,30,0.1457691490650177,True
300,44,35,0.280009388923645,True
300,44,40,0.3233097195625305,True
300,44,45,0.17250777781009674,True
300,44,50,0.3203105330467224,True
300,44,55,0.4712740480899811,True
300,44,60,0.30142274498939514,True
300,44,65,0.1625891625881195,True
300,44,70,0.17858631908893585,True
300,44,75,0.0795578882098198,True
300,44,80,0.10483194142580032,True
300,44,85,0.12327899783849716,True
300,44,90,0.07328906655311584,True
300,44,95,0.18118703365325928,True
300,44,100,0.061751171946525574,True
300,44,105,0.15890076756477356,True
300,44,110,0.18555036187171936,True
300,44,115,0.13684587180614471,True
300,44,120,0.12075254321098328,True
300,44,125,0.11956970393657684,True
300,44,130,0.07229924201965332,True
300,44,135,0.094953753054142,True
300,44,140,0.12198039144277573,True
300,44,145,0.0704532042145729,True
300,44,150,0.09274324774742126,True
300,44,155,0.17259742319583893,True
300,44,160,0.030668068677186966,True
300,44,165,0.08621405810117722,True
300,44,170,0.03017566353082657,True
300,44,175,0.05109367519617081,True
300,44,180,0.15440858900547028,True
300,44,185,0.05780769884586334,True
300,44,190,0.10142120718955994,True
300,44,195,0.05409519746899605,True
300,45,10,0.12186194211244583,False
300,45,15,0.09998796880245209,False
300,45,20,0.17005915939807892,False
300,45,25,0.10465884953737259,False
300,45,30,0.28938624262809753,False
300,45,35,0.20659379661083221,False
300,45,40,0.27876827120780945,False
300,45,45,0.3249519467353821,False
300,45,50,0.2905687391757965,False
300,45,55,0.43446043133735657,False
300,45,60,0.2775324583053589,False
300,45,65,0.45463189482688904,False
300,45,70,0.09637197107076645,False
300,45,75,0.0678461566567421,False
300,45,80,0.4174600839614868,False
300,45,85,0.6731621623039246,False
300,45,90,0.6172723174095154,False
300,45,95,0.24232450127601624,False
300,45,100,0.32618528604507446,False
300,45,105,0.17435449361801147,False
300,45,110,0.19254904985427856,False
300,45,115,0.08410020172595978,False
300,45,120,0.10444439202547073,False
300,45,125,1.051010012626648,False
300,45,130,0.2020222395658493,False
300,45,135,0.3204329311847687,False
300,45,140,0.17461027204990387,False
300,45,145,0.27268320322036743,False
300,45,150,0.15732617676258087,False
300,45,155,0.19035212695598602,False
300,45,160,0.3405331075191498,False
300,45,165,0.6224527359008789,False
300,45,170,0.6943966150283813,False
300,45,175,0.13056497275829315,False
300,45,180,0.06473112106323242,False
300,45,185,0.08152080327272415,False
300,45,190,0.05574086308479309,False
300,45,195,0.22466881573200226,False
300,45,200,0.12562455236911774,False
300,45,205,0.0363830141723156,False
300,45,210,0.05410633981227875,False
300,45,215,0.03775056451559067,False
300,45,220,0.09886907041072845,False
300,45,225,0.07479413598775864,False
300,45,230,0.0417817048728466,False
300,45,235,0.08267542719841003,False
300,45,240,0.04651870205998421,False
300,45,245,0.04900262504816055,False
300,45,250,0.060408297926187515,False
300,45,255,0.15278910100460052,False
300,45,260,0.08208706229925156,False
300,45,265,0.19863781332969666,False
300,45,270,0.045096319168806076,False
300,45,275,0.10311314463615417,False
300,45,280,0.06406370550394058,False
300,45,285,0.08460432291030884,False
300,45,290,0.04159105569124222,False
300,45,295,0.027604900300502777,False
300,45,300,0.11586041003465652,False
300,45,305,0.07291530817747116,False
300,45,310,0.047088656574487686,False
300,45,315,0.030757183209061623,False
300,45,320,0.08991768211126328,False
300,45,325,0.17764635384082794,False
300,45,330,0.059205036610364914,False
300,45,335,0.11522027850151062,False
300,45,340,0.1693997085094452,False
300,45,345,0.09730205684900284,False
300,45,350,0.15881948173046112,False
300,45,355,0.18609820306301117,False
300,45,360,0.10934148728847504,False
300,45,365,0.06941813975572586,False
300,45,370,0.08456721156835556,False
300,45,375,0.0592411570250988,False
300,45,380,0.015296176075935364,False
300,45,385,0.1618112474679947,False
300,45,390,0.08246337622404099,False
300,45,395,0.07967828214168549,False
300,45,400,0.04930492118000984,False
300,45,405,0.05512172728776932,False
300,46,10,0.02367471717298031,False
300,46,15,0.05727313458919525,False
300,46,20,0.0638090968132019,False
300,46,25,0.15808705985546112,False
300,46,30,0.10706078261137009,False
300,46,35,0.25461122393608093,False
300,46,40,0.25751155614852905,False
300,46,45,0.11970735341310501,False
300,46,50,0.20339550077915192,False
300,46,55,0.1280440241098404,False
300,46,60,0.2602095603942871,False
300,46,65,0.14205139875411987,False
300,46,70,0.046500418335199356,False
300,46,75,0.0555257685482502,False
300,46,80,0.128677636384964,False
300,46,85,0.09239055216312408,False
300,46,90,0.0445878766477108,False
300,46,95,0.14903639256954193,False
300,46,100,0.059953898191452026,False
300,46,105,0.1231623962521553,False
300,46,110,0.08643874526023865,False
300,46,115,0.06843268871307373,False
300,46,120,0.06859299540519714,False
300,46,125,0.04243307188153267,False
300,46,130,0.09841790050268173,False
300,46,135,0.14833712577819824,False
300,46,140,0.0546024851500988,False
300,46,145,0.1448548585176468,False
300,46,150,0.07863075286149979,False
300,46,155,0.17791667580604553,False
300,46,160,0.08392850309610367,False
300,46,165,0.07563214004039764,False
300,46,170,0.012664402835071087,False
300,46,175,0.025676537305116653,False
300,46,180,0.07426673918962479,False
300,46,185,0.13278087973594666,False
300,46,190,0.0443422868847847,False
300,46,195,0.05687999352812767,False
300,46,200,0.02756192721426487,False
300,46,205,0.042361531406641006,False
300,46,210,0.15826192498207092,False
300,46,215,0.028724167495965958,False
300,46,220,0.06218208372592926,False
300,46,225,0.06879999488592148,False
300,46,230,0.04786268249154091,False
300,46,235,0.11511530727148056,False
300,46,240,0.0992225706577301,False
300,46,245,0.025250760838389397,False
300,46,250,0.028217457234859467,False
300,46,255,0.18903669714927673,False
300,46,260,0.02828095108270645,False
300,46,265,0.01799752190709114,False
300,46,270,0.0938480868935585,False
300,46,275,0.08071064949035645,False
300,46,280,0.11119246482849121,False
300,46,285,0.14945179224014282,False
300,46,290,0.13108906149864197,False
300,46,295,0.10221729427576065,False
300,46,300,0.0622246190905571,False
300,46,305,0.03282289579510689,False
300,46,310,0.0679805800318718,False
300,46,315,0.06454142928123474,False
300,46,320,0.054593417793512344,False
300,46,325,0.08588552474975586,False
300,46,330,0.14263132214546204,False
300,46,335,0.1306619793176651,False
300,46,340,0.20978224277496338,False
300,46,345,0.13052186369895935,False
300,46,350,0.09582826495170593,False
300,46,355,0.15761175751686096,False
300,46,360,0.08178365230560303,False
300,46,365,0.16642048954963684,False
300,46,370,0.08456563204526901,False
300,46,375,0.07536539435386658,False
300,46,380,0.16706545650959015,False
300,46,385,0.18054378032684326,False
300,46,390,0.06984615325927734,False
300,46,395,0.0429668053984642,False
300,46,400,0.08134688436985016,False
300,46,405,0.18982961773872375,False
300,47,10,0.10075283795595169,False
300,47,15,0.12124995142221451,False
300,47,20,0.07378141582012177,False
300,47,25,0.06290233880281448,False
300,47,30,0.10094339400529861,False
300,47,35,0.39274460077285767,False
300,47,40,0.1513572633266449,False
300,47,45,0.20909133553504944,False
300,47,50,0.11205239593982697,False
300,47,55,0.35930895805358887,False
300,47,60,0.14318400621414185,False
300,47,65,0.21512393653392792,False
300,47,70,0.2583259344100952,False
300,47,75,0.17498795688152313,False
300,47,80,0.118181012570858,False
300,47,85,0.1354328989982605,False
300,47,90,0.08241123706102371,False
300,47,95,0.045888762921094894,False
300,47,100,0.049221817404031754,False
300,47,105,0.2039215862751007,False
300,47,110,0.09607169777154922,False
300,47,115,0.1186733990907669,False
300,47,120,0.07350627332925797,False
300,47,125,0.09472335875034332,False
300,47,130,0.20655712485313416,False
300,47,135,0.22623907029628754,False
300,47,140,0.18960875272750854,False
300,47,145,0.18309538066387177,False
300,47,150,0.0729307159781456,False
300,47,155,0.21806569397449493,False
300,47,160,0.2851071357727051,False
300,47,165,0.06043278053402901,False
300,47,170,0.06301888078451157,False
300,47,175,0.06371639668941498,False
300,47,180,0.02769424393773079,False
300,47,185,0.05234527587890625,False
300,47,190,0.04146886244416237,False
300,47,195,0.04203245788812637,False
300,47,200,0.050117120146751404,False
300,47,205,0.02434709295630455,False
300,47,210,0.07116205245256424,False
300,47,215,0.06443340331315994,False
300,47,220,0.07420359551906586,False
300,47,225,0.13771720230579376,False
300,47,230,0.06068454682826996,False
300,47,235,0.03808111697435379,False
300,47,240,0.09792710095643997,False
300,47,245,0.09313506633043289,False
300,47,250,0.06585847586393356,False
300,47,255,0.08955558389425278,False
300,47,260,0.049439553171396255,False
300,47,265,0.10564696788787842,False
300,47,270,0.052881982177495956,False
300,47,275,0.08789969980716705,False
300,47,280,0.02764510177075863,False
300,47,285,0.11204499751329422,False
300,47,290,0.07166430354118347,False
300,47,295,0.06375639885663986,False
300,47,300,0.1044258251786232,False
300,47,305,0.056808870285749435,False
300,47,310,0.032895684242248535,False
300,47,315,0.04512357711791992,False
300,47,320,0.13931414484977722,False
300,47,325,0.1290818750858307,False
300,47,330,0.09863824397325516,False
300,47,335,0.038287945091724396,False
300,47,340,0.05587019398808479,False
300,47,345,0.1147032231092453,False
300,47,350,0.0759894847869873,False
300,47,355,0.22899658977985382,False
300,47,360,0.10806310921907425,False
300,47,365,0.06031160429120064,False
300,47,370,0.04065597802400589,False
300,47,375,0.05778990685939789,False
300,47,380,0.03329600766301155,False
300,47,385,0.08828312903642654,False
300,47,390,0.037092626094818115,False
300,47,395,0.05943902209401131,False
300,47,400,0.056521225720644,False
300,47,405,0.028102433308959007,False
300,48,10,0.05626367777585983,False
300,48,15,0.06286057084798813,False
300,48,20,0.1392650455236435,False
300,48,25,0.03554866462945938,False
300,48,30,0.09291839599609375,False
300,48,35,0.38320502638816833,False
300,48,40,0.16753481328487396,False
300,48,45,0.16094036400318146,False
300,48,50,0.15584494173526764,False
300,48,55,0.23146952688694,False
300,48,60,0.19320112466812134,False
300,48,65,0.11399206519126892,False
300,48,70,0.02715791016817093,False
300,48,75,0.046474844217300415,False
300,48,80,0.06756585091352463,False
300,48,85,0.16359367966651917,False
300,48,90,0.12063801288604736,False
300,48,95,0.05480346828699112,False
300,48,100,0.05836081877350807,False
300,48,105,0.07124865800142288,False
300,48,110,0.05854346603155136,False
300,48,115,0.059170156717300415,False
300,48,120,0.053292371332645416,False
300,48,125,0.046716026961803436,False
300,48,130,0.046304862946271896,False
300,48,135,0.04879346862435341,False
300,48,140,0.06935916095972061,False
300,48,145,0.09398216754198074,False
300,48,150,0.0427287220954895,False
300,48,155,0.1385442018508911,False
300,48,160,0.12195828557014465,False
300,48,165,0.08241567015647888,False
300,48,170,0.09480168670415878,False
300,48,175,0.0200800858438015,False
300,48,180,0.03528287634253502,False
300,48,185,0.05412416532635689,False
300,48,190,0.03930891305208206,False
300,48,195,0.04269186779856682,False
300,48,200,0.05660773813724518,False
300,48,205,0.10194682329893112,False
300,48,210,0.08645723015069962,False
300,48,215,0.05517266318202019,False
300,48,220,0.059384334832429886,False
300,48,225,0.013565638102591038,False
300,48,230,0.06790101528167725,False
300,48,235,0.08706363290548325,False
300,48,240,0.1554945856332779,False
300,48,245,0.049386151134967804,False
300,48,250,0.025769993662834167,False
300,48,255,0.18621665239334106,False
300,48,260,0.0480499342083931,False
300,48,265,0.05872351676225662,False
300,48,270,0.07346569746732712,False
300,48,275,0.06061946973204613,False
300,48,280,0.12708105146884918,False
300,48,285,0.07176270335912704,False
300,48,290,0.06377363204956055,False
300,48,295,0.06771469116210938,False
300,48,300,0.04079967364668846,False
300,48,305,0.02472013235092163,False
300,48,310,0.09872807562351227,False
300,48,315,0.07953429967164993,False
300,48,320,0.12313757836818695,False
300,48,325,0.12788064777851105,False
300,48,330,0.06907706707715988,False
300,48,335,0.19080272316932678,False
300,48,340,0.1456366330385208,False
300,48,345,0.16203410923480988,False
300,48,350,0.17305080592632294,False
300,48,355,0.20986875891685486,False
300,48,360,0.11982197314500809,False
300,48,365,0.07418355345726013,False
300,48,370,0.05379866063594818,False
300,48,375,0.05174293741583824,False
300,48,380,0.050677720457315445,False
300,48,385,0.027481218799948692,False
300,48,390,0.05992420017719269,False
300,48,395,0.0916656032204628,False
300,48,400,0.06908518075942993,False
300,48,405,0.09094775468111038,False
300,49,10,0.14345964789390564,False
300,49,15,0.048007622361183167,False
300,49,20,0.17534826695919037,False
300,49,25,0.03136451169848442,False
300,49,30,0.07049435377120972,False
300,49,35,0.21918076276779175,False
300,49,40,0.1356155425310135,False
300,49,45,0.06078004091978073,False
300,49,50,0.07163387537002563,False
300,49,55,0.39100122451782227,False
300,49,60,0.15037499368190765,False
300,49,65,0.25048771500587463,False
300,49,70,0.35076218843460083,False
300,49,75,0.15339796245098114,False
300,49,80,0.12311416864395142,False
300,49,85,0.1701822727918625,False
300,49,90,0.19612599909305573,False
300,49,95,0.12102711945772171,False
300,49,100,0.19118398427963257,False
300,49,105,0.12284784018993378,False
300,49,110,0.08842919021844864,False
300,49,115,0.14598967134952545,False
300,49,120,0.23150081932544708,False
300,49,125,0.0741177350282669,False
300,49,130,0.17450933158397675,False
300,49,135,0.10983626544475555,False
300,49,140,0.016666904091835022,False
300,49,145,0.027081701904535294,False
300,49,150,0.014753460884094238,False
300,49,155,0.03870546445250511,False
300,49,160,0.1297125369310379,False
300,49,165,0.0788608118891716,False
300,49,170,0.07937642186880112,False
300,49,175,0.06767935305833817,False
300,49,180,0.04915549233555794,False
300,49,185,0.05276203155517578,False
300,49,190,0.04313197731971741,False
300,49,195,0.020461976528167725,False
300,49,200,0.08713945001363754,False
300,49,205,0.10844729095697403,False
300,49,210,0.07443907111883163,False
300,49,215,0.06607770919799805,False
300,49,220,0.11312861740589142,False
300,49,225,0.04246091842651367,False
300,49,230,0.09832106530666351,False
300,49,235,0.08419252932071686,False
300,49,240,0.08911710977554321,False
300,49,245,0.16277329623699188,False
300,49,250,0.15739859640598297,False
300,49,255,0.056174177676439285,False
300,49,260,0.0797804668545723,False
300,49,265,0.11680629104375839,False
300,49,270,0.1773322969675064,False
300,49,275,0.024154776707291603,False
300,49,280,0.09664563834667206,False
300,49,285,0.11616449803113937,False
300,49,290,0.025929303839802742,False
300,49,295,0.07727210968732834,False
300,49,300,0.052103061228990555,False
300,49,305,0.14210715889930725,False
300,49,310,0.13323628902435303,False
300,49,315,0.1301409900188446,False
300,49,320,0.15030008554458618,False
300,49,325,0.23171424865722656,False
300,49,330,0.09493507444858551,False
300,49,335,0.37759578227996826,False
300,49,340,0.41309189796447754,False
300,49,345,0.3880035877227783,False
300,49,350,0.2056381106376648,False
300,49,355,0.3287767767906189,False
300,49,360,0.08028671145439148,False
300,49,365,0.11926043778657913,False
300,49,370,0.11396344006061554,False
300,49,375,0.25201860070228577,False
300,49,380,0.18028530478477478,False
300,49,385,0.2219831943511963,False
300,49,390,0.1710551530122757,False
300,49,395,0.28736186027526855,False
300,49,400,0.30731311440467834,False
300,49,405,0.3026669919490814,False
400,0,10,0.04950645938515663,False
400,0,15,0.07009772211313248,False
400,0,20,0.08709399402141571,False
400,0,25,0.06054120883345604,False
400,0,30,0.2370353639125824,False
400,0,35,0.30778300762176514,False
400,0,40,0.41777777671813965,False
400,0,45,0.038749877363443375,False
400,0,50,0.0526980385184288,False
400,0,55,0.11835155636072159,False
400,0,60,0.07545742392539978,False
400,0,65,0.10937413573265076,False
400,0,70,0.041216593235731125,False
400,0,75,0.05621569976210594,False
400,0,80,0.03797027841210365,False
400,0,85,0.034883979707956314,False
400,0,90,0.028740040957927704,False
400,0,95,0.06141207367181778,False
400,0,100,0.030693819746375084,False
400,0,105,0.0922546461224556,False
400,0,110,0.033122461289167404,False
400,0,115,0.07900221645832062,False
400,0,120,0.12325431406497955,False
400,0,125,0.059294603765010834,False
400,0,130,0.11384829133749008,False
400,0,135,0.17280541360378265,False
400,0,140,0.12595142424106598,False
400,0,145,0.05823713541030884,False
400,0,150,0.005662768147885799,False
400,0,155,0.04703347012400627,False
400,0,160,0.060806456953287125,False
400,0,165,0.04760058596730232,False
400,0,170,0.014239284209907055,False
400,0,175,0.06443657726049423,False
400,0,180,0.046182844787836075,False
400,0,185,0.03220898658037186,False
400,0,190,0.04946211725473404,False
400,0,195,0.039770472794771194,False
400,0,200,0.027611611410975456,False
400,0,205,0.02681993879377842,False
400,0,210,0.10077811032533646,False
400,0,215,0.07408978790044785,False
400,0,220,0.04370966553688049,False
400,0,225,0.039710383862257004,False
400,0,230,0.11240573972463608,False
400,0,235,0.06994879245758057,False
400,0,240,0.04434928670525551,False
400,0,245,0.08256713300943375,False
400,0,250,0.05603382736444473,False
400,0,255,0.07909493893384933,False
400,0,260,0.060866523534059525,False
400,0,265,0.02141948789358139,False
400,0,270,0.023544535040855408,False
400,0,275,0.040650978684425354,False
400,0,280,0.03549142926931381,False
400,0,285,0.052588045597076416,False
400,0,290,0.017598478123545647,False
400,0,295,0.03528942912817001,False
400,0,300,0.033451490104198456,False
400,0,305,0.04438363015651703,False
400,0,310,0.011630970053374767,False
400,0,315,0.006269093137234449,False
400,0,320,0.07051395624876022,False
400,0,325,0.06461139023303986,False
400,0,330,0.040465451776981354,False
400,0,335,0.017405783757567406,False
400,0,340,0.043470848351716995,False
400,0,345,0.11008214205503464,False
400,0,350,0.08145733177661896,False
400,0,355,0.051383040845394135,False
400,0,360,0.021144885569810867,False
400,0,365,0.047136131674051285,False
400,0,370,0.019107919186353683,False
400,0,375,0.02418098971247673,False
400,0,380,0.030217349529266357,False
400,0,385,0.023920295760035515,False
400,0,390,0.035118427127599716,False
400,0,395,0.08844675868749619,False
400,0,400,0.10180598497390747,False
400,0,405,0.06812886893749237,False
400,1,10,0.05582261458039284,False
400,1,15,0.15425680577754974,False
400,1,20,0.05285468325018883,False
400,1,25,0.15402957797050476,False
400,1,30,0.11665598303079605,False
400,1,35,0.20692604780197144,False
400,1,40,0.20552846789360046,False
400,1,45,0.10033036768436432,False
400,1,50,0.0773424580693245,False
400,1,55,0.28661471605300903,False
400,1,60,0.07211471349000931,False
400,1,65,0.08127214014530182,False
400,1,70,0.1246936097741127,False
400,1,75,0.04825354740023613,False
400,1,80,0.07193589955568314,False
400,1,85,0.09407929331064224,False
400,1,90,0.06633718311786652,False
400,1,95,0.10980046540498734,False
400,1,100,0.054983559995889664,False
400,1,105,0.05300784856081009,False
400,1,110,0.036252785474061966,False
400,1,115,0.009499614126980305,False
400,1,120,0.03563454747200012,False
400,1,125,0.04733297601342201,False
400,1,130,0.018856748938560486,False
400,1,135,0.07414919137954712,False
400,1,140,0.027997739613056183,False
400,1,145,0.0340619720518589,False
400,1,150,0.045728836208581924,False
400,1,155,0.023798584938049316,False
400,1,160,0.09523800760507584,False
400,1,165,0.05689646676182747,False
400,1,170,0.1277438849210739,False
400,1,175,0.0518701933324337,False
400,1,180,0.018990470096468925,False
400,1,185,0.12659181654453278,False
400,1,190,0.06521167606115341,False
400,1,195,0.08612919598817825,False
400,1,200,0.11873823404312134,False
400,1,205,0.10834210366010666,False
400,1,210,0.06924128532409668,False
400,1,215,0.039622049778699875,False
400,1,220,0.09753783047199249,False
400,1,225,0.05273108929395676,False
400,1,230,0.13204845786094666,False
400,1,235,0.13605071604251862,False
400,1,240,0.07287777215242386,False
400,1,245,0.044211722910404205,False
400,1,250,0.019473860040307045,False
400,1,255,0.0692872554063797,False
400,1,260,0.043921202421188354,False
400,1,265,0.08320804685354233,False
400,1,270,0.05636635422706604,False
400,1,275,0.08591444045305252,False
400,1,280,0.09569526463747025,False
400,1,285,0.189498171210289,False
400,1,290,0.08588714897632599,False
400,1,295,0.06472901999950409,False
400,1,300,0.12138959020376205,False
400,1,305,0.04638326168060303,False
400,1,310,0.07257667928934097,False
400,1,315,0.05803333967924118,False
400,1,320,0.05141322314739227,False
400,1,325,0.10254088044166565,False
400,1,330,0.07666359096765518,False
400,1,335,0.025455711409449577,False
400,1,340,0.0467129722237587,False
400,1,345,0.09810490906238556,False
400,1,350,0.10664346814155579,False
400,1,355,0.09151655435562134,False
400,1,360,0.025849340483546257,False
400,1,365,0.042253293097019196,False
400,1,370,0.022353215143084526,False
400,1,375,0.05366608500480652,False
400,1,380,0.03533261641860008,False
400,1,385,0.03593766316771507,False
400,1,390,0.04131009802222252,False
400,1,395,0.05794619396328926,False
400,1,400,0.06123368442058563,False
400,1,405,0.0417424701154232,False
400,2,10,0.060260795056819916,False
400,2,15,0.16502268612384796,False
400,2,20,0.12040063738822937,False
400,2,25,0.07294047623872757,False
400,2,30,0.027555342763662338,False
400,2,35,0.10089559853076935,False
400,2,40,0.20973707735538483,False
400,2,45,0.04866908863186836,False
400,2,50,0.053924206644296646,False
400,2,55,0.14050154387950897,False
400,2,60,0.10166847705841064,False
400,2,65,0.2135995775461197,False
400,2,70,0.18139909207820892,False
400,2,75,0.0691797137260437,False
400,2,80,0.1361766755580902,False
400,2,85,0.11386169493198395,False
400,2,90,0.13352252542972565,False
400,2,95,0.04733804985880852,False
400,2,100,0.08800841867923737,False
400,2,105,0.07312507182359695,False
400,2,110,0.07254558056592941,False
400,2,115,0.09325636178255081,False
400,2,120,0.04200762137770653,False
400,2,125,0.03661060705780983,False
400,2,130,0.01967938430607319,False
400,2,135,0.05323551595211029,False
400,2,140,0.059110622853040695,False
400,2,145,0.04513579607009888,False
400,2,150,0.09650857746601105,False
400,2,155,0.05077959969639778,False
400,2,160,0.10590308904647827,False
400,2,165,0.054038260132074356,False
400,2,170,0.040963634848594666,False
400,2,175,0.04289565235376358,False
400,2,180,0.05951838940382004,False
400,2,185,0.0675446018576622,False
400,2,190,0.03905873745679855,False
400,2,195,0.05019955337047577,False
400,2,200,0.05342215299606323,False
400,2,205,0.02111048623919487,False
400,2,210,0.09748917073011398,False
400,2,215,0.03459121659398079,False
400,2,220,0.14899404346942902,False
400,2,225,0.06373269110918045,False
400,2,230,0.22490523755550385,False
400,2,235,0.17557823657989502,False
400,2,240,0.0774272009730339,False
400,2,245,0.044856373220682144,False
400,2,250,0.030359318479895592,False
400,2,255,0.08292094618082047,False
400,2,260,0.025773905217647552,False
400,2,265,0.01638615131378174,False
400,2,270,0.08593208342790604,False
400,2,275,0.059583600610494614,False
400,2,280,0.13394229114055634,False
400,2,285,0.060747839510440826,False
400,2,290,0.13258281350135803,False
400,2,295,0.09686393290758133,False
400,2,300,0.04826025664806366,False
400,2,305,0.021494567394256592,False
400,2,310,0.03166663274168968,False
400,2,315,0.07084638625383377,False
400,2,320,0.029474277049303055,False
400,2,325,0.04029230400919914,False
400,2,330,0.04337706044316292,False
400,2,335,0.025241229683160782,False
400,2,340,0.05005268380045891,False
400,2,345,0.07328392565250397,False
400,2,350,0.07818850874900818,False
400,2,355,0.03533494472503662,False
400,2,360,0.02527531608939171,False
400,2,365,0.05912940949201584,False
400,2,370,0.10685230046510696,False
400,2,375,0.1643330305814743,False
400,2,380,0.04976053163409233,False
400,2,385,0.1236884817481041,False
400,2,390,0.07882538437843323,False
400,2,395,0.06214296072721481,False
400,2,400,0.03450619429349899,False
400,2,405,0.01889515481889248,False
400,3,10,0.09742240607738495,False
400,3,15,0.22772493958473206,False
400,3,20,0.1625523865222931,False
400,3,25,0.06408542394638062,False
400,3,30,0.0890793576836586,False
400,3,35,0.5998316407203674,False
400,3,40,0.1406695693731308,False
400,3,45,0.11156857013702393,False
400,3,50,0.09998704493045807,False
400,3,55,0.21641236543655396,False
400,3,60,0.2422587275505066,False
400,3,65,0.25472524762153625,False
400,3,70,0.23519089818000793,False
400,3,75,0.18088509142398834,False
400,3,80,0.19604849815368652,False
400,3,85,0.1655583530664444,False
400,3,90,0.1040353998541832,False
400,3,95,0.05522095784544945,False
400,3,100,0.5129867196083069,False
400,3,105,0.2645893394947052,False
400,3,110,0.1873679757118225,False
400,3,115,0.21404094994068146,False
400,3,120,0.07411663979291916,False
400,3,125,0.09390367567539215,False
400,3,130,0.1596076786518097,False
400,3,135,0.14263810217380524,False
400,3,140,0.10257040709257126,False
400,3,145,0.12826767563819885,False
400,3,150,0.09139285981655121,False
400,3,155,0.2894456684589386,False
400,3,160,0.17738567292690277,False
400,3,165,0.050058282911777496,False
400,3,170,0.08389364928007126,False
400,3,175,0.019159508869051933,False
400,3,180,0.15076453983783722,False
400,3,185,0.15322771668434143,False
400,3,190,0.12133262306451797,False
400,3,195,0.1368354707956314,False
400,3,200,0.048278260976076126,False
400,3,205,0.028148844838142395,False
400,3,210,0.11495866626501083,False
400,3,215,0.060509998351335526,False
400,3,220,0.04842439293861389,False
400,3,225,0.0737430676817894,False
400,3,230,0.07227353751659393,False
400,3,235,0.24831411242485046,False
400,3,240,0.06264133751392365,False
400,3,245,0.1666509509086609,False
400,3,250,0.05073343962430954,False
400,3,255,0.10943467915058136,False
400,3,260,0.03788893669843674,False
400,3,265,0.04885033518075943,False
400,3,270,0.1394217610359192,False
400,3,275,0.08405137062072754,False
400,3,280,0.10435409098863602,False
400,3,285,0.18849721550941467,False
400,3,290,0.06660980731248856,False
400,3,295,0.10901206731796265,False
400,3,300,0.1234203428030014,False
400,3,305,0.08124944567680359,False
400,3,310,0.08964397758245468,False
400,3,315,0.09572562575340271,False
400,3,320,0.12236706912517548,False
400,3,325,0.07882704585790634,False
400,3,330,0.13390490412712097,False
400,3,335,0.06619321554899216,False
400,3,340,0.01915735751390457,False
400,3,345,0.10554976016283035,False
400,3,350,0.06274301558732986,False
400,3,355,0.026339245960116386,False
400,3,360,0.12828007340431213,False
400,3,365,0.07787314802408218,False
400,3,370,0.04628206416964531,False
400,3,375,0.047977060079574585,False
400,3,380,0.011157827451825142,False
400,3,385,0.12668795883655548,False
400,3,390,0.054725468158721924,False
400,3,395,0.054058920592069626,False
400,3,400,0.061603646725416183,False
400,3,405,0.0901382640004158,False
400,4,10,0.035747673362493515,False
400,4,15,0.12834540009498596,False
400,4,20,0.07887168973684311,False
400,4,25,0.08198997378349304,False
400,4,30,0.02126469276845455,False
400,4,35,0.44796183705329895,False
400,4,40,0.6742590665817261,False
400,4,45,0.16725943982601166,False
400,4,50,0.0748240053653717,False
400,4,55,0.0854879692196846,False
400,4,60,0.12315892428159714,False
400,4,65,0.10212767124176025,False
400,4,70,0.04325377568602562,False
400,4,75,0.0491238608956337,False
400,4,80,0.06389232724905014,False
400,4,85,0.06158331409096718,False
400,4,90,0.06769482046365738,False
400,4,95,0.04728449881076813,False
400,4,100,0.06722269207239151,False
400,4,105,0.06304334104061127,False
400,4,110,0.01898203231394291,False
400,4,115,0.01833515428006649,False
400,4,120,0.06769348680973053,False
400,4,125,0.037929635494947433,False
400,4,130,0.0349537692964077,False
400,4,135,0.05448896065354347,False
400,4,140,0.05886072665452957,False
400,4,145,0.0358542799949646,False
400,4,150,0.020706824958324432,False
400,4,155,0.08519215881824493,False
400,4,160,0.10352448374032974,False
400,4,165,0.03158421814441681,False
400,4,170,0.07685763388872147,False
400,4,175,0.07866579294204712,False
400,4,180,0.07076487690210342,False
400,4,185,0.1212543249130249,False
400,4,190,0.046554625034332275,False
400,4,195,0.06657841056585312,False
400,4,200,0.05304862558841705,False
400,4,205,0.028004927560687065,False
400,4,210,0.13437645137310028,False
400,4,215,0.059058815240859985,False
400,4,220,0.09000448137521744,False
400,4,225,0.08452016860246658,False
400,4,230,0.11795241385698318,False
400,4,235,0.141582652926445,False
400,4,240,0.054820165038108826,False
400,4,245,0.03329024836421013,False
400,4,250,0.017284337431192398,False
400,4,255,0.12197784334421158,False
400,4,260,0.09783267974853516,False
400,4,265,0.04555775225162506,False
400,4,270,0.03486914187669754,False
400,4,275,0.06966298073530197,False
400,4,280,0.07680764049291611,False
400,4,285,0.027724379673600197,False
400,4,290,0.029484948143363,False
400,4,295,0.030125966295599937,False
400,4,300,0.04257313162088394,False
400,4,305,0.06206344813108444,False
400,4,310,0.02465646155178547,False
400,4,315,0.010757391341030598,False
400,4,320,0.036886416375637054,False
400,4,325,0.01118716411292553,False
400,4,330,0.04516514390707016,False
400,4,335,0.018171312287449837,False
400,4,340,0.0230194553732872,False
400,4,345,0.040971849113702774,False
400,4,350,0.05019576475024223,False
400,4,355,0.01035977341234684,False
400,4,360,0.019746385514736176,False
400,4,365,0.022192971780896187,False
400,4,370,0.041676659137010574,False
400,4,375,0.017894184216856956,False
400,4,380,0.06093083322048187,False
400,4,385,0.06309541314840317,False
400,4,390,0.03719648718833923,False
400,4,395,0.04533075913786888,False
400,4,400,0.05949489772319794,False
400,4,405,0.007929644547402859,False
400,5,10,0.044799450784921646,False
400,5,15,0.13088291883468628,False
400,5,20,0.06994993984699249,False
400,5,25,0.06834470480680466,False
400,5,30,0.04303845018148422,False
400,5,35,0.2170429676771164,False
400,5,40,0.5020125508308411,False
400,5,45,0.033273063600063324,False
400,5,50,0.16991734504699707,False
400,5,55,0.14754702150821686,False
400,5,60,0.0977260172367096,False
400,5,65,0.19849933683872223,False
400,5,70,0.14304888248443604,False
400,5,75,0.024081720039248466,False
400,5,80,0.042792197316884995,False
400,5,85,0.07396665960550308,False
400,5,90,0.05058678239583969,False
400,5,95,0.02216842770576477,False
400,5,100,0.026881514117121696,False
400,5,105,0.06209598481655121,False
400,5,110,0.011599192395806313,False
400,5,115,0.023435909301042557,False
400,5,120,0.046229179948568344,False
400,5,125,0.07650352269411087,False
400,5,130,0.06911974400281906,False
400,5,135,0.07440360635519028,False
400,5,140,0.03392298147082329,False
400,5,145,0.07576467096805573,False
400,5,150,0.049293406307697296,False
400,5,155,0.024944700300693512,False
400,5,160,0.0637766569852829,False
400,5,165,0.030305687338113785,False
400,5,170,0.04841071739792824,False
400,5,175,0.025711769238114357,False
400,5,180,0.06279818713665009,False
400,5,185,0.05848472937941551,False
400,5,190,0.044044919312000275,False
400,5,195,0.042066995054483414,False
400,5,200,0.06196241080760956,False
400,5,205,0.02647075615823269,False
400,5,210,0.05013114586472511,False
400,5,215,0.016589175909757614,False
400,5,220,0.06499867886304855,False
400,5,225,0.04271054267883301,False
400,5,230,0.11992824077606201,False
400,5,235,0.06322749704122543,False
400,5,240,0.061583537608385086,False
400,5,245,0.040316421538591385,False
400,5,250,0.020369429141283035,False
400,5,255,0.12785391509532928,False
400,5,260,0.0916977971792221,False
400,5,265,0.09960319846868515,False
400,5,270,0.09573832899332047,False
400,5,275,0.06045865640044212,False
400,5,280,0.12961189448833466,False
400,5,285,0.06967875361442566,False
400,5,290,0.07061540335416794,False
400,5,295,0.06227807328104973,False
400,5,300,0.023302428424358368,False
400,5,305,0.018730435520410538,False
400,5,310,0.019503433257341385,False
400,5,315,0.013235154561698437,False
400,5,320,0.057841602712869644,False
400,5,325,0.023080846294760704,False
400,5,330,0.05309349671006203,False
400,5,335,0.035492539405822754,False
400,5,340,0.0418623723089695,False
400,5,345,0.02787994220852852,False
400,5,350,0.05196462944149971,False
400,5,355,0.023390786722302437,False
400,5,360,0.06353269517421722,False
400,5,365,0.046877890825271606,False
400,5,370,0.031160134822130203,False
400,5,375,0.06638897955417633,False
400,5,380,0.13394182920455933,False
400,5,385,0.023379411548376083,False
400,5,390,0.0450001023709774,False
400,5,395,0.10194377601146698,False
400,5,400,0.17333745956420898,False
400,5,405,0.06662321835756302,False
400,6,10,0.07209831476211548,False
400,6,15,0.13831555843353271,False
400,6,20,0.0703773945569992,False
400,6,25,0.0841265469789505,False
400,6,30,0.05401233956217766,False
400,6,35,0.438962459564209,False
400,6,40,0.06637667119503021,False
400,6,45,0.2414010912179947,False
400,6,50,0.07461587339639664,False
400,6,55,0.13597238063812256,False
400,6,60,0.1775021106004715,False
400,6,65,0.1925051212310791,False
400,6,70,0.23851168155670166,False
400,6,75,0.17244388163089752,False
400,6,80,0.15673725306987762,False
400,6,85,0.23777718842029572,False
400,6,90,0.24430261552333832,False
400,6,95,0.15280568599700928,False
400,6,100,0.12384141236543655,False
400,6,105,0.1285542994737625,False
400,6,110,0.12884578108787537,False
400,6,115,0.24093791842460632,False
400,6,120,0.1245332881808281,False
400,6,125,0.17941340804100037,False
400,6,130,0.2637578547000885,False
400,6,135,0.17191559076309204,False
400,6,140,0.22645093500614166,False
400,6,145,0.22539867460727692,False
400,6,150,0.21190735697746277,False
400,6,155,0.07686762511730194,False
400,6,160,0.19407007098197937,False
400,6,165,0.08795031905174255,False
400,6,170,0.06325642764568329,False
400,6,175,0.06359828263521194,False
400,6,180,0.23330338299274445,False
400,6,185,0.19547991454601288,False
400,6,190,0.08763081580400467,False
400,6,195,0.10880275815725327,False
400,6,200,0.07349825650453568,False
400,6,205,0.07816730439662933,False
400,6,210,0.2012111246585846,False
400,6,215,0.14036113023757935,False
400,6,220,0.14992353320121765,False
400,6,225,0.1795857697725296,False
400,6,230,0.18296295404434204,False
400,6,235,0.17745454609394073,False
400,6,240,0.07141581177711487,False
400,6,245,0.10982690006494522,False
400,6,250,0.036155521869659424,False
400,6,255,0.08213870972394943,False
400,6,260,0.03759273886680603,False
400,6,265,0.07595416158437729,False
400,6,270,0.09326167404651642,False
400,6,275,0.027512500062584877,False
400,6,280,0.03282320126891136,False
400,6,285,0.08039657026529312,False
400,6,290,0.05935927480459213,False
400,6,295,0.1262061595916748,False
400,6,300,0.1996983140707016,False
400,6,305,0.07512400299310684,False
400,6,310,0.09630005061626434,False
400,6,315,0.04123856499791145,False
400,6,320,0.07782433927059174,False
400,6,325,0.1717127114534378,False
400,6,330,0.08191265910863876,False
400,6,335,0.10279545933008194,False
400,6,340,0.0850323960185051,False
400,6,345,0.08342701196670532,False
400,6,350,0.12684732675552368,False
400,6,355,0.08104798197746277,False
400,6,360,0.03334256261587143,False
400,6,365,0.17168401181697845,False
400,6,370,0.025080841034650803,False
400,6,375,0.08393604308366776,False
400,6,380,0.030718814581632614,False
400,6,385,0.05081639438867569,False
400,6,390,0.08310464024543762,False
400,6,395,0.09799971431493759,False
400,6,400,0.09834875166416168,False
400,6,405,0.06999742239713669,False
400,7,10,0.04491322860121727,False
400,7,15,0.11864935606718063,False
400,7,20,0.022564055398106575,False
400,7,25,0.04078618809580803,False
400,7,30,0.05838286131620407,False
400,7,35,0.1226155087351799,False
400,7,40,0.7077094912528992,False
400,7,45,0.35002076625823975,False
400,7,50,0.1000288724899292,False
400,7,55,0.111892931163311,False
400,7,60,0.06592141836881638,False
400,7,65,0.09228311479091644,False
400,7,70,0.03436371684074402,False
400,7,75,0.017830558121204376,False
400,7,80,0.056475553661584854,False
400,7,85,0.12655627727508545,False
400,7,90,0.05277613550424576,False
400,7,95,0.023158332332968712,False
400,7,100,0.06415096670389175,False
400,7,105,0.09516297280788422,False
400,7,110,0.05651417374610901,False
400,7,115,0.037915028631687164,False
400,7,120,0.02118390053510666,False
400,7,125,0.04500652104616165,False
400,7,130,0.07293843477964401,False
400,7,135,0.05607037618756294,False
400,7,140,0.061435624957084656,False
400,7,145,0.19408558309078217,False
400,7,150,0.17104358971118927,False
400,7,155,0.10236839950084686,False
400,7,160,0.06406093388795853,False
400,7,165,0.041116420179605484,False
400,7,170,0.0495535209774971,False
400,7,175,0.07133079320192337,False
400,7,180,0.03629650920629501,False
400,7,185,0.016619039699435234,False
400,7,190,0.028072472661733627,False
400,7,195,0.023445669561624527,False
400,7,200,0.037483759224414825,False
400,7,205,0.09802068024873734,False
400,7,210,0.04196224361658096,False
400,7,215,0.09411296248435974,False
400,7,220,0.13884228467941284,False
400,7,225,0.04998183995485306,False
400,7,230,0.0442003570497036,False
400,7,235,0.05227228254079819,False
400,7,240,0.08136504888534546,False
400,7,245,0.0613243468105793,False
400,7,250,0.12009391188621521,False
400,7,255,0.0222842525690794,False
400,7,260,0.10304184257984161,False
400,7,265,0.06662949919700623,False
400,7,270,0.08675480633974075,False
400,7,275,0.04077768325805664,False
400,7,280,0.09811574965715408,False
400,7,285,0.06419356912374496,False
400,7,290,0.029615433886647224,False
400,7,295,0.1535445600748062,False
400,7,300,0.03142349421977997,False
400,7,305,0.054508525878190994,False
400,7,310,0.028174296021461487,False
400,7,315,0.027931062504649162,False
400,7,320,0.035132259130477905,False
400,7,325,0.07080617547035217,False
400,7,330,0.05536124110221863,False
400,7,335,0.10150527954101562,False
400,7,340,0.11442463845014572,False
400,7,345,0.0874943807721138,False
400,7,350,0.1643189638853073,False
400,7,355,0.09020823240280151,False
400,7,360,0.0476556196808815,False
400,7,365,0.07577492296695709,False
400,7,370,0.03943589702248573,False
400,7,375,0.05136532709002495,False
400,7,380,0.15290313959121704,False
400,7,385,0.026649387553334236,False
400,7,390,0.060167018324136734,False
400,7,395,0.14577722549438477,False
400,7,400,0.024329818785190582,False
400,7,405,0.023833518847823143,False
400,8,10,0.1016768366098404,False
400,8,15,0.08848066627979279,False
400,8,20,0.09211907535791397,False
400,8,25,0.08285169303417206,False
400,8,30,0.08338381350040436,False
400,8,35,0.2716992199420929,False
400,8,40,0.5391773581504822,False
400,8,45,0.47703632712364197,False
400,8,50,0.41681450605392456,False
400,8,55,0.21089455485343933,False
400,8,60,0.20191030204296112,False
400,8,65,0.09926508367061615,False
400,8,70,0.4644164741039276,False
400,8,75,0.5939217805862427,False
400,8,80,0.20822951197624207,False
400,8,85,0.4501686692237854,False
400,8,90,0.5708400011062622,False
400,8,95,0.08922627568244934,False
400,8,100,0.2647480070590973,False
400,8,105,0.11828507483005524,False
400,8,110,0.15196605026721954,False
400,8,115,0.2765103578567505,False
400,8,120,0.11578993499279022,False
400,8,125,0.16363275051116943,False
400,8,130,0.06932871043682098,False
400,8,135,0.13643254339694977,False
400,8,140,0.12796130776405334,False
400,8,145,0.14253073930740356,False
400,8,150,0.14641337096691132,False
400,8,155,0.08496193587779999,False
400,8,160,0.14038321375846863,False
400,8,165,0.21103285253047943,False
400,8,170,0.1321735680103302,False
400,8,175,0.0431714728474617,False
400,8,180,0.1651337891817093,False
400,8,185,0.11746082454919815,False
400,8,190,0.07846490293741226,False
400,8,195,0.13850989937782288,False
400,8,200,0.11444445699453354,False
400,8,205,0.15006084740161896,False
400,8,210,0.03834892064332962,False
400,8,215,0.038685787469148636,False
400,8,220,0.07094106078147888,False
400,8,225,0.06027177721261978,False
400,8,230,0.10861694812774658,False
400,8,235,0.05749004706740379,False
400,8,240,0.10647259652614594,False
400,8,245,0.0655459463596344,False
400,8,250,0.0971999391913414,False
400,8,255,0.0448184609413147,False
400,8,260,0.1808755248785019,False
400,8,265,0.1387484222650528,False
400,8,270,0.02129293791949749,False
400,8,275,0.034606415778398514,False
400,8,280,0.11576397716999054,False
400,8,285,0.042585160583257675,False
400,8,290,0.042732637375593185,False
400,8,295,0.0309890229254961,False
400,8,300,0.029197385534644127,False
400,8,305,0.11958575248718262,False
400,8,310,0.05954332277178764,False
400,8,315,0.09124746173620224,False
400,8,320,0.08639991283416748,False
400,8,325,0.06559164077043533,False
400,8,330,0.024122053757309914,False
400,8,335,0.029118280857801437,False
400,8,340,0.11323056370019913,False
400,8,345,0.04392339289188385,False
400,8,350,0.13194182515144348,False
400,8,355,0.03814093396067619,False
400,8,360,0.032882798463106155,False
400,8,365,0.054726775735616684,False
400,8,370,0.044569291174411774,False
400,8,375,0.07200554758310318,False
400,8,380,0.06944715231657028,False
400,8,385,0.050105925649404526,False
400,8,390,0.19214744865894318,False
400,8,395,0.16654609143733978,False
400,8,400,0.062347155064344406,False
400,8,405,0.03177934139966965,False
400,9,10,0.024078812450170517,False
400,9,15,0.051341645419597626,False
400,9,20,0.08212986588478088,False
400,9,25,0.07130953669548035,False
400,9,30,0.020011840388178825,False
400,9,35,0.33278515934944153,False
400,9,40,0.5410371422767639,False
400,9,45,0.14830155670642853,False
400,9,50,0.22284364700317383,False
400,9,55,0.08982682973146439,False
400,9,60,0.11286596208810806,False
400,9,65,0.18712158501148224,False
400,9,70,0.051139332354068756,False
400,9,75,0.01912418194115162,False
400,9,80,0.0988207682967186,False
400,9,85,0.06887488067150116,False
400,9,90,0.06620372831821442,False
400,9,95,0.06739156693220139,False
400,9,100,0.03760160505771637,False
400,9,105,0.028187386691570282,False
400,9,110,0.03182222694158554,False
400,9,115,0.00893662590533495,False
400,9,120,0.023565227165818214,False
400,9,125,0.06871814280748367,False
400,9,130,0.019045867025852203,False
400,9,135,0.05395404249429703,False
400,9,140,0.019808966666460037,False
400,9,145,0.04896930232644081,False
400,9,150,0.06410558521747589,False
400,9,155,0.07928701490163803,False
400,9,160,0.04550645127892494,False
400,9,165,0.05715278908610344,False
400,9,170,0.022377926856279373,False
400,9,175,0.02253984846174717,False
400,9,180,0.03880491852760315,False
400,9,185,0.06666985154151917,False
400,9,190,0.03276554495096207,False
400,9,195,0.04708141088485718,False
400,9,200,0.02033466100692749,False
400,9,205,0.02094143070280552,False
400,9,210,0.06269808113574982,False
400,9,215,0.065712109208107,False
400,9,220,0.07234153151512146,False
400,9,225,0.07132884860038757,False
400,9,230,0.07299450039863586,False
400,9,235,0.09363510459661484,False
400,9,240,0.20797240734100342,False
400,9,245,0.05674578994512558,False
400,9,250,0.05374347046017647,False
400,9,255,0.11739403009414673,False
400,9,260,0.08290103077888489,False
400,9,265,0.18581178784370422,False
400,9,270,0.15462079644203186,False
400,9,275,0.11601713299751282,False
400,9,280,0.11077466607093811,False
400,9,285,0.2811596095561981,False
400,9,290,0.07749351114034653,False
400,9,295,0.04087737575173378,False
400,9,300,0.1319095343351364,False
400,9,305,0.0842694416642189,False
400,9,310,0.08885369449853897,False
400,9,315,0.08567795157432556,False
400,9,320,0.06771867722272873,False
400,9,325,0.10307444632053375,False
400,9,330,0.11514586210250854,False
400,9,335,0.0480017326772213,False
400,9,340,0.06281132996082306,False
400,9,345,0.1859501302242279,False
400,9,350,0.11384986340999603,False
400,9,355,0.12237808108329773,False
400,9,360,0.02484060265123844,False
400,9,365,0.04827188327908516,False
400,9,370,0.023311810567975044,False
400,9,375,0.05112186074256897,False
400,9,380,0.023098109290003777,False
400,9,385,0.021058183163404465,False
400,9,390,0.035853128880262375,False
400,9,395,0.08666370064020157,False
400,9,400,0.03255191445350647,False
400,9,405,0.06752949208021164,False
400,10,10,0.09298884123563766,False
400,10,15,0.1451040804386139,False
400,10,20,0.19083835184574127,False
400,10,25,0.07466845959424973,False
400,10,30,0.2547183036804199,False
400,10,35,0.263793408870697,False
400,10,40,0.04442324489355087,False
400,10,45,0.056388337165117264,False
400,10,50,0.07563406974077225,False
400,10,55,0.045267071574926376,False
400,10,60,0.07185763865709305,False
400,10,65,0.07006241381168365,False
400,10,70,0.06397378444671631,False
400,10,75,0.0662451833486557,False
400,10,80,0.045318178832530975,False
400,10,85,0.07284244149923325,False
400,10,90,0.030547020956873894,False
400,10,95,0.05601578578352928,False
400,10,100,0.0438988097012043,False
400,10,105,0.07845699042081833,False
400,10,110,0.10356917977333069,False
400,10,115,0.11452464014291763,False
400,10,120,0.13272246718406677,False
400,10,125,0.0879359021782875,False
400,10,130,0.15823915600776672,False
400,10,135,0.15638260543346405,False
400,10,140,0.08029476553201675,False
400,10,145,0.07033152878284454,False
400,10,150,0.07567740231752396,False
400,10,155,0.10333465784788132,False
400,10,160,0.07306955009698868,False
400,10,165,0.02732493355870247,False
400,10,170,0.050540439784526825,False
400,10,175,0.01265761163085699,False
400,10,180,0.014880869537591934,False
400,10,185,0.03016105853021145,False
400,10,190,0.021143049001693726,False
400,10,195,0.023178812116384506,False
400,10,200,0.026563160121440887,False
400,10,205,0.036106180399656296,False
400,10,210,0.07883445173501968,False
400,10,215,0.040255460888147354,False
400,10,220,0.01846480928361416,False
400,10,225,0.023625871166586876,False
400,10,230,0.06496480852365494,False
400,10,235,0.027041280642151833,False
400,10,240,0.05616570636630058,False
400,10,245,0.007709794212132692,False
400,10,250,0.08899407088756561,False
400,10,255,0.03218936175107956,False
400,10,260,0.049016695469617844,False
400,10,265,0.020584210753440857,False
400,10,270,0.0665864422917366,False
400,10,275,0.010220641270279884,False
400,10,280,0.01994319260120392,False
400,10,285,0.014757382683455944,False
400,10,290,0.03856894001364708,False
400,10,295,0.06574855744838715,False
400,10,300,0.03832905367016792,False
400,10,305,0.08053392916917801,False
400,10,310,0.011073056608438492,False
400,10,315,0.022204050794243813,False
400,10,320,0.04519254341721535,False
400,10,325,0.05644023418426514,False
400,10,330,0.04570568725466728,False
400,10,335,0.05467155575752258,False
400,10,340,0.05832172930240631,False
400,10,345,0.04022214189171791,False
400,10,350,0.06149092689156532,False
400,10,355,0.07095638662576675,False
400,10,360,0.023233266547322273,False
400,10,365,0.020309245213866234,False
400,10,370,0.01830107346177101,False
400,10,375,0.10433937609195709,False
400,10,380,0.053771909326314926,False
400,10,385,0.02057912014424801,False
400,10,390,0.030481355264782906,False
400,10,395,0.05633550509810448,False
400,10,400,0.13905230164527893,False
400,10,405,0.10630711168050766,False
400,11,10,0.10254873335361481,False
400,11,15,0.17700091004371643,False
400,11,20,0.1323295533657074,False
400,11,25,0.08811234682798386,False
400,11,30,0.09534640610218048,False
400,11,35,0.29317042231559753,False
400,11,40,0.08608374744653702,False
400,11,45,0.14099423587322235,False
400,11,50,0.10095522552728653,False
400,11,55,0.06674966961145401,False
400,11,60,0.14767949283123016,False
400,11,65,0.19683738052845,False
400,11,70,0.2132992446422577,False
400,11,75,0.1267930418252945,False
400,11,80,0.1288326382637024,False
400,11,85,0.09972868114709854,False
400,11,90,0.0922943726181984,False
400,11,95,0.08444976806640625,False
400,11,100,0.08908313512802124,False
400,11,105,0.15257933735847473,False
400,11,110,0.07879914343357086,False
400,11,115,0.1264985203742981,False
400,11,120,0.17600774765014648,False
400,11,125,0.16931802034378052,False
400,11,130,0.20045483112335205,False
400,11,135,0.08884795755147934,False
400,11,140,0.12454501539468765,False
400,11,145,0.07756902277469635,False
400,11,150,0.1474108099937439,False
400,11,155,0.08027993887662888,False
400,11,160,0.0536055788397789,False
400,11,165,0.08233386278152466,False
400,11,170,0.23273494839668274,False
400,11,175,0.05457789823412895,False
400,11,180,0.2165972888469696,False
400,11,185,0.21117575466632843,False
400,11,190,0.2753153145313263,False
400,11,195,0.16546230018138885,False
400,11,200,0.08081909269094467,False
400,11,205,0.08684410899877548,False
400,11,210,0.16310113668441772,False
400,11,215,0.14586961269378662,False
400,11,220,0.049433402717113495,False
400,11,225,0.12699179351329803,False
400,11,230,0.22311677038669586,False
400,11,235,0.29889625310897827,False
400,11,240,0.16463162004947662,False
400,11,245,0.12989142537117004,False
400,11,250,0.045015253126621246,False
400,11,255,0.21916967630386353,False
400,11,260,0.042573120445013046,False
400,11,265,0.09568546712398529,False
400,11,270,0.2210019826889038,False
400,11,275,0.07753098011016846,False
400,11,280,0.13345004618167877,False
400,11,285,0.11818910390138626,False
400,11,290,0.12367754429578781,False
400,11,295,0.08375740051269531,False
400,11,300,0.1007012352347374,False
400,11,305,0.0703023299574852,False
400,11,310,0.1281154453754425,False
400,11,315,0.11046531051397324,False
400,11,320,0.0858021154999733,False
400,11,325,0.11236710101366043,False
400,11,330,0.16424120962619781,False
400,11,335,0.04384426400065422,False
400,11,340,0.03628149628639221,False
400,11,345,0.0788450539112091,False
400,11,350,0.055680230259895325,False
400,11,355,0.07390518486499786,False
400,11,360,0.11127070337533951,False
400,11,365,0.08160588890314102,False
400,11,370,0.024305619299411774,False
400,11,375,0.10394714027643204,False
400,11,380,0.015588533133268356,False
400,11,385,0.15535962581634521,False
400,11,390,0.06055174022912979,False
400,11,395,0.06713816523551941,False
400,11,400,0.09326931834220886,False
400,11,405,0.04913714528083801,False
400,12,10,0.08158174157142639,False
400,12,15,0.06369779258966446,False
400,12,20,0.07761041820049286,False
400,12,25,0.08300793915987015,False
400,12,30,0.07802803069353104,False
400,12,35,0.09943336248397827,False
400,12,40,0.051349591463804245,False
400,12,45,0.08358298242092133,False
400,12,50,0.04345586150884628,False
400,12,55,0.1836223155260086,False
400,12,60,0.09454040229320526,False
400,12,65,0.21095210313796997,False
400,12,70,0.1101752445101738,False
400,12,75,0.09019545465707779,False
400,12,80,0.11902167648077011,False
400,12,85,0.17375196516513824,False
400,12,90,0.15856915712356567,False
400,12,95,0.054308339953422546,False
400,12,100,0.10093285143375397,False
400,12,105,0.14921213686466217,False
400,12,110,0.11807124316692352,False
400,12,115,0.05774453282356262,False
400,12,120,0.06100437790155411,False
400,12,125,0.1298341155052185,False
400,12,130,0.14589832723140717,False
400,12,135,0.1451938897371292,False
400,12,140,0.05051794648170471,False
400,12,145,0.05462324246764183,False
400,12,150,0.02670823223888874,False
400,12,155,0.08215496689081192,False
400,12,160,0.20219480991363525,False
400,12,165,0.043778952211141586,False
400,12,170,0.022876068949699402,False
400,12,175,0.021903730928897858,False
400,12,180,0.062009308487176895,False
400,12,185,0.08412108570337296,False
400,12,190,0.03272600844502449,False
400,12,195,0.052273206412792206,False
400,12,200,0.0599791444838047,False
400,12,205,0.02211744897067547,False
400,12,210,0.11115586012601852,False
400,12,215,0.04808061569929123,False
400,12,220,0.17273861169815063,False
400,12,225,0.08577649295330048,False
400,12,230,0.1936553418636322,False
400,12,235,0.15730224549770355,False
400,12,240,0.10205467790365219,False
400,12,245,0.03457438945770264,False
400,12,250,0.06015964597463608,False
400,12,255,0.14165374636650085,False
400,12,260,0.09283635765314102,False
400,12,265,0.15505507588386536,False
400,12,270,0.12180893868207932,False
400,12,275,0.14854267239570618,False
400,12,280,0.17009380459785461,False
400,12,285,0.04535433650016785,False
400,12,290,0.09756114333868027,False
400,12,295,0.10868070274591446,False
400,12,300,0.11905264854431152,False
400,12,305,0.07908676564693451,False
400,12,310,0.05985751003026962,False
400,12,315,0.0757916197180748,False
400,12,320,0.11540167033672333,False
400,12,325,0.0683927983045578,False
400,12,330,0.08954176306724548,False
400,12,335,0.04765172302722931,False
400,12,340,0.05770401284098625,False
400,12,345,0.07333429902791977,False
400,12,350,0.033771663904190063,False
400,12,355,0.017527472227811813,False
400,12,360,0.043792031705379486,False
400,12,365,0.11776560544967651,False
400,12,370,0.10562274605035782,False
400,12,375,0.13200253248214722,False
400,12,380,0.04825276881456375,False
400,12,385,0.12604688107967377,False
400,12,390,0.09097970277070999,False
400,12,395,0.05122322589159012,False
400,12,400,0.03915553167462349,False
400,12,405,0.05287713184952736,False
400,13,10,0.07445115596055984,False
400,13,15,0.15550634264945984,False
400,13,20,0.08111017197370529,False
400,13,25,0.04768656566739082,False
400,13,30,0.06705770641565323,False
400,13,35,0.2090345025062561,False
400,13,40,0.07153775542974472,False
400,13,45,0.07776018977165222,False
400,13,50,0.031561706215143204,False
400,13,55,0.18912377953529358,False
400,13,60,0.14983676373958588,False
400,13,65,0.19330160319805145,False
400,13,70,0.030285002663731575,False
400,13,75,0.04379598796367645,False
400,13,80,0.10791298002004623,False
400,13,85,0.10810890048742294,False
400,13,90,0.07459913939237595,False
400,13,95,0.07647264003753662,False
400,13,100,0.04321753978729248,False
400,13,105,0.03418441116809845,False
400,13,110,0.06639403849840164,False
400,13,115,0.05205952376127243,False
400,13,120,0.03687787055969238,False
400,13,125,0.013555198907852173,False
400,13,130,0.04883289337158203,False
400,13,135,0.03201308846473694,False
400,13,140,0.02859068475663662,False
400,13,145,0.0390099436044693,False
400,13,150,0.016527600586414337,False
400,13,155,0.02230915240943432,False
400,13,160,0.12495816498994827,False
400,13,165,0.03184325993061066,False
400,13,170,0.01641790382564068,False
400,13,175,0.026001889258623123,False
400,13,180,0.04927045479416847,False
400,13,185,0.0959782525897026,False
400,13,190,0.07061146199703217,False
400,13,195,0.05994746834039688,False
400,13,200,0.030463561415672302,False
400,13,205,0.056480295956134796,False
400,13,210,0.07488018274307251,False
400,13,215,0.04521707817912102,False
400,13,220,0.08798064291477203,False
400,13,225,0.05989489331841469,False
400,13,230,0.04968738555908203,False
400,13,235,0.05271358788013458,False
400,13,240,0.07734817266464233,False
400,13,245,0.028149427846074104,False
400,13,250,0.03717176988720894,False
400,13,255,0.12420156598091125,False
400,13,260,0.028538918122649193,False
400,13,265,0.0675949975848198,False
400,13,270,0.04336364567279816,False
400,13,275,0.050143688917160034,False
400,13,280,0.09032746404409409,False
400,13,285,0.03776584938168526,False
400,13,290,0.03614505007863045,False
400,13,295,0.013568554073572159,False
400,13,300,0.05474233627319336,False
400,13,305,0.08793305605649948,False
400,13,310,0.039753131568431854,False
400,13,315,0.009375027380883694,False
400,13,320,0.06906195729970932,False
400,13,325,0.01259421743452549,False
400,13,330,0.03737545385956764,False
400,13,335,0.04197436571121216,False
400,13,340,0.028014475479722023,False
400,13,345,0.05647832527756691,False
400,13,350,0.11943475902080536,False
400,13,355,0.014493406750261784,False
400,13,360,0.031819939613342285,False
400,13,365,0.08370639383792877,False
400,13,370,0.09322215616703033,False
400,13,375,0.03070683963596821,False
400,13,380,0.040151964873075485,False
400,13,385,0.10099192708730698,False
400,13,390,0.03204885870218277,False
400,13,395,0.069026879966259,False
400,13,400,0.042483165860176086,False
400,13,405,0.030229337513446808,False
400,14,10,0.08195026963949203,False
400,14,15,0.25053003430366516,False
400,14,20,0.20037978887557983,False
400,14,25,0.24445341527462006,False
400,14,30,0.17888157069683075,False
400,14,35,0.3018718361854553,False
400,14,40,0.10400786995887756,False
400,14,45,0.24766871333122253,False
400,14,50,0.17062237858772278,False
400,14,55,0.2474990338087082,False
400,14,60,0.13123752176761627,False
400,14,65,0.0986214280128479,False
400,14,70,0.06170123815536499,False
400,14,75,0.05288631096482277,False
400,14,80,0.046235036104917526,False
400,14,85,0.11549144238233566,False
400,14,90,0.08180393278598785,False
400,14,95,0.10292933136224747,False
400,14,100,0.11774414032697678,False
400,14,105,0.18023473024368286,False
400,14,110,0.038833051919937134,False
400,14,115,0.029983244836330414,False
400,14,120,0.1099114865064621,False
400,14,125,0.04947672784328461,False
400,14,130,0.12632641196250916,False
400,14,135,0.07617420703172684,False
400,14,140,0.15596286952495575,False
400,14,145,0.3223044276237488,False
400,14,150,0.13375896215438843,False
400,14,155,0.0817752256989479,False
400,14,160,0.034523509442806244,False
400,14,165,0.023746347054839134,False
400,14,170,0.038781050592660904,False
400,14,175,0.051507215946912766,False
400,14,180,0.033654987812042236,False
400,14,185,0.041645199060440063,False
400,14,190,0.028866928070783615,False
400,14,195,0.057765115052461624,False
400,14,200,0.04849308356642723,False
400,14,205,0.033332981169223785,False
400,14,210,0.11683990061283112,False
400,14,215,0.0362510085105896,False
400,14,220,0.1107674092054367,False
400,14,225,0.06512098014354706,False
400,14,230,0.05259350314736366,False
400,14,235,0.043425992131233215,False
400,14,240,0.03201394900679588,False
400,14,245,0.037832166999578476,False
400,14,250,0.04753175377845764,False
400,14,255,0.043688975274562836,False
400,14,260,0.04764850437641144,False
400,14,265,0.033344510942697525,False
400,14,270,0.09916442632675171,False
400,14,275,0.017099659889936447,False
400,14,280,0.044933952391147614,False
400,14,285,0.051880232989788055,False
400,14,290,0.06654313951730728,False
400,14,295,0.09077977389097214,False
400,14,300,0.07748935371637344,False
400,14,305,0.10777299851179123,False
400,14,310,0.08574042469263077,False
400,14,315,0.03134031221270561,False
400,14,320,0.07173944264650345,False
400,14,325,0.08345050364732742,False
400,14,330,0.0713692307472229,False
400,14,335,0.027414845302700996,False
400,14,340,0.06860512495040894,False
400,14,345,0.11188328266143799,False
400,14,350,0.08322297036647797,False
400,14,355,0.1456010341644287,False
400,14,360,0.12237044423818588,False
400,14,365,0.07860871404409409,False
400,14,370,0.05127447471022606,False
400,14,375,0.09544742852449417,False
400,14,380,0.13278886675834656,False
400,14,385,0.021793318912386894,False
400,14,390,0.037627801299095154,False
400,14,395,0.09782235324382782,False
400,14,400,0.16697660088539124,False
400,14,405,0.07155194878578186,False
400,15,10,0.13540035486221313,False
400,15,15,0.04196628928184509,False
400,15,20,0.17191334068775177,False
400,15,25,0.026267746463418007,False
400,15,30,0.5585267543792725,False
400,15,35,0.4533059895038605,False
400,15,40,0.45888200402259827,False
400,15,45,0.07102838903665543,False
400,15,50,0.10738080739974976,False
400,15,55,0.11778976768255234,False
400,15,60,0.20837223529815674,False
400,15,65,0.24806170165538788,False
400,15,70,0.12469614297151566,False
400,15,75,0.054731663316488266,False
400,15,80,0.06323415040969849,False
400,15,85,0.18760819733142853,False
400,15,90,0.09782595187425613,False
400,15,95,0.25421446561813354,False
400,15,100,0.13112519681453705,False
400,15,105,0.040082331746816635,False
400,15,110,0.02732742391526699,False
400,15,115,0.127837136387825,False
400,15,120,0.054656509310007095,False
400,15,125,0.09502075612545013,False
400,15,130,0.025859735906124115,False
400,15,135,0.04487030208110809,False
400,15,140,0.14403177797794342,False
400,15,145,0.08513394743204117,False
400,15,150,0.11541903018951416,False
400,15,155,0.132346510887146,False
400,15,160,0.08250907063484192,False
400,15,165,0.11536770313978195,False
400,15,170,0.04954013228416443,False
400,15,175,0.1773529201745987,False
400,15,180,0.06900878250598907,False
400,15,185,0.0183939877897501,False
400,15,190,0.040656089782714844,False
400,15,195,0.07954762130975723,False
400,15,200,0.08527997136116028,False
400,15,205,0.03193764388561249,False
400,15,210,0.14794933795928955,False
400,15,215,0.09029057621955872,False
400,15,220,0.10146700590848923,False
400,15,225,0.08864463865756989,False
400,15,230,0.09686125069856644,False
400,15,235,0.037754107266664505,False
400,15,240,0.0862346664071083,False
400,15,245,0.05149010568857193,False
400,15,250,0.11141640692949295,False
400,15,255,0.048629552125930786,False
400,15,260,0.07204408198595047,False
400,15,265,0.24749992787837982,False
400,15,270,0.08521261811256409,False
400,15,275,0.04135074466466904,False
400,15,280,0.035930417478084564,False
400,15,285,0.12845879793167114,False
400,15,290,0.11920507252216339,False
400,15,295,0.042040493339300156,False
400,15,300,0.03347426652908325,False
400,15,305,0.048363395035266876,False
400,15,310,0.04306912422180176,False
400,15,315,0.0675281435251236,False
400,15,320,0.05451303720474243,False
400,15,325,0.11505497246980667,False
400,15,330,0.06967882066965103,False
400,15,335,0.07577868551015854,False
400,15,340,0.049693409353494644,False
400,15,345,0.09224890172481537,False
400,15,350,0.10040225833654404,False
400,15,355,0.11576588451862335,False
400,15,360,0.018532870337367058,False
400,15,365,0.01481526531279087,False
400,15,370,0.0221287552267313,False
400,15,375,0.11540687829256058,False
400,15,380,0.07967492192983627,False
400,15,385,0.07374361157417297,False
400,15,390,0.05473438277840614,False
400,15,395,0.05299340933561325,False
400,15,400,0.12909547984600067,False
400,15,405,0.16777759790420532,False
400,16,10,0.08135121315717697,False
400,16,15,0.1187916100025177,False
400,16,20,0.06410001963376999,False
400,16,25,0.09663324803113937,False
400,16,30,0.04000112786889076,False
400,16,35,0.390145480632782,False
400,16,40,0.6455817818641663,False
400,16,45,0.07992666959762573,False
400,16,50,0.07378870248794556,False
400,16,55,0.11720626801252365,False
400,16,60,0.08485820889472961,False
400,16,65,0.03451027348637581,False
400,16,70,0.04736681655049324,False
400,16,75,0.02902684174478054,False
400,16,80,0.08473419398069382,False
400,16,85,0.06932590901851654,False
400,16,90,0.028317891061306,False
400,16,95,0.1382494866847992,False
400,16,100,0.05676615238189697,False
400,16,105,0.08532710373401642,False
400,16,110,0.10321038961410522,False
400,16,115,0.08304215967655182,False
400,16,120,0.07532987743616104,False
400,16,125,0.022483179345726967,False
400,16,130,0.03230860084295273,False
400,16,135,0.12326067686080933,False
400,16,140,0.12182540446519852,False
400,16,145,0.1377353072166443,False
400,16,150,0.10386595875024796,False
400,16,155,0.1370617151260376,False
400,16,160,0.06816666573286057,False
400,16,165,0.051935628056526184,False
400,16,170,0.1267387717962265,False
400,16,175,0.03896167874336243,False
400,16,180,0.06739533692598343,False
400,16,185,0.09361820667982101,False
400,16,190,0.03244801238179207,False
400,16,195,0.014806464314460754,False
400,16,200,0.041856300085783005,False
400,16,205,0.05426890030503273,False
400,16,210,0.03525887057185173,False
400,16,215,0.042842891067266464,False
400,16,220,0.05691596865653992,False
400,16,225,0.0492795966565609,False
400,16,230,0.06451932340860367,False
400,16,235,0.02335289493203163,False
400,16,240,0.02615484781563282,False
400,16,245,0.05806158110499382,False
400,16,250,0.029191721230745316,False
400,16,255,0.031273528933525085,False
400,16,260,0.07900890707969666,False
400,16,265,0.08267135918140411,False
400,16,270,0.033188093453645706,False
400,16,275,0.0184780303388834,False
400,16,280,0.03485865890979767,False
400,16,285,0.04088087007403374,False
400,16,290,0.023014111444354057,False
400,16,295,0.07885412871837616,False
400,16,300,0.06804726272821426,False
400,16,305,0.09922660142183304,False
400,16,310,0.0385996550321579,False
400,16,315,0.02227565459907055,False
400,16,320,0.04591812938451767,False
400,16,325,0.059911806136369705,False
400,16,330,0.06318829953670502,False
400,16,335,0.027986710891127586,False
400,16,340,0.05860821157693863,False
400,16,345,0.018651152029633522,False
400,16,350,0.06677175313234329,False
400,16,355,0.049229953438043594,False
400,16,360,0.11159636080265045,False
400,16,365,0.11811210215091705,False
400,16,370,0.10044226795434952,False
400,16,375,0.016198525205254555,False
400,16,380,0.034926287829875946,False
400,16,385,0.03327426314353943,False
400,16,390,0.04360175132751465,False
400,16,395,0.04473530873656273,False
400,16,400,0.14942637085914612,False
400,16,405,0.04608916863799095,False
400,17,10,0.09002050757408142,False
400,17,15,0.14007841050624847,False
400,17,20,0.08129134774208069,False
400,17,25,0.05605057254433632,False
400,17,30,0.05380909517407417,False
400,17,35,0.14036448299884796,False
400,17,40,0.2081397920846939,False
400,17,45,0.06470182538032532,False
400,17,50,0.10254368185997009,False
400,17,55,0.08263194561004639,False
400,17,60,0.061278700828552246,False
400,17,65,0.1506219506263733,False
400,17,70,0.23879100382328033,False
400,17,75,0.21935375034809113,False
400,17,80,0.08715518563985825,False
400,17,85,0.20494598150253296,False
400,17,90,0.15133215487003326,False
400,17,95,0.08427614718675613,False
400,17,100,0.18734236061573029,False
400,17,105,0.17044344544410706,False
400,17,110,0.15084215998649597,False
400,17,115,0.2156822681427002,False
400,17,120,0.1622987538576126,False
400,17,125,0.03572933375835419,False
400,17,130,0.12732842564582825,False
400,17,135,0.17603826522827148,False
400,17,140,0.1389039307832718,False
400,17,145,0.0714438334107399,False
400,17,150,0.04441150650382042,False
400,17,155,0.2587296962738037,False
400,17,160,0.21436947584152222,False
400,17,165,0.062439125031232834,False
400,17,170,0.022562041878700256,False
400,17,175,0.05975310504436493,False
400,17,180,0.17900095880031586,False
400,17,185,0.13019409775733948,False
400,17,190,0.10544856637716293,False
400,17,195,0.09303011745214462,False
400,17,200,0.06389670073986053,False
400,17,205,0.0330289788544178,False
400,17,210,0.16834962368011475,False
400,17,215,0.07263319939374924,False
400,17,220,0.10071012377738953,False
400,17,225,0.05247928947210312,False
400,17,230,0.12361788749694824,False
400,17,235,0.14106348156929016,False
400,17,240,0.10708564519882202,False
400,17,245,0.02556581050157547,False
400,17,250,0.05256721004843712,False
400,17,255,0.15279355645179749,False
400,17,260,0.046342428773641586,False
400,17,265,0.05083050951361656,False
400,17,270,0.01920854113996029,False
400,17,275,0.017197825014591217,False
400,17,280,0.07103431224822998,False
400,17,285,0.1255197674036026,False
400,17,290,0.04169264808297157,False
400,17,295,0.09300297498703003,False
400,17,300,0.08911624550819397,False
400,17,305,0.031455621123313904,False
400,17,310,0.06115023046731949,False
400,17,315,0.050920162349939346,False
400,17,320,0.05585196614265442,False
400,17,325,0.0837426483631134,False
400,17,330,0.06279164552688599,False
400,17,335,0.06167823448777199,False
400,17,340,0.0821235254406929,False
400,17,345,0.03950526565313339,False
400,17,350,0.11010341346263885,False
400,17,355,0.05523122847080231,False
400,17,360,0.06780083477497101,False
400,17,365,0.060997579246759415,False
400,17,370,0.10879195481538773,False
400,17,375,0.09463027119636536,False
400,17,380,0.23006705939769745,False
400,17,385,0.06849093735218048,False
400,17,390,0.07272018492221832,False
400,17,395,0.1413096785545349,False
400,17,400,0.1818673014640808,False
400,17,405,0.040615472942590714,False
400,18,10,0.0565062053501606,False
400,18,15,0.10909419506788254,False
400,18,20,0.14038144052028656,False
400,18,25,0.06356869637966156,False
400,18,30,0.06061159819364548,False
400,18,35,0.35699301958084106,False
400,18,40,0.05621764808893204,False
400,18,45,0.07692347466945648,False
400,18,50,0.1120084822177887,False
400,18,55,0.11765360087156296,False
400,18,60,0.09596925973892212,False
400,18,65,0.14881531894207,False
400,18,70,0.07733947783708572,False
400,18,75,0.09933444112539291,False
400,18,80,0.1181340292096138,False
400,18,85,0.04598110169172287,False
400,18,90,0.06043873354792595,False
400,18,95,0.07200083881616592,False
400,18,100,0.039025451987981796,False
400,18,105,0.13091202080249786,False
400,18,110,0.07540247589349747,False
400,18,115,0.18787893652915955,False
400,18,120,0.06727559119462967,False
400,18,125,0.11386284977197647,False
400,18,130,0.11462701112031937,False
400,18,135,0.13551700115203857,False
400,18,140,0.04530809074640274,False
400,18,145,0.035037070512771606,False
400,18,150,0.026820369064807892,False
400,18,155,0.07267899066209793,False
400,18,160,0.10876929759979248,False
400,18,165,0.030889170244336128,False
400,18,170,0.0738673061132431,False
400,18,175,0.09160156548023224,False
400,18,180,0.10256791114807129,False
400,18,185,0.14002026617527008,False
400,18,190,0.07709664106369019,False
400,18,195,0.05126470699906349,False
400,18,200,0.0744972825050354,False
400,18,205,0.11466891318559647,False
400,18,210,0.09628382325172424,False
400,18,215,0.03404955565929413,False
400,18,220,0.14200624823570251,False
400,18,225,0.13663800060749054,False
400,18,230,0.03648128733038902,False
400,18,235,0.07318788766860962,False
400,18,240,0.12468677014112473,False
400,18,245,0.030307887122035027,False
400,18,250,0.13622964918613434,False
400,18,255,0.04688021540641785,False
400,18,260,0.10851114988327026,False
400,18,265,0.09051026403903961,False
400,18,270,0.048678651452064514,False
400,18,275,0.010631062090396881,False
400,18,280,0.020949266850948334,False
400,18,285,0.15196935832500458,False
400,18,290,0.04943609982728958,False
400,18,295,0.0923384428024292,False
400,18,300,0.1572602540254593,False
400,18,305,0.11235712468624115,False
400,18,310,0.06254726648330688,False
400,18,315,0.012057988904416561,False
400,18,320,0.0875694677233696,False
400,18,325,0.06585437059402466,False
400,18,330,0.028509149327874184,False
400,18,335,0.03495031222701073,False
400,18,340,0.03581247106194496,False
400,18,345,0.050676167011260986,False
400,18,350,0.01644466444849968,False
400,18,355,0.07308559119701385,False
400,18,360,0.011950727552175522,False
400,18,365,0.022405950352549553,False
400,18,370,0.009501921012997627,False
400,18,375,0.09493739157915115,False
400,18,380,0.039832379668951035,False
400,18,385,0.03215121105313301,False
400,18,390,0.05506943166255951,False
400,18,395,0.058337822556495667,False
400,18,400,0.112977035343647,False
400,18,405,0.04440493509173393,False
400,19,10,0.0915515124797821,False
400,19,15,0.23149436712265015,False
400,19,20,0.10584041476249695,False
400,19,25,0.06813867390155792,False
400,19,30,0.133885458111763,False
400,19,35,0.30695295333862305,False
400,19,40,0.23612508177757263,False
400,19,45,0.12444276362657547,False
400,19,50,0.08444923907518387,False
400,19,55,0.3229937255382538,False
400,19,60,0.10553927719593048,False
400,19,65,0.1393054574728012,False
400,19,70,0.225198432803154,False
400,19,75,0.12478750944137573,False
400,19,80,0.13817551732063293,False
400,19,85,0.3752792477607727,False
400,19,90,0.19025957584381104,False
400,19,95,0.06098782271146774,False
400,19,100,0.12087775766849518,False
400,19,105,0.11770226061344147,False
400,19,110,0.09560022503137589,False
400,19,115,0.09257236868143082,False
400,19,120,0.1336246281862259,False
400,19,125,0.06865379959344864,False
400,19,130,0.1660568118095398,False
400,19,135,0.19760550558567047,False
400,19,140,0.12650668621063232,False
400,19,145,0.14644008874893188,False
400,19,150,0.13859090209007263,False
400,19,155,0.19755002856254578,False
400,19,160,0.21910284459590912,False
400,19,165,0.03120177611708641,False
400,19,170,0.0644756406545639,False
400,19,175,0.07184869050979614,False
400,19,180,0.24821613729000092,False
400,19,185,0.18346567451953888,False
400,19,190,0.19404244422912598,False
400,19,195,0.12730412185192108,False
400,19,200,0.03610097989439964,False
400,19,205,0.03011995181441307,False
400,19,210,0.08910736441612244,False
400,19,215,0.21680258214473724,False
400,19,220,0.0671471506357193,False
400,19,225,0.113304004073143,False
400,19,230,0.18794220685958862,False
400,19,235,0.32997646927833557,False
400,19,240,0.19539110362529755,False
400,19,245,0.16971729695796967,False
400,19,250,0.049188174307346344,False
400,19,255,0.27170073986053467,False
400,19,260,0.04508885741233826,False
400,19,265,0.09476082026958466,False
400,19,270,0.20964652299880981,False
400,19,275,0.06333626061677933,False
400,19,280,0.162838876247406,False
400,19,285,0.2553364038467407,False
400,19,290,0.09632651507854462,False
400,19,295,0.11537900567054749,False
400,19,300,0.14190644025802612,False
400,19,305,0.03188464418053627,False
400,19,310,0.13777054846286774,False
400,19,315,0.05983512103557587,False
400,19,320,0.08933506906032562,False
400,19,325,0.054688382893800735,False
400,19,330,0.12968100607395172,False
400,19,335,0.05335438996553421,False
400,19,340,0.052566513419151306,False
400,19,345,0.039491456001996994,False
400,19,350,0.03807542100548744,False
400,19,355,0.04362988844513893,False
400,19,360,0.0407588966190815,False
400,19,365,0.049143947660923004,False
400,19,370,0.05702156946063042,False
400,19,375,0.043348684906959534,False
400,19,380,0.012027760036289692,False
400,19,385,0.05422421917319298,False
400,19,390,0.02834429405629635,False
400,19,395,0.0631817877292633,False
400,19,400,0.0779365748167038,False
400,19,405,0.024858875200152397,False
400,20,10,0.023524325340986252,False
400,20,15,0.13211402297019958,False
400,20,20,0.11413678526878357,False
400,20,25,0.05493474751710892,False
400,20,30,0.03802639618515968,False
400,20,35,0.5464348793029785,False
400,20,40,0.13933368027210236,False
400,20,45,0.08545216172933578,False
400,20,50,0.0462653674185276,False
400,20,55,0.07611482590436935,False
400,20,60,0.036476511508226395,False
400,20,65,0.052705153822898865,False
400,20,70,0.027861302718520164,False
400,20,75,0.016669249162077904,False
400,20,80,0.09822344779968262,False
400,20,85,0.03745415434241295,False
400,20,90,0.029930656775832176,False
400,20,95,0.08192573487758636,False
400,20,100,0.053292278200387955,False
400,20,105,0.046172112226486206,False
400,20,110,0.03244711458683014,False
400,20,115,0.06406103819608688,False
400,20,120,0.11535807698965073,False
400,20,125,0.04323522746562958,False
400,20,130,0.024323439225554466,False
400,20,135,0.06253258883953094,False
400,20,140,0.013983584940433502,False
400,20,145,0.047710757702589035,False
400,20,150,0.03091328591108322,False
400,20,155,0.05393676087260246,False
400,20,160,0.17659544944763184,False
400,20,165,0.025897575542330742,False
400,20,170,0.036332327872514725,False
400,20,175,0.038785360753536224,False
400,20,180,0.037671130150556564,False
400,20,185,0.045545075088739395,False
400,20,190,0.031312957406044006,False
400,20,195,0.03834773227572441,False
400,20,200,0.015341253019869328,False
400,20,205,0.0404399074614048,False
400,20,210,0.07800158858299255,False
400,20,215,0.01341644674539566,False
400,20,220,0.10040770471096039,False
400,20,225,0.11764410138130188,False
400,20,230,0.12505769729614258,False
400,20,235,0.08324466645717621,False
400,20,240,0.08667159080505371,False
400,20,245,0.019382860511541367,False
400,20,250,0.03871043771505356,False
400,20,255,0.08672905713319778,False
400,20,260,0.07261636108160019,False
400,20,265,0.05279532074928284,False
400,20,270,0.0629984587430954,False
400,20,275,0.04824921488761902,False
400,20,280,0.08548859506845474,False
400,20,285,0.02359108440577984,False
400,20,290,0.027489181607961655,False
400,20,295,0.028000961989164352,False
400,20,300,0.03177236393094063,False
400,20,305,0.011023045517504215,False
400,20,310,0.01036850642412901,False
400,20,315,0.032595228403806686,False
400,20,320,0.0383191853761673,False
400,20,325,0.015576493926346302,False
400,20,330,0.03596808388829231,False
400,20,335,0.06705252081155777,False
400,20,340,0.06622917205095291,False
400,20,345,0.07252585142850876,False
400,20,350,0.07767187058925629,False
400,20,355,0.012020841240882874,False
400,20,360,0.027531450614333153,False
400,20,365,0.10138007998466492,False
400,20,370,0.06501787155866623,False
400,20,375,0.04276639595627785,False
400,20,380,0.020863724872469902,False
400,20,385,0.06294771283864975,False
400,20,390,0.05840930715203285,False
400,20,395,0.04664209112524986,False
400,20,400,0.07897035032510757,False
400,20,405,0.014791065827012062,False
400,21,10,0.04928893223404884,False
400,21,15,0.16746769845485687,False
400,21,20,0.1227312684059143,False
400,21,25,0.08770712465047836,False
400,21,30,0.03759710490703583,False
400,21,35,0.12438421696424484,False
400,21,40,0.15505391359329224,False
400,21,45,0.06824372708797455,False
400,21,50,0.10384371876716614,False
400,21,55,0.16146260499954224,False
400,21,60,0.06863290071487427,False
400,21,65,0.09357845783233643,False
400,21,70,0.030812101438641548,False
400,21,75,0.161213681101799,False
400,21,80,0.15242569148540497,False
400,21,85,0.2204318791627884,False
400,21,90,0.2565761208534241,False
400,21,95,0.05643646419048309,False
400,21,100,0.13562420010566711,False
400,21,105,0.11777205765247345,False
400,21,110,0.14224041998386383,False
400,21,115,0.2062980681657791,False
400,21,120,0.12712061405181885,False
400,21,125,0.14666451513767242,False
400,21,130,0.2793424427509308,False
400,21,135,0.2305651605129242,False
400,21,140,0.14150294661521912,False
400,21,145,0.16157850623130798,False
400,21,150,0.14034850895404816,False
400,21,155,0.3405715823173523,False
400,21,160,0.13921046257019043,False
400,21,165,0.06386568397283554,False
400,21,170,0.20629143714904785,False
400,21,175,0.12799540162086487,False
400,21,180,0.16173304617404938,False
400,21,185,0.2029191106557846,False
400,21,190,0.2378067672252655,False
400,21,195,0.22490033507347107,False
400,21,200,0.05025762319564819,False
400,21,205,0.04602266475558281,False
400,21,210,0.16969376802444458,False
400,21,215,0.15338264405727386,False
400,21,220,0.05578839033842087,False
400,21,225,0.08441132307052612,False
400,21,230,0.25624921917915344,False
400,21,235,0.45153096318244934,False
400,21,240,0.13621285557746887,False
400,21,245,0.18246611952781677,False
400,21,250,0.09366016834974289,False
400,21,255,0.21507717669010162,False
400,21,260,0.06405285000801086,False
400,21,265,0.14324016869068146,False
400,21,270,0.19124580919742584,False
400,21,275,0.1100509911775589,False
400,21,280,0.11596504598855972,False
400,21,285,0.3256414830684662,False
400,21,290,0.12314090132713318,False
400,21,295,0.07667906582355499,False
400,21,300,0.1370822638273239,False
400,21,305,0.07240985333919525,False
400,21,310,0.18934929370880127,False
400,21,315,0.1349610835313797,False
400,21,320,0.08259352296590805,False
400,21,325,0.14041826128959656,False
400,21,330,0.11556855589151382,False
400,21,335,0.028572360053658485,False
400,21,340,0.036828406155109406,False
400,21,345,0.09045125544071198,False
400,21,350,0.04721561446785927,False
400,21,355,0.07447633147239685,False
400,21,360,0.0469437800347805,False
400,21,365,0.0356886088848114,False
400,21,370,0.010572955012321472,False
400,21,375,0.11511870473623276,False
400,21,380,0.03152310475707054,False
400,21,385,0.03428483381867409,False
400,21,390,0.01784953661262989,False
400,21,395,0.024505164474248886,False
400,21,400,0.05838536471128464,False
400,21,405,0.09760038554668427,False
400,22,10,0.10509602725505829,False
400,22,15,0.138943612575531,False
400,22,20,0.054487526416778564,False
400,22,25,0.09740370512008667,False
400,22,30,0.19675679504871368,False
400,22,35,0.30531343817710876,False
400,22,40,0.5725103616714478,False
400,22,45,0.26309314370155334,False
400,22,50,0.5344732403755188,False
400,22,55,0.5674433708190918,False
400,22,60,0.645224392414093,False
400,22,65,0.744644284248352,False
400,22,70,0.47135958075523376,False
400,22,75,0.4458138346672058,False
400,22,80,0.46712371706962585,False
400,22,85,0.45087751746177673,False
400,22,90,0.5232900381088257,False
400,22,95,0.09325514733791351,False
400,22,100,0.10195276886224747,False
400,22,105,0.07531599700450897,False
400,22,110,0.11979246139526367,False
400,22,115,0.22211572527885437,False
400,22,120,0.12264683097600937,False
400,22,125,0.30761879682540894,False
400,22,130,0.18342483043670654,False
400,22,135,0.1961488574743271,False
400,22,140,0.3415141999721527,False
400,22,145,0.264607310295105,False
400,22,150,0.2242954671382904,False
400,22,155,0.17595209181308746,False
400,22,160,0.21023958921432495,False
400,22,165,0.05876166373491287,False
400,22,170,0.08204580843448639,False
400,22,175,0.06307154148817062,False
400,22,180,0.14982125163078308,False
400,22,185,0.07431962341070175,False
400,22,190,0.2050870805978775,False
400,22,195,0.06695615500211716,False
400,22,200,0.06143747270107269,False
400,22,205,0.176758274435997,False
400,22,210,0.11112868040800095,False
400,22,215,0.07883084565401077,False
400,22,220,0.09672976285219193,False
400,22,225,0.22036711871623993,False
400,22,230,0.045435745269060135,False
400,22,235,0.11005795747041702,False
400,22,240,0.2874586284160614,False
400,22,245,0.28892120718955994,False
400,22,250,0.09522373229265213,False
400,22,255,0.27478140592575073,False
400,22,260,0.0908314660191536,False
400,22,265,0.14640042185783386,False
400,22,270,0.04117933288216591,False
400,22,275,0.035164959728717804,False
400,22,280,0.04127398133277893,False
400,22,285,0.18471699953079224,False
400,22,290,0.10534293949604034,False
400,22,295,0.1485390067100525,False
400,22,300,0.08999398350715637,False
400,22,305,0.06688699871301651,False
400,22,310,0.07632430642843246,False
400,22,315,0.014200045727193356,False
400,22,320,0.07563941180706024,False
400,22,325,0.046813782304525375,False
400,22,330,0.07077904790639877,False
400,22,335,0.14123928546905518,False
400,22,340,0.1387985646724701,False
400,22,345,0.040970463305711746,False
400,22,350,0.11480417847633362,False
400,22,355,0.05773525312542915,False
400,22,360,0.04621336981654167,False
400,22,365,0.1121649295091629,False
400,22,370,0.0744013786315918,False
400,22,375,0.04375451058149338,False
400,22,380,0.23568472266197205,False
400,22,385,0.15305006504058838,False
400,22,390,0.12561608850955963,False
400,22,395,0.04377750679850578,False
400,22,400,0.08793121576309204,False
400,22,405,0.04679180681705475,False
400,23,10,0.07111584395170212,False
400,23,15,0.19484207034111023,False
400,23,20,0.07640431076288223,False
400,23,25,0.08641866594552994,False
400,23,30,0.05764183774590492,False
400,23,35,0.36444270610809326,False
400,23,40,0.1641596257686615,False
400,23,45,0.21203593909740448,False
400,23,50,0.04920313134789467,False
400,23,55,0.16985446214675903,False
400,23,60,0.09137915074825287,False
400,23,65,0.09863314032554626,False
400,23,70,0.033615097403526306,False
400,23,75,0.11122897267341614,False
400,23,80,0.06612241268157959,False
400,23,85,0.17747890949249268,False
400,23,90,0.13065244257450104,False
400,23,95,0.09344447404146194,False
400,23,100,0.054571256041526794,False
400,23,105,0.15638993680477142,False
400,23,110,0.028096217662096024,False
400,23,115,0.09996971487998962,False
400,23,120,0.03586422652006149,False
400,23,125,0.02672506310045719,False
400,23,130,0.03827174752950668,False
400,23,135,0.07729658484458923,False
400,23,140,0.04951126128435135,False
400,23,145,0.10274311155080795,False
400,23,150,0.06003415957093239,False
400,23,155,0.20539328455924988,False
400,23,160,0.05863295495510101,False
400,23,165,0.06129058822989464,False
400,23,170,0.03476971387863159,False
400,23,175,0.05995453894138336,False
400,23,180,0.06303028017282486,False
400,23,185,0.19195735454559326,False
400,23,190,0.07468380033969879,False
400,23,195,0.08731747418642044,False
400,23,200,0.06282973289489746,False
400,23,205,0.08866293728351593,False
400,23,210,0.15232782065868378,False
400,23,215,0.021158937364816666,False
400,23,220,0.08497562259435654,False
400,23,225,0.0778123065829277,False
400,23,230,0.14686255156993866,False
400,23,235,0.15410935878753662,False
400,23,240,0.13825778663158417,False
400,23,245,0.06118248030543327,False
400,23,250,0.18243692815303802,False
400,23,255,0.1045512929558754,False
400,23,260,0.11152362078428268,False
400,23,265,0.0812113955616951,False
400,23,270,0.11801077425479889,False
400,23,275,0.07260794192552567,False
400,23,280,0.026457402855157852,False
400,23,285,0.029183756560087204,False
400,23,290,0.057275138795375824,False
400,23,295,0.04691994562745094,False
400,23,300,0.048803072422742844,False
400,23,305,0.024323999881744385,False
400,23,310,0.05181993171572685,False
400,23,315,0.04375113546848297,False
400,23,320,0.06677427887916565,False
400,23,325,0.031153203919529915,False
400,23,330,0.04574530944228172,False
400,23,335,0.07576338201761246,False
400,23,340,0.06627447158098221,False
400,23,345,0.037344809621572495,False
400,23,350,0.12083485722541809,False
400,23,355,0.07812400907278061,False
400,23,360,0.055978644639253616,False
400,23,365,0.03078055940568447,False
400,23,370,0.03587159514427185,False
400,23,375,0.03590177744626999,False
400,23,380,0.13044100999832153,False
400,23,385,0.07728458195924759,False
400,23,390,0.11089935898780823,False
400,23,395,0.14897172152996063,False
400,23,400,0.19952775537967682,False
400,23,405,0.12005259096622467,False
400,24,10,0.05002997815608978,False
400,24,15,0.15430405735969543,False
400,24,20,0.04832087457180023,False
400,24,25,0.14552253484725952,False
400,24,30,0.08012903481721878,False
400,24,35,0.22775691747665405,False
400,24,40,0.48847121000289917,False
400,24,45,0.07730856537818909,False
400,24,50,0.04627194255590439,False
400,24,55,0.19997331500053406,False
400,24,60,0.048555370420217514,False
400,24,65,0.0911848396062851,False
400,24,70,0.04967894405126572,False
400,24,75,0.012676676735281944,False
400,24,80,0.07404597103595734,False
400,24,85,0.05731695145368576,False
400,24,90,0.04685599356889725,False
400,24,95,0.02208666317164898,False
400,24,100,0.04503495618700981,False
400,24,105,0.052735764533281326,False
400,24,110,0.012033718638122082,False
400,24,115,0.03900931775569916,False
400,24,120,0.06971973925828934,False
400,24,125,0.099070243537426,False
400,24,130,0.025070637464523315,False
400,24,135,0.06300626695156097,False
400,24,140,0.04538987949490547,False
400,24,145,0.07564745098352432,False
400,24,150,0.08086799830198288,False
400,24,155,0.061046674847602844,False
400,24,160,0.09448123723268509,False
400,24,165,0.016104284673929214,False
400,24,170,0.08798573166131973,False
400,24,175,0.05039432272315025,False
400,24,180,0.05304396525025368,False
400,24,185,0.027911391109228134,False
400,24,190,0.018012266606092453,False
400,24,195,0.06754139065742493,False
400,24,200,0.041017796844244,False
400,24,205,0.01887858659029007,False
400,24,210,0.047489698976278305,False
400,24,215,0.037905823439359665,False
400,24,220,0.08754237741231918,False
400,24,225,0.03067791648209095,False
400,24,230,0.14151574671268463,False
400,24,235,0.1733536422252655,False
400,24,240,0.052564267069101334,False
400,24,245,0.03457825630903244,False
400,24,250,0.03641209751367569,False
400,24,255,0.14321282505989075,False
400,24,260,0.034350380301475525,False
400,24,265,0.08405962586402893,False
400,24,270,0.03046637587249279,False
400,24,275,0.062376968562603,False
400,24,280,0.11341343820095062,False
400,24,285,0.1323038935661316,False
400,24,290,0.02339188940823078,False
400,24,295,0.07276830822229385,False
400,24,300,0.04890237748622894,False
400,24,305,0.011865400709211826,False
400,24,310,0.07792834937572479,False
400,24,315,0.05004994198679924,False
400,24,320,0.057623572647571564,False
400,24,325,0.06143665686249733,False
400,24,330,0.09983466565608978,False
400,24,335,0.05758415535092354,False
400,24,340,0.12647691369056702,False
400,24,345,0.17061074078083038,False
400,24,350,0.08705691248178482,False
400,24,355,0.045751702040433884,False
400,24,360,0.1587338149547577,False
400,24,365,0.09272465854883194,False
400,24,370,0.12131442129611969,False
400,24,375,0.04003843292593956,False
400,24,380,0.10974811017513275,False
400,24,385,0.01615799590945244,False
400,24,390,0.052528221160173416,False
400,24,395,0.13406901061534882,False
400,24,400,0.11736778914928436,False
400,24,405,0.07178723812103271,False
400,25,10,0.025941787287592888,False
400,25,15,0.036578219383955,False
400,25,20,0.08229018747806549,False
400,25,25,0.12439993023872375,False
400,25,30,0.07706663012504578,False
400,25,35,0.1831737458705902,False
400,25,40,0.7078364491462708,False
400,25,45,0.4818461835384369,False
400,25,50,0.224699005484581,False
400,25,55,0.1787540465593338,False
400,25,60,0.08741714805364609,False
400,25,65,0.10115610063076019,False
400,25,70,0.04449141025543213,False
400,25,75,0.03791332244873047,False
400,25,80,0.08974361419677734,False
400,25,85,0.02274947799742222,False
400,25,90,0.03643148019909859,False
400,25,95,0.11895009130239487,False
400,25,100,0.06719747185707092,False
400,25,105,0.07667398452758789,False
400,25,110,0.063275046646595,False
400,25,115,0.07254480570554733,False
400,25,120,0.04855996370315552,False
400,25,125,0.052925191819667816,False
400,25,130,0.14166909456253052,False
400,25,135,0.19580411911010742,False
400,25,140,0.14080873131752014,False
400,25,145,0.1153380423784256,False
400,25,150,0.05686689913272858,False
400,25,155,0.023511787876486778,False
400,25,160,0.014582046307623386,False
400,25,165,0.034197382628917694,False
400,25,170,0.018132394179701805,False
400,25,175,0.021140266209840775,False
400,25,180,0.01801988296210766,False
400,25,185,0.022959478199481964,False
400,25,190,0.024301113560795784,False
400,25,195,0.024627262726426125,False
400,25,200,0.038410138338804245,False
400,25,205,0.03609200567007065,False
400,25,210,0.0502178892493248,False
400,25,215,0.13351798057556152,False
400,25,220,0.09498310834169388,False
400,25,225,0.1294092983007431,False
400,25,230,0.0678546205163002,False
400,25,235,0.047775719314813614,False
400,25,240,0.11951767653226852,False
400,25,245,0.04147496074438095,False
400,25,250,0.08161231130361557,False
400,25,255,0.06239611655473709,False
400,25,260,0.08501417189836502,False
400,25,265,0.0709092766046524,False
400,25,270,0.15950658917427063,False
400,25,275,0.12255692481994629,False
400,25,280,0.03479756414890289,False
400,25,285,0.08194601535797119,False
400,25,290,0.04580448940396309,False
400,25,295,0.07563655823469162,False
400,25,300,0.034329526126384735,False
400,25,305,0.16997553408145905,False
400,25,310,0.0772632583975792,False
400,25,315,0.02305229753255844,False
400,25,320,0.05138836055994034,False
400,25,325,0.04797908663749695,False
400,25,330,0.053899962455034256,False
400,25,335,0.07895617187023163,False
400,25,340,0.08229277282953262,False
400,25,345,0.03996306285262108,False
400,25,350,0.09404931217432022,False
400,25,355,0.0422775037586689,False
400,25,360,0.03879740834236145,False
400,25,365,0.03721410781145096,False
400,25,370,0.035450663417577744,False
400,25,375,0.040222425013780594,False
400,25,380,0.048306964337825775,False
400,25,385,0.035687338560819626,False
400,25,390,0.04217882826924324,False
400,25,395,0.06291577219963074,False
400,25,400,0.10628243535757065,False
400,25,405,0.06762063503265381,False
400,26,10,0.0993608832359314,False
400,26,15,0.141358882188797,False
400,26,20,0.10982171446084976,False
400,26,25,0.1115889772772789,False
400,26,30,0.028578078374266624,False
400,26,35,0.5892283916473389,False
400,26,40,0.29608169198036194,False
400,26,45,0.03606170415878296,False
400,26,50,0.09716886281967163,False
400,26,55,0.11940070986747742,False
400,26,60,0.0787731483578682,False
400,26,65,0.054332833737134933,False
400,26,70,0.020789356902241707,False
400,26,75,0.011862917803227901,False
400,26,80,0.04701782390475273,False
400,26,85,0.08360445499420166,False
400,26,90,0.035349804908037186,False
400,26,95,0.027539223432540894,False
400,26,100,0.010932713747024536,False
400,26,105,0.045191556215286255,False
400,26,110,0.012676723301410675,False
400,26,115,0.01715870387852192,False
400,26,120,0.02585618756711483,False
400,26,125,0.021388370543718338,False
400,26,130,0.05788552388548851,False
400,26,135,0.022852905094623566,False
400,26,140,0.12015095353126526,False
400,26,145,0.15237624943256378,False
400,26,150,0.05062735453248024,False
400,26,155,0.11695943772792816,False
400,26,160,0.11923974752426147,False
400,26,165,0.015208967961370945,False
400,26,170,0.07943874597549438,False
400,26,175,0.02959521859884262,False
400,26,180,0.0315370038151741,False
400,26,185,0.0522603802382946,False
400,26,190,0.02517274022102356,False
400,26,195,0.02569711208343506,False
400,26,200,0.0689968466758728,False
400,26,205,0.034918855875730515,False
400,26,210,0.07747091352939606,False
400,26,215,0.1194615438580513,False
400,26,220,0.06920477002859116,False
400,26,225,0.0763377919793129,False
400,26,230,0.04602716118097305,False
400,26,235,0.10734039545059204,False
400,26,240,0.09108748286962509,False
400,26,245,0.031629517674446106,False
400,26,250,0.017894644290208817,False
400,26,255,0.13639982044696808,False
400,26,260,0.038997404277324677,False
400,26,265,0.06476862728595734,False
400,26,270,0.08912491053342819,False
400,26,275,0.08318594843149185,False
400,26,280,0.12907154858112335,False
400,26,285,0.11244869977235794,False
400,26,290,0.12322448194026947,False
400,26,295,0.0682157576084137,False
400,26,300,0.06239838898181915,False
400,26,305,0.0363188236951828,False
400,26,310,0.03740944713354111,False
400,26,315,0.040203288197517395,False
400,26,320,0.02411346137523651,False
400,26,325,0.06905762851238251,False
400,26,330,0.05583300441503525,False
400,26,335,0.03335849568247795,False
400,26,340,0.05324060469865799,False
400,26,345,0.07904879748821259,False
400,26,350,0.05117761716246605,False
400,26,355,0.018955890089273453,False
400,26,360,0.010227072983980179,False
400,26,365,0.015327648259699345,False
400,26,370,0.02535173110663891,False
400,26,375,0.05919744074344635,False
400,26,380,0.0180197823792696,False
400,26,385,0.04657499119639397,False
400,26,390,0.09787099063396454,False
400,26,395,0.05228835344314575,False
400,26,400,0.023729266598820686,False
400,26,405,0.01604968123137951,False
400,27,10,0.11813265085220337,False
400,27,15,0.14100751280784607,False
400,27,20,0.09503521770238876,False
400,27,25,0.08332066237926483,False
400,27,30,0.09906790405511856,False
400,27,35,0.3894822597503662,False
400,27,40,0.618905782699585,False
400,27,45,0.15724506974220276,False
400,27,50,0.04169388860464096,False
400,27,55,0.09194100648164749,False
400,27,60,0.14427055418491364,False
400,27,65,0.17659977078437805,False
400,27,70,0.14231473207473755,False
400,27,75,0.13372233510017395,False
400,27,80,0.22739608585834503,False
400,27,85,0.24941958487033844,False
400,27,90,0.2541046738624573,False
400,27,95,0.05718696489930153,False
400,27,100,0.11067977547645569,False
400,27,105,0.11285369843244553,False
400,27,110,0.10041700303554535,False
400,27,115,0.19028034806251526,False
400,27,120,0.10239838808774948,False
400,27,125,0.10378636419773102,False
400,27,130,0.23663261532783508,False
400,27,135,0.21788248419761658,False
400,27,140,0.08516137301921844,False
400,27,145,0.15575122833251953,False
400,27,150,0.20403313636779785,False
400,27,155,0.27422064542770386,False
400,27,160,0.19290784001350403,False
400,27,165,0.08617007732391357,False
400,27,170,0.087705098092556,False
400,27,175,0.05052763596177101,False
400,27,180,0.18946196138858795,False
400,27,185,0.12268877774477005,False
400,27,190,0.12934961915016174,False
400,27,195,0.2143731564283371,False
400,27,200,0.04000823199748993,False
400,27,205,0.06419755518436432,False
400,27,210,0.2043721228837967,False
400,27,215,0.15032047033309937,False
400,27,220,0.0810069590806961,False
400,27,225,0.18588507175445557,False
400,27,230,0.33182278275489807,False
400,27,235,0.40638718008995056,False
400,27,240,0.2235150784254074,False
400,27,245,0.19023750722408295,False
400,27,250,0.04887949675321579,False
400,27,255,0.3220140039920807,False
400,27,260,0.05122903734445572,False
400,27,265,0.12536932528018951,False
400,27,270,0.23000723123550415,False
400,27,275,0.09792460501194,False
400,27,280,0.22073626518249512,False
400,27,285,0.13209471106529236,False
400,27,290,0.19970078766345978,False
400,27,295,0.10184579342603683,False
400,27,300,0.13853052258491516,False
400,27,305,0.04981256648898125,False
400,27,310,0.20042932033538818,False
400,27,315,0.10569513589143753,False
400,27,320,0.09467989206314087,False
400,27,325,0.17589156329631805,False
400,27,330,0.06966306269168854,False
400,27,335,0.023484567180275917,False
400,27,340,0.10539523512125015,False
400,27,345,0.1767357736825943,False
400,27,350,0.0793648436665535,False
400,27,355,0.05454413965344429,False
400,27,360,0.011740196496248245,False
400,27,365,0.05257072672247887,False
400,27,370,0.060884855687618256,False
400,27,375,0.042275570333004,False
400,27,380,0.02084403857588768,False
400,27,385,0.0856122076511383,False
400,27,390,0.05221321061253548,False
400,27,395,0.04711226001381874,False
400,27,400,0.047126010060310364,False
400,27,405,0.03027573972940445,False
400,28,10,0.06311150640249252,False
400,28,15,0.15175074338912964,False
400,28,20,0.031294092535972595,False
400,28,25,0.04265029355883598,False
400,28,30,0.05188968405127525,False
400,28,35,0.1952156126499176,False
400,28,40,0.025421183556318283,False
400,28,45,0.07338359951972961,False
400,28,50,0.06460434198379517,False
400,28,55,0.15252315998077393,False
400,28,60,0.10234810411930084,False
400,28,65,0.14379218220710754,False
400,28,70,0.09238076955080032,False
400,28,75,0.05533405765891075,False
400,28,80,0.10107262432575226,False
400,28,85,0.8690081834793091,False
400,28,90,0.09381415694952011,False
400,28,95,0.02903793565928936,False
400,28,100,0.08250796049833298,False
400,28,105,0.05622432380914688,False
400,28,110,0.05725986510515213,False
400,28,115,0.04293133318424225,False
400,28,120,0.03177068382501602,False
400,28,125,0.08218764513731003,False
400,28,130,0.024769073352217674,False
400,28,135,0.05074603110551834,False
400,28,140,0.08257051557302475,False
400,28,145,0.15133492648601532,False
400,28,150,0.04418149217963219,False
400,28,155,0.14748038351535797,False
400,28,160,0.09906613826751709,False
400,28,165,0.12693363428115845,False
400,28,170,0.11579402536153793,False
400,28,175,0.031140035018324852,False
400,28,180,0.04822464659810066,False
400,28,185,0.05154384672641754,False
400,28,190,0.03504133224487305,False
400,28,195,0.06112293154001236,False
400,28,200,0.057662494480609894,False
400,28,205,0.03413638472557068,False
400,28,210,0.14278064668178558,False
400,28,215,0.07599779963493347,False
400,28,220,0.2608557939529419,False
400,28,225,0.042881082743406296,False
400,28,230,0.18848296999931335,False
400,28,235,0.14119967818260193,False
400,28,240,0.0440593920648098,False
400,28,245,0.032775796949863434,False
400,28,250,0.04123679921030998,False
400,28,255,0.04561932757496834,False
400,28,260,0.07001402974128723,False
400,28,265,0.034335531294345856,False
400,28,270,0.06871078908443451,False
400,28,275,0.04152078181505203,False
400,28,280,0.12657664716243744,False
400,28,285,0.05460046976804733,False
400,28,290,0.16347923874855042,False
400,28,295,0.10205430537462234,False
400,28,300,0.07901275157928467,False
400,28,305,0.11095668375492096,False
400,28,310,0.02850794792175293,False
400,28,315,0.04164280742406845,False
400,28,320,0.09053850919008255,False
400,28,325,0.040541861206293106,False
400,28,330,0.04892648383975029,False
400,28,335,0.03872727230191231,False
400,28,340,0.07339920103549957,False
400,28,345,0.12382142245769501,False
400,28,350,0.08263276517391205,False
400,28,355,0.03771177679300308,False
400,28,360,0.05550501495599747,False
400,28,365,0.10770730674266815,False
400,28,370,0.14400355517864227,False
400,28,375,0.20056897401809692,False
400,28,380,0.10138076543807983,False
400,28,385,0.16381748020648956,False
400,28,390,0.05349801480770111,False
400,28,395,0.08031300455331802,False
400,28,400,0.07348298281431198,False
400,28,405,0.08904493600130081,False
400,29,10,0.1608724594116211,False
400,29,15,0.1528441160917282,False
400,29,20,0.1411680281162262,False
400,29,25,0.09154592454433441,False
400,29,30,0.061347559094429016,False
400,29,35,0.2761853039264679,False
400,29,40,0.13256530463695526,False
400,29,45,0.1097804605960846,False
400,29,50,0.09374650567770004,False
400,29,55,0.09146998077630997,False
400,29,60,0.011088378727436066,False
400,29,65,0.09462013095617294,False
400,29,70,0.16489504277706146,False
400,29,75,0.028953026980161667,False
400,29,80,0.02951052598655224,False
400,29,85,0.0812755599617958,False
400,29,90,0.07469046115875244,False
400,29,95,0.11813804507255554,False
400,29,100,0.05037977546453476,False
400,29,105,0.027227554470300674,False
400,29,110,0.02131926640868187,False
400,29,115,0.027709493413567543,False
400,29,120,0.01768735609948635,False
400,29,125,0.02488843724131584,False
400,29,130,0.03263872116804123,False
400,29,135,0.11074922233819962,False
400,29,140,0.03560283035039902,False
400,29,145,0.10828440636396408,False
400,29,150,0.03851480409502983,False
400,29,155,0.10436045378446579,False
400,29,160,0.042361725121736526,False
400,29,165,0.036420002579689026,False
400,29,170,0.13968077301979065,False
400,29,175,0.03482801839709282,False
400,29,180,0.0911528468132019,False
400,29,185,0.13029688596725464,False
400,29,190,0.07582519948482513,False
400,29,195,0.10461177676916122,False
400,29,200,0.0527302548289299,False
400,29,205,0.09448614716529846,False
400,29,210,0.1738368421792984,False
400,29,215,0.03684130311012268,False
400,29,220,0.12448344379663467,False
400,29,225,0.17582520842552185,False
400,29,230,0.14251352846622467,False
400,29,235,0.13412407040596008,False
400,29,240,0.1465257853269577,False
400,29,245,0.07038593292236328,False
400,29,250,0.03644182160496712,False
400,29,255,0.1988697350025177,False
400,29,260,0.07027636468410492,False
400,29,265,0.08167735487222672,False
400,29,270,0.14254136383533478,False
400,29,275,0.13457870483398438,False
400,29,280,0.14794257283210754,False
400,29,285,0.08787789195775986,False
400,29,290,0.06933912634849548,False
400,29,295,0.04667793959379196,False
400,29,300,0.0448877327144146,False
400,29,305,0.0963883101940155,False
400,29,310,0.01178496703505516,False
400,29,315,0.020455671474337578,False
400,29,320,0.09717515856027603,False
400,29,325,0.020797934383153915,False
400,29,330,0.05632627382874489,False
400,29,335,0.03512624278664589,False
400,29,340,0.06014648824930191,False
400,29,345,0.07408423721790314,False
400,29,350,0.07966747879981995,False
400,29,355,0.025608059018850327,False
400,29,360,0.03006201796233654,False
400,29,365,0.07110025733709335,False
400,29,370,0.07734082639217377,False
400,29,375,0.03688790276646614,False
400,29,380,0.049440573900938034,False
400,29,385,0.08765023946762085,False
400,29,390,0.04046771675348282,False
400,29,395,0.03864886984229088,False
400,29,400,0.09278721362352371,False
400,29,405,0.02184588462114334,False
400,30,10,0.11280525475740433,False
400,30,15,0.2021457850933075,False
400,30,20,0.31642359495162964,False
400,30,25,0.08747967332601547,False
400,30,30,0.46013781428337097,False
400,30,35,0.6772223711013794,False
400,30,40,0.045513689517974854,False
400,30,45,0.061989132314920425,False
400,30,50,0.1129601001739502,False
400,30,55,0.052985843271017075,False
400,30,60,0.1491687148809433,False
400,30,65,0.13855499029159546,False
400,30,70,0.026179172098636627,False
400,30,75,0.03755906596779823,False
400,30,80,0.028705140575766563,False
400,30,85,0.09161299467086792,False
400,30,90,0.09460130333900452,False
400,30,95,0.24291791021823883,False
400,30,100,0.04904395341873169,False
400,30,105,0.03943350911140442,False
400,30,110,0.05970904603600502,False
400,30,115,0.044366348534822464,False
400,30,120,0.08512554317712784,False
400,30,125,0.06479552388191223,False
400,30,130,0.02210812084376812,False
400,30,135,0.036946747452020645,False
400,30,140,0.044373661279678345,False
400,30,145,0.043587055057287216,False
400,30,150,0.04395892471075058,False
400,30,155,0.13323631882667542,False
400,30,160,0.013850339688360691,False
400,30,165,0.01239402312785387,False
400,30,170,0.030204899609088898,False
400,30,175,0.04185521602630615,False
400,30,180,0.017795249819755554,False
400,30,185,0.07379215955734253,False
400,30,190,0.03494197130203247,False
400,30,195,0.036768246442079544,False
400,30,200,0.01427081972360611,False
400,30,205,0.013251971453428268,False
400,30,210,0.12351281195878983,False
400,30,215,0.06839970499277115,False
400,30,220,0.10544510185718536,False
400,30,225,0.051520951092243195,False
400,30,230,0.044291768223047256,False
400,30,235,0.07501155138015747,False
400,30,240,0.10981713235378265,False
400,30,245,0.023141203448176384,False
400,30,250,0.0841342955827713,False
400,30,255,0.1344369649887085,False
400,30,260,0.07955821603536606,False
400,30,265,0.05196058377623558,False
400,30,270,0.11171241104602814,False
400,30,275,0.08120067417621613,False
400,30,280,0.09887175261974335,False
400,30,285,0.10823433101177216,False
400,30,290,0.1272123157978058,False
400,30,295,0.0935729369521141,False
400,30,300,0.11328158527612686,False
400,30,305,0.02920929715037346,False
400,30,310,0.05146510899066925,False
400,30,315,0.04387605935335159,False
400,30,320,0.03513196110725403,False
400,30,325,0.04967861250042915,False
400,30,330,0.0911506786942482,False
400,30,335,0.061293039470911026,False
400,30,340,0.06458286941051483,False
400,30,345,0.1309901475906372,False
400,30,350,0.06101077049970627,False
400,30,355,0.02364211529493332,False
400,30,360,0.027924269437789917,False
400,30,365,0.03258352726697922,False
400,30,370,0.028349637985229492,False
400,30,375,0.04941072314977646,False
400,30,380,0.031218059360980988,False
400,30,385,0.012594334781169891,False
400,30,390,0.07755159586668015,False
400,30,395,0.037521734833717346,False
400,30,400,0.027453677728772163,False
400,30,405,0.037342630326747894,False
400,31,10,0.021100033074617386,False
400,31,15,0.08520174026489258,False
400,31,20,0.052278779447078705,False
400,31,25,0.09218962490558624,False
400,31,30,0.2239096760749817,False
400,31,35,0.1132558211684227,False
400,31,40,0.4407893419265747,False
400,31,45,0.07154993712902069,False
400,31,50,0.13998432457447052,False
400,31,55,0.1666911244392395,False
400,31,60,0.06971649825572968,False
400,31,65,0.07958408445119858,False
400,31,70,0.024607200175523758,False
400,31,75,0.026578659191727638,False
400,31,80,0.08192893117666245,False
400,31,85,0.032157402485609055,False
400,31,90,0.042768578976392746,False
400,31,95,0.09114845097064972,False
400,31,100,0.023896662518382072,False
400,31,105,0.09500371664762497,False
400,31,110,0.04983716830611229,False
400,31,115,0.06423483788967133,False
400,31,120,0.13123111426830292,False
400,31,125,0.06755039095878601,False
400,31,130,0.1941034495830536,False
400,31,135,0.14206582307815552,False
400,31,140,0.058507975190877914,False
400,31,145,0.07306595146656036,False
400,31,150,0.04897579178214073,False
400,31,155,0.05373383313417435,False
400,31,160,0.03702012449502945,False
400,31,165,0.04220683500170708,False
400,31,170,0.040196146816015244,False
400,31,175,0.06455080211162567,False
400,31,180,0.060209136456251144,False
400,31,185,0.014432094059884548,False
400,31,190,0.05383932217955589,False
400,31,195,0.044379398226737976,False
400,31,200,0.045113176107406616,False
400,31,205,0.035978082567453384,False
400,31,210,0.09433995932340622,False
400,31,215,0.09024839848279953,False
400,31,220,0.028320662677288055,False
400,31,225,0.06114371120929718,False
400,31,230,0.09138825535774231,False
400,31,235,0.030479956418275833,False
400,31,240,0.05332987755537033,False
400,31,245,0.025584613904356956,False
400,31,250,0.07162665575742722,False
400,31,255,0.05100838094949722,False
400,31,260,0.05474713817238808,False
400,31,265,0.02069704420864582,False
400,31,270,0.06951837241649628,False
400,31,275,0.028161071240901947,False
400,31,280,0.01602286472916603,False
400,31,285,0.05634419992566109,False
400,31,290,0.03238152340054512,False
400,31,295,0.023721709847450256,False
400,31,300,0.07732629776000977,False
400,31,305,0.05411326885223389,False
400,31,310,0.05046318471431732,False
400,31,315,0.009562559425830841,False
400,31,320,0.04906034469604492,False
400,31,325,0.03469028323888779,False
400,31,330,0.05014916881918907,False
400,31,335,0.03150137886404991,False
400,31,340,0.040737614035606384,False
400,31,345,0.06490951776504517,False
400,31,350,0.018451493233442307,False
400,31,355,0.03629505634307861,False
400,31,360,0.030696535483002663,False
400,31,365,0.04285430535674095,False
400,31,370,0.02922789193689823,False
400,31,375,0.11766345053911209,False
400,31,380,0.02843661606311798,False
400,31,385,0.013698967173695564,False
400,31,390,0.051000870764255524,False
400,31,395,0.07142218947410583,False
400,31,400,0.0905802994966507,False
400,31,405,0.006456231232732534,False
400,32,10,0.01898602582514286,False
400,32,15,0.04973774775862694,False
400,32,20,0.08809468150138855,False
400,32,25,0.08128207176923752,False
400,32,30,0.07597646862268448,False
400,32,35,0.6055919528007507,False
400,32,40,0.3067089915275574,False
400,32,45,0.0383087620139122,False
400,32,50,0.14078053832054138,False
400,32,55,0.05441803112626076,False
400,32,60,0.04507214203476906,False
400,32,65,0.036925166845321655,False
400,32,70,0.03833580017089844,False
400,32,75,0.04571881145238876,False
400,32,80,0.06507562100887299,False
400,32,85,0.040188778191804886,False
400,32,90,0.05737048760056496,False
400,32,95,0.1252257078886032,False
400,32,100,0.05050811916589737,False
400,32,105,0.12109541147947311,False
400,32,110,0.04355781897902489,False
400,32,115,0.06179945543408394,False
400,32,120,0.1102280244231224,False
400,32,125,0.04363279789686203,False
400,32,130,0.09808564186096191,False
400,32,135,0.17389997839927673,False
400,32,140,0.11008235067129135,False
400,32,145,0.10763875395059586,False
400,32,150,0.05421868711709976,False
400,32,155,0.06252399832010269,False
400,32,160,0.0388408824801445,False
400,32,165,0.017916198819875717,False
400,32,170,0.028554588556289673,False
400,32,175,0.04768383875489235,False
400,32,180,0.028828013688325882,False
400,32,185,0.03369168937206268,False
400,32,190,0.03006865084171295,False
400,32,195,0.049036905169487,False
400,32,200,0.015994079411029816,False
400,32,205,0.12494578212499619,False
400,32,210,0.054600585252046585,False
400,32,215,0.08725529909133911,False
400,32,220,0.03315873071551323,False
400,32,225,0.04227587208151817,False
400,32,230,0.13135375082492828,False
400,32,235,0.04610978439450264,False
400,32,240,0.04599587619304657,False
400,32,245,0.030274001881480217,False
400,32,250,0.08937577158212662,False
400,32,255,0.06417035311460495,False
400,32,260,0.07225247472524643,False
400,32,265,0.04910540208220482,False
400,32,270,0.028156055137515068,False
400,32,275,0.030184652656316757,False
400,32,280,0.042611610144376755,False
400,32,285,0.036469195038080215,False
400,32,290,0.029942603781819344,False
400,32,295,0.052247531712055206,False
400,32,300,0.1124098151922226,False
400,32,305,0.04258605092763901,False
400,32,310,0.02040100283920765,False
400,32,315,0.015123233199119568,False
400,32,320,0.044884148985147476,False
400,32,325,0.022731319069862366,False
400,32,330,0.04732348769903183,False
400,32,335,0.03878287225961685,False
400,32,340,0.09232329577207565,False
400,32,345,0.031718287616968155,False
400,32,350,0.06440424919128418,False
400,32,355,0.03514848276972771,False
400,32,360,0.016897452995181084,False
400,32,365,0.0680110827088356,False
400,32,370,0.06292262673377991,False
400,32,375,0.02713695541024208,False
400,32,380,0.032277002930641174,False
400,32,385,0.05565943196415901,False
400,32,390,0.06180477887392044,False
400,32,395,0.10642844438552856,False
400,32,400,0.03655584156513214,False
400,32,405,0.030146105214953423,False
400,33,10,0.06086783856153488,False
400,33,15,0.1815355122089386,False
400,33,20,0.1258181482553482,False
400,33,25,0.04536096751689911,False
400,33,30,0.09386254847049713,False
400,33,35,0.15963566303253174,False
400,33,40,0.16317325830459595,False
400,33,45,0.05290734022855759,False
400,33,50,0.02528388239443302,False
400,33,55,0.09783339500427246,False
400,33,60,0.07226306200027466,False
400,33,65,0.08293220400810242,False
400,33,70,0.12558351457118988,False
400,33,75,0.07488685101270676,False
400,33,80,0.12916766107082367,False
400,33,85,0.19940270483493805,False
400,33,90,0.09781310707330704,False
400,33,95,0.12048224359750748,False
400,33,100,0.0983090028166771,False
400,33,105,0.18206684291362762,False
400,33,110,0.13148711621761322,False
400,33,115,0.07540792971849442,False
400,33,120,0.04739158973097801,False
400,33,125,0.03799391910433769,False
400,33,130,0.09854032844305038,False
400,33,135,0.1938604861497879,False
400,33,140,0.0904935747385025,False
400,33,145,0.09901082515716553,False
400,33,150,0.05546260252594948,False
400,33,155,0.017179399728775024,False
400,33,160,0.05276598036289215,False
400,33,165,0.03396272659301758,False
400,33,170,0.021119477227330208,False
400,33,175,0.018364407122135162,False
400,33,180,0.09018369764089584,False
400,33,185,0.07937059551477432,False
400,33,190,0.05123448371887207,False
400,33,195,0.10324716567993164,False
400,33,200,0.12158474326133728,False
400,33,205,0.13370762765407562,False
400,33,210,0.0814080685377121,False
400,33,215,0.025498921051621437,False
400,33,220,0.026333021000027657,False
400,33,225,0.03682110086083412,False
400,33,230,0.02215246669948101,False
400,33,235,0.03567316755652428,False
400,33,240,0.025888271629810333,False
400,33,245,0.06208533048629761,False
400,33,250,0.12251400947570801,False
400,33,255,0.04131249338388443,False
400,33,260,0.04579741880297661,False
400,33,265,0.09175267070531845,False
400,33,270,0.013007189147174358,False
400,33,275,0.039953891187906265,False
400,33,280,0.07821854948997498,False
400,33,285,0.036261625587940216,False
400,33,290,0.09323859214782715,False
400,33,295,0.07809223979711533,False
400,33,300,0.04173823446035385,False
400,33,305,0.05386243388056755,False
400,33,310,0.023397793993353844,False
400,33,315,0.028027696534991264,False
400,33,320,0.08656788617372513,False
400,33,325,0.02081483043730259,False
400,33,330,0.0782221108675003,False
400,33,335,0.02788720093667507,False
400,33,340,0.030578672885894775,False
400,33,345,0.02854182943701744,False
400,33,350,0.0894574299454689,False
400,33,355,0.12422403693199158,False
400,33,360,0.06542699784040451,False
400,33,365,0.0623365081846714,False
400,33,370,0.04428185150027275,False
400,33,375,0.1251574456691742,False
400,33,380,0.10220581293106079,False
400,33,385,0.017570415511727333,False
400,33,390,0.06919420510530472,False
400,33,395,0.0622667632997036,False
400,33,400,0.0716647356748581,False
400,33,405,0.08317503333091736,False
400,34,10,0.08329668641090393,False
400,34,15,0.18402551114559174,False
400,34,20,0.05919652432203293,False
400,34,25,0.1496073603630066,False
400,34,30,0.05039309337735176,False
400,34,35,0.383560448884964,False
400,34,40,0.07994341850280762,False
400,34,45,0.261613130569458,False
400,34,50,0.08266709744930267,False
400,34,55,0.14808966219425201,False
400,34,60,0.23657530546188354,False
400,34,65,0.22686496376991272,False
400,34,70,0.2099241018295288,False
400,34,75,0.1085311695933342,False
400,34,80,0.08525400608778,False
400,34,85,0.09640179574489594,False
400,34,90,0.1392795592546463,False
400,34,95,0.1261235773563385,False
400,34,100,0.16741672158241272,False
400,34,105,0.17528903484344482,False
400,34,110,0.18941645324230194,False
400,34,115,0.2494843602180481,False
400,34,120,0.11709104478359222,False
400,34,125,0.11714665591716766,False
400,34,130,0.2791905403137207,False
400,34,135,0.2270941585302353,False
400,34,140,0.22871311008930206,False
400,34,145,0.18231964111328125,False
400,34,150,0.1490437090396881,False
400,34,155,0.15027688443660736,False
400,34,160,0.2338256537914276,False
400,34,165,0.07824156433343887,False
400,34,170,0.058428823947906494,False
400,34,175,0.10923139750957489,False
400,34,180,0.35696732997894287,False
400,34,185,0.21872709691524506,False
400,34,190,0.1269446313381195,False
400,34,195,0.1419486254453659,False
400,34,200,0.0591399222612381,False
400,34,205,0.038000673055648804,False
400,34,210,0.20098669826984406,False
400,34,215,0.0953368991613388,False
400,34,220,0.18373027443885803,False
400,34,225,0.22034141421318054,False
400,34,230,0.0694463923573494,False
400,34,235,0.18202821910381317,False
400,34,240,0.09512098878622055,False
400,34,245,0.06808005273342133,False
400,34,250,0.061143726110458374,False
400,34,255,0.09900259226560593,False
400,34,260,0.02310365065932274,False
400,34,265,0.05630647391080856,False
400,34,270,0.08380924165248871,False
400,34,275,0.03231298550963402,False
400,34,280,0.05097045376896858,False
400,34,285,0.14493516087532043,False
400,34,290,0.04173288494348526,False
400,34,295,0.10481400787830353,False
400,34,300,0.16817918419837952,False
400,34,305,0.06552207469940186,False
400,34,310,0.07105675339698792,False
400,34,315,0.02686198242008686,False
400,34,320,0.05456222593784332,False
400,34,325,0.14463798701763153,False
400,34,330,0.044839438050985336,False
400,34,335,0.020511381328105927,False
400,34,340,0.15638694167137146,False
400,34,345,0.2938493490219116,False
400,34,350,0.07183146476745605,False
400,34,355,0.14989683032035828,False
400,34,360,0.05328686535358429,False
400,34,365,0.17170464992523193,False
400,34,370,0.08458253741264343,False
400,34,375,0.15315140783786774,False
400,34,380,0.11464599519968033,False
400,34,385,0.0628892183303833,False
400,34,390,0.08396553248167038,False
400,34,395,0.1576627641916275,False
400,34,400,0.11303450912237167,False
400,34,405,0.1279257982969284,False
400,35,10,0.10417674481868744,False
400,35,15,0.1407628208398819,False
400,35,20,0.15593719482421875,False
400,35,25,0.11983942240476608,False
400,35,30,0.08933618664741516,False
400,35,35,0.30584409832954407,False
400,35,40,0.4927051365375519,False
400,35,45,0.433960884809494,False
400,35,50,0.6366099119186401,False
400,35,55,0.4173569083213806,False
400,35,60,0.3218925893306732,False
400,35,65,0.5379701852798462,False
400,35,70,0.4007396697998047,False
400,35,75,0.3204573392868042,False
400,35,80,0.12706807255744934,False
400,35,85,0.15694141387939453,False
400,35,90,0.18595001101493835,False
400,35,95,0.07693295925855637,False
400,35,100,0.11400984972715378,False
400,35,105,0.09209771454334259,False
400,35,110,0.08705870062112808,False
400,35,115,0.15039552748203278,False
400,35,120,0.04304580017924309,False
400,35,125,0.057829100638628006,False
400,35,130,0.09055346250534058,False
400,35,135,0.15453767776489258,False
400,35,140,0.10304470360279083,False
400,35,145,0.18562762439250946,False
400,35,150,0.12465754896402359,False
400,35,155,0.054304562509059906,False
400,35,160,0.06573963165283203,False
400,35,165,0.10946826636791229,False
400,35,170,0.07432331144809723,False
400,35,175,0.044699687510728836,False
400,35,180,0.13853904604911804,False
400,35,185,0.07078806310892105,False
400,35,190,0.09385121613740921,False
400,35,195,0.05662401765584946,False
400,35,200,0.05418074131011963,False
400,35,205,0.06535395979881287,False
400,35,210,0.05185464397072792,False
400,35,215,0.09238211065530777,False
400,35,220,0.07850304245948792,False
400,35,225,0.14927265048027039,False
400,35,230,0.06353592872619629,False
400,35,235,0.058456286787986755,False
400,35,240,0.14798504114151,False
400,35,245,0.10718575119972229,False
400,35,250,0.05259096622467041,False
400,35,255,0.15614467859268188,False
400,35,260,0.04799703136086464,False
400,35,265,0.19837458431720734,False
400,35,270,0.17191684246063232,False
400,35,275,0.03423023596405983,False
400,35,280,0.04921438917517662,False
400,35,285,0.22253793478012085,False
400,35,290,0.15095922350883484,False
400,35,295,0.13777777552604675,False
400,35,300,0.10936088860034943,False
400,35,305,0.044426560401916504,False
400,35,310,0.07786592096090317,False
400,35,315,0.01042751595377922,False
400,35,320,0.03861982747912407,False
400,35,325,0.39202916622161865,False
400,35,330,0.060492802411317825,False
400,35,335,0.0995522141456604,False
400,35,340,0.03856705129146576,False
400,35,345,0.07090254127979279,False
400,35,350,0.06943302601575851,False
400,35,355,0.1498483121395111,False
400,35,360,0.045213427394628525,False
400,35,365,0.19313333928585052,False
400,35,370,0.01734580099582672,False
400,35,375,0.055508773773908615,False
400,35,380,0.18331176042556763,False
400,35,385,0.04146856814622879,False
400,35,390,0.03629593178629875,False
400,35,395,0.10040408372879028,False
400,35,400,0.04946285858750343,False
400,35,405,0.0949077382683754,False
400,36,10,0.04268123209476471,False
400,36,15,0.1111559346318245,False
400,36,20,0.07273181527853012,False
400,36,25,0.034342776983976364,False
400,36,30,0.10645284503698349,False
400,36,35,0.6190528273582458,False
400,36,40,0.36208242177963257,False
400,36,45,0.03821359947323799,False
400,36,50,0.11822795122861862,False
400,36,55,0.07575421035289764,False
400,36,60,0.04508510231971741,False
400,36,65,0.08574897795915604,False
400,36,70,0.01400858536362648,False
400,36,75,0.024686209857463837,False
400,36,80,0.1008099690079689,False
400,36,85,0.03647454082965851,False
400,36,90,0.05405907332897186,False
400,36,95,0.016603386029601097,False
400,36,100,0.04540383443236351,False
400,36,105,0.11628920584917068,False
400,36,110,0.07535149902105331,False
400,36,115,0.1032053530216217,False
400,36,120,0.1917399913072586,False
400,36,125,0.11970092356204987,False
400,36,130,0.16101334989070892,False
400,36,135,0.14112596213817596,False
400,36,140,0.05707892030477524,False
400,36,145,0.01800796203315258,False
400,36,150,0.030232686549425125,False
400,36,155,0.02222895249724388,False
400,36,160,0.0687892958521843,False
400,36,165,0.024866407737135887,False
400,36,170,0.032316748052835464,False
400,36,175,0.044222015887498856,False
400,36,180,0.017046751454472542,False
400,36,185,0.024449137970805168,False
400,36,190,0.024655187502503395,False
400,36,195,0.02478545904159546,False
400,36,200,0.04359401389956474,False
400,36,205,0.02952776476740837,False
400,36,210,0.09545648097991943,False
400,36,215,0.07018129527568817,False
400,36,220,0.07100212574005127,False
400,36,225,0.04360285401344299,False
400,36,230,0.07082390785217285,False
400,36,235,0.03809439018368721,False
400,36,240,0.11884976923465729,False
400,36,245,0.06536753475666046,False
400,36,250,0.08672942966222763,False
400,36,255,0.03809855133295059,False
400,36,260,0.08045272529125214,False
400,36,265,0.10771903395652771,False
400,36,270,0.1476927101612091,False
400,36,275,0.06331395357847214,False
400,36,280,0.029192138463258743,False
400,36,285,0.08751718699932098,False
400,36,290,0.05191822350025177,False
400,36,295,0.057019032537937164,False
400,36,300,0.08156538009643555,False
400,36,305,0.06122582033276558,False
400,36,310,0.05114108324050903,False
400,36,315,0.032338593155145645,False
400,36,320,0.04058341681957245,False
400,36,325,0.041195716708898544,False
400,36,330,0.01766784116625786,False
400,36,335,0.04361141473054886,False
400,36,340,0.04880225658416748,False
400,36,345,0.12299899011850357,False
400,36,350,0.05857553705573082,False
400,36,355,0.07154829055070877,False
400,36,360,0.047502122819423676,False
400,36,365,0.09274136275053024,False
400,36,370,0.026118680834770203,False
400,36,375,0.03225941210985184,False
400,36,380,0.0758914053440094,False
400,36,385,0.05916239693760872,False
400,36,390,0.038671452552080154,False
400,36,395,0.06091638654470444,False
400,36,400,0.06325487792491913,False
400,36,405,0.08464670926332474,False
400,37,10,0.08888369053602219,False
400,37,15,0.20270410180091858,False
400,37,20,0.08622269332408905,False
400,37,25,0.11484577506780624,False
400,37,30,0.10128971189260483,False
400,37,35,0.20860452950000763,False
400,37,40,0.08000561594963074,False
400,37,45,0.076697438955307,False
400,37,50,0.10951055586338043,False
400,37,55,0.043644510209560394,False
400,37,60,0.08247162401676178,False
400,37,65,0.08027854561805725,False
400,37,70,0.1448991745710373,False
400,37,75,0.19796521961688995,False
400,37,80,0.21824246644973755,False
400,37,85,1.482519507408142,False
400,37,90,0.13187189400196075,False
400,37,95,0.06460053473711014,False
400,37,100,0.06487350910902023,False
400,37,105,0.05261941999197006,False
400,37,110,0.09972378611564636,False
400,37,115,0.16922786831855774,False
400,37,120,0.12238740175962448,False
400,37,125,0.14943453669548035,False
400,37,130,0.1191650927066803,False
400,37,135,0.09350258111953735,False
400,37,140,0.12840548157691956,False
400,37,145,0.14826251566410065,False
400,37,150,0.169346421957016,False
400,37,155,0.2631221115589142,False
400,37,160,0.20561739802360535,False
400,37,165,0.12543147802352905,False
400,37,170,0.03088495321571827,False
400,37,175,0.048624757677316666,False
400,37,180,0.14797818660736084,False
400,37,185,0.12366072833538055,False
400,37,190,0.07140174508094788,False
400,37,195,0.1252981722354889,False
400,37,200,0.05584365874528885,False
400,37,205,0.06577634811401367,False
400,37,210,0.2322244793176651,False
400,37,215,0.1297723650932312,False
400,37,220,0.08181308209896088,False
400,37,225,0.09806230664253235,False
400,37,230,0.2545805275440216,False
400,37,235,0.3914305567741394,False
400,37,240,0.09962164610624313,False
400,37,245,0.24891650676727295,False
400,37,250,0.09816300123929977,False
400,37,255,0.21236266195774078,False
400,37,260,0.043686188757419586,False
400,37,265,0.07879366725683212,False
400,37,270,0.15358313918113708,False
400,37,275,0.01347757875919342,False
400,37,280,0.04421420767903328,False
400,37,285,0.23429575562477112,False
400,37,290,0.10890097171068192,False
400,37,295,0.0410175621509552,False
400,37,300,0.15957970917224884,False
400,37,305,0.08888711780309677,False
400,37,310,0.11272399127483368,False
400,37,315,0.01918589510023594,False
400,37,320,0.03909244388341904,False
400,37,325,0.04910273849964142,False
400,37,330,0.1379261612892151,False
400,37,335,0.0318167470395565,False
400,37,340,0.022099025547504425,False
400,37,345,0.0401758998632431,False
400,37,350,0.060054901987314224,False
400,37,355,0.0987606942653656,False
400,37,360,0.12454156577587128,False
400,37,365,0.1533820778131485,False
400,37,370,0.0804297998547554,False
400,37,375,0.030795540660619736,False
400,37,380,0.0937790498137474,False
400,37,385,0.3309338092803955,False
400,37,390,0.08533721417188644,False
400,37,395,0.23909491300582886,False
400,37,400,0.28085464239120483,False
400,37,405,0.20659339427947998,False
400,38,10,0.12628327310085297,False
400,38,15,0.15354008972644806,False
400,38,20,0.1635742038488388,False
400,38,25,0.05629775673151016,False
400,38,30,0.08470329642295837,False
400,38,35,0.19508200883865356,False
400,38,40,0.09523086249828339,False
400,38,45,0.06904757767915726,False
400,38,50,0.07464773952960968,False
400,38,55,0.13915787637233734,False
400,38,60,0.1331690549850464,False
400,38,65,0.22648996114730835,False
400,38,70,0.23365038633346558,False
400,38,75,0.09897172451019287,False
400,38,80,0.14673440158367157,False
400,38,85,0.18874682486057281,False
400,38,90,0.13853128254413605,False
400,38,95,0.055497657507658005,False
400,38,100,0.1838323324918747,False
400,38,105,0.14117947220802307,False
400,38,110,0.10619563609361649,False
400,38,115,0.24649928510189056,False
400,38,120,0.15891806781291962,False
400,38,125,0.16414667665958405,False
400,38,130,0.1546187847852707,False
400,38,135,0.21937383711338043,False
400,38,140,0.06746187061071396,False
400,38,145,0.05655699968338013,False
400,38,150,0.1370261311531067,False
400,38,155,0.07828324288129807,False
400,38,160,0.07212578505277634,False
400,38,165,0.06156126409769058,False
400,38,170,0.15810909867286682,False
400,38,175,0.04784635081887245,False
400,38,180,0.1950044184923172,False
400,38,185,0.18540096282958984,False
400,38,190,0.2351125180721283,False
400,38,195,0.1535836011171341,False
400,38,200,0.05642614886164665,False
400,38,205,0.12557221949100494,False
400,38,210,0.14934822916984558,False
400,38,215,0.14367130398750305,False
400,38,220,0.05844677612185478,False
400,38,225,0.10777972638607025,False
400,38,230,0.2313460111618042,False
400,38,235,0.342337965965271,False
400,38,240,0.09685070067644119,False
400,38,245,0.17197586596012115,False
400,38,250,0.05694747716188431,False
400,38,255,0.24526619911193848,False
400,38,260,0.05336800962686539,False
400,38,265,0.1180943101644516,False
400,38,270,0.3069712519645691,False
400,38,275,0.10757561028003693,False
400,38,280,0.21641044318675995,False
400,38,285,0.22282081842422485,False
400,38,290,0.21732519567012787,False
400,38,295,0.12511344254016876,False
400,38,300,0.10416769981384277,False
400,38,305,0.060853153467178345,False
400,38,310,0.19779245555400848,False
400,38,315,0.09535602480173111,False
400,38,320,0.09465339034795761,False
400,38,325,0.21077391505241394,False
400,38,330,0.03713991492986679,False
400,38,335,0.03531132638454437,False
400,38,340,0.0722551941871643,False
400,38,345,0.21383117139339447,False
400,38,350,0.08535775542259216,False
400,38,355,0.1968623846769333,False
400,38,360,0.024695923551917076,False
400,38,365,0.048655252903699875,False
400,38,370,0.008016361854970455,False
400,38,375,0.08360373973846436,False
400,38,380,0.05690767616033554,False
400,38,385,0.010172010399401188,False
400,38,390,0.06318509578704834,False
400,38,395,0.04868825897574425,False
400,38,400,0.09781470894813538,False
400,38,405,0.11348676681518555,False
400,39,10,0.09910006076097488,False
400,39,15,0.1593531370162964,False
400,39,20,0.19413703680038452,False
400,39,25,0.11185149103403091,False
400,39,30,0.09896193444728851,False
400,39,35,0.18234622478485107,False
400,39,40,0.583983302116394,False
400,39,45,0.43093451857566833,False
400,39,50,0.37409812211990356,False
400,39,55,0.4295324385166168,False
400,39,60,0.22843800485134125,False
400,39,65,0.34280815720558167,False
400,39,70,0.14690986275672913,False
400,39,75,0.05785289406776428,False
400,39,80,0.4484277367591858,False
400,39,85,0.646291971206665,False
400,39,90,0.5728022456169128,False
400,39,95,0.21694786846637726,False
400,39,100,0.7585120797157288,False
400,39,105,0.22316385805606842,False
400,39,110,0.06443006545305252,False
400,39,115,0.38954657316207886,False
400,39,120,0.2454783022403717,False
400,39,125,0.3563317656517029,False
400,39,130,0.6853878498077393,False
400,39,135,0.5702295303344727,False
400,39,140,0.6094982624053955,False
400,39,145,0.620650053024292,False
400,39,150,0.6072788834571838,False
400,39,155,0.5766364336013794,False
400,39,160,0.4168238937854767,False
400,39,165,0.5111370086669922,False
400,39,170,0.49108850955963135,False
400,39,175,0.2004510909318924,False
400,39,180,0.07557222247123718,False
400,39,185,0.3395622968673706,False
400,39,190,0.18647854030132294,False
400,39,195,0.24683544039726257,False
400,39,200,0.08409731835126877,False
400,39,205,0.07343848049640656,False
400,39,210,0.06763068586587906,False
400,39,215,0.1505579948425293,False
400,39,220,0.052753593772649765,False
400,39,225,0.0515940822660923,False
400,39,230,0.050527673214673996,False
400,39,235,0.10135577619075775,False
400,39,240,0.04697564244270325,False
400,39,245,0.1414850950241089,False
400,39,250,0.05305638536810875,False
400,39,255,0.09714014828205109,False
400,39,260,0.0629376694560051,False
400,39,265,0.13505235314369202,False
400,39,270,0.07903637737035751,False
400,39,275,0.14204898476600647,False
400,39,280,0.12495440989732742,False
400,39,285,0.04532485455274582,False
400,39,290,0.10254282504320145,False
400,39,295,0.10204654186964035,False
400,39,300,0.08098221570253372,False
400,39,305,0.06240915134549141,False
400,39,310,0.09401871263980865,False
400,39,315,0.08481007814407349,False
400,39,320,0.14351266622543335,False
400,39,325,0.09429249167442322,False
400,39,330,0.14731070399284363,False
400,39,335,0.14812050759792328,False
400,39,340,0.17551332712173462,False
400,39,345,0.16147825121879578,False
400,39,350,0.1314251571893692,False
400,39,355,0.11908696591854095,False
400,39,360,0.1047491803765297,False
400,39,365,0.1394994705915451,False
400,39,370,0.06698032468557358,False
400,39,375,0.10874081403017044,False
400,39,380,0.20128057897090912,False
400,39,385,0.0229919645935297,False
400,39,390,0.07505160570144653,False
400,39,395,0.1377532035112381,False
400,39,400,0.05574885383248329,False
400,39,405,0.08301559090614319,False
400,40,10,0.10296740382909775,False
400,40,15,0.06740345805883408,False
400,40,20,0.16808772087097168,False
400,40,25,0.14595580101013184,False
400,40,30,0.08826843649148941,False
400,40,35,0.3601410388946533,False
400,40,40,0.30946874618530273,False
400,40,45,0.5088815689086914,False
400,40,50,0.34542116522789,False
400,40,55,0.2765715420246124,False
400,40,60,0.173971027135849,False
400,40,65,0.25876304507255554,False
400,40,70,0.17867666482925415,False
400,40,75,0.12342308461666107,False
400,40,80,0.3278748095035553,False
400,40,85,0.3003767132759094,False
400,40,90,0.2510426342487335,False
400,40,95,0.046080898493528366,False
400,40,100,0.4478801488876343,False
400,40,105,0.46070289611816406,False
400,40,110,0.4932975172996521,False
400,40,115,0.4697399139404297,False
400,40,120,0.16262729465961456,False
400,40,125,0.3263412117958069,False
400,40,130,0.3518230617046356,False
400,40,135,0.27008092403411865,False
400,40,140,0.15708763897418976,False
400,40,145,0.33979731798171997,False
400,40,150,0.37945377826690674,False
400,40,155,0.29772138595581055,False
400,40,160,0.4772394001483917,False
400,40,165,0.5786677598953247,False
400,40,170,0.3677441477775574,False
400,40,175,0.614425003528595,False
400,40,180,0.06417147070169449,False
400,40,185,0.12485124170780182,False
400,40,190,0.09560468792915344,False
400,40,195,0.17645873129367828,False
400,40,200,0.11635486781597137,False
400,40,205,0.03502852842211723,False
400,40,210,0.04595669358968735,False
400,40,215,0.08080603927373886,False
400,40,220,0.12747463583946228,False
400,40,225,0.031325813382864,False
400,40,230,0.041366852819919586,False
400,40,235,0.0658433586359024,False
400,40,240,0.06838938593864441,False
400,40,245,0.15788494050502777,False
400,40,250,0.06012953817844391,False
400,40,255,0.049268413335084915,False
400,40,260,0.06596510857343674,False
400,40,265,0.13947546482086182,False
400,40,270,0.05976464971899986,False
400,40,275,0.17246420681476593,False
400,40,280,0.10563208907842636,False
400,40,285,0.04036445543169975,False
400,40,290,0.09106731414794922,False
400,40,295,0.04536884278059006,False
400,40,300,0.16615690290927887,False
400,40,305,0.05909748747944832,False
400,40,310,0.024156957864761353,False
400,40,315,0.062163595110177994,False
400,40,320,0.09313100576400757,False
400,40,325,0.09346117824316025,False
400,40,330,0.26962336897850037,False
400,40,335,0.13652117550373077,False
400,40,340,0.13677789270877838,False
400,40,345,0.08149218559265137,False
400,40,350,0.07108580321073532,False
400,40,355,0.06261890381574631,False
400,40,360,0.1756291538476944,False
400,40,365,0.2417018860578537,False
400,40,370,0.12234321981668472,False
400,40,375,0.06381937116384506,False
400,40,380,0.0383545458316803,False
400,40,385,0.18502676486968994,False
400,40,390,0.10011859983205795,False
400,40,395,0.21578684449195862,False
400,40,400,0.06524119526147842,False
400,40,405,0.10695670545101166,False
400,41,10,0.1620272696018219,True
400,41,15,0.11344947665929794,True
400,41,20,0.07502216845750809,True
400,41,25,0.07315897941589355,True
400,41,30,0.27044641971588135,True
400,41,35,0.3155286908149719,True
400,41,40,0.452262282371521,True
400,41,45,0.313348650932312,True
400,41,50,0.24779430031776428,True
400,41,55,0.3296000063419342,True
400,41,60,0.31746020913124084,True
400,41,65,0.2307133972644806,True
400,41,70,0.0811866745352745,True
400,41,75,0.11151115596294403,True
400,41,80,0.3155287206172943,True
400,41,85,0.08642655611038208,True
400,41,90,0.059384070336818695,True
400,41,95,0.12922528386116028,True
400,41,100,0.06626814603805542,True
400,41,105,0.13712453842163086,True
400,41,110,0.11577482521533966,True
400,41,115,0.08471614867448807,True
400,41,120,0.14848433434963226,True
400,41,125,0.027377352118492126,True
400,41,130,0.057396166026592255,True
400,41,135,0.0761207714676857,True
400,41,140,0.09876798093318939,True
400,41,145,0.11078155785799026,True
400,41,150,0.13647501170635223,True
400,41,155,0.06371231377124786,True
400,41,160,0.05409475415945053,True
400,41,165,0.053413596004247665,True
400,41,170,0.05120357871055603,True
400,41,175,0.04312201961874962,True
400,41,180,0.026302045211195946,True
400,41,185,0.03592614829540253,True
400,41,190,0.05200399085879326,True
400,41,195,0.0301139447838068,True
400,41,200,0.24134720861911774,True
400,41,205,0.04864830896258354,True
400,41,210,0.027319349348545074,True
400,41,215,0.036189086735248566,True
400,41,220,0.07327082753181458,True
400,41,225,0.15331900119781494,True
400,41,230,0.03988068923354149,True
400,41,235,0.048343367874622345,True
400,41,240,0.04104773700237274,True
400,41,245,0.043202634900808334,True
400,42,10,0.08571411669254303,False
400,42,15,0.11211046576499939,False
400,42,20,0.05809391662478447,False
400,42,25,0.0600057877600193,False
400,42,30,0.055118486285209656,False
400,42,35,0.4652518332004547,False
400,42,40,0.18645337224006653,False
400,42,45,0.04785310477018356,False
400,42,50,0.17893020808696747,False
400,42,55,0.1331922858953476,False
400,42,60,0.058803461492061615,False
400,42,65,0.09458015114068985,False
400,42,70,0.01802484132349491,False
400,42,75,0.044497307389974594,False
400,42,80,0.053038500249385834,False
400,42,85,0.10066817700862885,False
400,42,90,0.03177667409181595,False
400,42,95,0.0788988471031189,False
400,42,100,0.06449420005083084,False
400,42,105,0.10041491687297821,False
400,42,110,0.10956912487745285,False
400,42,115,0.09519226849079132,False
400,42,120,0.11009741574525833,False
400,42,125,0.026673896238207817,False
400,42,130,0.11898107826709747,False
400,42,135,0.17087776958942413,False
400,42,140,0.10343686491250992,False
400,42,145,0.09751900285482407,False
400,42,150,0.04636160284280777,False
400,42,155,0.0345647931098938,False
400,42,160,0.014976576901972294,False
400,42,165,0.04526440054178238,False
400,42,170,0.03442590683698654,False
400,42,175,0.05292488634586334,False
400,42,180,0.035267315804958344,False
400,42,185,0.019585074856877327,False
400,42,190,0.04471134394407272,False
400,42,195,0.04211060702800751,False
400,42,200,0.05926738306879997,False
400,42,205,0.14848122000694275,False
400,42,210,0.08311360329389572,False
400,42,215,0.12426990270614624,False
400,42,220,0.10453372448682785,False
400,42,225,0.0347115695476532,False
400,42,230,0.11232751607894897,False
400,42,235,0.03207093104720116,False
400,42,240,0.03554752469062805,False
400,42,245,0.04117768257856369,False
400,42,250,0.0816425234079361,False
400,42,255,0.0452912412583828,False
400,42,260,0.06675626337528229,False
400,42,265,0.020405756309628487,False
400,42,270,0.02633005939424038,False
400,42,275,0.020612677559256554,False
400,42,280,0.03339845687150955,False
400,42,285,0.0595276765525341,False
400,42,290,0.024655520915985107,False
400,42,295,0.10638231784105301,False
400,42,300,0.02175677940249443,False
400,42,305,0.061348315328359604,False
400,42,310,0.019048629328608513,False
400,42,315,0.02360370382666588,False
400,42,320,0.08535739779472351,False
400,42,325,0.054013680666685104,False
400,42,330,0.03376353159546852,False
400,42,335,0.03174339607357979,False
400,42,340,0.05229358747601509,False
400,42,345,0.07248038798570633,False
400,42,350,0.15754282474517822,False
400,42,355,0.09696421772241592,False
400,42,360,0.04387923330068588,False
400,42,365,0.04122016206383705,False
400,42,370,0.04144521802663803,False
400,42,375,0.030946599319577217,False
400,42,380,0.06601603329181671,False
400,42,385,0.039755143225193024,False
400,42,390,0.08145448565483093,False
400,42,395,0.06699357181787491,False
400,42,400,0.058136072009801865,False
400,42,405,0.04431686922907829,False
400,43,10,0.05951661244034767,False
400,43,15,0.11162795126438141,False
400,43,20,0.09053276479244232,False
400,43,25,0.14794418215751648,False
400,43,30,0.07961291074752808,False
400,43,35,0.24847140908241272,False
400,43,40,0.18135616183280945,False
400,43,45,0.04015115648508072,False
400,43,50,0.03318353742361069,False
400,43,55,0.12142358720302582,False
400,43,60,0.04227618873119354,False
400,43,65,0.07630183547735214,False
400,43,70,0.01870385929942131,False
400,43,75,0.02513730153441429,False
400,43,80,0.050489384680986404,False
400,43,85,0.7669117450714111,False
400,43,90,0.0644669383764267,False
400,43,95,0.03619014099240303,False
400,43,100,0.06372792273759842,False
400,43,105,0.03897701948881149,False
400,43,110,0.021483339369297028,False
400,43,115,0.031808193773031235,False
400,43,120,0.031209226697683334,False
400,43,125,0.046447157859802246,False
400,43,130,0.03070068545639515,False
400,43,135,0.05284737050533295,False
400,43,140,0.05378219112753868,False
400,43,145,0.08872964233160019,False
400,43,150,0.039908044040203094,False
400,43,155,0.15185266733169556,False
400,43,160,0.1233731284737587,False
400,43,165,0.04158559814095497,False
400,43,170,0.04230666533112526,False
400,43,175,0.044237904250621796,False
400,43,180,0.036964792758226395,False
400,43,185,0.05393003672361374,False
400,43,190,0.026854226365685463,False
400,43,195,0.05000060051679611,False
400,43,200,0.03606294468045235,False
400,43,205,0.02683970518410206,False
400,43,210,0.07264325767755508,False
400,43,215,0.0329718254506588,False
400,43,220,0.0706607922911644,False
400,43,225,0.07246845960617065,False
400,43,230,0.10780852288007736,False
400,43,235,0.07574804872274399,False
400,43,240,0.030951984226703644,False
400,43,245,0.03968319296836853,False
400,43,250,0.04622872918844223,False
400,43,255,0.11916601657867432,False
400,43,260,0.033378127962350845,False
400,43,265,0.1004834845662117,False
400,43,270,0.084991954267025,False
400,43,275,0.056869026273489,False
400,43,280,0.13384100794792175,False
400,43,285,0.06486603617668152,False
400,43,290,0.11111032962799072,False
400,43,295,0.05653480067849159,False
400,43,300,0.028128916397690773,False
400,43,305,0.023067491129040718,False
400,43,310,0.019989915192127228,False
400,43,315,0.00863966066390276,False
400,43,320,0.04719945415854454,False
400,43,325,0.01771894097328186,False
400,43,330,0.036450304090976715,False
400,43,335,0.037629034370183945,False
400,43,340,0.054612867534160614,False
400,43,345,0.06216859817504883,False
400,43,350,0.10458795726299286,False
400,43,355,0.0376446433365345,False
400,43,360,0.031043091788887978,False
400,43,365,0.0694626048207283,False
400,43,370,0.0756780281662941,False
400,43,375,0.03846978396177292,False
400,43,380,0.020573891699314117,False
400,43,385,0.06669769436120987,False
400,43,390,0.05748683959245682,False
400,43,395,0.05839097499847412,False
400,43,400,0.09584995359182358,False
400,43,405,0.10878636687994003,False
400,44,10,0.13533806800842285,False
400,44,15,0.11826447397470474,False
400,44,20,0.20558303594589233,False
400,44,25,0.09022742509841919,False
400,44,30,0.1470605581998825,False
400,44,35,0.2777285873889923,False
400,44,40,0.4850732088088989,False
400,44,45,0.4164726436138153,False
400,44,50,0.6657940149307251,False
400,44,55,0.44715240597724915,False
400,44,60,0.544802725315094,False
400,44,65,0.44697627425193787,False
400,44,70,0.241898313164711,False
400,44,75,0.19212330877780914,False
400,44,80,0.4028162956237793,False
400,44,85,0.42868566513061523,False
400,44,90,0.36923903226852417,False
400,44,95,0.1595584601163864,False
400,44,100,0.6763420701026917,False
400,44,105,0.3486517369747162,False
400,44,110,0.12423588335514069,False
400,44,115,0.18165040016174316,False
400,44,120,0.08887280523777008,False
400,44,125,0.14854425191879272,False
400,44,130,0.5811697840690613,False
400,44,135,0.21923643350601196,False
400,44,140,0.48378217220306396,False
400,44,145,0.32852956652641296,False
400,44,150,0.28987905383110046,False
400,44,155,0.5348600149154663,False
400,44,160,0.07622453570365906,False
400,44,165,0.3056030869483948,False
400,44,170,0.025697609409689903,False
400,44,175,0.18948961794376373,False
400,44,180,0.021536970511078835,False
400,44,185,0.046211160719394684,False
400,44,190,0.19338573515415192,False
400,44,195,0.21895980834960938,False
400,44,200,0.03119821473956108,False
400,44,205,0.11370937526226044,False
400,44,210,0.0827067419886589,False
400,44,215,0.02770043909549713,False
400,44,220,0.08304958045482635,False
400,44,225,0.1535942554473877,False
400,44,230,0.0693797692656517,False
400,44,235,0.03124086745083332,False
400,44,240,0.1222689226269722,False
400,44,245,0.11042361706495285,False
400,44,250,0.04443921148777008,False
400,44,255,0.07100062817335129,False
400,44,260,0.06189627945423126,False
400,44,265,0.07939009368419647,False
400,44,270,0.04542459174990654,False
400,44,275,0.056026868522167206,False
400,44,280,0.08065440505743027,False
400,44,285,0.10121659189462662,False
400,44,290,0.02984512411057949,False
400,44,295,0.06364398449659348,False
400,44,300,0.16920578479766846,False
400,44,305,0.0925585925579071,False
400,44,310,0.0763603001832962,False
400,44,315,0.05015261843800545,False
400,44,320,0.05647449940443039,False
400,44,325,0.045279473066329956,False
400,44,330,0.04705316573381424,False
400,44,335,0.07032706588506699,False
400,44,340,0.12124329805374146,False
400,44,345,0.0644185021519661,False
400,44,350,0.0864088237285614,False
400,44,355,0.05162074789404869,False
400,44,360,0.07824329286813736,False
400,44,365,0.09762374311685562,False
400,44,370,0.029368288815021515,False
400,44,375,0.08879195898771286,False
400,44,380,0.1694583147764206,False
400,44,385,0.13598234951496124,False
400,44,390,0.11963135004043579,False
400,44,395,0.061755865812301636,False
400,44,400,0.05487726628780365,False
400,44,405,0.06501200795173645,False
400,45,10,0.13951942324638367,False
400,45,15,0.10276931524276733,False
400,45,20,0.10352423787117004,False
400,45,25,0.06105612963438034,False
400,45,30,0.14150944352149963,False
400,45,35,0.35188722610473633,False
400,45,40,0.5181170701980591,False
400,45,45,0.3537944257259369,False
400,45,50,0.6322778463363647,False
400,45,55,0.6619669795036316,False
400,45,60,0.431647926568985,False
400,45,65,0.33155620098114014,False
400,45,70,0.3426268398761749,False
400,45,75,0.4335121810436249,False
400,45,80,0.08701924234628677,False
400,45,85,0.2772291600704193,False
400,45,90,0.35094040632247925,False
400,45,95,0.04414095729589462,False
400,45,100,0.295132040977478,False
400,45,105,0.6021881103515625,False
400,45,110,0.15600693225860596,False
400,45,115,0.5512593388557434,False
400,45,120,0.3330601155757904,False
400,45,125,0.184337317943573,False
400,45,130,0.14191235601902008,False
400,45,135,0.15687702596187592,False
400,45,140,0.12459156662225723,False
400,45,145,0.11445722728967667,False
400,45,150,0.087831050157547,False
400,45,155,0.05090080574154854,False
400,45,160,0.13985194265842438,False
400,45,165,0.02261834591627121,False
400,45,170,0.06464425474405289,False
400,45,175,0.022872447967529297,False
400,45,180,0.09275421500205994,False
400,45,185,0.04199707508087158,False
400,45,190,0.05571926012635231,False
400,45,195,0.11774220317602158,False
400,45,200,0.06508849561214447,False
400,45,205,0.040549132972955704,False
400,45,210,0.07658703625202179,False
400,45,215,0.024339141324162483,False
400,45,220,0.05182952433824539,False
400,45,225,0.1658363938331604,False
400,45,230,0.04673343151807785,False
400,45,235,0.02376369759440422,False
400,45,240,0.06514839828014374,False
400,45,245,0.2439163476228714,False
400,45,250,0.08211042732000351,False
400,45,255,0.03651510179042816,False
400,45,260,0.08042073249816895,False
400,45,265,0.1810872107744217,False
400,45,270,0.03979979828000069,False
400,45,275,0.02981647662818432,False
400,45,280,0.08226907253265381,False
400,45,285,0.23190921545028687,False
400,45,290,0.054730240255594254,False
400,45,295,0.04722616448998451,False
400,45,300,0.025941740721464157,False
400,45,305,0.05885784700512886,False
400,45,310,0.05127578601241112,False
400,45,315,0.01689104363322258,False
400,45,320,0.17711451649665833,False
400,45,325,0.05159692466259003,False
400,45,330,0.09707652777433395,False
400,45,335,0.06766205281019211,False
400,45,340,0.05996851250529289,False
400,45,345,0.036435529589653015,False
400,45,350,0.14053364098072052,False
400,45,355,0.02845490351319313,False
400,45,360,0.01996687985956669,False
400,45,365,0.08111224323511124,False
400,45,370,0.064420185983181,False
400,45,375,0.05570932477712631,False
400,45,380,0.05540477856993675,False
400,45,385,0.09798631072044373,False
400,45,390,0.21351079642772675,False
400,45,395,0.10013855248689651,False
400,45,400,0.08654045313596725,False
400,45,405,0.0691671371459961,False
400,46,10,0.0515487864613533,False
400,46,15,0.0847531259059906,False
400,46,20,0.043450042605400085,False
400,46,25,0.03734404221177101,False
400,46,30,0.2187410593032837,False
400,46,35,0.16365854442119598,False
400,46,40,0.6851710081100464,False
400,46,45,0.06243889406323433,False
400,46,50,0.09582176059484482,False
400,46,55,0.13092473149299622,False
400,46,60,0.01810429058969021,False
400,46,65,0.0862547904253006,False
400,46,70,0.02795346826314926,False
400,46,75,0.052634723484516144,False
400,46,80,0.04158348590135574,False
400,46,85,0.04334304481744766,False
400,46,90,0.03627192601561546,False
400,46,95,0.16310028731822968,False
400,46,100,0.08396143466234207,False
400,46,105,0.08910244703292847,False
400,46,110,0.059243861585855484,False
400,46,115,0.0629362240433693,False
400,46,120,0.13165973126888275,False
400,46,125,0.08487533777952194,False
400,46,130,0.1519540697336197,False
400,46,135,0.18509642779827118,False
400,46,140,0.05872252583503723,False
400,46,145,0.07254879176616669,False
400,46,150,0.03308625519275665,False
400,46,155,0.08280731737613678,False
400,46,160,0.01816880889236927,False
400,46,165,0.030856849625706673,False
400,46,170,0.018524030223488808,False
400,46,175,0.04841232672333717,False
400,46,180,0.06801365315914154,False
400,46,185,0.04359890893101692,False
400,46,190,0.0485449843108654,False
400,46,195,0.042878612875938416,False
400,46,200,0.0529899038374424,False
400,46,205,0.014050696045160294,False
400,46,210,0.07118580490350723,False
400,46,215,0.049742553383111954,False
400,46,220,0.047970883548259735,False
400,46,225,0.08635944873094559,False
400,46,230,0.0783587396144867,False
400,46,235,0.033244337886571884,False
400,46,240,0.05578205734491348,False
400,46,245,0.010987485758960247,False
400,46,250,0.10832781344652176,False
400,46,255,0.03317469358444214,False
400,46,260,0.08010436594486237,False
400,46,265,0.058268412947654724,False
400,46,270,0.06619199365377426,False
400,46,275,0.015564747154712677,False
400,46,280,0.015807079151272774,False
400,46,285,0.0537751168012619,False
400,46,290,0.01877252385020256,False
400,46,295,0.014742929488420486,False
400,46,300,0.06136033684015274,False
400,46,305,0.029584813863039017,False
400,46,310,0.013098431751132011,False
400,46,315,0.013385784812271595,False
400,46,320,0.037456341087818146,False
400,46,325,0.02562773786485195,False
400,46,330,0.04402903467416763,False
400,46,335,0.0443427637219429,False
400,46,340,0.019508277997374535,False
400,46,345,0.09399715811014175,False
400,46,350,0.047955915331840515,False
400,46,355,0.008446178399026394,False
400,46,360,0.05390438437461853,False
400,46,365,0.07856951653957367,False
400,46,370,0.03516126796603203,False
400,46,375,0.021772271022200584,False
400,46,380,0.014752737246453762,False
400,46,385,0.032877299934625626,False
400,46,390,0.04894157126545906,False
400,46,395,0.027947045862674713,False
400,46,400,0.04630446061491966,False
400,46,405,0.028101937845349312,False
400,47,10,0.07762406021356583,False
400,47,15,0.13897161185741425,False
400,47,20,0.0655415877699852,False
400,47,25,0.06882008910179138,False
400,47,30,0.03558764234185219,False
400,47,35,0.408077210187912,False
400,47,40,0.06198718771338463,False
400,47,45,0.2157728523015976,False
400,47,50,0.08254849165678024,False
400,47,55,0.24305349588394165,False
400,47,60,0.12504522502422333,False
400,47,65,0.15603308379650116,False
400,47,70,0.2830369472503662,False
400,47,75,0.17080065608024597,False
400,47,80,0.10820583999156952,False
400,47,85,0.12072775512933731,False
400,47,90,0.08981765061616898,False
400,47,95,0.049827445298433304,False
400,47,100,0.06760559976100922,False
400,47,105,0.10931437462568283,False
400,47,110,0.05537784844636917,False
400,47,115,0.0559590645134449,False
400,47,120,0.045522090047597885,False
400,47,125,0.05258609354496002,False
400,47,130,0.18816699087619781,False
400,47,135,0.20030926167964935,False
400,47,140,0.12129314243793488,False
400,47,145,0.18259595334529877,False
400,47,150,0.03059452585875988,False
400,47,155,0.11733321100473404,False
400,47,160,0.13536275923252106,False
400,47,165,0.03626426309347153,False
400,47,170,0.023466233164072037,False
400,47,175,0.01839733123779297,False
400,47,180,0.04561002179980278,False
400,47,185,0.051774293184280396,False
400,47,190,0.03540215268731117,False
400,47,195,0.08459420502185822,False
400,47,200,0.03806082159280777,False
400,47,205,0.027321351692080498,False
400,47,210,0.06226631999015808,False
400,47,215,0.07808923721313477,False
400,47,220,0.08736634254455566,False
400,47,225,0.05379664897918701,False
400,47,230,0.10018003731966019,False
400,47,235,0.21333350241184235,False
400,47,240,0.02319071814417839,False
400,47,245,0.08722876757383347,False
400,47,250,0.038300372660160065,False
400,47,255,0.10497263073921204,False
400,47,260,0.033394165337085724,False
400,47,265,0.07034753262996674,False
400,47,270,0.09931948035955429,False
400,47,275,0.03054516389966011,False
400,47,280,0.03821178898215294,False
400,47,285,0.08406399935483932,False
400,47,290,0.08972683548927307,False
400,47,295,0.05653795227408409,False
400,47,300,0.1549851894378662,False
400,47,305,0.05271172523498535,False
400,47,310,0.05548497289419174,False
400,47,315,0.1284181773662567,False
400,47,320,0.06987445801496506,False
400,47,325,0.22010323405265808,False
400,47,330,0.14461517333984375,False
400,47,335,0.14111743867397308,False
400,47,340,0.09134367853403091,False
400,47,345,0.08072282373905182,False
400,47,350,0.10739311575889587,False
400,47,355,0.05266692489385605,False
400,47,360,0.16303381323814392,False
400,47,365,0.14901311695575714,False
400,47,370,0.09184009581804276,False
400,47,375,0.06436686962842941,False
400,47,380,0.01448389608412981,False
400,47,385,0.04359172657132149,False
400,47,390,0.11696705222129822,False
400,47,395,0.059709321707487106,False
400,47,400,0.04803306609392166,False
400,47,405,0.05318094417452812,False
400,48,10,0.0790908932685852,False
400,48,15,0.11578971892595291,False
400,48,20,0.11741248518228531,False
400,48,25,0.06906987726688385,False
400,48,30,0.15082064270973206,False
400,48,35,0.25298506021499634,False
400,48,40,0.6081980466842651,False
400,48,45,0.14684346318244934,False
400,48,50,0.07276705652475357,False
400,48,55,0.16686120629310608,False
400,48,60,0.07995227724313736,False
400,48,65,0.09543531388044357,False
400,48,70,0.042644038796424866,False
400,48,75,0.02341766469180584,False
400,48,80,0.02540116384625435,False
400,48,85,1.114984393119812,False
400,48,90,0.03661296144127846,False
400,48,95,0.02358732931315899,False
400,48,100,0.030007656663656235,False
400,48,105,0.06980931013822556,False
400,48,110,0.0633348599076271,False
400,48,115,0.1132182851433754,False
400,48,120,0.02608528733253479,False
400,48,125,0.05568068474531174,False
400,48,130,0.06856106221675873,False
400,48,135,0.1719982773065567,False
400,48,140,0.048232756555080414,False
400,48,145,0.05399772524833679,False
400,48,150,0.057700227946043015,False
400,48,155,0.041898343712091446,False
400,48,160,0.04461831972002983,False
400,48,165,0.015577184036374092,False
400,48,170,0.045657798647880554,False
400,48,175,0.03593020886182785,False
400,48,180,0.08317995071411133,False
400,48,185,0.1212168037891388,False
400,48,190,0.04555124044418335,False
400,48,195,0.033197905868291855,False
400,48,200,0.11772176623344421,False
400,48,205,0.08197827637195587,False
400,48,210,0.09957116097211838,False
400,48,215,0.03903529420495033,False
400,48,220,0.04033627361059189,False
400,48,225,0.04517991468310356,False
400,48,230,0.03437979519367218,False
400,48,235,0.015441461466252804,False
400,48,240,0.021885791793465614,False
400,48,245,0.044615257531404495,False
400,48,250,0.09136979281902313,False
400,48,255,0.03564517945051193,False
400,48,260,0.06687047332525253,False
400,48,265,0.018222332000732422,False
400,48,270,0.029614152386784554,False
400,48,275,0.0516667477786541,False
400,48,280,0.03920814022421837,False
400,48,285,0.02401476725935936,False
400,48,290,0.011037593707442284,False
400,48,295,0.02814771607518196,False
400,48,300,0.06881677359342575,False
400,48,305,0.05341691896319389,False
400,48,310,0.03615935519337654,False
400,48,315,0.008109084330499172,False
400,48,320,0.06272318214178085,False
400,48,325,0.026475561782717705,False
400,48,330,0.03410206362605095,False
400,48,335,0.01977846957743168,False
400,48,340,0.03480703756213188,False
400,48,345,0.04512587562203407,False
400,48,350,0.028626088052988052,False
400,48,355,0.038060709834098816,False
400,48,360,0.0533905103802681,False
400,48,365,0.056261032819747925,False
400,48,370,0.02031063847243786,False
400,48,375,0.018803782761096954,False
400,48,380,0.018783360719680786,False
400,48,385,0.08015711605548859,False
400,48,390,0.06327538192272186,False
400,48,395,0.09196595847606659,False
400,48,400,0.0202499832957983,False
400,48,405,0.01478683203458786,False
400,49,10,0.08634384721517563,False
400,49,15,0.11601793766021729,False
400,49,20,0.12777076661586761,False
400,49,25,0.07088825106620789,False
400,49,30,0.07562436163425446,False
400,49,35,0.5099794268608093,False
400,49,40,0.22883887588977814,False
400,49,45,0.11128433793783188,False
400,49,50,0.0413968451321125,False
400,49,55,0.08352787047624588,False
400,49,60,0.08154641836881638,False
400,49,65,0.11205925047397614,False
400,49,70,0.23433852195739746,False
400,49,75,0.11968855559825897,False
400,49,80,0.17562150955200195,False
400,49,85,0.22624532878398895,False
400,49,90,0.19859321415424347,False
400,49,95,0.026780512183904648,False
400,49,100,0.2541753649711609,False
400,49,105,0.1507209837436676,False
400,49,110,0.10600531101226807,False
400,49,115,0.21353647112846375,False
400,49,120,0.03743431717157364,False
400,49,125,0.056627094745635986,False
400,49,130,0.20722723007202148,False
400,49,135,0.2282411754131317,False
400,49,140,0.13944588601589203,False
400,49,145,0.12343213707208633,False
400,49,150,0.06417266279459,False
400,49,155,0.22037199139595032,False
400,49,160,0.052379678934812546,False
400,49,165,0.051103848963975906,False
400,49,170,0.03545977547764778,False
400,49,175,0.07880710810422897,False
400,49,180,0.059197865426540375,False
400,49,185,0.06729847192764282,False
400,49,190,0.0817410871386528,False
400,49,195,0.04687076434493065,False
400,49,200,0.04623042792081833,False
400,49,205,0.021690191701054573,False
400,49,210,0.08561162650585175,False
400,49,215,0.04798806831240654,False
400,49,220,0.05319584161043167,False
400,49,225,0.039546653628349304,False
400,49,230,0.0754188746213913,False
400,49,235,0.12558415532112122,False
400,49,240,0.03285748511552811,False
400,49,245,0.08907431364059448,False
400,49,250,0.04517454653978348,False
400,49,255,0.034511812031269073,False
400,49,260,0.04111209139227867,False
400,49,265,0.04143510013818741,False
400,49,270,0.04145287349820137,False
400,49,275,0.039439454674720764,False
400,49,280,0.02535238489508629,False
400,49,285,0.06767421215772629,False
400,49,290,0.032814815640449524,False
400,49,295,0.010671081021428108,False
400,49,300,0.028982648625969887,False
400,49,305,0.036329399794340134,False
400,49,310,0.04263737425208092,False
400,49,315,0.10186484456062317,False
400,49,320,0.06969644874334335,False
400,49,325,0.07675866037607193,False
400,49,330,0.1344827264547348,False
400,49,335,0.08503666520118713,False
400,49,340,0.05323251709342003,False
400,49,345,0.10290700942277908,False
400,49,350,0.06925063580274582,False
400,49,355,0.06485287845134735,False
400,49,360,0.10181740671396255,False
400,49,365,0.10878071188926697,False
400,49,370,0.03374570235610008,False
400,49,375,0.0457087941467762,False
400,49,380,0.011089661158621311,False
400,49,385,0.11203531175851822,False
400,49,390,0.03661573305726051,False
400,49,395,0.0579768568277359,False
400,49,400,0.060754187405109406,False
400,49,405,0.05706615373492241,False
500,0,10,0.06659624725580215,False
500,0,15,0.10665260255336761,False
500,0,20,0.06952580064535141,False
500,0,25,0.06575484573841095,False
500,0,30,0.12983044981956482,False
500,0,35,0.2526966631412506,False
500,0,40,0.5516188144683838,False
500,0,45,0.6559819579124451,False
500,0,50,0.22195833921432495,False
500,0,55,0.06409595161676407,False
500,0,60,0.02776133082807064,False
500,0,65,0.09633652865886688,False
500,0,70,0.036773089319467545,False
500,0,75,0.027227047830820084,False
500,0,80,0.0576665885746479,False
500,0,85,0.08606359362602234,False
500,0,90,0.08159003406763077,False
500,0,95,0.07949378341436386,False
500,0,100,0.042004648596048355,False
500,0,105,0.12319088727235794,False
500,0,110,0.07829635590314865,False
500,0,115,0.08054671436548233,False
500,0,120,0.02393425442278385,False
500,0,125,0.06266339868307114,False
500,0,130,0.06607614457607269,False
500,0,135,0.1609618365764618,False
500,0,140,0.03548905625939369,False
500,0,145,0.020630190148949623,False
500,0,150,0.04525984078645706,False
500,0,155,0.05111333727836609,False
500,0,160,0.03654252737760544,False
500,0,165,0.0448821596801281,False
500,0,170,0.05993521586060524,False
500,0,175,0.0561835840344429,False
500,0,180,0.1157655268907547,False
500,0,185,0.16421830654144287,False
500,0,190,0.09712686389684677,False
500,0,195,0.04753318056464195,False
500,0,200,0.1443404257297516,False
500,0,205,0.04050203785300255,False
500,0,210,0.10018786787986755,False
500,0,215,0.036341071128845215,False
500,0,220,0.0778350755572319,False
500,0,225,0.0441407784819603,False
500,0,230,0.05622683838009834,False
500,0,235,0.0299428328871727,False
500,0,240,0.028426317498087883,False
500,0,245,0.02101021073758602,False
500,0,250,0.08320338279008865,False
500,0,255,0.03184466436505318,False
500,0,260,0.08800751715898514,False
500,0,265,0.09301251173019409,False
500,0,270,0.05832850933074951,False
500,0,275,0.0202554389834404,False
500,0,280,0.010429078713059425,False
500,0,285,0.12239059060811996,False
500,0,290,0.06412728130817413,False
500,0,295,0.11032751947641373,False
500,0,300,0.18834780156612396,False
500,0,305,0.1107095330953598,False
500,0,310,0.06555434316396713,False
500,0,315,0.043896209448575974,False
500,0,320,0.059253644198179245,False
500,0,325,0.15465839207172394,False
500,0,330,0.0687025934457779,False
500,0,335,0.071793332695961,False
500,0,340,0.08646310865879059,False
500,0,345,0.13593222200870514,False
500,0,350,0.05566519498825073,False
500,0,355,0.09363383799791336,False
500,0,360,0.06597016751766205,False
500,0,365,0.08599750697612762,False
500,0,370,0.03433096781373024,False
500,0,375,0.0350533202290535,False
500,0,380,0.0595472976565361,False
500,0,385,0.009925102815032005,False
500,0,390,0.02544816955924034,False
500,0,395,0.08068550378084183,False
500,0,400,0.09176059067249298,False
500,0,405,0.048519741743803024,False
500,1,10,0.06510455161333084,False
500,1,15,0.16777685284614563,False
500,1,20,0.14472180604934692,False
500,1,25,0.18586532771587372,False
500,1,30,0.1376742720603943,False
500,1,35,0.22044408321380615,False
500,1,40,0.1419375091791153,False
500,1,45,0.27767300605773926,False
500,1,50,0.1338200867176056,False
500,1,55,0.08093597739934921,False
500,1,60,0.08407586067914963,False
500,1,65,0.1566929668188095,False
500,1,70,0.22699396312236786,False
500,1,75,0.18749287724494934,False
500,1,80,0.09305094927549362,False
500,1,85,0.1560215950012207,False
500,1,90,0.2815689742565155,False
500,1,95,0.06839185208082199,False
500,1,100,0.44644466042518616,False
500,1,105,0.3366098701953888,False
500,1,110,0.40256431698799133,False
500,1,115,0.3764491379261017,False
500,1,120,0.4889015555381775,False
500,1,125,0.46916720271110535,False
500,1,130,0.49279433488845825,False
500,1,135,0.46475982666015625,False
500,1,140,0.2936548590660095,False
500,1,145,0.4618515372276306,False
500,1,150,0.4130575358867645,False
500,1,155,0.40736493468284607,False
500,1,160,0.23807182908058167,False
500,1,165,0.45239633321762085,False
500,1,170,0.28899696469306946,False
500,1,175,0.5338911414146423,False
500,1,180,0.6836891174316406,False
500,1,185,0.5961193442344666,False
500,1,190,0.298387736082077,False
500,1,195,0.5539535284042358,False
500,1,200,0.0954471156001091,False
500,1,205,0.08841955661773682,False
500,1,210,0.32498791813850403,False
500,1,215,0.1926339566707611,False
500,1,220,0.1872083991765976,False
500,1,225,0.20979593694210052,False
500,1,230,0.24880389869213104,False
500,1,235,0.041524991393089294,False
500,1,240,0.05383053794503212,False
500,1,245,0.06717335432767868,False
500,1,250,0.0772295743227005,False
500,1,255,0.048409633338451385,False
500,1,260,0.08756513893604279,False
500,1,265,0.10802992433309555,False
500,1,270,0.07228489965200424,False
500,1,275,0.04302334412932396,False
500,1,280,0.07489273697137833,False
500,1,285,0.10339809954166412,False
500,1,290,0.08730532228946686,False
500,1,295,0.08446089178323746,False
500,1,300,0.11007393151521683,False
500,1,305,0.09852463006973267,False
500,1,310,0.02738424949347973,False
500,1,315,0.02482001855969429,False
500,1,320,0.1389465630054474,False
500,1,325,0.1357499063014984,False
500,1,330,0.11754429340362549,False
500,1,335,0.1088034138083458,False
500,1,340,0.10791818052530289,False
500,1,345,0.11540183424949646,False
500,1,350,0.11301250010728836,False
500,1,355,0.12038810551166534,False
500,1,360,0.15453043580055237,False
500,1,365,0.1815548986196518,False
500,1,370,0.18597277998924255,False
500,1,375,0.20543985068798065,False
500,1,380,0.061101846396923065,False
500,1,385,0.2229338437318802,False
500,1,390,0.16674312949180603,False
500,1,395,0.1979692429304123,False
500,1,400,0.10927233099937439,False
500,1,405,0.08962935209274292,False
500,2,10,0.07437793165445328,False
500,2,15,0.17925940454006195,False
500,2,20,0.1520400047302246,False
500,2,25,0.07515054196119308,False
500,2,30,0.03643115982413292,False
500,2,35,0.08414078503847122,False
500,2,40,0.08127553015947342,False
500,2,45,0.15995511412620544,False
500,2,50,0.1852649301290512,False
500,2,55,0.151680126786232,False
500,2,60,0.0990491583943367,False
500,2,65,0.26056545972824097,False
500,2,70,0.2803559899330139,False
500,2,75,0.15463756024837494,False
500,2,80,0.14445409178733826,False
500,2,85,0.5299789309501648,False
500,2,90,0.5525078177452087,False
500,2,95,0.07468639314174652,False
500,2,100,0.45818692445755005,False
500,2,105,0.11184947192668915,False
500,2,110,0.07186450809240341,False
500,2,115,0.4309198558330536,False
500,2,120,0.16521859169006348,False
500,2,125,0.273272842168808,False
500,2,130,0.3468688726425171,False
500,2,135,0.3401855230331421,False
500,2,140,0.3254813849925995,False
500,2,145,0.37681031227111816,False
500,2,150,0.36614128947257996,False
500,2,155,0.11577681452035904,False
500,2,160,0.07601519674062729,False
500,2,165,0.043164707720279694,False
500,2,170,0.04370861127972603,False
500,2,175,0.10877691209316254,False
500,2,180,0.08396375179290771,False
500,2,185,0.05302933603525162,False
500,2,190,0.050704143941402435,False
500,2,195,0.20377427339553833,False
500,2,200,0.06476091593503952,False
500,2,205,0.07488297671079636,False
500,2,210,0.08332236856222153,False
500,2,215,0.15898914635181427,False
500,2,220,0.17540904879570007,False
500,2,225,0.060226719826459885,False
500,2,230,0.21573933959007263,False
500,2,235,0.14737197756767273,False
500,2,240,0.040374401956796646,False
500,2,245,0.09545431286096573,False
500,2,250,0.13060708343982697,False
500,2,255,0.08424392342567444,False
500,2,260,0.13910241425037384,False
500,2,265,0.11250341683626175,False
500,2,270,0.057184457778930664,False
500,2,275,0.0501498207449913,False
500,2,280,0.07703512907028198,False
500,2,285,0.03214291110634804,False
500,2,290,0.12375109642744064,False
500,2,295,0.039605479687452316,False
500,2,300,0.040223754942417145,False
500,2,305,0.04835137724876404,False
500,2,310,0.18237149715423584,False
500,2,315,0.21839377284049988,False
500,2,320,0.12745247781276703,False
500,2,325,0.06936223059892654,False
500,2,330,0.037899285554885864,False
500,2,335,0.03677823022007942,False
500,2,340,0.10662636160850525,False
500,2,345,0.049458280205726624,False
500,2,350,0.09924495965242386,False
500,2,355,0.10225455462932587,False
500,2,360,0.13243836164474487,False
500,2,365,0.14458714425563812,False
500,2,370,0.062126561999320984,False
500,2,375,0.07152928411960602,False
500,2,380,0.03213510662317276,False
500,2,385,0.26190850138664246,False
500,2,390,0.17003478109836578,False
500,2,395,0.16487593948841095,False
500,2,400,0.09404832869768143,False
500,2,405,0.07344485819339752,False
500,3,10,0.11003082245588303,False
500,3,15,0.22789230942726135,False
500,3,20,0.12812989950180054,False
500,3,25,0.0974360927939415,False
500,3,30,0.15603843331336975,False
500,3,35,0.2944484353065491,False
500,3,40,0.17329777777194977,False
500,3,45,0.05389035493135452,False
500,3,50,0.06452592462301254,False
500,3,55,0.05720556154847145,False
500,3,60,0.09281071275472641,False
500,3,65,0.08436625450849533,False
500,3,70,0.17989836633205414,False
500,3,75,0.16199086606502533,False
500,3,80,0.123953677713871,False
500,3,85,0.18250204622745514,False
500,3,90,0.07018265128135681,False
500,3,95,0.027359243482351303,False
500,3,100,0.07499261945486069,False
500,3,105,0.07355844974517822,False
500,3,110,0.08253449201583862,False
500,3,115,0.09092649072408676,False
500,3,120,0.16882416605949402,False
500,3,125,0.054627884179353714,False
500,3,130,0.040286678820848465,False
500,3,135,0.0731247290968895,False
500,3,140,0.09751161932945251,False
500,3,145,0.07883056253194809,False
500,3,150,0.049754876643419266,False
500,3,155,0.0824444442987442,False
500,3,160,0.02880910597741604,False
500,3,165,0.10530806332826614,False
500,3,170,0.1138034388422966,False
500,3,175,0.056498341262340546,False
500,3,180,0.2105691134929657,False
500,3,185,0.06934667378664017,False
500,3,190,0.08843761682510376,False
500,3,195,0.07323335856199265,False
500,3,200,0.029760098084807396,False
500,3,205,0.01740441285073757,False
500,3,210,0.038111310452222824,False
500,3,215,0.060744982212781906,False
500,3,220,0.09106497466564178,False
500,3,225,0.0634256899356842,False
500,3,230,0.14241205155849457,False
500,3,235,0.062454160302877426,False
500,3,240,0.042946696281433105,False
500,3,245,0.062963105738163,False
500,3,250,0.04308366775512695,False
500,3,255,0.09164305031299591,False
500,3,260,0.040053535252809525,False
500,3,265,0.1071266457438469,False
500,3,270,0.13507728278636932,False
500,3,275,0.21852196753025055,False
500,3,280,0.20624083280563354,False
500,3,285,0.09987849742174149,False
500,3,290,0.15595018863677979,False
500,3,295,0.20479653775691986,False
500,3,300,0.20765624940395355,False
500,3,305,0.07809383422136307,False
500,3,310,0.1550506353378296,False
500,3,315,0.13539528846740723,False
500,3,320,0.08645549416542053,False
500,3,325,0.2606697976589203,False
500,3,330,0.15975555777549744,False
500,3,335,0.14570558071136475,False
500,3,340,0.08773573487997055,False
500,3,345,0.3285042345523834,False
500,3,350,0.14943622052669525,False
500,3,355,0.057090964168310165,False
500,3,360,0.12080493569374084,False
500,3,365,0.15809020400047302,False
500,3,370,0.1295366734266281,False
500,3,375,0.10353627055883408,False
500,3,380,0.10375270992517471,False
500,3,385,0.23677878081798553,False
500,3,390,0.11065947264432907,False
500,3,395,0.12556740641593933,False
500,3,400,0.06703755259513855,False
500,3,405,0.28443750739097595,False
500,4,10,0.05744817107915878,False
500,4,15,0.08365053683519363,False
500,4,20,0.040415771305561066,False
500,4,25,0.06279875338077545,False
500,4,30,0.030389562249183655,False
500,4,35,0.3759535253047943,False
500,4,40,0.6657167077064514,False
500,4,45,0.3710439205169678,False
500,4,50,0.13947245478630066,False
500,4,55,0.07294152677059174,False
500,4,60,0.09659142047166824,False
500,4,65,0.10949688404798508,False
500,4,70,0.06449669599533081,False
500,4,75,0.03924371674656868,False
500,4,80,0.14205962419509888,False
500,4,85,0.09834353625774384,False
500,4,90,0.09047561138868332,False
500,4,95,0.13702274858951569,False
500,4,100,0.09307241439819336,False
500,4,105,0.11869809031486511,False
500,4,110,0.10511063039302826,False
500,4,115,0.1079820916056633,False
500,4,120,0.129426047205925,False
500,4,125,0.10578904300928116,False
500,4,130,0.13288776576519012,False
500,4,135,0.18187463283538818,False
500,4,140,0.08616437762975693,False
500,4,145,0.10907404869794846,False
500,4,150,0.13058531284332275,False
500,4,155,0.19162753224372864,False
500,4,160,0.02178466133773327,False
500,4,165,0.03208817541599274,False
500,4,170,0.11422634869813919,False
500,4,175,0.011677661910653114,False
500,4,180,0.05431653559207916,False
500,4,185,0.06710994988679886,False
500,4,190,0.0319296233355999,False
500,4,195,0.022198472172021866,False
500,4,200,0.06130140274763107,False
500,4,205,0.03279528394341469,False
500,4,210,0.046723030507564545,False
500,4,215,0.04340505227446556,False
500,4,220,0.013928757049143314,False
500,4,225,0.04935453459620476,False
500,4,230,0.03615029528737068,False
500,4,235,0.08469635993242264,False
500,4,240,0.014433948323130608,False
500,4,245,0.049576397985219955,False
500,4,250,0.034175749868154526,False
500,4,255,0.021672392264008522,False
500,4,260,0.04586363211274147,False
500,4,265,0.03247220441699028,False
500,4,270,0.08898364007472992,False
500,4,275,0.06642965972423553,False
500,4,280,0.0818353220820427,False
500,4,285,0.09378976374864578,False
500,4,290,0.06991926580667496,False
500,4,295,0.04053211957216263,False
500,4,300,0.050440434366464615,False
500,4,305,0.03679879382252693,False
500,4,310,0.016580330207943916,False
500,4,315,0.015362969599664211,False
500,4,320,0.02136443927884102,False
500,4,325,0.06586463004350662,False
500,4,330,0.10397099703550339,False
500,4,335,0.06363888084888458,False
500,4,340,0.08485148847103119,False
500,4,345,0.06665757298469543,False
500,4,350,0.03425201028585434,False
500,4,355,0.025597425177693367,False
500,4,360,0.04084738716483116,False
500,4,365,0.03442796319723129,False
500,4,370,0.028058990836143494,False
500,4,375,0.03172016516327858,False
500,4,380,0.043920330703258514,False
500,4,385,0.012242165394127369,False
500,4,390,0.03683627396821976,False
500,4,395,0.018319007009267807,False
500,4,400,0.040924958884716034,False
500,4,405,0.016342753544449806,False
500,5,10,0.05709993094205856,False
500,5,15,0.1652500331401825,False
500,5,20,0.032632846385240555,False
500,5,25,0.10656888782978058,False
500,5,30,0.0767572820186615,False
500,5,35,0.1285097897052765,False
500,5,40,0.33890795707702637,False
500,5,45,0.2709242105484009,False
500,5,50,0.02393318898975849,False
500,5,55,0.13572633266448975,False
500,5,60,0.12666729092597961,False
500,5,65,0.33221176266670227,False
500,5,70,0.04926249757409096,False
500,5,75,0.08394856750965118,False
500,5,80,0.08304422348737717,False
500,5,85,0.03713507205247879,False
500,5,90,0.07311848551034927,False
500,5,95,0.09735140204429626,False
500,5,100,0.1442769318819046,False
500,5,105,0.037089210003614426,False
500,5,110,0.0816781297326088,False
500,5,115,0.016905345022678375,False
500,5,120,0.022467324510216713,False
500,5,125,0.06294199824333191,False
500,5,130,0.06556568294763565,False
500,5,135,0.04080461710691452,False
500,5,140,0.03391340747475624,False
500,5,145,0.02399035170674324,False
500,5,150,0.01590035669505596,False
500,5,155,0.12839223444461823,False
500,5,160,0.11740709096193314,False
500,5,165,0.06516270339488983,False
500,5,170,0.07792232930660248,False
500,5,175,0.02457885816693306,False
500,5,180,0.057557687163352966,False
500,5,185,0.04153943434357643,False
500,5,190,0.015827087685465813,False
500,5,195,0.05727779492735863,False
500,5,200,0.03569832444190979,False
500,5,205,0.08156248927116394,False
500,5,210,0.08592695742845535,False
500,5,215,0.0313037633895874,False
500,5,220,0.16053050756454468,False
500,5,225,0.03788013756275177,False
500,5,230,0.1360594630241394,False
500,5,235,0.08952532708644867,False
500,5,240,0.07028939574956894,False
500,5,245,0.03889596462249756,False
500,5,250,0.05035063251852989,False
500,5,255,0.02041665092110634,False
500,5,260,0.03872144967317581,False
500,5,265,0.04192002862691879,False
500,5,270,0.06111488491296768,False
500,5,275,0.03041047975420952,False
500,5,280,0.06534568965435028,False
500,5,285,0.06995293498039246,False
500,5,290,0.046872470527887344,False
500,5,295,0.12273243814706802,False
500,5,300,0.07379911094903946,False
500,5,305,0.15030376613140106,False
500,5,310,0.08832226693630219,False
500,5,315,0.05376845970749855,False
500,5,320,0.17012223601341248,False
500,5,325,0.056662511080503464,False
500,5,330,0.08315832167863846,False
500,5,335,0.04704286530613899,False
500,5,340,0.06615287810564041,False
500,5,345,0.09322632849216461,False
500,5,350,0.0448208786547184,False
500,5,355,0.013709318824112415,False
500,5,360,0.04576454684138298,False
500,5,365,0.039584141224622726,False
500,5,370,0.03816332295536995,False
500,5,375,0.07224137336015701,False
500,5,380,0.030952563509345055,False
500,5,385,0.14792513847351074,False
500,5,390,0.039268579334020615,False
500,5,395,0.04050068557262421,False
500,5,400,0.07752852886915207,False
500,5,405,0.030343398451805115,False
500,6,10,0.05296577513217926,False
500,6,15,0.14130470156669617,False
500,6,20,0.04793550819158554,False
500,6,25,0.13680829107761383,False
500,6,30,0.09676381945610046,False
500,6,35,0.39690282940864563,False
500,6,40,0.21045804023742676,False
500,6,45,0.06598617136478424,False
500,6,50,0.050055019557476044,False
500,6,55,0.03986962512135506,False
500,6,60,0.030255358666181564,False
500,6,65,0.03562350198626518,False
500,6,70,0.11779902875423431,False
500,6,75,0.08177213370800018,False
500,6,80,0.24113020300865173,False
500,6,85,0.2481604963541031,False
500,6,90,0.12306104600429535,False
500,6,95,0.041485920548439026,False
500,6,100,0.09790334850549698,False
500,6,105,0.07138765603303909,False
500,6,110,0.12293283641338348,False
500,6,115,0.12826137244701385,False
500,6,120,0.14402586221694946,False
500,6,125,0.034876883029937744,False
500,6,130,0.03638601675629616,False
500,6,135,0.027591856196522713,False
500,6,140,0.05634211748838425,False
500,6,145,0.04561054706573486,False
500,6,150,0.04232266545295715,False
500,6,155,0.06774596124887466,False
500,6,160,0.029407832771539688,False
500,6,165,0.07947227358818054,False
500,6,170,0.03249068558216095,False
500,6,175,0.02104419842362404,False
500,6,180,0.15606790781021118,False
500,6,185,0.04438420385122299,False
500,6,190,0.08902738988399506,False
500,6,195,0.0873044803738594,False
500,6,200,0.042977817356586456,False
500,6,205,0.12942786514759064,False
500,6,210,0.03931428864598274,False
500,6,215,0.09909205883741379,False
500,6,220,0.10095584392547607,False
500,6,225,0.09323750436306,False
500,6,230,0.10040499269962311,False
500,6,235,0.03307650238275528,False
500,6,240,0.11434868723154068,False
500,6,245,0.14331363141536713,False
500,6,250,0.040053922683000565,False
500,6,255,0.037882570177316666,False
500,6,260,0.033625759184360504,False
500,6,265,0.14252637326717377,False
500,6,270,0.06027878820896149,False
500,6,275,0.051787395030260086,False
500,6,280,0.08708555996417999,False
500,6,285,0.049746543169021606,False
500,6,290,0.2026240974664688,False
500,6,295,0.1662115603685379,False
500,6,300,0.029017267748713493,False
500,6,305,0.03761040046811104,False
500,6,310,0.06687846034765244,False
500,6,315,0.03521700203418732,False
500,6,320,0.2407097965478897,False
500,6,325,0.137731671333313,False
500,6,330,0.07705221325159073,False
500,6,335,0.11383657157421112,False
500,6,340,0.14273221790790558,False
500,6,345,0.29654717445373535,False
500,6,350,0.2017386257648468,False
500,6,355,0.09135977178812027,False
500,6,360,0.18724776804447174,False
500,6,365,0.14208532869815826,False
500,6,370,0.06690151244401932,False
500,6,375,0.043698616325855255,False
500,6,380,0.032581161707639694,False
500,6,385,0.10276332497596741,False
500,6,390,0.05699978396296501,False
500,6,395,0.10236482322216034,False
500,6,400,0.03208646550774574,False
500,6,405,0.005408505443483591,False
500,7,10,0.060705192387104034,False
500,7,15,0.13895423710346222,False
500,7,20,0.04505963623523712,False
500,7,25,0.08277932554483414,False
500,7,30,0.031828925013542175,False
500,7,35,0.15702390670776367,False
500,7,40,0.5831692218780518,False
500,7,45,0.680564820766449,False
500,7,50,0.38053226470947266,False
500,7,55,0.08869726210832596,False
500,7,60,0.060567788779735565,False
500,7,65,0.12666338682174683,False
500,7,70,0.0699068158864975,False
500,7,75,0.018501440063118935,False
500,7,80,0.0673961490392685,False
500,7,85,0.13937415182590485,False
500,7,90,0.10446770489215851,False
500,7,95,0.10767827183008194,False
500,7,100,0.03467884287238121,False
500,7,105,0.09851762652397156,False
500,7,110,0.03891336917877197,False
500,7,115,0.07667919248342514,False
500,7,120,0.09905067086219788,False
500,7,125,0.07153914123773575,False
500,7,130,0.04129251837730408,False
500,7,135,0.19861742854118347,False
500,7,140,0.03754661604762077,False
500,7,145,0.05867971479892731,False
500,7,150,0.026251472532749176,False
500,7,155,0.03994547575712204,False
500,7,160,0.02845662087202072,False
500,7,165,0.018163423985242844,False
500,7,170,0.055038511753082275,False
500,7,175,0.04275539144873619,False
500,7,180,0.03213239088654518,False
500,7,185,0.027255022898316383,False
500,7,190,0.041799984872341156,False
500,7,195,0.04761110246181488,False
500,7,200,0.014461692422628403,False
500,7,205,0.020423997193574905,False
500,7,210,0.0563005730509758,False
500,7,215,0.10700790584087372,False
500,7,220,0.11363953351974487,False
500,7,225,0.11017095297574997,False
500,7,230,0.12560971081256866,False
500,7,235,0.09945615381002426,False
500,7,240,0.12881359457969666,False
500,7,245,0.03770887851715088,False
500,7,250,0.0592191182076931,False
500,7,255,0.1423659771680832,False
500,7,260,0.04564419761300087,False
500,7,265,0.08578550070524216,False
500,7,270,0.06571277976036072,False
500,7,275,0.05205872654914856,False
500,7,280,0.11806036531925201,False
500,7,285,0.10776137560606003,False
500,7,290,0.111079141497612,False
500,7,295,0.12197612971067429,False
500,7,300,0.12288490682840347,False
500,7,305,0.09478803724050522,False
500,7,310,0.07521792501211166,False
500,7,315,0.06733593344688416,False
500,7,320,0.057849664241075516,False
500,7,325,0.08986666798591614,False
500,7,330,0.10269287973642349,False
500,7,335,0.06329111754894257,False
500,7,340,0.06999135762453079,False
500,7,345,0.06703479588031769,False
500,7,350,0.017774417996406555,False
500,7,355,0.019060149788856506,False
500,7,360,0.05326112359762192,False
500,7,365,0.03795318305492401,False
500,7,370,0.0250378530472517,False
500,7,375,0.06761132925748825,False
500,7,380,0.08708933740854263,False
500,7,385,0.02740025520324707,False
500,7,390,0.049058299511671066,False
500,7,395,0.055576443672180176,False
500,7,400,0.12657789885997772,False
500,7,405,0.045406825840473175,False
500,8,10,0.12129916250705719,False
500,8,15,0.1563614159822464,False
500,8,20,0.14258231222629547,False
500,8,25,0.06348161399364471,False
500,8,30,0.05007500946521759,False
500,8,35,0.3042032718658447,False
500,8,40,0.3248424232006073,False
500,8,45,0.37733954191207886,False
500,8,50,0.5759158134460449,False
500,8,55,0.3077903389930725,False
500,8,60,0.32730016112327576,False
500,8,65,0.3105330467224121,False
500,8,70,0.21257929503917694,False
500,8,75,0.1665833443403244,False
500,8,80,0.35967352986335754,False
500,8,85,0.3510512411594391,False
500,8,90,0.38609230518341064,False
500,8,95,0.10068358480930328,False
500,8,100,0.46440261602401733,False
500,8,105,0.20799338817596436,False
500,8,110,0.04694131016731262,False
500,8,115,0.6173211932182312,False
500,8,120,0.09453233331441879,False
500,8,125,0.2863370180130005,False
500,8,130,0.2316138744354248,False
500,8,135,0.23528429865837097,False
500,8,140,0.17330223321914673,False
500,8,145,0.1432485729455948,False
500,8,150,0.05039263516664505,False
500,8,155,0.06176315248012543,False
500,8,160,0.2241075336933136,False
500,8,165,0.1669064462184906,False
500,8,170,0.08368369191884995,False
500,8,175,0.11953510344028473,False
500,8,180,0.2005612850189209,False
500,8,185,0.06998621672391891,False
500,8,190,0.20618905127048492,False
500,8,195,0.16809184849262238,False
500,8,200,0.07194846868515015,False
500,8,205,0.10492531210184097,False
500,8,210,0.12705279886722565,False
500,8,215,0.10370880365371704,False
500,8,220,0.05929163098335266,False
500,8,225,0.06202949211001396,False
500,8,230,0.06074818596243858,False
500,8,235,0.0311120692640543,False
500,8,240,0.07769957184791565,False
500,8,245,0.03943406045436859,False
500,8,250,0.09796768426895142,False
500,8,255,0.1923931986093521,False
500,8,260,0.10334736108779907,False
500,8,265,0.1740717589855194,False
500,8,270,0.1574951708316803,False
500,8,275,0.14950864017009735,False
500,8,280,0.16466578841209412,False
500,8,285,0.09171897172927856,False
500,8,290,0.16254259645938873,False
500,8,295,0.2365075796842575,False
500,8,300,0.13489265739917755,False
500,8,305,0.05808841437101364,False
500,8,310,0.12424784898757935,False
500,8,315,0.17799025774002075,False
500,8,320,0.12036991864442825,False
500,8,325,0.11581607908010483,False
500,8,330,0.1523374617099762,False
500,8,335,0.17059384286403656,False
500,8,340,0.12126006931066513,False
500,8,345,0.09754368662834167,False
500,8,350,0.05993984639644623,False
500,8,355,0.10408289730548859,False
500,8,360,0.13544508814811707,False
500,8,365,0.12195687741041183,False
500,8,370,0.11921264231204987,False
500,8,375,0.06646396219730377,False
500,8,380,0.08523529022932053,False
500,8,385,0.04127458855509758,False
500,8,390,0.11573542654514313,False
500,8,395,0.1455039381980896,False
500,8,400,0.09959904104471207,False
500,8,405,0.10551739484071732,False
500,9,10,0.03082016110420227,False
500,9,15,0.08001379668712616,False
500,9,20,0.05566393956542015,False
500,9,25,0.07209538668394089,False
500,9,30,0.10305439680814743,False
500,9,35,0.3450908362865448,False
500,9,40,0.5245363712310791,False
500,9,45,0.6185235977172852,False
500,9,50,0.38691529631614685,False
500,9,55,0.09733105450868607,False
500,9,60,0.058754388242959976,False
500,9,65,0.14086171984672546,False
500,9,70,0.06113141402602196,False
500,9,75,0.02953002229332924,False
500,9,80,0.08646485209465027,False
500,9,85,0.19477219879627228,False
500,9,90,0.15672464668750763,False
500,9,95,0.06858184188604355,False
500,9,100,0.06545453518629074,False
500,9,105,0.08409251272678375,False
500,9,110,0.06289558112621307,False
500,9,115,0.16409513354301453,False
500,9,120,0.1488458514213562,False
500,9,125,0.13998723030090332,False
500,9,130,0.0811302661895752,False
500,9,135,0.2071262001991272,False
500,9,140,0.04184051975607872,False
500,9,145,0.12643925845623016,False
500,9,150,0.06925385445356369,False
500,9,155,0.02446269616484642,False
500,9,160,0.03690177947282791,False
500,9,165,0.035524558275938034,False
500,9,170,0.052851852029561996,False
500,9,175,0.04167397692799568,False
500,9,180,0.059433601796627045,False
500,9,185,0.017473962157964706,False
500,9,190,0.01934652030467987,False
500,9,195,0.045676134526729584,False
500,9,200,0.02908414602279663,False
500,9,205,0.019101852551102638,False
500,9,210,0.035004276782274246,False
500,9,215,0.05611361935734749,False
500,9,220,0.08053648471832275,False
500,9,225,0.06033480539917946,False
500,9,230,0.08580233156681061,False
500,9,235,0.11621498316526413,False
500,9,240,0.0927882194519043,False
500,9,245,0.034902267158031464,False
500,9,250,0.028108229860663414,False
500,9,255,0.13390888273715973,False
500,9,260,0.03920481353998184,False
500,9,265,0.05361660569906235,False
500,9,270,0.05553550273180008,False
500,9,275,0.06059205159544945,False
500,9,280,0.098079614341259,False
500,9,285,0.15534906089305878,False
500,9,290,0.08367118239402771,False
500,9,295,0.0945231094956398,False
500,9,300,0.04460040107369423,False
500,9,305,0.04121009632945061,False
500,9,310,0.05897218734025955,False
500,9,315,0.05554762855172157,False
500,9,320,0.03587952256202698,False
500,9,325,0.0567384697496891,False
500,9,330,0.05993594601750374,False
500,9,335,0.08168039470911026,False
500,9,340,0.06065205857157707,False
500,9,345,0.1148955300450325,False
500,9,350,0.04855586215853691,False
500,9,355,0.07096327841281891,False
500,9,360,0.060289882123470306,False
500,9,365,0.11137140542268753,False
500,9,370,0.10599254816770554,False
500,9,375,0.018957480788230896,False
500,9,380,0.07563236355781555,False
500,9,385,0.022387851029634476,False
500,9,390,0.03607070446014404,False
500,9,395,0.051819007843732834,False
500,9,400,0.04427732899785042,False
500,9,405,0.02648666314780712,False
500,10,10,0.10329826176166534,False
500,10,15,0.23827652633190155,False
500,10,20,0.14448796212673187,False
500,10,25,0.05399984121322632,False
500,10,30,0.09110499173402786,False
500,10,35,0.5278466939926147,False
500,10,40,0.2069663107395172,False
500,10,45,0.019667403772473335,False
500,10,50,0.13653789460659027,False
500,10,55,0.14391791820526123,False
500,10,60,0.047231726348400116,False
500,10,65,0.07257940620183945,False
500,10,70,0.014368211850523949,False
500,10,75,0.019655125215649605,False
500,10,80,0.03821650892496109,False
500,10,85,0.06891036033630371,False
500,10,90,0.03161638602614403,False
500,10,95,0.09022180736064911,False
500,10,100,0.027636392042040825,False
500,10,105,0.019617296755313873,False
500,10,110,0.024593783542513847,False
500,10,115,0.07579567283391953,False
500,10,120,0.09572983533143997,False
500,10,125,0.04877204820513725,False
500,10,130,0.03082316927611828,False
500,10,135,0.12506654858589172,False
500,10,140,0.017512328922748566,False
500,10,145,0.03258196637034416,False
500,10,150,0.03246007487177849,False
500,10,155,0.11370992660522461,False
500,10,160,0.0694437101483345,False
500,10,165,0.04341045767068863,False
500,10,170,0.14592553675174713,False
500,10,175,0.0761454701423645,False
500,10,180,0.14272567629814148,False
500,10,185,0.1799905151128769,False
500,10,190,0.17817068099975586,False
500,10,195,0.07903020083904266,False
500,10,200,0.1007184237241745,False
500,10,205,0.12335312366485596,False
500,10,210,0.1780230551958084,False
500,10,215,0.059437621384859085,False
500,10,220,0.14814914762973785,False
500,10,225,0.08015832304954529,False
500,10,230,0.06445286422967911,False
500,10,235,0.0663541853427887,False
500,10,240,0.03519311547279358,False
500,10,245,0.017570819705724716,False
500,10,250,0.039103515446186066,False
500,10,255,0.039341773837804794,False
500,10,260,0.037238724529743195,False
500,10,265,0.03418905660510063,False
500,10,270,0.037248894572257996,False
500,10,275,0.029132993891835213,False
500,10,280,0.031946033239364624,False
500,10,285,0.06779266148805618,False
500,10,290,0.028016971424221992,False
500,10,295,0.022280942648649216,False
500,10,300,0.0568338967859745,False
500,10,305,0.025071848183870316,False
500,10,310,0.017392287030816078,False
500,10,315,0.016821112483739853,False
500,10,320,0.028087535873055458,False
500,10,325,0.02588718943297863,False
500,10,330,0.04605066031217575,False
500,10,335,0.017266301438212395,False
500,10,340,0.035386472940444946,False
500,10,345,0.03343852609395981,False
500,10,350,0.01593179628252983,False
500,10,355,0.01994539424777031,False
500,10,360,0.009710020385682583,False
500,10,365,0.03091348148882389,False
500,10,370,0.025109751150012016,False
500,10,375,0.05770869553089142,False
500,10,380,0.019187454134225845,False
500,10,385,0.06804128736257553,False
500,10,390,0.028751175850629807,False
500,10,395,0.04406262934207916,False
500,10,400,0.05863367021083832,False
500,10,405,0.01650426909327507,False
500,11,10,0.10181725025177002,False
500,11,15,0.1710527390241623,False
500,11,20,0.11877316236495972,False
500,11,25,0.09445913136005402,False
500,11,30,0.04984311759471893,False
500,11,35,0.14108870923519135,False
500,11,40,0.05749080702662468,False
500,11,45,0.06382367014884949,False
500,11,50,0.1296045482158661,False
500,11,55,0.1456526815891266,False
500,11,60,0.07265027612447739,False
500,11,65,0.2080964595079422,False
500,11,70,0.05248023197054863,False
500,11,75,0.0546666719019413,False
500,11,80,0.11932098865509033,False
500,11,85,0.12957245111465454,False
500,11,90,0.2431432455778122,False
500,11,95,0.043150439858436584,False
500,11,100,0.22309990227222443,False
500,11,105,0.10105720162391663,False
500,11,110,0.07425956428050995,False
500,11,115,0.14336828887462616,False
500,11,120,0.10086411982774734,False
500,11,125,0.1399015635251999,False
500,11,130,0.20184975862503052,False
500,11,135,0.08378162235021591,False
500,11,140,0.14136086404323578,False
500,11,145,0.11520988494157791,False
500,11,150,0.10665629804134369,False
500,11,155,0.09542147815227509,False
500,11,160,0.07382421940565109,False
500,11,165,0.04755627363920212,False
500,11,170,0.1153935119509697,False
500,11,175,0.026911552995443344,False
500,11,180,0.15981586277484894,False
500,11,185,0.11096882075071335,False
500,11,190,0.10604299604892731,False
500,11,195,0.1077805832028389,False
500,11,200,0.05609671026468277,False
500,11,205,0.03676636517047882,False
500,11,210,0.07782979309558868,False
500,11,215,0.07902239263057709,False
500,11,220,0.09321910887956619,False
500,11,225,0.1778353899717331,False
500,11,230,0.12070069462060928,False
500,11,235,0.15565034747123718,False
500,11,240,0.21264779567718506,False
500,11,245,0.1832829862833023,False
500,11,250,0.05945539101958275,False
500,11,255,0.09315071254968643,False
500,11,260,0.026978198438882828,False
500,11,265,0.05798080563545227,False
500,11,270,0.11855313926935196,False
500,11,275,0.08766604959964752,False
500,11,280,0.12088891118764877,False
500,11,285,0.08923642337322235,False
500,11,290,0.15635675191879272,False
500,11,295,0.15582405030727386,False
500,11,300,0.05964638292789459,False
500,11,305,0.08127622306346893,False
500,11,310,0.12593390047550201,False
500,11,315,0.10303043574094772,False
500,11,320,0.09546613693237305,False
500,11,325,0.17865945398807526,False
500,11,330,0.14836838841438293,False
500,11,335,0.07668835669755936,False
500,11,340,0.045382361859083176,False
500,11,345,0.334682822227478,False
500,11,350,0.17486602067947388,False
500,11,355,0.04173053056001663,False
500,11,360,0.09160126000642776,False
500,11,365,0.11996827274560928,False
500,11,370,0.14959201216697693,False
500,11,375,0.11222778260707855,False
500,11,380,0.09017125517129898,False
500,11,385,0.2702167332172394,False
500,11,390,0.07541477680206299,False
500,11,395,0.20862814784049988,False
500,11,400,0.09452375769615173,False
500,11,405,0.12474696338176727,False
500,12,10,0.07583961635828018,False
500,12,15,0.13225530087947845,False
500,12,20,0.10034157335758209,False
500,12,25,0.13420303165912628,False
500,12,30,0.10127165913581848,False
500,12,35,0.326673686504364,False
500,12,40,0.06598562747240067,False
500,12,45,0.03605589643120766,False
500,12,50,0.14179745316505432,False
500,12,55,0.030743308365345,False
500,12,60,0.025161679834127426,False
500,12,65,0.056405000388622284,False
500,12,70,0.09566513448953629,False
500,12,75,0.04904744401574135,False
500,12,80,0.17181360721588135,False
500,12,85,0.1898384690284729,False
500,12,90,0.08264390379190445,False
500,12,95,0.1406671553850174,False
500,12,100,0.13268043100833893,False
500,12,105,0.20445604622364044,False
500,12,110,0.218920037150383,False
500,12,115,0.10568490624427795,False
500,12,120,0.11711607128381729,False
500,12,125,0.10725263506174088,False
500,12,130,0.10559632629156113,False
500,12,135,0.2502630352973938,False
500,12,140,0.07508612424135208,False
500,12,145,0.023124689236283302,False
500,12,150,0.038299258798360825,False
500,12,155,0.026386216282844543,False
500,12,160,0.016027485951781273,False
500,12,165,0.10695083439350128,False
500,12,170,0.12787723541259766,False
500,12,175,0.050141505897045135,False
500,12,180,0.06042950600385666,False
500,12,185,0.026703178882598877,False
500,12,190,0.028733957558870316,False
500,12,195,0.039336442947387695,False
500,12,200,0.02471798285841942,False
500,12,205,0.05854023993015289,False
500,12,210,0.05870257690548897,False
500,12,215,0.05862192064523697,False
500,12,220,0.06659802794456482,False
500,12,225,0.09347376227378845,False
500,12,230,0.06598133593797684,False
500,12,235,0.09646530449390411,False
500,12,240,0.07247999310493469,False
500,12,245,0.04597768932580948,False
500,12,250,0.03929571807384491,False
500,12,255,0.1431240439414978,False
500,12,260,0.04794009029865265,False
500,12,265,0.09699486196041107,False
500,12,270,0.08156227320432663,False
500,12,275,0.07911849021911621,False
500,12,280,0.12523877620697021,False
500,12,285,0.11763133853673935,False
500,12,290,0.133053258061409,False
500,12,295,0.09149166196584702,False
500,12,300,0.0634593740105629,False
500,12,305,0.06261946260929108,False
500,12,310,0.015250226482748985,False
500,12,315,0.011746403761208057,False
500,12,320,0.036620885133743286,False
500,12,325,0.03491957485675812,False
500,12,330,0.05247845873236656,False
500,12,335,0.029737090691924095,False
500,12,340,0.041810423135757446,False
500,12,345,0.05321572348475456,False
500,12,350,0.040124498307704926,False
500,12,355,0.00794193148612976,False
500,12,360,0.0526302196085453,False
500,12,365,0.02961697243154049,False
500,12,370,0.021615201607346535,False
500,12,375,0.014700799249112606,False
500,12,380,0.060486432164907455,False
500,12,385,0.016677916049957275,False
500,12,390,0.05362142249941826,False
500,12,395,0.049838632345199585,False
500,12,400,0.07708556950092316,False
500,12,405,0.038309019058942795,False
500,13,10,0.09421106427907944,False
500,13,15,0.17530150711536407,False
500,13,20,0.121922567486763,False
500,13,25,0.06476535648107529,False
500,13,30,0.08122610300779343,False
500,13,35,0.21247145533561707,False
500,13,40,0.2202080488204956,False
500,13,45,0.15542829036712646,False
500,13,50,0.0743190348148346,False
500,13,55,0.05645695701241493,False
500,13,60,0.0920913815498352,False
500,13,65,0.0777113139629364,False
500,13,70,0.12580999732017517,False
500,13,75,0.09268073737621307,False
500,13,80,0.3034924566745758,False
500,13,85,0.08466588705778122,False
500,13,90,0.20364907383918762,False
500,13,95,0.07385168224573135,False
500,13,100,0.20953798294067383,False
500,13,105,0.13121111690998077,False
500,13,110,0.1757955551147461,False
500,13,115,0.14969728887081146,False
500,13,120,0.15666750073432922,False
500,13,125,0.030494801700115204,False
500,13,130,0.03364831209182739,False
500,13,135,0.029025740921497345,False
500,13,140,0.04716715216636658,False
500,13,145,0.07462582737207413,False
500,13,150,0.08777439594268799,False
500,13,155,0.047994911670684814,False
500,13,160,0.09882816672325134,False
500,13,165,0.021091356873512268,False
500,13,170,0.10402868688106537,False
500,13,175,0.04765094071626663,False
500,13,180,0.050951991230249405,False
500,13,185,0.05219900980591774,False
500,13,190,0.02337368205189705,False
500,13,195,0.0485350526869297,False
500,13,200,0.030780451372265816,False
500,13,205,0.05213030427694321,False
500,13,210,0.06300684809684753,False
500,13,215,0.015177546069025993,False
500,13,220,0.0427241176366806,False
500,13,225,0.02015003003180027,False
500,13,230,0.12744781374931335,False
500,13,235,0.10087192803621292,False
500,13,240,0.025905365124344826,False
500,13,245,0.043319206684827805,False
500,13,250,0.05583450570702553,False
500,13,255,0.18486176431179047,False
500,13,260,0.05180402472615242,False
500,13,265,0.05368957296013832,False
500,13,270,0.04903769865632057,False
500,13,275,0.07163997739553452,False
500,13,280,0.12444976717233658,False
500,13,285,0.1680460125207901,False
500,13,290,0.03249974176287651,False
500,13,295,0.10279866307973862,False
500,13,300,0.035682518035173416,False
500,13,305,0.014357703737914562,False
500,13,310,0.01313662901520729,False
500,13,315,0.0654691532254219,False
500,13,320,0.028590623289346695,False
500,13,325,0.12129779905080795,False
500,13,330,0.11955231428146362,False
500,13,335,0.042816851288080215,False
500,13,340,0.08102216571569443,False
500,13,345,0.14460699260234833,False
500,13,350,0.025250641629099846,False
500,13,355,0.06451322883367538,False
500,13,360,0.11088413000106812,False
500,13,365,0.07770105451345444,False
500,13,370,0.11048354208469391,False
500,13,375,0.06234055012464523,False
500,13,380,0.11079508066177368,False
500,13,385,0.04815198481082916,False
500,13,390,0.02170541137456894,False
500,13,395,0.05559292063117027,False
500,13,400,0.08217442780733109,False
500,13,405,0.03215781971812248,False
500,14,10,0.08161541819572449,False
500,14,15,0.27589714527130127,False
500,14,20,0.22323143482208252,False
500,14,25,0.23162440955638885,False
500,14,30,0.2185434103012085,False
500,14,35,0.3943427801132202,False
500,14,40,0.4928719997406006,False
500,14,45,0.26801809668540955,False
500,14,50,0.1364070177078247,False
500,14,55,0.06983261555433273,False
500,14,60,0.05706024914979935,False
500,14,65,0.060331061482429504,False
500,14,70,0.14315617084503174,False
500,14,75,0.031894706189632416,False
500,14,80,0.10659575462341309,False
500,14,85,0.12976114451885223,False
500,14,90,0.06155233830213547,False
500,14,95,0.050840187817811966,False
500,14,100,0.055892910808324814,False
500,14,105,0.036326464265584946,False
500,14,110,0.02951406128704548,False
500,14,115,0.08046941459178925,False
500,14,120,0.16208580136299133,False
500,14,125,0.19606037437915802,False
500,14,130,0.26165488362312317,False
500,14,135,0.1823689341545105,False
500,14,140,0.15777693688869476,False
500,14,145,0.12237749993801117,False
500,14,150,0.11760146170854568,False
500,14,155,0.21182014048099518,False
500,14,160,0.07259524613618851,False
500,14,165,0.07038014382123947,False
500,14,170,0.03332699462771416,False
500,14,175,0.15128694474697113,False
500,14,180,0.16807003319263458,False
500,14,185,0.11760516464710236,False
500,14,190,0.12314749509096146,False
500,14,195,0.24125416576862335,False
500,14,200,0.027369379997253418,False
500,14,205,0.03243152052164078,False
500,14,210,0.10702343285083771,False
500,14,215,0.07118706405162811,False
500,14,220,0.04406774416565895,False
500,14,225,0.08117774873971939,False
500,14,230,0.07111629843711853,False
500,14,235,0.06936662644147873,False
500,14,240,0.09457208961248398,False
500,14,245,0.18227633833885193,False
500,14,250,0.0390000119805336,False
500,14,255,0.09424080699682236,False
500,14,260,0.09508643299341202,False
500,14,265,0.07783565670251846,False
500,14,270,0.04549942538142204,False
500,14,275,0.033027809113264084,False
500,14,280,0.08363930135965347,False
500,14,285,0.06249582767486572,False
500,14,290,0.01501714438199997,False
500,14,295,0.04344771429896355,False
500,14,300,0.0996975302696228,False
500,14,305,0.12148512154817581,False
500,14,310,0.12359854578971863,False
500,14,315,0.1022290363907814,False
500,14,320,0.07142369449138641,False
500,14,325,0.07716775685548782,False
500,14,330,0.15886743366718292,False
500,14,335,0.04669603332877159,False
500,14,340,0.043464064598083496,False
500,14,345,0.055194463580846786,False
500,14,350,0.09944791346788406,False
500,14,355,0.021750835701823235,False
500,14,360,0.07983425259590149,False
500,14,365,0.06393145769834518,False
500,14,370,0.05522189289331436,False
500,14,375,0.054267603904008865,False
500,14,380,0.0969453752040863,False
500,14,385,0.09920546412467957,False
500,14,390,0.051211293786764145,False
500,14,395,0.12108469754457474,False
500,14,400,0.0423111766576767,False
500,14,405,0.03071913681924343,False
500,15,10,0.16605551540851593,False
500,15,15,0.10275272279977798,False
500,15,20,0.16701556742191315,False
500,15,25,0.0960833802819252,False
500,15,30,0.100239597260952,False
500,15,35,0.33565065264701843,False
500,15,40,0.3232417404651642,False
500,15,45,0.2809402346611023,False
500,15,50,0.4909728765487671,False
500,15,55,0.5792887806892395,False
500,15,60,0.6447415947914124,False
500,15,65,0.4026448130607605,False
500,15,70,0.42733579874038696,False
500,15,75,0.1687142699956894,False
500,15,80,0.381579726934433,False
500,15,85,0.28526294231414795,False
500,15,90,0.48809030652046204,False
500,15,95,0.1912144422531128,False
500,15,100,0.16441339254379272,False
500,15,105,0.38562995195388794,False
500,15,110,0.3100306987762451,False
500,15,115,0.20379051566123962,False
500,15,120,0.3358312249183655,False
500,15,125,0.1713036596775055,False
500,15,130,0.2444489747285843,False
500,15,135,0.2016282081604004,False
500,15,140,0.1714525818824768,False
500,15,145,0.1952749788761139,False
500,15,150,0.21866610646247864,False
500,15,155,0.21306243538856506,False
500,15,160,0.12118265777826309,False
500,15,165,0.30815428495407104,False
500,15,170,0.3156629204750061,False
500,15,175,0.04407375678420067,False
500,15,180,0.07332728803157806,False
500,15,185,0.09449628740549088,False
500,15,190,0.13009797036647797,False
500,15,195,0.03863723203539848,False
500,15,200,0.08153682947158813,False
500,15,205,0.17104646563529968,False
500,15,210,0.060293521732091904,False
500,15,215,0.061627551913261414,False
500,15,220,0.1320532113313675,False
500,15,225,0.24752981960773468,False
500,15,230,0.06447137892246246,False
500,15,235,0.0413542315363884,False
500,15,240,0.11530085653066635,False
500,15,245,0.10907993465662003,False
500,15,250,0.09929683059453964,False
500,15,255,0.35072070360183716,False
500,15,260,0.14829038083553314,False
500,15,265,0.08780267834663391,False
500,15,270,0.0762614831328392,False
500,15,275,0.0882941335439682,False
500,15,280,0.4478142559528351,False
500,15,285,0.1130482405424118,False
500,15,290,0.11749950796365738,False
500,15,295,0.17402087152004242,False
500,15,300,0.18494971096515656,False
500,15,305,0.09976720064878464,False
500,15,310,0.12580421566963196,False
500,15,315,0.3015553057193756,False
500,15,320,0.1282491236925125,False
500,15,325,0.28673627972602844,False
500,15,330,0.21686837077140808,False
500,15,335,0.07224257290363312,False
500,15,340,0.07821417599916458,False
500,15,345,0.05147532373666763,False
500,15,350,0.04922972619533539,False
500,15,355,0.15888437628746033,False
500,15,360,0.03412919491529465,False
500,15,365,0.05636550113558769,False
500,15,370,0.08843538910150528,False
500,15,375,0.17126835882663727,False
500,15,380,0.03899471461772919,False
500,15,385,0.247410848736763,False
500,15,390,0.0824870765209198,False
500,15,395,0.0890054926276207,False
500,15,400,0.040268249809741974,False
500,15,405,0.049833573400974274,False
500,16,10,0.08556690812110901,False
500,16,15,0.11792097240686417,False
500,16,20,0.033237215131521225,False
500,16,25,0.16474361717700958,False
500,16,30,0.04181341454386711,False
500,16,35,0.2994537949562073,False
500,16,40,0.6291035413742065,False
500,16,45,0.2538686692714691,False
500,16,50,0.1368875652551651,False
500,16,55,0.1000249832868576,False
500,16,60,0.09994105249643326,False
500,16,65,0.08236177265644073,False
500,16,70,0.035406798124313354,False
500,16,75,0.08323512226343155,False
500,16,80,0.10662147402763367,False
500,16,85,0.1059001162648201,False
500,16,90,0.11141397058963776,False
500,16,95,0.11130890250205994,False
500,16,100,0.03451372683048248,False
500,16,105,0.05883929133415222,False
500,16,110,0.04084205627441406,False
500,16,115,0.03890949487686157,False
500,16,120,0.07180700451135635,False
500,16,125,0.019391648471355438,False
500,16,130,0.03293844684958458,False
500,16,135,0.10478529334068298,False
500,16,140,0.0392589196562767,False
500,16,145,0.07519369572401047,False
500,16,150,0.07686112821102142,False
500,16,155,0.10156720876693726,False
500,16,160,0.09550400823354721,False
500,16,165,0.03343666344881058,False
500,16,170,0.1499270349740982,False
500,16,175,0.06270156055688858,False
500,16,180,0.16974204778671265,False
500,16,185,0.15142092108726501,False
500,16,190,0.14283236861228943,False
500,16,195,0.08325322717428207,False
500,16,200,0.09330175071954727,False
500,16,205,0.060841675847768784,False
500,16,210,0.12258358299732208,False
500,16,215,0.04718954488635063,False
500,16,220,0.08510450273752213,False
500,16,225,0.07656623423099518,False
500,16,230,0.08952786773443222,False
500,16,235,0.14149750769138336,False
500,16,240,0.12239745259284973,False
500,16,245,0.016024408861994743,False
500,16,250,0.039336107671260834,False
500,16,255,0.1777440756559372,False
500,16,260,0.02624758891761303,False
500,16,265,0.026361873373389244,False
500,16,270,0.07412678748369217,False
500,16,275,0.10895616561174393,False
500,16,280,0.11997904628515244,False
500,16,285,0.09275977313518524,False
500,16,290,0.13443657755851746,False
500,16,295,0.08662208169698715,False
500,16,300,0.06534978002309799,False
500,16,305,0.01731223426759243,False
500,16,310,0.03761589527130127,False
500,16,315,0.06994237750768661,False
500,16,320,0.03428986296057701,False
500,16,325,0.0784725621342659,False
500,16,330,0.10901203751564026,False
500,16,335,0.072025828063488,False
500,16,340,0.08264367282390594,False
500,16,345,0.12854547798633575,False
500,16,350,0.021664490923285484,False
500,16,355,0.08850644528865814,False
500,16,360,0.09206594526767731,False
500,16,365,0.12724074721336365,False
500,16,370,0.08461862057447433,False
500,16,375,0.02825242467224598,False
500,16,380,0.04707411676645279,False
500,16,385,0.03950606286525726,False
500,16,390,0.06033535301685333,False
500,16,395,0.05418258160352707,False
500,16,400,0.057339008897542953,False
500,16,405,0.01361877378076315,False
500,17,10,0.08300095796585083,False
500,17,15,0.18575029075145721,False
500,17,20,0.05402267724275589,False
500,17,25,0.026036981493234634,False
500,17,30,0.056898146867752075,False
500,17,35,0.08319040387868881,False
500,17,40,0.2651258707046509,False
500,17,45,0.23576617240905762,False
500,17,50,0.07563617080450058,False
500,17,55,0.06432066112756729,False
500,17,60,0.1156998723745346,False
500,17,65,0.35625168681144714,False
500,17,70,0.11800738424062729,False
500,17,75,0.11297643184661865,False
500,17,80,0.2343369871377945,False
500,17,85,0.4660303294658661,False
500,17,90,0.39608749747276306,False
500,17,95,0.11092644929885864,False
500,17,100,0.1506829410791397,False
500,17,105,0.0883592963218689,False
500,17,110,0.04482497274875641,False
500,17,115,0.04579754173755646,False
500,17,120,0.08916463702917099,False
500,17,125,0.17111621797084808,False
500,17,130,0.21516086161136627,False
500,17,135,0.25653907656669617,False
500,17,140,0.18954840302467346,False
500,17,145,0.1154744103550911,False
500,17,150,0.15480373799800873,False
500,17,155,0.14265598356723785,False
500,17,160,0.06233019009232521,False
500,17,165,0.14255933463573456,False
500,17,170,0.23647810518741608,False
500,17,175,0.14278088510036469,False
500,17,180,0.30843672156333923,False
500,17,185,0.28515592217445374,False
500,17,190,0.27600932121276855,False
500,17,195,0.09068945050239563,False
500,17,200,0.10159991681575775,False
500,17,205,0.06135163456201553,False
500,17,210,0.028896929696202278,False
500,17,215,0.04100100323557854,False
500,17,220,0.07842019200325012,False
500,17,225,0.08523453027009964,False
500,17,230,0.26366567611694336,False
500,17,235,0.14584022760391235,False
500,17,240,0.21006762981414795,False
500,17,245,0.11783909797668457,False
500,17,250,0.08618871122598648,False
500,17,255,0.06958658248186111,False
500,17,260,0.06526237726211548,False
500,17,265,0.10469233244657516,False
500,17,270,0.053241778165102005,False
500,17,275,0.07068406790494919,False
500,17,280,0.23456870019435883,False
500,17,285,0.0951107069849968,False
500,17,290,0.11882545799016953,False
500,17,295,0.21929197013378143,False
500,17,300,0.2822030186653137,False
500,17,305,0.08646121621131897,False
500,17,310,0.057091232389211655,False
500,17,315,0.05636541172862053,False
500,17,320,0.034199900925159454,False
500,17,325,0.046742480248212814,False
500,17,330,0.13335680961608887,False
500,17,335,0.019184168428182602,False
500,17,340,0.05478447675704956,False
500,17,345,0.029049810022115707,False
500,17,350,0.05876616761088371,False
500,17,355,0.03546587750315666,False
500,17,360,0.06526924669742584,False
500,17,365,0.06407728791236877,False
500,17,370,0.06841358542442322,False
500,17,375,0.026633355766534805,False
500,17,380,0.04112206771969795,False
500,17,385,0.11145306378602982,False
500,17,390,0.06663984805345535,False
500,17,395,0.05027078837156296,False
500,17,400,0.154184028506279,False
500,17,405,0.05136176571249962,False
500,18,10,0.08055806905031204,False
500,18,15,0.14379893243312836,False
500,18,20,0.11787146329879761,False
500,18,25,0.10323644429445267,False
500,18,30,0.05964714661240578,False
500,18,35,0.4286956191062927,False
500,18,40,0.5009470582008362,False
500,18,45,0.18910425901412964,False
500,18,50,0.018292410299181938,False
500,18,55,0.07269614189863205,False
500,18,60,0.09146290272474289,False
500,18,65,0.15436358749866486,False
500,18,70,0.054700303822755814,False
500,18,75,0.037819284945726395,False
500,18,80,0.10091545432806015,False
500,18,85,0.7850545048713684,False
500,18,90,0.08474796265363693,False
500,18,95,0.10794585198163986,False
500,18,100,0.04889776557683945,False
500,18,105,0.05238999426364899,False
500,18,110,0.031089145690202713,False
500,18,115,0.03971468284726143,False
500,18,120,0.03451484814286232,False
500,18,125,0.03048250824213028,False
500,18,130,0.07194563746452332,False
500,18,135,0.13575385510921478,False
500,18,140,0.06610367447137833,False
500,18,145,0.14160126447677612,False
500,18,150,0.10835150629281998,False
500,18,155,0.18359269201755524,False
500,18,160,0.07232499122619629,False
500,18,165,0.06418555974960327,False
500,18,170,0.106144979596138,False
500,18,175,0.05294879898428917,False
500,18,180,0.03604573756456375,False
500,18,185,0.04903452843427658,False
500,18,190,0.03128652274608612,False
500,18,195,0.055715616792440414,False
500,18,200,0.05430210381746292,False
500,18,205,0.014482090249657631,False
500,18,210,0.057979516685009,False
500,18,215,0.033089157193899155,False
500,18,220,0.12109526991844177,False
500,18,225,0.055303264409303665,False
500,18,230,0.04930635914206505,False
500,18,235,0.01760917715728283,False
500,18,240,0.04787424951791763,False
500,18,245,0.04893751069903374,False
500,18,250,0.04761430621147156,False
500,18,255,0.11583071947097778,False
500,18,260,0.05976710841059685,False
500,18,265,0.07938524335622787,False
500,18,270,0.08433577418327332,False
500,18,275,0.08571135997772217,False
500,18,280,0.12126477807760239,False
500,18,285,0.2124219536781311,False
500,18,290,0.04765206575393677,False
500,18,295,0.08533495664596558,False
500,18,300,0.15813931822776794,False
500,18,305,0.07698947936296463,False
500,18,310,0.09842973947525024,False
500,18,315,0.07440632581710815,False
500,18,320,0.0633874237537384,False
500,18,325,0.13397976756095886,False
500,18,330,0.13379567861557007,False
500,18,335,0.09175053238868713,False
500,18,340,0.10225234180688858,False
500,18,345,0.20177972316741943,False
500,18,350,0.08029457181692123,False
500,18,355,0.17719538509845734,False
500,18,360,0.09119606018066406,False
500,18,365,0.14670291543006897,False
500,18,370,0.09025391936302185,False
500,18,375,0.13127225637435913,False
500,18,380,0.07575201243162155,False
500,18,385,0.08644619584083557,False
500,18,390,0.027244431897997856,False
500,18,395,0.09118341654539108,False
500,18,400,0.06406436115503311,False
500,18,405,0.13391345739364624,False
500,19,10,0.09835895895957947,False
500,19,15,0.2103491723537445,False
500,19,20,0.12495368719100952,False
500,19,25,0.06568378210067749,False
500,19,30,0.139802485704422,False
500,19,35,0.038313474506139755,False
500,19,40,0.21692650020122528,False
500,19,45,0.14090394973754883,False
500,19,50,0.1748155802488327,False
500,19,55,0.033529479056596756,False
500,19,60,0.07114042341709137,False
500,19,65,0.15253238379955292,False
500,19,70,0.14937371015548706,False
500,19,75,0.03375578299164772,False
500,19,80,0.09464095532894135,False
500,19,85,0.2596980631351471,False
500,19,90,0.20544648170471191,False
500,19,95,0.035168956965208054,False
500,19,100,0.1005205363035202,False
500,19,105,0.12769374251365662,False
500,19,110,0.19029876589775085,False
500,19,115,0.15488162636756897,False
500,19,120,0.11410033702850342,False
500,19,125,0.0923885703086853,False
500,19,130,0.10787098854780197,False
500,19,135,0.044532064348459244,False
500,19,140,0.09947670251131058,False
500,19,145,0.04560106620192528,False
500,19,150,0.09171516448259354,False
500,19,155,0.1813695877790451,False
500,19,160,0.06443909555673599,False
500,19,165,0.06447730958461761,False
500,19,170,0.03944412246346474,False
500,19,175,0.01907655969262123,False
500,19,180,0.2193477749824524,False
500,19,185,0.10322792083024979,False
500,19,190,0.07806182652711868,False
500,19,195,0.16019469499588013,False
500,19,200,0.05227293446660042,False
500,19,205,0.10790528357028961,False
500,19,210,0.1009550541639328,False
500,19,215,0.11626224219799042,False
500,19,220,0.040476277470588684,False
500,19,225,0.1161971464753151,False
500,19,230,0.06838139146566391,False
500,19,235,0.14106349647045135,False
500,19,240,0.07180985808372498,False
500,19,245,0.1689905822277069,False
500,19,250,0.031658437103033066,False
500,19,255,0.07513182610273361,False
500,19,260,0.035861797630786896,False
500,19,265,0.12513165175914764,False
500,19,270,0.12151731550693512,False
500,19,275,0.04805659130215645,False
500,19,280,0.08247293531894684,False
500,19,285,0.14937883615493774,False
500,19,290,0.023640353232622147,False
500,19,295,0.043984778225421906,False
500,19,300,0.11556368321180344,False
500,19,305,0.07282479107379913,False
500,19,310,0.09073960036039352,False
500,19,315,0.02814004383981228,False
500,19,320,0.037907715886831284,False
500,19,325,0.1366051584482193,False
500,19,330,0.14704783260822296,False
500,19,335,0.08639820665121078,False
500,19,340,0.0698908343911171,False
500,19,345,0.10423831641674042,False
500,19,350,0.129654198884964,False
500,19,355,0.03707437962293625,False
500,19,360,0.12073499709367752,False
500,19,365,0.13937196135520935,False
500,19,370,0.12712840735912323,False
500,19,375,0.043266914784908295,False
500,19,380,0.13328547775745392,False
500,19,385,0.1620483696460724,False
500,19,390,0.055345963686704636,False
500,19,395,0.21314825117588043,False
500,19,400,0.08100703358650208,False
500,19,405,0.023460589349269867,False
500,20,10,0.02697998471558094,False
500,20,15,0.1925462931394577,False
500,20,20,0.03856928274035454,False
500,20,25,0.0699073001742363,False
500,20,30,0.060677871108055115,False
500,20,35,0.40221214294433594,False
500,20,40,0.15515147149562836,False
500,20,45,0.0569600872695446,False
500,20,50,0.060747142881155014,False
500,20,55,0.12063125520944595,False
500,20,60,0.058953043073415756,False
500,20,65,0.04788583889603615,False
500,20,70,0.08015126734972,False
500,20,75,0.029869867488741875,False
500,20,80,0.07524656504392624,False
500,20,85,0.08232083171606064,False
500,20,90,0.10969813168048859,False
500,20,95,0.14922791719436646,False
500,20,100,0.11539564281702042,False
500,20,105,0.13757328689098358,False
500,20,110,0.11273390054702759,False
500,20,115,0.07192286849021912,False
500,20,120,0.10139327496290207,False
500,20,125,0.026481451466679573,False
500,20,130,0.02691149152815342,False
500,20,135,0.16505835950374603,False
500,20,140,0.10006965696811676,False
500,20,145,0.14232829213142395,False
500,20,150,0.16689355671405792,False
500,20,155,0.18003351986408234,False
500,20,160,0.0930909663438797,False
500,20,165,0.10066638886928558,False
500,20,170,0.12330672144889832,False
500,20,175,0.04354235529899597,False
500,20,180,0.11681196093559265,False
500,20,185,0.10434621572494507,False
500,20,190,0.1332598775625229,False
500,20,195,0.09350448846817017,False
500,20,200,0.07396858930587769,False
500,20,205,0.068077452480793,False
500,20,210,0.20160795748233795,False
500,20,215,0.026976825669407845,False
500,20,220,0.12815400958061218,False
500,20,225,0.0842752456665039,False
500,20,230,0.06876284629106522,False
500,20,235,0.11023792624473572,False
500,20,240,0.08498655259609222,False
500,20,245,0.030386069789528847,False
500,20,250,0.08337482810020447,False
500,20,255,0.12319286912679672,False
500,20,260,0.0682528093457222,False
500,20,265,0.05488438159227371,False
500,20,270,0.07861565798521042,False
500,20,275,0.06215339154005051,False
500,20,280,0.07439100742340088,False
500,20,285,0.0903061181306839,False
500,20,290,0.09615042060613632,False
500,20,295,0.049859561026096344,False
500,20,300,0.046195197850465775,False
500,20,305,0.08748096972703934,False
500,20,310,0.020114624872803688,False
500,20,315,0.009329519234597683,False
500,20,320,0.02131260186433792,False
500,20,325,0.053723953664302826,False
500,20,330,0.07603274285793304,False
500,20,335,0.03706354647874832,False
500,20,340,0.03331507742404938,False
500,20,345,0.035623859614133835,False
500,20,350,0.023270383477211,False
500,20,355,0.0338638536632061,False
500,20,360,0.027300694957375526,False
500,20,365,0.023711754009127617,False
500,20,370,0.01745644584298134,False
500,20,375,0.04802602156996727,False
500,20,380,0.03981681168079376,False
500,20,385,0.01044995617121458,False
500,20,390,0.025941163301467896,False
500,20,395,0.01915179006755352,False
500,20,400,0.07007211446762085,False
500,20,405,0.06323302537202835,False
500,21,10,0.05611168593168259,False
500,21,15,0.163319930434227,False
500,21,20,0.11968955397605896,False
500,21,25,0.16198357939720154,False
500,21,30,0.11611242592334747,False
500,21,35,0.15506424009799957,False
500,21,40,0.1433960646390915,False
500,21,45,0.09206420928239822,False
500,21,50,0.37478581070899963,False
500,21,55,0.3230457603931427,False
500,21,60,0.4432205557823181,False
500,21,65,0.2361178696155548,False
500,21,70,0.33907729387283325,False
500,21,75,0.11511990427970886,False
500,21,80,0.4678463041782379,False
500,21,85,0.31953707337379456,False
500,21,90,0.3849831819534302,False
500,21,95,0.5136103630065918,False
500,21,100,0.6960940957069397,False
500,21,105,0.44671377539634705,False
500,21,110,0.2595473825931549,False
500,21,115,0.35381004214286804,False
500,21,120,0.13021863996982574,False
500,21,125,0.263814240694046,False
500,21,130,0.4449201226234436,False
500,21,135,0.6527208089828491,False
500,21,140,0.3258311152458191,False
500,21,145,0.3546242415904999,False
500,21,150,0.17920027673244476,False
500,21,155,0.04296746850013733,False
500,21,160,0.487121045589447,False
500,21,165,0.36240723729133606,False
500,21,170,0.09827078878879547,False
500,21,175,0.028849903494119644,False
500,21,180,0.13045886158943176,False
500,21,185,0.026384428143501282,False
500,21,190,0.03660339117050171,False
500,21,195,0.1506110280752182,False
500,21,200,0.07179620116949081,False
500,21,205,0.06550563871860504,False
500,21,210,0.1446196436882019,False
500,21,215,0.08663751184940338,False
500,21,220,0.13949641585350037,False
500,21,225,0.08492156118154526,False
500,21,230,0.08080050349235535,False
500,21,235,0.09285720437765121,False
500,21,240,0.031789641827344894,False
500,21,245,0.10091816633939743,False
500,21,250,0.07121296226978302,False
500,21,255,0.046446144580841064,False
500,21,260,0.12930163741111755,False
500,21,265,0.04030775651335716,False
500,21,270,0.06226260960102081,False
500,21,275,0.07740053534507751,False
500,21,280,0.08157467097043991,False
500,21,285,0.09378067404031754,False
500,21,290,0.1615527719259262,False
500,21,295,0.14892448484897614,False
500,21,300,0.22920753061771393,False
500,21,305,0.15752604603767395,False
500,21,310,0.21514157950878143,False
500,21,315,0.18880604207515717,False
500,21,320,0.1528415083885193,False
500,21,325,0.08235711604356766,False
500,21,330,0.0619608499109745,False
500,21,335,0.06790295243263245,False
500,21,340,0.05758880823850632,False
500,21,345,0.024470046162605286,False
500,21,350,0.07109908014535904,False
500,21,355,0.05279027670621872,False
500,21,360,0.08442547172307968,False
500,21,365,0.144931823015213,False
500,21,370,0.17565584182739258,False
500,21,375,0.17873649299144745,False
500,21,380,0.06653645634651184,False
500,21,385,0.2128048688173294,False
500,21,390,0.19549190998077393,False
500,21,395,0.16490429639816284,False
500,21,400,0.18698489665985107,False
500,21,405,0.11190155893564224,False
500,22,10,0.08979535847902298,False
500,22,15,0.20884497463703156,False
500,22,20,0.10240238904953003,False
500,22,25,0.12762601673603058,False
500,22,30,0.1460510790348053,False
500,22,35,0.3101890981197357,False
500,22,40,0.6427131295204163,False
500,22,45,0.33063778281211853,False
500,22,50,0.6138638257980347,False
500,22,55,0.5810406804084778,False
500,22,60,0.5550262928009033,False
500,22,65,0.6278618574142456,False
500,22,70,0.246467724442482,False
500,22,75,0.3754575848579407,False
500,22,80,0.398773193359375,False
500,22,85,0.41172751784324646,False
500,22,90,0.47768574953079224,False
500,22,95,0.0849321112036705,False
500,22,100,0.1321209818124771,False
500,22,105,0.05932531878352165,False
500,22,110,0.07575958222150803,False
500,22,115,0.15432506799697876,False
500,22,120,0.042868174612522125,False
500,22,125,0.20195873081684113,False
500,22,130,0.2963452637195587,False
500,22,135,0.19217827916145325,False
500,22,140,0.18807703256607056,False
500,22,145,0.2108653485774994,False
500,22,150,0.09601571410894394,False
500,22,155,0.17879220843315125,False
500,22,160,0.1675499975681305,False
500,22,165,0.18005380034446716,False
500,22,170,0.034177109599113464,False
500,22,175,0.029448559507727623,False
500,22,180,0.08008268475532532,False
500,22,185,0.0559689961373806,False
500,22,190,0.08890843391418457,False
500,22,195,0.037950024008750916,False
500,22,200,0.07964298129081726,False
500,22,205,0.06585884094238281,False
500,22,210,0.05524735152721405,False
500,22,215,0.043808456510305405,False
500,22,220,0.05892093479633331,False
500,22,225,0.13306929171085358,False
500,22,230,0.11496863514184952,False
500,22,235,0.15469276905059814,False
500,22,240,0.130130797624588,False
500,22,245,0.19304509460926056,False
500,22,250,0.10436375439167023,False
500,22,255,0.10338728129863739,False
500,22,260,0.0966823622584343,False
500,22,265,0.061000317335128784,False
500,22,270,0.022348549216985703,False
500,22,275,0.05003328248858452,False
500,22,280,0.03212569281458855,False
500,22,285,0.065706767141819,False
500,22,290,0.03868977725505829,False
500,22,295,0.20248910784721375,False
500,22,300,0.18255609273910522,False
500,22,305,0.10901565849781036,False
500,22,310,0.03054242767393589,False
500,22,315,0.07750372588634491,False
500,22,320,0.07281361520290375,False
500,22,325,0.05931497737765312,False
500,22,330,0.10056688636541367,False
500,22,335,0.06518800556659698,False
500,22,340,0.09178826957941055,False
500,22,345,0.17038372159004211,False
500,22,350,0.14792506396770477,False
500,22,355,0.06977903097867966,False
500,22,360,0.11082662642002106,False
500,22,365,0.18749955296516418,False
500,22,370,0.11181727051734924,False
500,22,375,0.15225058794021606,False
500,22,380,0.24948471784591675,False
500,22,385,0.18617363274097443,False
500,22,390,0.10840745270252228,False
500,22,395,0.13452601432800293,False
500,22,400,0.17379623651504517,False
500,22,405,0.09196249395608902,False
500,23,10,0.05365098640322685,False
500,23,15,0.21455056965351105,False
500,23,20,0.07154426723718643,False
500,23,25,0.16916906833648682,False
500,23,30,0.0975680723786354,False
500,23,35,0.2307329773902893,False
500,23,40,0.29051101207733154,False
500,23,45,0.05994269624352455,False
500,23,50,0.10655678808689117,False
500,23,55,0.0911746472120285,False
500,23,60,0.06240563094615936,False
500,23,65,0.04172820970416069,False
500,23,70,0.09604539722204208,False
500,23,75,0.07915966212749481,False
500,23,80,0.23168334364891052,False
500,23,85,0.12409037351608276,False
500,23,90,0.1809462010860443,False
500,23,95,0.059800587594509125,False
500,23,100,0.13031841814517975,False
500,23,105,0.05986395105719566,False
500,23,110,0.14517901837825775,False
500,23,115,0.07916032522916794,False
500,23,120,0.13026821613311768,False
500,23,125,0.041552066802978516,False
500,23,130,0.029919004067778587,False
500,23,135,0.0494973361492157,False
500,23,140,0.09929058700799942,False
500,23,145,0.04549587145447731,False
500,23,150,0.05147390440106392,False
500,23,155,0.04412469640374184,False
500,23,160,0.0729469358921051,False
500,23,165,0.019906217232346535,False
500,23,170,0.07696538418531418,False
500,23,175,0.04156305640935898,False
500,23,180,0.06338847428560257,False
500,23,185,0.04038719832897186,False
500,23,190,0.05340608209371567,False
500,23,195,0.05418188497424126,False
500,23,200,0.05162850767374039,False
500,23,205,0.030449368059635162,False
500,23,210,0.07899557799100876,False
500,23,215,0.02326042205095291,False
500,23,220,0.17687970399856567,False
500,23,225,0.023394566029310226,False
500,23,230,0.1696215271949768,False
500,23,235,0.049832653254270554,False
500,23,240,0.05006247013807297,False
500,23,245,0.052311692386865616,False
500,23,250,0.05784470960497856,False
500,23,255,0.11526121944189072,False
500,23,260,0.035749852657318115,False
500,23,265,0.06873112171888351,False
500,23,270,0.09844796359539032,False
500,23,275,0.08199688792228699,False
500,23,280,0.13968206942081451,False
500,23,285,0.06468643248081207,False
500,23,290,0.12086889892816544,False
500,23,295,0.17177556455135345,False
500,23,300,0.078829325735569,False
500,23,305,0.0886525958776474,False
500,23,310,0.02502937614917755,False
500,23,315,0.010905232280492783,False
500,23,320,0.14050482213497162,False
500,23,325,0.03420525789260864,False
500,23,330,0.05055391788482666,False
500,23,335,0.01878265105187893,False
500,23,340,0.041585952043533325,False
500,23,345,0.03515622019767761,False
500,23,350,0.03981826826930046,False
500,23,355,0.0170518197119236,False
500,23,360,0.08757206797599792,False
500,23,365,0.13571779429912567,False
500,23,370,0.14664962887763977,False
500,23,375,0.03257424756884575,False
500,23,380,0.03822725638747215,False
500,23,385,0.19644176959991455,False
500,23,390,0.09599576145410538,False
500,23,395,0.13467182219028473,False
500,23,400,0.07432626932859421,False
500,23,405,0.03233509138226509,False
500,24,10,0.05818841606378555,False
500,24,15,0.14418993890285492,False
500,24,20,0.06694520264863968,False
500,24,25,0.14280344545841217,False
500,24,30,0.0577564537525177,False
500,24,35,0.13672925531864166,False
500,24,40,0.4015960693359375,False
500,24,45,0.05087067186832428,False
500,24,50,0.041164036840200424,False
500,24,55,0.13515543937683105,False
500,24,60,0.028808405622839928,False
500,24,65,0.10503584891557693,False
500,24,70,0.1481638103723526,False
500,24,75,0.09919621050357819,False
500,24,80,0.14936211705207825,False
500,24,85,0.023625871166586876,False
500,24,90,0.13717222213745117,False
500,24,95,0.03587866201996803,False
500,24,100,0.15609757602214813,False
500,24,105,0.11274975538253784,False
500,24,110,0.138502299785614,False
500,24,115,0.17889916896820068,False
500,24,120,0.20175297558307648,False
500,24,125,0.14867836236953735,False
500,24,130,0.22093018889427185,False
500,24,135,0.15697675943374634,False
500,24,140,0.2618076503276825,False
500,24,145,0.08330108225345612,False
500,24,150,0.142294242978096,False
500,24,155,0.19870463013648987,False
500,24,160,0.07871820777654648,False
500,24,165,0.1704062819480896,False
500,24,170,0.18705938756465912,False
500,24,175,0.063174769282341,False
500,24,180,0.14574380218982697,False
500,24,185,0.09242366254329681,False
500,24,190,0.12258349359035492,False
500,24,195,0.1041794940829277,False
500,24,200,0.039526812732219696,False
500,24,205,0.10255584865808487,False
500,24,210,0.08758135139942169,False
500,24,215,0.0862230658531189,False
500,24,220,0.09362301975488663,False
500,24,225,0.1828070431947708,False
500,24,230,0.07827679812908173,False
500,24,235,0.06029798090457916,False
500,24,240,0.12847159802913666,False
500,24,245,0.16524501144886017,False
500,24,250,0.09047777950763702,False
500,24,255,0.06704618036746979,False
500,24,260,0.038290251046419144,False
500,24,265,0.06195036321878433,False
500,24,270,0.017995791509747505,False
500,24,275,0.1420106589794159,False
500,24,280,0.13615621626377106,False
500,24,285,0.04470743611454964,False
500,24,290,0.12406620383262634,False
500,24,295,0.08896473050117493,False
500,24,300,0.10740959644317627,False
500,24,305,0.04656457155942917,False
500,24,310,0.11119581758975983,False
500,24,315,0.08537556976079941,False
500,24,320,0.07163816690444946,False
500,24,325,0.10260874778032303,False
500,24,330,0.167191281914711,False
500,24,335,0.08163319528102875,False
500,24,340,0.05308424308896065,False
500,24,345,0.1841743141412735,False
500,24,350,0.07256374508142471,False
500,24,355,0.026064002886414528,False
500,24,360,0.10143253207206726,False
500,24,365,0.09671055525541306,False
500,24,370,0.10055310279130936,False
500,24,375,0.0484912246465683,False
500,24,380,0.09314797073602676,False
500,24,385,0.1689039021730423,False
500,24,390,0.054457519203424454,False
500,24,395,0.06346432864665985,False
500,24,400,0.03351558744907379,False
500,24,405,0.0177699513733387,False
500,25,10,0.027945229783654213,False
500,25,15,0.0439339280128479,False
500,25,20,0.09521181136369705,False
500,25,25,0.13662996888160706,False
500,25,30,0.2330314964056015,False
500,25,35,0.09047573059797287,False
500,25,40,0.5339478850364685,False
500,25,45,0.6751185059547424,False
500,25,50,0.28225916624069214,False
500,25,55,0.4502885043621063,False
500,25,60,0.11637748777866364,False
500,25,65,0.12009783089160919,False
500,25,70,0.015751967206597328,False
500,25,75,0.0813165083527565,False
500,25,80,0.07848474383354187,False
500,25,85,0.08626198768615723,False
500,25,90,0.10475395619869232,False
500,25,95,0.026461470872163773,False
500,25,100,0.033630575984716415,False
500,25,105,0.033063434064388275,False
500,25,110,0.028614282608032227,False
500,25,115,0.026855334639549255,False
500,25,120,0.04383033141493797,False
500,25,125,0.01795840449631214,False
500,25,130,0.019700245931744576,False
500,25,135,0.10286950320005417,False
500,25,140,0.0696118175983429,False
500,25,145,0.051297448575496674,False
500,25,150,0.02327202633023262,False
500,25,155,0.08109575510025024,False
500,25,160,0.09470567852258682,False
500,25,165,0.013853667303919792,False
500,25,170,0.0554937943816185,False
500,25,175,0.07986634224653244,False
500,25,180,0.07461711019277573,False
500,25,185,0.10404372960329056,False
500,25,190,0.059243325144052505,False
500,25,195,0.03960520401597023,False
500,25,200,0.024080462753772736,False
500,25,205,0.012890824116766453,False
500,25,210,0.03601435199379921,False
500,25,215,0.030285915359854698,False
500,25,220,0.08491067588329315,False
500,25,225,0.04981134459376335,False
500,25,230,0.08261238783597946,False
500,25,235,0.09541993588209152,False
500,25,240,0.1269146054983139,False
500,25,245,0.03914014250040054,False
500,25,250,0.04638383537530899,False
500,25,255,0.15161408483982086,False
500,25,260,0.03612860292196274,False
500,25,265,0.084130197763443,False
500,25,270,0.058788999915122986,False
500,25,275,0.08281610161066055,False
500,25,280,0.12189628183841705,False
500,25,285,0.1239272803068161,False
500,25,290,0.1252543032169342,False
500,25,295,0.08241651952266693,False
500,25,300,0.0673307254910469,False
500,25,305,0.08363666385412216,False
500,25,310,0.05369091406464577,False
500,25,315,0.06207391992211342,False
500,25,320,0.042263809591531754,False
500,25,325,0.07546882331371307,False
500,25,330,0.09698794782161713,False
500,25,335,0.08599761128425598,False
500,25,340,0.07707413285970688,False
500,25,345,0.05778117850422859,False
500,25,350,0.017886338755488396,False
500,25,355,0.01972123421728611,False
500,25,360,0.03629700839519501,False
500,25,365,0.01753460429608822,False
500,25,370,0.015922702848911285,False
500,25,375,0.0675014778971672,False
500,25,380,0.03888850286602974,False
500,25,385,0.011240414343774319,False
500,25,390,0.0396016500890255,False
500,25,395,0.026980141177773476,False
500,25,400,0.06395919620990753,False
500,25,405,0.006978645455092192,False
500,26,10,0.11052833497524261,False
500,26,15,0.12897713482379913,False
500,26,20,0.07817219942808151,False
500,26,25,0.07843899726867676,False
500,26,30,0.10292301326990128,False
500,26,35,0.41468438506126404,False
500,26,40,0.7457312345504761,False
500,26,45,0.1362999677658081,False
500,26,50,0.12981101870536804,False
500,26,55,0.14341223239898682,False
500,26,60,0.08404065668582916,False
500,26,65,0.08200960606336594,False
500,26,70,0.018220512196421623,False
500,26,75,0.050208933651447296,False
500,26,80,0.1567022055387497,False
500,26,85,0.06903384625911713,False
500,26,90,0.0878635048866272,False
500,26,95,0.1366194188594818,False
500,26,100,0.08760394901037216,False
500,26,105,0.1262074112892151,False
500,26,110,0.1408296823501587,False
500,26,115,0.07395999133586884,False
500,26,120,0.10281937569379807,False
500,26,125,0.040984638035297394,False
500,26,130,0.02713562548160553,False
500,26,135,0.11425138264894485,False
500,26,140,0.0584770068526268,False
500,26,145,0.10611739009618759,False
500,26,150,0.12144047021865845,False
500,26,155,0.12407147884368896,False
500,26,160,0.08875249326229095,False
500,26,165,0.05486544966697693,False
500,26,170,0.13496841490268707,False
500,26,175,0.04443186894059181,False
500,26,180,0.11540301144123077,False
500,26,185,0.13219086825847626,False
500,26,190,0.11542057991027832,False
500,26,195,0.06358655542135239,False
500,26,200,0.10103730857372284,False
500,26,205,0.12704825401306152,False
500,26,210,0.116372250020504,False
500,26,215,0.02223196066915989,False
500,26,220,0.053333576768636703,False
500,26,225,0.047414232045412064,False
500,26,230,0.0360957570374012,False
500,26,235,0.07724465429782867,False
500,26,240,0.09263968467712402,False
500,26,245,0.012028667144477367,False
500,26,250,0.053151752799749374,False
500,26,255,0.023585375398397446,False
500,26,260,0.0835474506020546,False
500,26,265,0.03012576326727867,False
500,26,270,0.06686334311962128,False
500,26,275,0.06933294236660004,False
500,26,280,0.051543574780225754,False
500,26,285,0.09879481792449951,False
500,26,290,0.06164209172129631,False
500,26,295,0.03486136347055435,False
500,26,300,0.07693131268024445,False
500,26,305,0.05798085406422615,False
500,26,310,0.024098671972751617,False
500,26,315,0.03228151798248291,False
500,26,320,0.027820896357297897,False
500,26,325,0.07145985960960388,False
500,26,330,0.08134301006793976,False
500,26,335,0.0506160631775856,False
500,26,340,0.05229895934462547,False
500,26,345,0.08857983350753784,False
500,26,350,0.012908753007650375,False
500,26,355,0.05157138779759407,False
500,26,360,0.044231973588466644,False
500,26,365,0.04749972000718117,False
500,26,370,0.027930239215493202,False
500,26,375,0.05112066864967346,False
500,26,380,0.0489889532327652,False
500,26,385,0.011906028725206852,False
500,26,390,0.03273048624396324,False
500,26,395,0.025808770209550858,False
500,26,400,0.08198126405477524,False
500,26,405,0.02636183612048626,False
500,27,10,0.12073776870965958,False
500,27,15,0.11815137416124344,False
500,27,20,0.08914176374673843,False
500,27,25,0.1149953156709671,False
500,27,30,0.08354240655899048,False
500,27,35,0.2567039728164673,False
500,27,40,0.6626216173171997,False
500,27,45,0.6188191175460815,False
500,27,50,0.24641172587871552,False
500,27,55,0.15476469695568085,False
500,27,60,0.10940142720937729,False
500,27,65,0.12262684106826782,False
500,27,70,0.0729556754231453,False
500,27,75,0.021967049688100815,False
500,27,80,0.0486321784555912,False
500,27,85,0.7877155542373657,False
500,27,90,0.1264428198337555,False
500,27,95,0.020832981914281845,False
500,27,100,0.036907050758600235,False
500,27,105,0.03909019008278847,False
500,27,110,0.016696469858288765,False
500,27,115,0.016523616388440132,False
500,27,120,0.04416261613368988,False
500,27,125,0.026265660300850868,False
500,27,130,0.056330904364585876,False
500,27,135,0.11055643856525421,False
500,27,140,0.0686250776052475,False
500,27,145,0.07072598487138748,False
500,27,150,0.02585252933204174,False
500,27,155,0.028538918122649193,False
500,27,160,0.06416262686252594,False
500,27,165,0.06104821339249611,False
500,27,170,0.008252684026956558,False
500,27,175,0.026485800743103027,False
500,27,180,0.07711915671825409,False
500,27,185,0.0778144896030426,False
500,27,190,0.02203458547592163,False
500,27,195,0.045018091797828674,False
500,27,200,0.04103873670101166,False
500,27,205,0.025838928297162056,False
500,27,210,0.035328853875398636,False
500,27,215,0.023510899394750595,False
500,27,220,0.05839111655950546,False
500,27,225,0.0818043202161789,False
500,27,230,0.0955025777220726,False
500,27,235,0.11644653230905533,False
500,27,240,0.08344174921512604,False
500,27,245,0.07150865346193314,False
500,27,250,0.03062487207353115,False
500,27,255,0.19409450888633728,False
500,27,260,0.037194203585386276,False
500,27,265,0.08063050359487534,False
500,27,270,0.042195528745651245,False
500,27,275,0.09322337061166763,False
500,27,280,0.15190820395946503,False
500,27,285,0.08718276023864746,False
500,27,290,0.07075806707143784,False
500,27,295,0.1088249683380127,False
500,27,300,0.06047922000288963,False
500,27,305,0.021416960284113884,False
500,27,310,0.09095477312803268,False
500,27,315,0.06715232878923416,False
500,27,320,0.06181136891245842,False
500,27,325,0.1594114452600479,False
500,27,330,0.16562236845493317,False
500,27,335,0.09333619475364685,False
500,27,340,0.11529111862182617,False
500,27,345,0.19345106184482574,False
500,27,350,0.12175541371107101,False
500,27,355,0.1594563126564026,False
500,27,360,0.1029059961438179,False
500,27,365,0.16734528541564941,False
500,27,370,0.06159697845578194,False
500,27,375,0.06723915040493011,False
500,27,380,0.06573657691478729,False
500,27,385,0.159521222114563,False
500,27,390,0.03191058337688446,False
500,27,395,0.19023557007312775,False
500,27,400,0.10190533101558685,False
500,27,405,0.09391078352928162,False
500,28,10,0.09398062527179718,False
500,28,15,0.1947515308856964,False
500,28,20,0.08038736879825592,False
500,28,25,0.046298861503601074,False
500,28,30,0.10413017123937607,False
500,28,35,0.23801812529563904,False
500,28,40,0.11507152765989304,False
500,28,45,0.09176544845104218,False
500,28,50,0.06233992800116539,False
500,28,55,0.11103495955467224,False
500,28,60,0.08909337222576141,False
500,28,65,0.18005681037902832,False
500,28,70,0.10811509937047958,False
500,28,75,0.12259507179260254,False
500,28,80,0.2032768875360489,False
500,28,85,0.819333553314209,False
500,28,90,0.06167599558830261,False
500,28,95,0.05812207981944084,False
500,28,100,0.10613701492547989,False
500,28,105,0.067442886531353,False
500,28,110,0.07769680768251419,False
500,28,115,0.11537748575210571,False
500,28,120,0.23364925384521484,False
500,28,125,0.13921737670898438,False
500,28,130,0.13940496742725372,False
500,28,135,0.08559346944093704,False
500,28,140,0.06834178417921066,False
500,28,145,0.03978133946657181,False
500,28,150,0.10030147433280945,False
500,28,155,0.030592776834964752,False
500,28,160,0.030257202684879303,False
500,28,165,0.022543076425790787,False
500,28,170,0.025489788502454758,False
500,28,175,0.03791232779622078,False
500,28,180,0.02498728595674038,False
500,28,185,0.028168901801109314,False
500,28,190,0.04329903796315193,False
500,28,195,0.05154753103852272,False
500,28,200,0.029638316482305527,False
500,28,205,0.16470631957054138,False
500,28,210,0.05322016030550003,False
500,28,215,0.05191367492079735,False
500,28,220,0.09132502228021622,False
500,28,225,0.010702580213546753,False
500,28,230,0.046911705285310745,False
500,28,235,0.07482532411813736,False
500,28,240,0.012154713273048401,False
500,28,245,0.042276278138160706,False
500,28,250,0.018794193863868713,False
500,28,255,0.11658045649528503,False
500,28,260,0.061350248754024506,False
500,28,265,0.032844167202711105,False
500,28,270,0.027795929461717606,False
500,28,275,0.021441591903567314,False
500,28,280,0.062297165393829346,False
500,28,285,0.1506487876176834,False
500,28,290,0.04729137942194939,False
500,28,295,0.06937145441770554,False
500,28,300,0.022850580513477325,False
500,28,305,0.03182316944003105,False
500,28,310,0.028880227357149124,False
500,28,315,0.025948189198970795,False
500,28,320,0.0731894001364708,False
500,28,325,0.1253061443567276,False
500,28,330,0.0352649986743927,False
500,28,335,0.027985939756035805,False
500,28,340,0.08135834336280823,False
500,28,345,0.05362047255039215,False
500,28,350,0.018805276602506638,False
500,28,355,0.08100413531064987,False
500,28,360,0.017561912536621094,False
500,28,365,0.028400108218193054,False
500,28,370,0.038750775158405304,False
500,28,375,0.047308299690485,False
500,28,380,0.046617962419986725,False
500,28,385,0.061821676790714264,False
500,28,390,0.05765635147690773,False
500,28,395,0.07033105194568634,False
500,28,400,0.039160341024398804,False
500,28,405,0.03968576714396477,False
500,29,10,0.17061908543109894,False
500,29,15,0.11492300033569336,False
500,29,20,0.0871475413441658,False
500,29,25,0.13875262439250946,False
500,29,30,0.09075971692800522,False
500,29,35,0.3483237028121948,False
500,29,40,0.30487897992134094,False
500,29,45,0.12715254724025726,False
500,29,50,0.05167163535952568,False
500,29,55,0.12858502566814423,False
500,29,60,0.010426233522593975,False
500,29,65,0.06860015541315079,False
500,29,70,0.09889683872461319,False
500,29,75,0.08532076328992844,False
500,29,80,0.14194819331169128,False
500,29,85,0.057196006178855896,False
500,29,90,0.08266638219356537,False
500,29,95,0.023466970771551132,False
500,29,100,0.027637192979454994,False
500,29,105,0.023618068546056747,False
500,29,110,0.05330084264278412,False
500,29,115,0.018270689994096756,False
500,29,120,0.03560425713658333,False
500,29,125,0.018786679953336716,False
500,29,130,0.02685067430138588,False
500,29,135,0.02591448277235031,False
500,29,140,0.06580358743667603,False
500,29,145,0.03500911965966225,False
500,29,150,0.028558596968650818,False
500,29,155,0.09041827917098999,False
500,29,160,0.08751483261585236,False
500,29,165,0.056460559368133545,False
500,29,170,0.055161427706480026,False
500,29,175,0.03889801353216171,False
500,29,180,0.10000395029783249,False
500,29,185,0.10398989915847778,False
500,29,190,0.06463593244552612,False
500,29,195,0.05086306482553482,False
500,29,200,0.08380363136529922,False
500,29,205,0.04033892974257469,False
500,29,210,0.06975037604570389,False
500,29,215,0.052917495369911194,False
500,29,220,0.10426406562328339,False
500,29,225,0.06327750533819199,False
500,29,230,0.09101177752017975,False
500,29,235,0.1132013201713562,False
500,29,240,0.11150338500738144,False
500,29,245,0.022417359054088593,False
500,29,250,0.04943197965621948,False
500,29,255,0.16108018159866333,False
500,29,260,0.041617393493652344,False
500,29,265,0.04878593236207962,False
500,29,270,0.052258994430303574,False
500,29,275,0.08413315564393997,False
500,29,280,0.09394794702529907,False
500,29,285,0.11724811047315598,False
500,29,290,0.15504451096057892,False
500,29,295,0.13094504177570343,False
500,29,300,0.06471779942512512,False
500,29,305,0.06369155645370483,False
500,29,310,0.0871972143650055,False
500,29,315,0.08079341799020767,False
500,29,320,0.03469981625676155,False
500,29,325,0.13508445024490356,False
500,29,330,0.14412374794483185,False
500,29,335,0.06651683151721954,False
500,29,340,0.05884302034974098,False
500,29,345,0.06835626810789108,False
500,29,350,0.018504425883293152,False
500,29,355,0.019162436947226524,False
500,29,360,0.025577140972018242,False
500,29,365,0.05450928956270218,False
500,29,370,0.032746318727731705,False
500,29,375,0.03715972602367401,False
500,29,380,0.05103809013962746,False
500,29,385,0.014581087976694107,False
500,29,390,0.015632791444659233,False
500,29,395,0.06545715034008026,False
500,29,400,0.03820975497364998,False
500,29,405,0.017403775826096535,False
500,30,10,0.1378762125968933,False
500,30,15,0.2379518300294876,False
500,30,20,0.2345336228609085,False
500,30,25,0.1137070432305336,False
500,30,30,0.18706300854682922,False
500,30,35,0.5023062229156494,False
500,30,40,0.35498133301734924,False
500,30,45,0.20551732182502747,False
500,30,50,0.4650766849517822,False
500,30,55,0.26055964827537537,False
500,30,60,0.1520656794309616,False
500,30,65,0.16985194385051727,False
500,30,70,0.13368549942970276,False
500,30,75,0.04534764215350151,False
500,30,80,0.13171616196632385,False
500,30,85,0.03505042567849159,False
500,30,90,0.15179400146007538,False
500,30,95,0.21344463527202606,False
500,30,100,0.10790030658245087,False
500,30,105,0.04563464969396591,False
500,30,110,0.1848539412021637,False
500,30,115,0.2609271705150604,False
500,30,120,0.050637293606996536,False
500,30,125,0.07622301578521729,False
500,30,130,0.5294428467750549,False
500,30,135,0.48124730587005615,False
500,30,140,0.40918174386024475,False
500,30,145,0.522537350654602,False
500,30,150,0.6130597591400146,False
500,30,155,0.42245998978614807,False
500,30,160,0.16833887994289398,False
500,30,165,0.6041494607925415,False
500,30,170,0.46115413308143616,False
500,30,175,0.6104989647865295,False
500,30,180,0.5556925535202026,False
500,30,185,0.43241459131240845,False
500,30,190,0.5848056077957153,False
500,30,195,0.06492885202169418,False
500,30,200,0.4122059643268585,False
500,30,205,0.4586436450481415,False
500,30,210,0.053770799189805984,False
500,30,215,0.23383690416812897,False
500,30,220,0.22964884340763092,False
500,30,225,0.15821900963783264,False
500,30,230,0.2733039855957031,False
500,30,235,0.13971832394599915,False
500,30,240,0.09240445494651794,False
500,30,245,0.019760191440582275,False
500,30,250,0.03414715453982353,False
500,30,255,0.03345859795808792,False
500,30,260,0.05160563066601753,False
500,30,265,0.1251315176486969,False
500,30,270,0.09995746612548828,False
500,30,275,0.16242922842502594,False
500,30,280,0.14599676430225372,False
500,30,285,0.1379408836364746,False
500,30,290,0.12455380707979202,False
500,30,295,0.0203041173517704,False
500,30,300,0.16320805251598358,False
500,30,305,0.07114586234092712,False
500,30,310,0.06330941617488861,False
500,30,315,0.15537697076797485,False
500,30,320,0.2111796736717224,False
500,30,325,0.15060210227966309,False
500,30,330,0.06256091594696045,False
500,30,335,0.2371402084827423,False
500,30,340,0.10663411766290665,False
500,30,345,0.04747839644551277,False
500,30,350,0.1712958961725235,False
500,30,355,0.07744225114583969,False
500,30,360,0.1354406774044037,False
500,30,365,0.12393403053283691,False
500,30,370,0.14840416610240936,False
500,30,375,0.02694801799952984,False
500,30,380,0.043702054768800735,False
500,30,385,0.1289665251970291,False
500,30,390,0.05978662893176079,False
500,30,395,0.13877719640731812,False
500,30,400,0.11053590476512909,False
500,30,405,0.03090447187423706,False
500,31,10,0.03769473731517792,False
500,31,15,0.10654928535223007,False
500,31,20,0.06357146799564362,False
500,31,25,0.12006562203168869,False
500,31,30,0.1781875342130661,False
500,31,35,0.17050425708293915,False
500,31,40,0.3939303457736969,False
500,31,45,0.49019938707351685,False
500,31,50,0.059560082852840424,False
500,31,55,0.15924085676670074,False
500,31,60,0.06166006997227669,False
500,31,65,0.04655149206519127,False
500,31,70,0.014094637706875801,False
500,31,75,0.0585181824862957,False
500,31,80,0.10086112469434738,False
500,31,85,0.04545269533991814,False
500,31,90,0.058618251234292984,False
500,31,95,0.09313542395830154,False
500,31,100,0.04257277026772499,False
500,31,105,0.11379453539848328,False
500,31,110,0.10664397478103638,False
500,31,115,0.07351439446210861,False
500,31,120,0.08187051862478256,False
500,31,125,0.07787714898586273,False
500,31,130,0.1109042540192604,False
500,31,135,0.1572917252779007,False
500,31,140,0.10687138885259628,False
500,31,145,0.09380393475294113,False
500,31,150,0.12348741292953491,False
500,31,155,0.1353297084569931,False
500,31,160,0.049961574375629425,False
500,31,165,0.028977977111935616,False
500,31,170,0.1141539067029953,False
500,31,175,0.024320533499121666,False
500,31,180,0.03578490763902664,False
500,31,185,0.06814111024141312,False
500,31,190,0.028559638187289238,False
500,31,195,0.016575822606682777,False
500,31,200,0.027446160092949867,False
500,31,205,0.06686275452375412,False
500,31,210,0.04390867426991463,False
500,31,215,0.02340877614915371,False
500,31,220,0.022996501997113228,False
500,31,225,0.02107023447751999,False
500,31,230,0.024840665981173515,False
500,31,235,0.0659833550453186,False
500,31,240,0.049084488302469254,False
500,31,245,0.02983703278005123,False
500,31,250,0.05166734755039215,False
500,31,255,0.02503524161875248,False
500,31,260,0.04978408291935921,False
500,31,265,0.035498082637786865,False
500,31,270,0.07022089511156082,False
500,31,275,0.055588848888874054,False
500,31,280,0.06765031069517136,False
500,31,285,0.08571888506412506,False
500,31,290,0.0860777497291565,False
500,31,295,0.04075125604867935,False
500,31,300,0.06726829707622528,False
500,31,305,0.029796166345477104,False
500,31,310,0.011591081507503986,False
500,31,315,0.011465762741863728,False
500,31,320,0.05040648952126503,False
500,31,325,0.044901344925165176,False
500,31,330,0.09621047973632812,False
500,31,335,0.06407482922077179,False
500,31,340,0.0691269114613533,False
500,31,345,0.052650973200798035,False
500,31,350,0.01817183755338192,False
500,31,355,0.031778253614902496,False
500,31,360,0.07175734639167786,False
500,31,365,0.05287136510014534,False
500,31,370,0.020344344899058342,False
500,31,375,0.024409359320998192,False
500,31,380,0.03764893487095833,False
500,31,385,0.009489739313721657,False
500,31,390,0.052703648805618286,False
500,31,395,0.027061356231570244,False
500,31,400,0.02373204566538334,False
500,31,405,0.030595412477850914,False
500,32,10,0.028714139014482498,False
500,32,15,0.055200062692165375,False
500,32,20,0.04777789115905762,False
500,32,25,0.1399434506893158,False
500,32,30,0.21402494609355927,False
500,32,35,0.3709065318107605,False
500,32,40,0.5499265789985657,False
500,32,45,0.08488097786903381,False
500,32,50,0.16010713577270508,False
500,32,55,0.09735514968633652,False
500,32,60,0.029379984363913536,False
500,32,65,0.04287990182638168,False
500,32,70,0.03546621650457382,False
500,32,75,0.07410497218370438,False
500,32,80,0.12002607434988022,False
500,32,85,0.06210477650165558,False
500,32,90,0.045937709510326385,False
500,32,95,0.17113269865512848,False
500,32,100,0.08166390657424927,False
500,32,105,0.1047675609588623,False
500,32,110,0.08511392772197723,False
500,32,115,0.09043445438146591,False
500,32,120,0.15137481689453125,False
500,32,125,0.10695941746234894,False
500,32,130,0.10032083839178085,False
500,32,135,0.1524202972650528,False
500,32,140,0.06127716228365898,False
500,32,145,0.1141539067029953,False
500,32,150,0.125918909907341,False
500,32,155,0.13380205631256104,False
500,32,160,0.01707407832145691,False
500,32,165,0.020220499485731125,False
500,32,170,0.11751027405261993,False
500,32,175,0.020928896963596344,False
500,32,180,0.02007468231022358,False
500,32,185,0.03535349667072296,False
500,32,190,0.034462820738554,False
500,32,195,0.03503201901912689,False
500,32,200,0.06898224353790283,False
500,32,205,0.04791799932718277,False
500,32,210,0.031114546582102776,False
500,32,215,0.03766812011599541,False
500,32,220,0.016263065859675407,False
500,32,225,0.054569438099861145,False
500,32,230,0.026965389028191566,False
500,32,235,0.05427294969558716,False
500,32,240,0.040285442024469376,False
500,32,245,0.019869308918714523,False
500,32,250,0.05713717266917229,False
500,32,255,0.0225435309112072,False
500,32,260,0.05307035148143768,False
500,32,265,0.030005745589733124,False
500,32,270,0.06797777116298676,False
500,32,275,0.06244466453790665,False
500,32,280,0.049811556935310364,False
500,32,285,0.11691150069236755,False
500,32,290,0.08967698365449905,False
500,32,295,0.04136480391025543,False
500,32,300,0.08840221911668777,False
500,32,305,0.07507288455963135,False
500,32,310,0.015803882852196693,False
500,32,315,0.012398573569953442,False
500,32,320,0.02402016893029213,False
500,32,325,0.08021312206983566,False
500,32,330,0.10433093458414078,False
500,32,335,0.05277040973305702,False
500,32,340,0.0708935335278511,False
500,32,345,0.09127067029476166,False
500,32,350,0.024104086682200432,False
500,32,355,0.061592184007167816,False
500,32,360,0.060363106429576874,False
500,32,365,0.051908377557992935,False
500,32,370,0.034275155514478683,False
500,32,375,0.02505393885076046,False
500,32,380,0.04505665600299835,False
500,32,385,0.02271607145667076,False
500,32,390,0.04106459394097328,False
500,32,395,0.011887402273714542,False
500,32,400,0.05282296985387802,False
500,32,405,0.03819696605205536,False
500,33,10,0.0699630156159401,False
500,33,15,0.18943263590335846,False
500,33,20,0.15205150842666626,False
500,33,25,0.09914100170135498,False
500,33,30,0.10461835563182831,False
500,33,35,0.13922294974327087,False
500,33,40,0.17393989861011505,False
500,33,45,0.08356738835573196,False
500,33,50,0.05963455140590668,False
500,33,55,0.11142203211784363,False
500,33,60,0.06909623742103577,False
500,33,65,0.19225946068763733,False
500,33,70,0.05457314848899841,False
500,33,75,0.06281571835279465,False
500,33,80,0.07253190875053406,False
500,33,85,0.07977604866027832,False
500,33,90,0.09427738189697266,False
500,33,95,0.21135681867599487,False
500,33,100,0.0980604812502861,False
500,33,105,0.04872686043381691,False
500,33,110,0.10574738681316376,False
500,33,115,0.055534832179546356,False
500,33,120,0.04119188338518143,False
500,33,125,0.09275615960359573,False
500,33,130,0.04694359749555588,False
500,33,135,0.02405015379190445,False
500,33,140,0.0765148177742958,False
500,33,145,0.05972149223089218,False
500,33,150,0.06699176132678986,False
500,33,155,0.03837618604302406,False
500,33,160,0.03545232117176056,False
500,33,165,0.030181119218468666,False
500,33,170,0.03585737198591232,False
500,33,175,0.09768644720315933,False
500,33,180,0.03285851702094078,False
500,33,185,0.06460392475128174,False
500,33,190,0.06527776271104813,False
500,33,195,0.017817536368966103,False
500,33,200,0.05424640327692032,False
500,33,205,0.07919379323720932,False
500,33,210,0.06462341547012329,False
500,33,215,0.04692758992314339,False
500,33,220,0.09456249326467514,False
500,33,225,0.03577765077352524,False
500,33,230,0.05536641553044319,False
500,33,235,0.09727472066879272,False
500,33,240,0.015993742272257805,False
500,33,245,0.021082906052470207,False
500,33,250,0.059013571590185165,False
500,33,255,0.10929899662733078,False
500,33,260,0.03833901882171631,False
500,33,265,0.021554408594965935,False
500,33,270,0.009779084473848343,False
500,33,275,0.05837167054414749,False
500,33,280,0.02230972796678543,False
500,33,285,0.1149320900440216,False
500,33,290,0.028062375262379646,False
500,33,295,0.031439583748579025,False
500,33,300,0.024851810187101364,False
500,33,305,0.02711896225810051,False
500,33,310,0.04019579291343689,False
500,33,315,0.028567420318722725,False
500,33,320,0.06096070259809494,False
500,33,325,0.032554980367422104,False
500,33,330,0.024931862950325012,False
500,33,335,0.04448115453124046,False
500,33,340,0.03604217246174812,False
500,33,345,0.0458645299077034,False
500,33,350,0.016794376075267792,False
500,33,355,0.01508653536438942,False
500,33,360,0.06008085608482361,False
500,33,365,0.02635359764099121,False
500,33,370,0.035544704645872116,False
500,33,375,0.08661438524723053,False
500,33,380,0.11403542757034302,False
500,33,385,0.15589961409568787,False
500,33,390,0.053205009549856186,False
500,33,395,0.04211142659187317,False
500,33,400,0.0996713861823082,False
500,33,405,0.057068806141614914,False
500,34,10,0.08805913478136063,False
500,34,15,0.19574624300003052,False
500,34,20,0.08692380785942078,False
500,34,25,0.1867186725139618,False
500,34,30,0.11549824476242065,False
500,34,35,0.2704322934150696,False
500,34,40,0.24113242328166962,False
500,34,45,0.039704859256744385,False
500,34,50,0.14185811579227448,False
500,34,55,0.07045509666204453,False
500,34,60,0.0921575278043747,False
500,34,65,0.15073485672473907,False
500,34,70,0.08237914741039276,False
500,34,75,0.06023366376757622,False
500,34,80,0.060750119388103485,False
500,34,85,0.8247050046920776,False
500,34,90,0.14275577664375305,False
500,34,95,0.03185863792896271,False
500,34,100,0.14761844277381897,False
500,34,105,0.08299322426319122,False
500,34,110,0.0528363436460495,False
500,34,115,0.030385520309209824,False
500,34,120,0.0727536678314209,False
500,34,125,0.04870186001062393,False
500,34,130,0.016409970819950104,False
500,34,135,0.03442032262682915,False
500,34,140,0.03378178924322128,False
500,34,145,0.0467548742890358,False
500,34,150,0.020583949983119965,False
500,34,155,0.024921096861362457,False
500,34,160,0.10069914907217026,False
500,34,165,0.08216465264558792,False
500,34,170,0.13475455343723297,False
500,34,175,0.030865561217069626,False
500,34,180,0.06588956713676453,False
500,34,185,0.06608500331640244,False
500,34,190,0.04678252339363098,False
500,34,195,0.05387825891375542,False
500,34,200,0.04974716901779175,False
500,34,205,0.025200514122843742,False
500,34,210,0.056698624044656754,False
500,34,215,0.01248808391392231,False
500,34,220,0.2118113934993744,False
500,34,225,0.040460456162691116,False
500,34,230,0.16909891366958618,False
500,34,235,0.09059680998325348,False
500,34,240,0.046761803328990936,False
500,34,245,0.05804753303527832,False
500,34,250,0.1268199235200882,False
500,34,255,0.13781782984733582,False
500,34,260,0.12314355373382568,False
500,34,265,0.050968196243047714,False
500,34,270,0.060791242867708206,False
500,34,275,0.0185416117310524,False
500,34,280,0.1021142229437828,False
500,34,285,0.10842926800251007,False
500,34,290,0.02306787669658661,False
500,34,295,0.02461094781756401,False
500,34,300,0.06670113652944565,False
500,34,305,0.1131105124950409,False
500,34,310,0.0217143464833498,False
500,34,315,0.04251406341791153,False
500,34,320,0.03555574268102646,False
500,34,325,0.02778148278594017,False
500,34,330,0.09773468971252441,False
500,34,335,0.008936429396271706,False
500,34,340,0.035429179668426514,False
500,34,345,0.11598563194274902,False
500,34,350,0.03302401304244995,False
500,34,355,0.027310334146022797,False
500,34,360,0.06644196808338165,False
500,34,365,0.03915432095527649,False
500,34,370,0.07047154754400253,False
500,34,375,0.13350285589694977,False
500,34,380,0.08862301707267761,False
500,34,385,0.02277436852455139,False
500,34,390,0.06198206543922424,False
500,34,395,0.08771131187677383,False
500,34,400,0.08540692180395126,False
500,34,405,0.01585424691438675,False
500,35,10,0.0982445627450943,False
500,35,15,0.13125969469547272,False
500,35,20,0.14251859486103058,False
500,35,25,0.11507786810398102,False
500,35,30,0.10389849543571472,False
500,35,35,0.29506829380989075,False
500,35,40,0.3558163344860077,False
500,35,45,0.2019844949245453,False
500,35,50,0.3723040819168091,False
500,35,55,0.35986998677253723,False
500,35,60,0.19533097743988037,False
500,35,65,0.05451730266213417,False
500,35,70,0.23098281025886536,False
500,35,75,0.07909359037876129,False
500,35,80,0.14382879436016083,False
500,35,85,0.45976874232292175,False
500,35,90,0.3370891511440277,False
500,35,95,0.020504120737314224,False
500,35,100,0.033342503011226654,False
500,35,105,0.06885770708322525,False
500,35,110,0.07688301056623459,False
500,35,115,0.2020738422870636,False
500,35,120,0.06299944967031479,False
500,35,125,0.5936981439590454,False
500,35,130,0.1337045580148697,False
500,35,135,0.0919976681470871,False
500,35,140,0.3741482198238373,False
500,35,145,0.48854371905326843,False
500,35,150,0.2910054624080658,False
500,35,155,0.05469544976949692,False
500,35,160,0.30692940950393677,False
500,35,165,0.22449471056461334,False
500,35,170,0.04080592095851898,False
500,35,175,0.031016476452350616,False
500,35,180,0.2032943218946457,False
500,35,185,0.05468671768903732,False
500,35,190,0.05148158222436905,False
500,35,195,0.12125540524721146,False
500,35,200,0.061733637005090714,False
500,35,205,0.055197134613990784,False
500,35,210,0.0473456047475338,False
500,35,215,0.029117010533809662,False
500,35,220,0.06279545277357101,False
500,35,225,0.0551825687289238,False
500,35,230,0.02033677138388157,False
500,35,235,0.04608474299311638,False
500,35,240,0.07693018764257431,False
500,35,245,0.020980268716812134,False
500,35,250,0.06196632236242294,False
500,35,255,0.06147485598921776,False
500,35,260,0.0643891915678978,False
500,35,265,0.16331569850444794,False
500,35,270,0.14472976326942444,False
500,35,275,0.04087017849087715,False
500,35,280,0.018782176077365875,False
500,35,285,0.11985815316438675,False
500,35,290,0.046325650066137314,False
500,35,295,0.07038851082324982,False
500,35,300,0.07105034589767456,False
500,35,305,0.07171931862831116,False
500,35,310,0.10422061383724213,False
500,35,315,0.04613865911960602,False
500,35,320,0.06648045033216476,False
500,35,325,0.10015568137168884,False
500,35,330,0.018260687589645386,False
500,35,335,0.08362391591072083,False
500,35,340,0.08139899373054504,False
500,35,345,0.2034313678741455,False
500,35,350,0.052819497883319855,False
500,35,355,0.1611820012331009,False
500,35,360,0.03147514536976814,False
500,35,365,0.028963716700673103,False
500,35,370,0.03639155626296997,False
500,35,375,0.05016176775097847,False
500,35,380,0.07936825603246689,False
500,35,385,0.0180624108761549,False
500,35,390,0.03666609525680542,False
500,35,395,0.08653844892978668,False
500,35,400,0.13596558570861816,False
500,35,405,0.13995946943759918,False
500,36,10,0.043626341968774796,False
500,36,15,0.11254485696554184,False
500,36,20,0.04161649942398071,False
500,36,25,0.12308746576309204,False
500,36,30,0.2132088840007782,False
500,36,35,0.2007179856300354,False
500,36,40,0.5915794968605042,False
500,36,45,0.09881754964590073,False
500,36,50,0.04916179180145264,False
500,36,55,0.13611654937267303,False
500,36,60,0.03902154043316841,False
500,36,65,0.08837180584669113,False
500,36,70,0.02347818948328495,False
500,36,75,0.02238794043660164,False
500,36,80,0.1254613697528839,False
500,36,85,0.1048179492354393,False
500,36,90,0.09081394970417023,False
500,36,95,0.15764659643173218,False
500,36,100,0.08424549549818039,False
500,36,105,0.03183141350746155,False
500,36,110,0.06631791591644287,False
500,36,115,0.06325089931488037,False
500,36,120,0.078711599111557,False
500,36,125,0.04247912019491196,False
500,36,130,0.0714261457324028,False
500,36,135,0.15708574652671814,False
500,36,140,0.14900851249694824,False
500,36,145,0.13030296564102173,False
500,36,150,0.11994211375713348,False
500,36,155,0.10639382898807526,False
500,36,160,0.02120736613869667,False
500,36,165,0.018229737877845764,False
500,36,170,0.028776906430721283,False
500,36,175,0.034138184040784836,False
500,36,180,0.014761330559849739,False
500,36,185,0.015616641379892826,False
500,36,190,0.015080706216394901,False
500,36,195,0.026479776948690414,False
500,36,200,0.01565021462738514,False
500,36,205,0.08184615522623062,False
500,36,210,0.03722665458917618,False
500,36,215,0.059539418667554855,False
500,36,220,0.06374461203813553,False
500,36,225,0.07529958337545395,False
500,36,230,0.11103294789791107,False
500,36,235,0.03323398530483246,False
500,36,240,0.017454758286476135,False
500,36,245,0.06796720623970032,False
500,36,250,0.07902718335390091,False
500,36,255,0.06309251487255096,False
500,36,260,0.06770692765712738,False
500,36,265,0.07220388948917389,False
500,36,270,0.03599539399147034,False
500,36,275,0.03636794909834862,False
500,36,280,0.02249188721179962,False
500,36,285,0.06635775417089462,False
500,36,290,0.020473472774028778,False
500,36,295,0.02483087033033371,False
500,36,300,0.12557852268218994,False
500,36,305,0.10223083198070526,False
500,36,310,0.04798882454633713,False
500,36,315,0.037504423409700394,False
500,36,320,0.056863680481910706,False
500,36,325,0.06066180393099785,False
500,36,330,0.05326075479388237,False
500,36,335,0.027198053896427155,False
500,36,340,0.02187376841902733,False
500,36,345,0.09907860308885574,False
500,36,350,0.04395022988319397,False
500,36,355,0.08618185669183731,False
500,36,360,0.04832230880856514,False
500,36,365,0.03207431733608246,False
500,36,370,0.02110602706670761,False
500,36,375,0.04247564449906349,False
500,36,380,0.07228600233793259,False
500,36,385,0.024922356009483337,False
500,36,390,0.03854632005095482,False
500,36,395,0.027426304295659065,False
500,36,400,0.11975918710231781,False
500,36,405,0.054957952350378036,False
500,37,10,0.10536156594753265,False
500,37,15,0.21941305696964264,False
500,37,20,0.07970526814460754,False
500,37,25,0.0940026268362999,False
500,37,30,0.11580628901720047,False
500,37,35,0.1644161194562912,False
500,37,40,0.17137348651885986,False
500,37,45,0.3401082158088684,False
500,37,50,0.09538429975509644,False
500,37,55,0.03811151534318924,False
500,37,60,0.012208551168441772,False
500,37,65,0.08284327387809753,False
500,37,70,0.09245814383029938,False
500,37,75,0.055497415363788605,False
500,37,80,0.039362452924251556,False
500,37,85,0.07109185308218002,False
500,37,90,0.09291767328977585,False
500,37,95,0.04648762568831444,False
500,37,100,0.07529476284980774,False
500,37,105,0.04035859555006027,False
500,37,110,0.028719043359160423,False
500,37,115,0.01499097514897585,False
500,37,120,0.04162159934639931,False
500,37,125,0.10217149555683136,False
500,37,130,0.15536165237426758,False
500,37,135,0.10276374965906143,False
500,37,140,0.20616456866264343,False
500,37,145,0.028395749628543854,False
500,37,150,0.037174712866544724,False
500,37,155,0.2203473448753357,False
500,37,160,0.1280076950788498,False
500,37,165,0.04503695294260979,False
500,37,170,0.11632983386516571,False
500,37,175,0.04795755445957184,False
500,37,180,0.17951083183288574,False
500,37,185,0.1167299821972847,False
500,37,190,0.08275826275348663,False
500,37,195,0.14332400262355804,False
500,37,200,0.08845386654138565,False
500,37,205,0.0502190925180912,False
500,37,210,0.18020255863666534,False
500,37,215,0.12795795500278473,False
500,37,220,0.05917709320783615,False
500,37,225,0.17293620109558105,False
500,37,230,0.08095317333936691,False
500,37,235,0.1339057832956314,False
500,37,240,0.1750544011592865,False
500,37,245,0.19366751611232758,False
500,37,250,0.061496302485466,False
500,37,255,0.07773824781179428,False
500,37,260,0.04176410287618637,False
500,37,265,0.08327015489339828,False
500,37,270,0.06044537201523781,False
500,37,275,0.13374067842960358,False
500,37,280,0.14819638431072235,False
500,37,285,0.09719791263341904,False
500,37,290,0.08020748198032379,False
500,37,295,0.07200247794389725,False
500,37,300,0.09290114045143127,False
500,37,305,0.03399733453989029,False
500,37,310,0.04695659503340721,False
500,37,315,0.12650012969970703,False
500,37,320,0.10644429177045822,False
500,37,325,0.1673012375831604,False
500,37,330,0.10221489518880844,False
500,37,335,0.03964408487081528,False
500,37,340,0.024982918053865433,False
500,37,345,0.14334407448768616,False
500,37,350,0.067794568836689,False
500,37,355,0.08220856636762619,False
500,37,360,0.1513422429561615,False
500,37,365,0.10870777070522308,False
500,37,370,0.17512518167495728,False
500,37,375,0.04802022501826286,False
500,37,380,0.20607659220695496,False
500,37,385,0.28546059131622314,False
500,37,390,0.14262712001800537,False
500,37,395,0.3463437557220459,False
500,37,400,0.3230070173740387,False
500,37,405,0.23866206407546997,False
500,38,10,0.13648611307144165,False
500,38,15,0.24226056039333344,False
500,38,20,0.15005989372730255,False
500,38,25,0.1006181463599205,False
500,38,30,0.11541403830051422,False
500,38,35,0.18687765300273895,False
500,38,40,0.14456208050251007,False
500,38,45,0.05391497537493706,False
500,38,50,0.1764506846666336,False
500,38,55,0.07047005742788315,False
500,38,60,0.07956355810165405,False
500,38,65,0.08449813723564148,False
500,38,70,0.0619661882519722,False
500,38,75,0.08122780174016953,False
500,38,80,0.15152467787265778,False
500,38,85,0.7643834948539734,False
500,38,90,0.14432814717292786,False
500,38,95,0.025991007685661316,False
500,38,100,0.20295825600624084,False
500,38,105,0.09338711947202682,False
500,38,110,0.0691814199090004,False
500,38,115,0.04031967744231224,False
500,38,120,0.020882973447442055,False
500,38,125,0.03835223242640495,False
500,38,130,0.026219401508569717,False
500,38,135,0.02204257994890213,False
500,38,140,0.05823744833469391,False
500,38,145,0.0616796500980854,False
500,38,150,0.12419316172599792,False
500,38,155,0.08387590199708939,False
500,38,160,0.04001089930534363,False
500,38,165,0.028473617509007454,False
500,38,170,0.09926261007785797,False
500,38,175,0.023489659652113914,False
500,38,180,0.07218366116285324,False
500,38,185,0.09058334678411484,False
500,38,190,0.02897835522890091,False
500,38,195,0.06938039511442184,False
500,38,200,0.04374609887599945,False
500,38,205,0.022454986348748207,False
500,38,210,0.10909021645784378,False
500,38,215,0.04343058168888092,False
500,38,220,0.18348930776119232,False
500,38,225,0.08295193314552307,False
500,38,230,0.22819343209266663,False
500,38,235,0.12066654115915298,False
500,38,240,0.06822533905506134,False
500,38,245,0.04884922876954079,False
500,38,250,0.08098020404577255,False
500,38,255,0.09004725515842438,False
500,38,260,0.0303112231194973,False
500,38,265,0.060521356761455536,False
500,38,270,0.04446155205368996,False
500,38,275,0.03249037265777588,False
500,38,280,0.07045891880989075,False
500,38,285,0.05343778803944588,False
500,38,290,0.09138289839029312,False
500,38,295,0.06901096552610397,False
500,38,300,0.06469991058111191,False
500,38,305,0.016751866787672043,False
500,38,310,0.027788270264863968,False
500,38,315,0.021230492740869522,False
500,38,320,0.03635082393884659,False
500,38,325,0.030530905351042747,False
500,38,330,0.03994137793779373,False
500,38,335,0.020472252741456032,False
500,38,340,0.030761942267417908,False
500,38,345,0.0958009585738182,False
500,38,350,0.016650281846523285,False
500,38,355,0.04523522034287453,False
500,38,360,0.06102146580815315,False
500,38,365,0.04046505317091942,False
500,38,370,0.04995320737361908,False
500,38,375,0.040797896683216095,False
500,38,380,0.0606348030269146,False
500,38,385,0.025369146838784218,False
500,38,390,0.01561318151652813,False
500,38,395,0.03363776206970215,False
500,38,400,0.02991933561861515,False
500,38,405,0.022817816585302353,False
500,39,10,0.11172673106193542,False
500,39,15,0.18322376906871796,False
500,39,20,0.12850803136825562,False
500,39,25,0.11321096867322922,False
500,39,30,0.14078298211097717,False
500,39,35,0.20819444954395294,False
500,39,40,0.5246174931526184,False
500,39,45,0.42239975929260254,False
500,39,50,0.4580012559890747,False
500,39,55,0.32403677701950073,False
500,39,60,0.13098613917827606,False
500,39,65,0.09801510721445084,False
500,39,70,0.08550741523504257,False
500,39,75,0.057063061743974686,False
500,39,80,0.5491971373558044,False
500,39,85,0.730912446975708,False
500,39,90,0.6761250495910645,False
500,39,95,0.08939047157764435,False
500,39,100,0.28804811835289,False
500,39,105,0.10197686403989792,False
500,39,110,0.10014023631811142,False
500,39,115,0.26833558082580566,False
500,39,120,0.42448586225509644,False
500,39,125,0.42217347025871277,False
500,39,130,0.5356688499450684,False
500,39,135,0.058047398924827576,False
500,39,140,0.11757687479257584,False
500,39,145,0.049205876886844635,False
500,39,150,0.053502604365348816,False
500,39,155,0.055761657655239105,False
500,39,160,0.06498172879219055,False
500,39,165,0.11723200231790543,False
500,39,170,0.11192768812179565,False
500,39,175,0.16596366465091705,False
500,39,180,0.06939674913883209,False
500,39,185,0.13431894779205322,False
500,39,190,0.04686605557799339,False
500,39,195,0.17788615822792053,False
500,39,200,0.05068829283118248,False
500,39,205,0.054252609610557556,False
500,39,210,0.10438179224729538,False
500,39,215,0.15006643533706665,False
500,39,220,0.13131709396839142,False
500,39,225,0.06199248507618904,False
500,39,230,0.1642851084470749,False
500,39,235,0.18552111089229584,False
500,39,240,0.05714387819170952,False
500,39,245,0.09395938366651535,False
500,39,250,0.08053375780582428,False
500,39,255,0.09901506453752518,False
500,39,260,0.13024869561195374,False
500,39,265,0.16230688989162445,False
500,39,270,0.11107826232910156,False
500,39,275,0.13998731970787048,False
500,39,280,0.122456394135952,False
500,39,285,0.07911026477813721,False
500,39,290,0.14022459089756012,False
500,39,295,0.053700029850006104,False
500,39,300,0.042966339737176895,False
500,39,305,0.0613870844244957,False
500,39,310,0.13782329857349396,False
500,39,315,0.22133603692054749,False
500,39,320,0.14169803261756897,False
500,39,325,0.12280656397342682,False
500,39,330,0.23870915174484253,False
500,39,335,0.1415538340806961,False
500,39,340,0.1705179363489151,False
500,39,345,0.05643638223409653,False
500,39,350,0.08478216826915741,False
500,39,355,0.025867536664009094,False
500,39,360,0.10605674982070923,False
500,39,365,0.12353634834289551,False
500,39,370,0.08271786570549011,False
500,39,375,0.07024798542261124,False
500,39,380,0.07024025171995163,False
500,39,385,0.13340120017528534,False
500,39,390,0.12605395913124084,False
500,39,395,0.0866980105638504,False
500,39,400,0.0608384869992733,False
500,39,405,0.10208173096179962,False
500,40,10,0.10914461314678192,False
500,40,15,0.1817263513803482,False
500,40,20,0.14053495228290558,False
500,40,25,0.12066224962472916,False
500,40,30,0.08864235877990723,False
500,40,35,0.19106325507164001,False
500,40,40,0.5756662487983704,False
500,40,45,0.39226725697517395,False
500,40,50,0.6696619987487793,False
500,40,55,0.583342432975769,False
500,40,60,0.36529678106307983,False
500,40,65,0.34683480858802795,False
500,40,70,0.20326127111911774,False
500,40,75,0.12123017758131027,False
500,40,80,0.2950783669948578,False
500,40,85,0.4108726680278778,False
500,40,90,0.5739983320236206,False
500,40,95,0.22401542961597443,False
500,40,100,0.2760303020477295,False
500,40,105,0.1531440168619156,False
500,40,110,0.2146458625793457,False
500,40,115,0.2906363010406494,False
500,40,120,0.2745233476161957,False
500,40,125,0.1657787710428238,False
500,40,130,0.3124084174633026,False
500,40,135,0.2185041606426239,False
500,40,140,0.2926381528377533,False
500,40,145,0.34361475706100464,False
500,40,150,0.4491363763809204,False
500,40,155,0.20862102508544922,False
500,40,160,0.09915606677532196,False
500,40,165,0.36982670426368713,False
500,40,170,0.4437130391597748,False
500,40,175,0.25456076860427856,False
500,40,180,0.18054375052452087,False
500,40,185,0.27031028270721436,False
500,40,190,0.21705345809459686,False
500,40,195,0.11873327940702438,False
500,40,200,0.07858400046825409,False
500,40,205,0.06384479999542236,False
500,40,210,0.33559778332710266,False
500,40,215,0.4497324228286743,False
500,40,220,0.299196720123291,False
500,40,225,0.275418758392334,False
500,40,230,0.39922061562538147,False
500,40,235,0.5351691842079163,False
500,40,240,0.0913274735212326,False
500,40,245,0.14240452647209167,False
500,40,250,0.06967154145240784,False
500,40,255,0.4245870113372803,False
500,40,260,0.14360032975673676,False
500,40,265,0.1362067461013794,False
500,40,270,0.13507743179798126,False
500,40,275,0.04815997555851936,False
500,40,280,0.03300041705369949,False
500,40,285,0.1885233074426651,False
500,40,290,0.06351535767316818,False
500,40,295,0.15194639563560486,False
500,40,300,0.04209711030125618,False
500,40,305,0.055947721004486084,False
500,40,310,0.14835059642791748,False
500,40,315,0.049861304461956024,False
500,40,320,0.09075350314378738,False
500,40,325,0.17397677898406982,False
500,40,330,0.06323094666004181,False
500,40,335,0.11730650812387466,False
500,40,340,0.17214550077915192,False
500,40,345,0.21829891204833984,False
500,40,350,0.10168822854757309,False
500,40,355,0.17370310425758362,False
500,40,360,0.0731772631406784,False
500,40,365,0.12032575905323029,False
500,40,370,0.056843627244234085,False
500,40,375,0.07926082611083984,False
500,40,380,0.14796732366085052,False
500,40,385,0.10385306924581528,False
500,40,390,0.10293761640787125,False
500,40,395,0.18627262115478516,False
500,40,400,0.07613971084356308,False
500,40,405,0.054897241294384,False
500,41,10,0.1601349115371704,False
500,41,15,0.12652258574962616,False
500,41,20,0.11052252352237701,False
500,41,25,0.08328202366828918,False
500,41,30,0.12764044106006622,False
500,41,35,0.35714730620384216,False
500,41,40,0.6198911666870117,False
500,41,45,0.2506561577320099,False
500,41,50,0.5960416793823242,False
500,41,55,0.5473975539207458,False
500,41,60,0.5041689872741699,False
500,41,65,0.5755012035369873,False
500,41,70,0.2788648009300232,False
500,41,75,0.38332176208496094,False
500,41,80,0.1921563446521759,False
500,41,85,0.14201557636260986,False
500,41,90,0.0760093703866005,False
500,41,95,0.03984733670949936,False
500,41,100,0.09640055894851685,False
500,41,105,0.11549185961484909,False
500,41,110,0.07792448997497559,False
500,41,115,0.26148277521133423,False
500,41,120,0.07703028619289398,False
500,41,125,0.08829884231090546,False
500,41,130,0.06322288513183594,False
500,41,135,0.1517040729522705,False
500,41,140,0.1838565617799759,False
500,41,145,0.21027985215187073,False
500,41,150,0.1561460644006729,False
500,41,155,0.04132493957877159,False
500,41,160,0.16706453263759613,False
500,41,165,0.058332037180662155,False
500,41,170,0.060172148048877716,False
500,41,175,0.07130386680364609,False
500,41,180,0.1309366375207901,False
500,41,185,0.07572438567876816,False
500,41,190,0.12840759754180908,False
500,41,195,0.033540599048137665,False
500,41,200,0.1044343113899231,False
500,41,205,0.14119738340377808,False
500,41,210,0.08619219064712524,False
500,41,215,0.093024842441082,False
500,41,220,0.1533174365758896,False
500,41,225,0.16399231553077698,False
500,41,230,0.12025151401758194,False
500,41,235,0.135749951004982,False
500,41,240,0.1419464349746704,False
500,41,245,0.17003916203975677,False
500,41,250,0.08192647993564606,False
500,41,255,0.13347795605659485,False
500,41,260,0.10153339058160782,False
500,41,265,0.06225105747580528,False
500,41,270,0.039799049496650696,False
500,41,275,0.040959324687719345,False
500,41,280,0.02272346243262291,False
500,41,285,0.1273343563079834,False
500,41,290,0.04025708884000778,False
500,41,295,0.08809259533882141,False
500,41,300,0.15547910332679749,False
500,41,305,0.12720522284507751,False
500,41,310,0.0662216767668724,False
500,41,315,0.06198287010192871,False
500,41,320,0.14081770181655884,False
500,41,325,0.04423244297504425,False
500,41,330,0.13243013620376587,False
500,41,335,0.059440214186906815,False
500,41,340,0.09913744777441025,False
500,41,345,0.12100375443696976,False
500,41,350,0.11932661384344101,False
500,41,355,0.09428886324167252,False
500,41,360,0.028460372239351273,False
500,41,365,0.10282006114721298,False
500,41,370,0.03056907467544079,False
500,41,375,0.13670600950717926,False
500,41,380,0.15531307458877563,False
500,41,385,0.12516646087169647,False
500,41,390,0.10492517054080963,False
500,41,395,0.16536690294742584,False
500,41,400,0.1453642100095749,False
500,41,405,0.11508655548095703,False
500,42,10,0.07632184773683548,False
500,42,15,0.13138312101364136,False
500,42,20,0.035049255937337875,False
500,42,25,0.05316413193941116,False
500,42,30,0.04459734633564949,False
500,42,35,0.3185155689716339,False
500,42,40,0.407495379447937,False
500,42,45,0.05714235454797745,False
500,42,50,0.10251329094171524,False
500,42,55,0.1364016830921173,False
500,42,60,0.05121280625462532,False
500,42,65,0.033008869737386703,False
500,42,70,0.05213427543640137,False
500,42,75,0.07834529876708984,False
500,42,80,0.1198696568608284,False
500,42,85,0.07446196675300598,False
500,42,90,0.08429308980703354,False
500,42,95,0.07843177020549774,False
500,42,100,0.07930310815572739,False
500,42,105,0.07251213490962982,False
500,42,110,0.0336630642414093,False
500,42,115,0.045828379690647125,False
500,42,120,0.0626114085316658,False
500,42,125,0.0332651287317276,False
500,42,130,0.03490903601050377,False
500,42,135,0.12242822349071503,False
500,42,140,0.08919359743595123,False
500,42,145,0.1115882620215416,False
500,42,150,0.13239340484142303,False
500,42,155,0.12315183132886887,False
500,42,160,0.06154147535562515,False
500,42,165,0.03508656099438667,False
500,42,170,0.09853634983301163,False
500,42,175,0.042373839765787125,False
500,42,180,0.09073259681463242,False
500,42,185,0.10134556889533997,False
500,42,190,0.1188453882932663,False
500,42,195,0.04639554023742676,False
500,42,200,0.06971890479326248,False
500,42,205,0.07824182510375977,False
500,42,210,0.10660012811422348,False
500,42,215,0.01835314743220806,False
500,42,220,0.06314712762832642,False
500,42,225,0.012252644635736942,False
500,42,230,0.048015572130680084,False
500,42,235,0.07942626625299454,False
500,42,240,0.04760202020406723,False
500,42,245,0.018994830548763275,False
500,42,250,0.04778502136468887,False
500,42,255,0.022385315969586372,False
500,42,260,0.055709436535835266,False
500,42,265,0.03285091742873192,False
500,42,270,0.06646885722875595,False
500,42,275,0.045077189803123474,False
500,42,280,0.058630429208278656,False
500,42,285,0.014810650609433651,False
500,42,290,0.0459715910255909,False
500,42,295,0.023241382092237473,False
500,42,300,0.07212428748607635,False
500,42,305,0.019596466794610023,False
500,42,310,0.01617962121963501,False
500,42,315,0.009010324254631996,False
500,42,320,0.0319737046957016,False
500,42,325,0.03394873067736626,False
500,42,330,0.07984855026006699,False
500,42,335,0.03735363110899925,False
500,42,340,0.04807509109377861,False
500,42,345,0.06845882534980774,False
500,42,350,0.02364027127623558,False
500,42,355,0.0305999293923378,False
500,42,360,0.048817649483680725,False
500,42,365,0.04969516396522522,False
500,42,370,0.013081126846373081,False
500,42,375,0.045922789722681046,False
500,42,380,0.06208448484539986,False
500,42,385,0.033845651894807816,False
500,42,390,0.027688780799508095,False
500,42,395,0.02699931338429451,False
500,42,400,0.08472253382205963,False
500,42,405,0.042137958109378815,False
500,43,10,0.054856523871421814,False
500,43,15,0.12937040627002716,False
500,43,20,0.07209637016057968,False
500,43,25,0.06541433930397034,False
500,43,30,0.08254807442426682,False
500,43,35,0.33048015832901,False
500,43,40,0.14559844136238098,False
500,43,45,0.05760065093636513,False
500,43,50,0.10412699729204178,False
500,43,55,0.05958996340632439,False
500,43,60,0.03657599911093712,False
500,43,65,0.04893876984715462,False
500,43,70,0.08736682683229446,False
500,43,75,0.04971388727426529,False
500,43,80,0.10802269726991653,False
500,43,85,0.23780469596385956,False
500,43,90,0.2882099151611328,False
500,43,95,0.052022285759449005,False
500,43,100,0.15101270377635956,False
500,43,105,0.15348471701145172,False
500,43,110,0.08152235299348831,False
500,43,115,0.12948444485664368,False
500,43,120,0.10939980298280716,False
500,43,125,0.11388427764177322,False
500,43,130,0.16396677494049072,False
500,43,135,0.0896906927227974,False
500,43,140,0.0834183618426323,False
500,43,145,0.1008540466427803,False
500,43,150,0.15574118494987488,False
500,43,155,0.2615208327770233,False
500,43,160,0.11781834065914154,False
500,43,165,0.027355603873729706,False
500,43,170,0.037371110171079636,False
500,43,175,0.022492364048957825,False
500,43,180,0.1443960964679718,False
500,43,185,0.03178134188055992,False
500,43,190,0.07057216763496399,False
500,43,195,0.08602756261825562,False
500,43,200,0.03811563178896904,False
500,43,205,0.08288510143756866,False
500,43,210,0.05092211812734604,False
500,43,215,0.09408167749643326,False
500,43,220,0.11502601206302643,False
500,43,225,0.19433091580867767,False
500,43,230,0.10019178688526154,False
500,43,235,0.09311330318450928,False
500,43,240,0.16634252667427063,False
500,43,245,0.12879931926727295,False
500,43,250,0.04839373007416725,False
500,43,255,0.1379288285970688,False
500,43,260,0.029024338349699974,False
500,43,265,0.04721955582499504,False
500,43,270,0.05465094372630119,False
500,43,275,0.12642037868499756,False
500,43,280,0.12304294854402542,False
500,43,285,0.17893433570861816,False
500,43,290,0.1769138127565384,False
500,43,295,0.1759052574634552,False
500,43,300,0.027380255982279778,False
500,43,305,0.02931842766702175,False
500,43,310,0.08040250837802887,False
500,43,315,0.09522160142660141,False
500,43,320,0.15961548686027527,False
500,43,325,0.13321374356746674,False
500,43,330,0.12271218746900558,False
500,43,335,0.15325544774532318,False
500,43,340,0.09995085746049881,False
500,43,345,0.2680438458919525,False
500,43,350,0.09977594017982483,False
500,43,355,0.1137586385011673,False
500,43,360,0.17662660777568817,False
500,43,365,0.1130681112408638,False
500,43,370,0.09715723991394043,False
500,43,375,0.029540758579969406,False
500,43,380,0.11879970878362656,False
500,43,385,0.11465004831552505,False
500,43,390,0.07101806253194809,False
500,43,395,0.2312965840101242,False
500,43,400,0.1695128232240677,False
500,43,405,0.019512545317411423,False
500,44,10,0.16803137958049774,False
500,44,15,0.1962382048368454,False
500,44,20,0.22456960380077362,False
500,44,25,0.10169631987810135,False
500,44,30,0.06091888248920441,False
500,44,35,0.33029332756996155,False
500,44,40,0.5976611375808716,False
500,44,45,0.42875245213508606,False
500,44,50,0.76897132396698,False
500,44,55,0.708387017250061,False
500,44,60,0.46628081798553467,False
500,44,65,0.5390657186508179,False
500,44,70,0.2168090045452118,False
500,44,75,0.2704700827598572,False
500,44,80,0.3160553574562073,False
500,44,85,0.2705308496952057,False
500,44,90,0.4874056875705719,False
500,44,95,0.10429190844297409,False
500,44,100,0.14065991342067719,False
500,44,105,0.1206265389919281,False
500,44,110,0.08560337871313095,False
500,44,115,0.1358138769865036,False
500,44,120,0.05939043313264847,False
500,44,125,0.34365105628967285,False
500,44,130,0.15779919922351837,False
500,44,135,0.17180092632770538,False
500,44,140,0.1529626101255417,False
500,44,145,0.2632639706134796,False
500,44,150,0.22621580958366394,False
500,44,155,0.14472906291484833,False
500,44,160,0.1594478040933609,False
500,44,165,0.25714972615242004,False
500,44,170,0.1856307089328766,False
500,44,175,0.1841430813074112,False
500,44,180,0.1638915240764618,False
500,44,185,0.12809118628501892,False
500,44,190,0.1339409500360489,False
500,44,195,0.1113198772072792,False
500,44,200,0.030716322362422943,False
500,44,205,0.07149096578359604,False
500,44,210,0.11449169367551804,False
500,44,215,0.22340044379234314,False
500,44,220,0.20646977424621582,False
500,44,225,0.09120211005210876,False
500,44,230,0.05419481173157692,False
500,44,235,0.053564660251140594,False
500,44,240,0.05858860909938812,False
500,44,245,0.10525050759315491,False
500,44,250,0.04466882348060608,False
500,44,255,0.08482731133699417,False
500,44,260,0.04449129104614258,False
500,44,265,0.055240776389837265,False
500,44,270,0.054968591779470444,False
500,44,275,0.03475615754723549,False
500,44,280,0.01751142553985119,False
500,44,285,0.06953506171703339,False
500,44,290,0.05858097970485687,False
500,44,295,0.08020385354757309,False
500,44,300,0.10902199894189835,False
500,44,305,0.0775199830532074,False
500,44,310,0.07187960296869278,False
500,44,315,0.04588215798139572,False
500,44,320,0.0825924277305603,False
500,44,325,0.06304871290922165,False
500,44,330,0.10723690688610077,False
500,44,335,0.08809924125671387,False
500,44,340,0.08396904915571213,False
500,44,345,0.06659764796495438,False
500,44,350,0.09738079458475113,False
500,44,355,0.06692592799663544,False
500,44,360,0.0669381394982338,False
500,44,365,0.08193503320217133,False
500,44,370,0.011862792074680328,False
500,44,375,0.08836108446121216,False
500,44,380,0.08160142600536346,False
500,44,385,0.07041008025407791,False
500,44,390,0.10156409442424774,False
500,44,395,0.12577778100967407,False
500,44,400,0.08411300182342529,False
500,44,405,0.048809949308633804,False
500,45,10,0.15431194007396698,False
500,45,15,0.13689950108528137,False
500,45,20,0.16084636747837067,False
500,45,25,0.04585864394903183,False
500,45,30,0.13388830423355103,False
500,45,35,0.4267689287662506,False
500,45,40,0.3466908037662506,False
500,45,45,0.26903337240219116,False
500,45,50,0.3024038076400757,False
500,45,55,0.4343152940273285,False
500,45,60,0.19412197172641754,False
500,45,65,0.10829968005418777,False
500,45,70,0.14067384600639343,False
500,45,75,0.3531528115272522,False
500,45,80,0.1254989504814148,False
500,45,85,0.4675309956073761,False
500,45,90,0.2926020324230194,False
500,45,95,0.04809008538722992,False
500,45,100,0.35807129740715027,False
500,45,105,0.43580546975135803,False
500,45,110,0.30812525749206543,False
500,45,115,0.7159962058067322,False
500,45,120,0.22494898736476898,False
500,45,125,0.1792878806591034,False
500,45,130,0.16996292769908905,False
500,45,135,0.2201552391052246,False
500,45,140,0.02516709454357624,False
500,45,145,0.02780686318874359,False
500,45,150,0.05113224312663078,False
500,45,155,0.047665178775787354,False
500,45,160,0.1291879415512085,False
500,45,165,0.09910467267036438,False
500,45,170,0.03534315899014473,False
500,45,175,0.10805868357419968,False
500,45,180,0.0742480680346489,False
500,45,185,0.06129863113164902,False
500,45,190,0.059604305773973465,False
500,45,195,0.039192646741867065,False
500,45,200,0.10166990011930466,False
500,45,205,0.05778969079256058,False
500,45,210,0.07285020500421524,False
500,45,215,0.0687708854675293,False
500,45,220,0.16675733029842377,False
500,45,225,0.06333218514919281,False
500,45,230,0.09470773488283157,False
500,45,235,0.0804850161075592,False
500,45,240,0.045166853815317154,False
500,45,245,0.11810959130525589,False
500,45,250,0.12256024777889252,False
500,45,255,0.0895494595170021,False
500,45,260,0.18845628201961517,False
500,45,265,0.06356415152549744,False
500,45,270,0.13784822821617126,False
500,45,275,0.10692848265171051,False
500,45,280,0.06524798274040222,False
500,45,285,0.07681114226579666,False
500,45,290,0.03241080790758133,False
500,45,295,0.08321550488471985,False
500,45,300,0.09651541709899902,False
500,45,305,0.08376573771238327,False
500,45,310,0.03597410023212433,False
500,45,315,0.0782688707113266,False
500,45,320,0.14532290399074554,False
500,45,325,0.0799909457564354,False
500,45,330,0.06688117980957031,False
500,45,335,0.04500747472047806,False
500,45,340,0.07416489720344543,False
500,45,345,0.13263531029224396,False
500,45,350,0.08863775432109833,False
500,45,355,0.044457755982875824,False
500,45,360,0.03323768451809883,False
500,45,365,0.06517501175403595,False
500,45,370,0.058203618973493576,False
500,45,375,0.10146181285381317,False
500,45,380,0.16960769891738892,False
500,45,385,0.08285462856292725,False
500,45,390,0.20524203777313232,False
500,45,395,0.10556798428297043,False
500,45,400,0.09420987218618393,False
500,45,405,0.0509762242436409,False
500,46,10,0.06118699908256531,False
500,46,15,0.09126917272806168,False
500,46,20,0.04144016653299332,False
500,46,25,0.10649025440216064,False
500,46,30,0.18414629995822906,False
500,46,35,0.14090019464492798,False
500,46,40,0.5502631068229675,False
500,46,45,0.6143678426742554,False
500,46,50,0.05264228582382202,False
500,46,55,0.1952700912952423,False
500,46,60,0.04982636496424675,False
500,46,65,0.10464296489953995,False
500,46,70,0.029542509466409683,False
500,46,75,0.0950600877404213,False
500,46,80,0.07855527848005295,False
500,46,85,0.08508436381816864,False
500,46,90,0.06089678034186363,False
500,46,95,0.16546881198883057,False
500,46,100,0.06193793565034866,False
500,46,105,0.13586758077144623,False
500,46,110,0.1298283338546753,False
500,46,115,0.09686781466007233,False
500,46,120,0.1259332150220871,False
500,46,125,0.07615779340267181,False
500,46,130,0.12620189785957336,False
500,46,135,0.16775834560394287,False
500,46,140,0.07212118804454803,False
500,46,145,0.11824280768632889,False
500,46,150,0.1435800939798355,False
500,46,155,0.2141474038362503,False
500,46,160,0.01705911010503769,False
500,46,165,0.013365969061851501,False
500,46,170,0.10524198412895203,False
500,46,175,0.03502408042550087,False
500,46,180,0.06176622584462166,False
500,46,185,0.06143680959939957,False
500,46,190,0.05200952664017677,False
500,46,195,0.032468605786561966,False
500,46,200,0.06246016547083855,False
500,46,205,0.02480781264603138,False
500,46,210,0.1116892397403717,False
500,46,215,0.010122435167431831,False
500,46,220,0.05363525450229645,False
500,46,225,0.04568932205438614,False
500,46,230,0.08979441225528717,False
500,46,235,0.12213292717933655,False
500,46,240,0.09338349848985672,False
500,46,245,0.02195044979453087,False
500,46,250,0.029517410323023796,False
500,46,255,0.08845902979373932,False
500,46,260,0.0718277171254158,False
500,46,265,0.03723425418138504,False
500,46,270,0.0634588748216629,False
500,46,275,0.06149538978934288,False
500,46,280,0.06455942243337631,False
500,46,285,0.13415215909481049,False
500,46,290,0.14444103837013245,False
500,46,295,0.08723466098308563,False
500,46,300,0.12412423640489578,False
500,46,305,0.024134662002325058,False
500,46,310,0.03097933903336525,False
500,46,315,0.04489239677786827,False
500,46,320,0.025024913251399994,False
500,46,325,0.08172670006752014,False
500,46,330,0.11555752903223038,False
500,46,335,0.06373975425958633,False
500,46,340,0.10577355325222015,False
500,46,345,0.19002290070056915,False
500,46,350,0.022271526977419853,False
500,46,355,0.06158151105046272,False
500,46,360,0.07769979536533356,False
500,46,365,0.08245158940553665,False
500,46,370,0.0332164540886879,False
500,46,375,0.02780362032353878,False
500,46,380,0.0376393087208271,False
500,46,385,0.008437085896730423,False
500,46,390,0.05558467656373978,False
500,46,395,0.02867696061730385,False
500,46,400,0.03468208387494087,False
500,46,405,0.041332412511110306,False
500,47,10,0.07725218683481216,False
500,47,15,0.15701404213905334,False
500,47,20,0.03996698558330536,False
500,47,25,0.10748670995235443,False
500,47,30,0.07679945230484009,False
500,47,35,0.4151553809642792,False
500,47,40,0.17378994822502136,False
500,47,45,0.15899671614170074,False
500,47,50,0.05722954869270325,False
500,47,55,0.05109214037656784,False
500,47,60,0.12076649069786072,False
500,47,65,0.15338611602783203,False
500,47,70,0.12251345068216324,False
500,47,75,0.08770330995321274,False
500,47,80,0.17353838682174683,False
500,47,85,1.263361930847168,False
500,47,90,0.08849593997001648,False
500,47,95,0.02994297631084919,False
500,47,100,0.07043691724538803,False
500,47,105,0.08167210221290588,False
500,47,110,0.06479457765817642,False
500,47,115,0.057562172412872314,False
500,47,120,0.08439743518829346,False
500,47,125,0.10831617563962936,False
500,47,130,0.12766751646995544,False
500,47,135,0.09988109767436981,False
500,47,140,0.06301291286945343,False
500,47,145,0.07762748003005981,False
500,47,150,0.02315431460738182,False
500,47,155,0.041942741721868515,False
500,47,160,0.06028617173433304,False
500,47,165,0.02572179026901722,False
500,47,170,0.023646114394068718,False
500,47,175,0.06520497798919678,False
500,47,180,0.036522649228572845,False
500,47,185,0.018906859681010246,False
500,47,190,0.02194899134337902,False
500,47,195,0.030282700434327126,False
500,47,200,0.053254153579473495,False
500,47,205,0.07152228057384491,False
500,47,210,0.26745089888572693,False
500,47,215,0.07986640185117722,False
500,47,220,0.12828339636325836,False
500,47,225,0.12591709196567535,False
500,47,230,0.09381614625453949,False
500,47,235,0.13319174945354462,False
500,47,240,0.02543063275516033,False
500,47,245,0.141694113612175,False
500,47,250,0.04223022609949112,False
500,47,255,0.015308394096791744,False
500,47,260,0.03354324400424957,False
500,47,265,0.059541091322898865,False
500,47,270,0.15034274756908417,False
500,47,275,0.13479407131671906,False
500,47,280,0.13430467247962952,False
500,47,285,0.03894250839948654,False
500,47,290,0.17997418344020844,False
500,47,295,0.06466664373874664,False
500,47,300,0.023989826440811157,False
500,47,305,0.031645480543375015,False
500,47,310,0.14109936356544495,False
500,47,315,0.06231118366122246,False
500,47,320,0.20683975517749786,False
500,47,325,0.09416267275810242,False
500,47,330,0.07150962948799133,False
500,47,335,0.14429384469985962,False
500,47,340,0.13805605471134186,False
500,47,345,0.20228008925914764,False
500,47,350,0.1313794106245041,False
500,47,355,0.03948675096035004,False
500,47,360,0.2126844823360443,False
500,47,365,0.20576301217079163,False
500,47,370,0.16283197700977325,False
500,47,375,0.11759968101978302,False
500,47,380,0.10613168776035309,False
500,47,385,0.19027186930179596,False
500,47,390,0.06041552126407623,False
500,47,395,0.11748374253511429,False
500,47,400,0.07700858265161514,False
500,47,405,0.03568649664521217,False
500,48,10,0.08736177533864975,False
500,48,15,0.10416904836893082,False
500,48,20,0.09928838908672333,False
500,48,25,0.10445763170719147,False
500,48,30,0.14888286590576172,False
500,48,35,0.19435004889965057,False
500,48,40,0.7057272791862488,False
500,48,45,0.5195964574813843,False
500,48,50,0.11186596751213074,False
500,48,55,0.1732158213853836,False
500,48,60,0.11262397468090057,False
500,48,65,0.08728394657373428,False
500,48,70,0.03263801336288452,False
500,48,75,0.04519974812865257,False
500,48,80,0.03604599088430405,False
500,48,85,0.046845365315675735,False
500,48,90,0.07878378033638,False
500,48,95,0.07395412027835846,False
500,48,100,0.018604738637804985,False
500,48,105,0.08544737100601196,False
500,48,110,0.08449980616569519,False
500,48,115,0.06496357172727585,False
500,48,120,0.09821906685829163,False
500,48,125,0.07837668806314468,False
500,48,130,0.1035827174782753,False
500,48,135,0.1625678539276123,False
500,48,140,0.12049126625061035,False
500,48,145,0.09138520807027817,False
500,48,150,0.12836489081382751,False
500,48,155,0.14434631168842316,False
500,48,160,0.024926219135522842,False
500,48,165,0.01247607171535492,False
500,48,170,0.02368748188018799,False
500,48,175,0.010775943286716938,False
500,48,180,0.01517986599355936,False
500,48,185,0.01868792437016964,False
500,48,190,0.01598319597542286,False
500,48,195,0.02683534286916256,False
500,48,200,0.08289384841918945,False
500,48,205,0.031194601207971573,False
500,48,210,0.019769348204135895,False
500,48,215,0.031363971531391144,False
500,48,220,0.022686569020152092,False
500,48,225,0.025053760036826134,False
500,48,230,0.03885367512702942,False
500,48,235,0.02077101171016693,False
500,48,240,0.02781280316412449,False
500,48,245,0.03548295795917511,False
500,48,250,0.06811724603176117,False
500,48,255,0.032177116721868515,False
500,48,260,0.07575678080320358,False
500,48,265,0.09193730354309082,False
500,48,270,0.09249494224786758,False
500,48,275,0.01328711025416851,False
500,48,280,0.0164257250726223,False
500,48,285,0.08582232147455215,False
500,48,290,0.06640821695327759,False
500,48,295,0.07827793061733246,False
500,48,300,0.17636318504810333,False
500,48,305,0.08491164445877075,False
500,48,310,0.08688149601221085,False
500,48,315,0.02600313350558281,False
500,48,320,0.059332579374313354,False
500,48,325,0.07221660017967224,False
500,48,330,0.06338885426521301,False
500,48,335,0.040126945823431015,False
500,48,340,0.07360575348138809,False
500,48,345,0.11225781589746475,False
500,48,350,0.052126940339803696,False
500,48,355,0.08065151423215866,False
500,48,360,0.05935493856668472,False
500,48,365,0.05375829339027405,False
500,48,370,0.029440002515912056,False
500,48,375,0.06766833364963531,False
500,48,380,0.05011052265763283,False
500,48,385,0.017821384593844414,False
500,48,390,0.024275386705994606,False
500,48,395,0.018756752833724022,False
500,48,400,0.04225819557905197,False
500,48,405,0.03799465671181679,False
500,49,10,0.07902323454618454,False
500,49,15,0.18115060031414032,False
500,49,20,0.11613356322050095,False
500,49,25,0.12719514966011047,False
500,49,30,0.08532343804836273,False
500,49,35,0.3211129903793335,False
500,49,40,0.5630128979682922,False
500,49,45,0.03287884593009949,False
500,49,50,0.03316614404320717,False
500,49,55,0.033039480447769165,False
500,49,60,0.08703241497278214,False
500,49,65,0.03043985180556774,False
500,49,70,0.16622640192508698,False
500,49,75,0.0838003158569336,False
500,49,80,0.08354384452104568,False
500,49,85,0.08220086991786957,False
500,49,90,0.10081081092357635,False
500,49,95,0.11174716800451279,False
500,49,100,0.12264156341552734,False
500,49,105,0.09919802844524384,False
500,49,110,0.021468736231327057,False
500,49,115,0.046034861356019974,False
500,49,120,0.03580697998404503,False
500,49,125,0.04430536553263664,False
500,49,130,0.048844411969184875,False
500,49,135,0.10794875770807266,False
500,49,140,0.06414835900068283,False
500,49,145,0.0985841453075409,False
500,49,150,0.07662931829690933,False
500,49,155,0.05199079588055611,False
500,49,160,0.046061109751462936,False
500,49,165,0.03591282293200493,False
500,49,170,0.18167537450790405,False
500,49,175,0.06128866225481033,False
500,49,180,0.03723427653312683,False
500,49,185,0.09405011683702469,False
500,49,190,0.04008590430021286,False
500,49,195,0.1009395644068718,False
500,49,200,0.11290689557790756,False
500,49,205,0.030268292874097824,False
500,49,210,0.13062992691993713,False
500,49,215,0.022916598245501518,False
500,49,220,0.10623684525489807,False
500,49,225,0.039059609174728394,False
500,49,230,0.1093335896730423,False
500,49,235,0.0978161096572876,False
500,49,240,0.026620136573910713,False
500,49,245,0.0731782391667366,False
500,49,250,0.03703533113002777,False
500,49,255,0.0673462301492691,False
500,49,260,0.040224142372608185,False
500,49,265,0.0303123090416193,False
500,49,270,0.013016215525567532,False
500,49,275,0.016858477145433426,False
500,49,280,0.0892845094203949,False
500,49,285,0.10159063339233398,False
500,49,290,0.02298418991267681,False
500,49,295,0.028515249490737915,False
500,49,300,0.023858340457081795,False
500,49,305,0.029823126271367073,False
500,49,310,0.0328260101377964,False
500,49,315,0.00840850081294775,False
500,49,320,0.042713455855846405,False
500,49,325,0.029052160680294037,False
500,49,330,0.08266755193471909,False
500,49,335,0.029465800151228905,False
500,49,340,0.028705064207315445,False
500,49,345,0.0552680566906929,False
500,49,350,0.027447713539004326,False
500,49,355,0.021484190598130226,False
500,49,360,0.015972206369042397,False
500,49,365,0.0393759049475193,False
500,49,370,0.018705181777477264,False
500,49,375,0.11944745481014252,False
500,49,380,0.028125979006290436,False
500,49,385,0.054417628794908524,False
500,49,390,0.01150313951075077,False
500,49,395,0.08648664504289627,False
500,49,400,0.03946041315793991,False
500,49,405,0.01592283882200718,False
