eval_step,episode_idx,episode_step,alignment_ratio,success
20,0,10,0.030311454087495804,True
20,0,15,0.06857194751501083,True
20,0,20,0.07602731883525848,True
20,0,25,0.05189970135688782,True
20,0,30,0.07603882998228073,True
20,0,35,0.06620761752128601,True
20,0,40,0.1641160547733307,True
20,0,45,0.1615397036075592,True
20,0,50,0.06599829345941544,True
20,0,55,0.45891711115837097,True
20,0,60,0.08773519098758698,True
20,1,10,0.030176600441336632,False
20,1,15,0.05098045989871025,False
20,1,20,0.08380687981843948,False
20,1,25,0.05546001344919205,False
20,1,30,0.1135411337018013,False
20,1,35,0.1560986489057541,False
20,1,40,0.13567371666431427,False
20,1,45,0.273394912481308,False
20,1,50,0.39801231026649475,False
20,1,55,0.26744672656059265,False
20,1,60,0.18851305544376373,False
20,1,65,0.14784327149391174,False
20,1,70,0.10023403912782669,False
20,1,75,0.04685913026332855,False
20,1,80,0.034812603145837784,False
20,1,85,0.051475923508405685,False
20,1,90,0.021466955542564392,False
20,1,95,0.0790947824716568,False
20,1,100,0.03480270877480507,False
20,1,105,0.05526748672127724,False
20,1,110,0.04862220585346222,False
20,1,115,0.0424189530313015,False
20,1,120,0.07985459268093109,False
20,1,125,0.07531975209712982,False
20,1,130,0.021349215880036354,False
20,1,135,0.043450694531202316,False
20,1,140,0.07016091793775558,False
20,1,145,0.06284802407026291,False
20,1,150,0.034634627401828766,False
20,1,155,0.09010428190231323,False
20,1,160,0.07415226101875305,False
20,1,165,0.0692351758480072,False
20,1,170,0.042821794748306274,False
20,1,175,0.08899743109941483,False
20,1,180,0.025049109011888504,False
20,1,185,0.02142561785876751,False
20,1,190,0.04239106550812721,False
20,1,195,0.05557138845324516,False
20,1,200,0.0863194391131401,False
20,1,205,0.04266274720430374,False
20,1,210,0.07204077392816544,False
20,1,215,0.08787950873374939,False
20,1,220,0.12341576814651489,False
20,1,225,0.12597884237766266,False
20,1,230,0.09003480523824692,False
20,1,235,0.07658343762159348,False
20,1,240,0.136074960231781,False
20,1,245,0.0638231635093689,False
20,1,250,0.0560968853533268,False
20,1,255,0.04446117579936981,False
20,1,260,0.0339653342962265,False
20,1,265,0.04272712394595146,False
20,1,270,0.024924470111727715,False
20,1,275,0.0912821814417839,False
20,1,280,0.09380558878183365,False
20,1,285,0.07429046928882599,False
20,1,290,0.04300397261977196,False
20,1,295,0.06551408022642136,False
20,1,300,0.041788626462221146,False
20,1,305,0.06852362304925919,False
20,1,310,0.06942014396190643,False
20,1,315,0.09497872740030289,False
20,1,320,0.14838647842407227,False
20,1,325,0.030888134613633156,False
20,1,330,0.07556573301553726,False
20,1,335,0.04199153929948807,False
20,1,340,0.025365756824612617,False
20,1,345,0.03104444220662117,False
20,1,350,0.027043435722589493,False
20,1,355,0.015377271920442581,False
20,1,360,0.017425809055566788,False
20,1,365,0.011795646511018276,False
20,1,370,0.04602499306201935,False
20,1,375,0.05770287662744522,False
20,1,380,0.015982775017619133,False
20,1,385,0.05457925423979759,False
20,1,390,0.038230299949645996,False
20,1,395,0.03444349020719528,False
20,1,400,0.028101284056901932,False
20,1,405,0.03986997529864311,False
20,2,10,0.04410286247730255,True
20,2,15,0.07681794464588165,True
20,2,20,0.1243068054318428,True
20,2,25,0.06620995700359344,True
20,2,30,0.06506423652172089,True
20,2,35,0.08533104509115219,True
20,2,40,0.15197619795799255,True
20,2,45,0.15386967360973358,True
20,2,50,0.07441511750221252,True
20,2,55,0.2987091541290283,True
20,2,60,0.8040393590927124,True
20,2,65,0.0756625384092331,True
20,3,10,0.031158657744526863,True
20,3,15,0.09932152926921844,True
20,3,20,0.1461026817560196,True
20,3,25,0.08582808822393417,True
20,3,30,0.049091849476099014,True
20,3,35,0.08218368887901306,True
20,3,40,0.1921069473028183,True
20,3,45,0.09078432619571686,True
20,3,50,0.057229846715927124,True
20,3,55,1.181958794593811,True
20,3,60,0.8759436011314392,True
20,3,65,0.06776764988899231,True
20,4,10,0.02617589198052883,True
20,4,15,0.030678221955895424,True
20,4,20,0.06374767422676086,True
20,4,25,0.02556593343615532,True
20,4,30,0.07276744395494461,True
20,4,35,0.0736766904592514,True
20,4,40,0.22823309898376465,True
20,4,45,0.16218994557857513,True
20,4,50,0.15860909223556519,True
20,4,55,0.2712927460670471,True
20,4,60,0.14646044373512268,True
20,4,65,0.1521296352148056,True
20,5,10,0.03460216522216797,True
20,5,15,0.03606889769434929,True
20,5,20,0.06788133084774017,True
20,5,25,0.04135878384113312,True
20,5,30,0.07139044255018234,True
20,5,35,0.11503265798091888,True
20,5,40,0.16399501264095306,True
20,5,45,0.16972801089286804,True
20,5,50,0.42816948890686035,True
20,5,55,0.2600885033607483,True
20,5,60,0.29348117113113403,True
20,5,65,0.20738056302070618,True
20,6,10,0.027185896411538124,True
20,6,15,0.0962848886847496,True
20,6,20,0.12553875148296356,True
20,6,25,0.048594050109386444,True
20,6,30,0.0600544773042202,True
20,6,35,0.11059398949146271,True
20,6,40,0.2417396754026413,True
20,6,45,0.11408110707998276,True
20,6,50,0.08443184942007065,True
20,6,55,0.941158652305603,True
20,6,60,0.12014342844486237,True
20,7,10,0.0269735436886549,True
20,7,15,0.051529813557863235,True
20,7,20,0.08866630494594574,True
20,7,25,0.03909846395254135,True
20,7,30,0.05901753902435303,True
20,7,35,0.07526183873414993,True
20,7,40,0.1730283498764038,True
20,7,45,0.16549809277057648,True
20,7,50,0.2822798788547516,True
20,7,55,0.11474141478538513,True
20,7,60,0.1804676055908203,True
20,7,65,0.17581941187381744,True
20,8,10,0.07935135811567307,True
20,8,15,0.09392429143190384,True
20,8,20,0.090603306889534,True
20,8,25,0.058974556624889374,True
20,8,30,0.06827695667743683,True
20,8,35,0.1789487600326538,True
20,8,40,0.8475148677825928,True
20,8,45,0.04149121418595314,True
20,8,50,0.1550189107656479,True
20,8,55,1.8469163179397583,True
20,8,60,0.21016952395439148,True
20,8,65,0.1617203950881958,True
20,9,10,0.03098946250975132,True
20,9,15,0.03087908774614334,True
20,9,20,0.06614845991134644,True
20,9,25,0.03336296230554581,True
20,9,30,0.06869232654571533,True
20,9,35,0.057281654328107834,True
20,9,40,0.20557285845279694,True
20,9,45,0.12134257704019547,True
20,9,50,0.06165899708867073,True
20,9,55,0.18039651215076447,True
20,9,60,0.09446205198764801,True
20,10,10,0.08109401166439056,True
20,10,15,0.05046809837222099,True
20,10,20,0.09066369384527206,True
20,10,25,0.05568680912256241,True
20,10,30,0.020670054480433464,True
20,10,35,0.06662359088659286,True
20,10,40,0.20896437764167786,True
20,10,45,0.06450510025024414,True
20,10,50,0.2582647502422333,True
20,10,55,1.4203577041625977,True
20,10,60,0.14159280061721802,True
20,10,65,0.03906981647014618,True
20,11,10,0.03167519345879555,True
20,11,15,0.06402333825826645,True
20,11,20,0.12414683401584625,True
20,11,25,0.0565258227288723,True
20,11,30,0.0511021763086319,True
20,11,35,0.12059605121612549,True
20,11,40,0.22182688117027283,True
20,11,45,0.06323915719985962,True
20,11,50,0.19871364533901215,True
20,11,55,1.163530945777893,True
20,11,60,0.09635820239782333,True
20,12,10,0.07369894534349442,False
20,12,15,0.05517029017210007,False
20,12,20,0.07042910903692245,False
20,12,25,0.04259061440825462,False
20,12,30,0.059917692095041275,False
20,12,35,0.1208811104297638,False
20,12,40,0.1797153502702713,False
20,12,45,0.21857181191444397,False
20,12,50,0.0914994329214096,False
20,12,55,1.1943838596343994,False
20,12,60,0.06966516375541687,False
20,12,65,0.06066468358039856,False
20,12,70,0.054075390100479126,False
20,12,75,0.030494069680571556,False
20,12,80,0.07292012870311737,False
20,12,85,0.051283933222293854,False
20,12,90,0.03386780992150307,False
20,12,95,0.10002743452787399,False
20,12,100,0.04748503863811493,False
20,12,105,0.06613337993621826,False
20,12,110,0.04745349660515785,False
20,12,115,0.04754932224750519,False
20,12,120,0.054609086364507675,False
20,12,125,0.08541026711463928,False
20,12,130,0.035395074635744095,False
20,12,135,0.03534199669957161,False
20,12,140,0.020368510857224464,False
20,12,145,0.04049711674451828,False
20,12,150,0.06236681714653969,False
20,12,155,0.0365573912858963,False
20,12,160,0.05209914222359657,False
20,12,165,0.04892806336283684,False
20,12,170,0.053166311234235764,False
20,12,175,0.060554973781108856,False
20,12,180,0.016270486637949944,False
20,12,185,0.020396051928400993,False
20,12,190,0.04393227398395538,False
20,12,195,0.036973223090171814,False
20,12,200,0.04955914616584778,False
20,12,205,0.038043372333049774,False
20,12,210,0.04255003109574318,False
20,12,215,0.04712880402803421,False
20,12,220,0.05113830789923668,False
20,12,225,0.03702599182724953,False
20,12,230,0.03282685577869415,False
20,12,235,0.022734859958291054,False
20,12,240,0.023944102227687836,False
20,12,245,0.036182429641485214,False
20,12,250,0.05304943397641182,False
20,12,255,0.03280288726091385,False
20,12,260,0.040715645998716354,False
20,12,265,0.024256858974695206,False
20,12,270,0.016979610547423363,False
20,12,275,0.028346147388219833,False
20,12,280,0.04166235774755478,False
20,12,285,0.05323962867259979,False
20,12,290,0.030234970152378082,False
20,12,295,0.03457840904593468,False
20,12,300,0.05951375141739845,False
20,12,305,0.0496373325586319,False
20,12,310,0.022589728236198425,False
20,12,315,0.07643754035234451,False
20,12,320,0.07992285490036011,False
20,12,325,0.05007330700755119,False
20,12,330,0.13108964264392853,False
20,12,335,0.07591814547777176,False
20,12,340,0.04891987144947052,False
20,12,345,0.06467016041278839,False
20,12,350,0.045440711081027985,False
20,12,355,0.0488789826631546,False
20,12,360,0.044765498489141464,False
20,12,365,0.05483844876289368,False
20,12,370,0.059164147824048996,False
20,12,375,0.073546402156353,False
20,12,380,0.03182908892631531,False
20,12,385,0.08231031894683838,False
20,12,390,0.08414086699485779,False
20,12,395,0.048986490815877914,False
20,12,400,0.014944634400308132,False
20,12,405,0.009641231037676334,False
20,13,10,0.028937967494130135,True
20,13,15,0.09000012278556824,True
20,13,20,0.1089283898472786,True
20,13,25,0.06436491757631302,True
20,13,30,0.07968254387378693,True
20,13,35,0.08768612891435623,True
20,13,40,0.16680271923542023,True
20,13,45,0.08334054052829742,True
20,13,50,0.07336660474538803,True
20,13,55,0.86465984582901,True
20,13,60,0.8944610953330994,True
20,13,65,0.06536338478326797,True
20,14,10,0.02712523192167282,True
20,14,15,0.0858357846736908,True
20,14,20,0.2062261402606964,True
20,14,25,0.14726905524730682,True
20,14,30,0.18787266314029694,True
20,14,35,0.22159352898597717,True
20,14,40,0.488577276468277,True
20,14,45,0.6147032976150513,True
20,14,50,0.7294053435325623,True
20,14,55,0.7379929423332214,True
20,14,60,0.40569788217544556,True
20,14,65,0.05691216513514519,True
20,15,10,0.07425613701343536,True
20,15,15,0.046983230859041214,True
20,15,20,0.06740346550941467,True
20,15,25,0.020983809605240822,True
20,15,30,0.04814184829592705,True
20,15,35,0.14193123579025269,True
20,15,40,0.17299100756645203,True
20,15,45,0.2535516321659088,True
20,15,50,0.22862249612808228,True
20,15,55,0.9854700565338135,True
20,15,60,0.17827296257019043,True
20,16,10,0.01173093356192112,False
20,16,15,0.031521670520305634,False
20,16,20,0.06791548430919647,False
20,16,25,0.042157985270023346,False
20,16,30,0.08902405947446823,False
20,16,35,0.10552024841308594,False
20,16,40,0.20414188504219055,False
20,16,45,0.28908130526542664,False
20,16,50,0.4607785940170288,False
20,16,55,0.38783761858940125,False
20,16,60,0.23204705119132996,False
20,16,65,0.09911154955625534,False
20,16,70,0.07949617505073547,False
20,16,75,0.03403672203421593,False
20,16,80,0.04830002784729004,False
20,16,85,0.08150357007980347,False
20,16,90,0.03459598869085312,False
20,16,95,0.06367775797843933,False
20,16,100,0.034401874989271164,False
20,16,105,0.06563498824834824,False
20,16,110,0.05449655279517174,False
20,16,115,0.04755272716283798,False
20,16,120,0.03694066405296326,False
20,16,125,0.05897892266511917,False
20,16,130,0.0454864427447319,False
20,16,135,0.062452707439661026,False
20,16,140,0.06719301640987396,False
20,16,145,0.06150877848267555,False
20,16,150,0.036062490195035934,False
20,16,155,0.05469336733222008,False
20,16,160,0.06953004747629166,False
20,16,165,0.05900031700730324,False
20,16,170,0.04835013672709465,False
20,16,175,0.06423841416835785,False
20,16,180,0.029159026220440865,False
20,16,185,0.026104237884283066,False
20,16,190,0.04155854880809784,False
20,16,195,0.05117756500840187,False
20,16,200,0.033669669181108475,False
20,16,205,0.039101239293813705,False
20,16,210,0.028710223734378815,False
20,16,215,0.07570121437311172,False
20,16,220,0.14986062049865723,False
20,16,225,0.07309531420469284,False
20,16,230,0.06629393994808197,False
20,16,235,0.016526734456419945,False
20,16,240,0.047597192227840424,False
20,16,245,0.0311988927423954,False
20,16,250,0.016711588948965073,False
20,16,255,0.0274700615555048,False
20,16,260,0.030056070536375046,False
20,16,265,0.06721890717744827,False
20,16,270,0.040355272591114044,False
20,16,275,0.05006638914346695,False
20,16,280,0.04091572389006615,False
20,16,285,0.04374343156814575,False
20,16,290,0.027393115684390068,False
20,16,295,0.016178715974092484,False
20,16,300,0.06298039108514786,False
20,16,305,0.09558256715536118,False
20,16,310,0.035004738718271255,False
20,16,315,0.014329441823065281,False
20,16,320,0.04663349315524101,False
20,16,325,0.03164546191692352,False
20,16,330,0.0638168677687645,False
20,16,335,0.04920722544193268,False
20,16,340,0.02725016325712204,False
20,16,345,0.055743202567100525,False
20,16,350,0.10744870454072952,False
20,16,355,0.1521184742450714,False
20,16,360,0.0483454167842865,False
20,16,365,0.06349489837884903,False
20,16,370,0.04968668520450592,False
20,16,375,0.11188565194606781,False
20,16,380,0.07269808650016785,False
20,16,385,0.12629997730255127,False
20,16,390,0.11906804889440536,False
20,16,395,0.05576123669743538,False
20,16,400,0.08066427707672119,False
20,16,405,0.07683436572551727,False
20,17,10,0.05686568841338158,True
20,17,15,0.07514884322881699,True
20,17,20,0.15058305859565735,True
20,17,25,0.06008947268128395,True
20,17,30,0.05608050897717476,True
20,17,35,0.14217509329319,True
20,17,40,0.09137076884508133,True
20,17,45,0.045129626989364624,True
20,17,50,1.0491358041763306,True
20,17,55,1.4784276485443115,True
20,17,60,0.07563921064138412,True
20,18,10,0.042025722563266754,True
20,18,15,0.035082366317510605,True
20,18,20,0.0725756585597992,True
20,18,25,0.048447441309690475,True
20,18,30,0.05731213837862015,True
20,18,35,0.039609625935554504,True
20,18,40,0.2114875763654709,True
20,18,45,0.17174814641475677,True
20,18,50,0.07837426662445068,True
20,18,55,0.9727783203125,True
20,18,60,0.9098934531211853,True
20,18,65,0.04808700829744339,True
20,19,10,0.02523413673043251,True
20,19,15,0.06271521002054214,True
20,19,20,0.11504324525594711,True
20,19,25,0.04646942391991615,True
20,19,30,0.07423706352710724,True
20,19,35,0.10879818350076675,True
20,19,40,0.19997678697109222,True
20,19,45,0.057714443653821945,True
20,19,50,0.06053025647997856,True
20,19,55,1.3192744255065918,True
20,19,60,0.07316262274980545,True
20,19,65,0.0951133668422699,True
20,20,10,0.026190264150500298,True
20,20,15,0.044878244400024414,True
20,20,20,0.10602795332670212,True
20,20,25,0.05950646847486496,True
20,20,30,0.08816812187433243,True
20,20,35,0.09945398569107056,True
20,20,40,0.1551169455051422,True
20,20,45,0.35598158836364746,True
20,20,50,0.3614828288555145,True
20,20,55,0.20483683049678802,True
20,20,60,0.1739373356103897,True
20,20,65,0.11934579163789749,True
20,20,70,0.02877899259328842,True
20,21,10,0.025276489555835724,True
20,21,15,0.04985504969954491,True
20,21,20,0.1031552404165268,True
20,21,25,0.040329042822122574,True
20,21,30,0.07099311798810959,True
20,21,35,0.13192066550254822,True
20,21,40,0.19996139407157898,True
20,21,45,0.16742070019245148,True
20,21,50,0.4066410958766937,True
20,21,55,0.4462145268917084,True
20,21,60,0.3405314087867737,True
20,21,65,0.2349073886871338,True
20,21,70,0.04761429503560066,True
20,22,10,0.0729709044098854,False
20,22,15,0.06607268005609512,False
20,22,20,0.1416233777999878,False
20,22,25,0.058262765407562256,False
20,22,30,0.06545483320951462,False
20,22,35,0.16629564762115479,False
20,22,40,0.18494801223278046,False
20,22,45,0.17736758291721344,False
20,22,50,0.20968835055828094,False
20,22,55,0.20975621044635773,False
20,22,60,1.9659775495529175,False
20,22,65,1.945154070854187,False
20,22,70,0.047757383435964584,False
20,22,75,0.03885262459516525,False
20,22,80,0.06995344161987305,False
20,22,85,0.1287214457988739,False
20,22,90,0.036645494401454926,False
20,22,95,0.11581200361251831,False
20,22,100,0.03838501125574112,False
20,22,105,0.06566042453050613,False
20,22,110,0.06201662868261337,False
20,22,115,0.06043926998972893,False
20,22,120,0.06297595798969269,False
20,22,125,0.0776900053024292,False
20,22,130,0.055043112486600876,False
20,22,135,0.053861651569604874,False
20,22,140,0.03479596972465515,False
20,22,145,0.06460276246070862,False
20,22,150,0.05512688308954239,False
20,22,155,0.02953406237065792,False
20,22,160,0.05917719379067421,False
20,22,165,0.045868027955293655,False
20,22,170,0.052094511687755585,False
20,22,175,0.08418981730937958,False
20,22,180,0.009899040684103966,False
20,22,185,0.01858644001185894,False
20,22,190,0.050879668444395065,False
20,22,195,0.0424964614212513,False
20,22,200,0.0408206433057785,False
20,22,205,0.0408952459692955,False
20,22,210,0.12368399649858475,False
20,22,215,0.03513927757740021,False
20,22,220,0.038137469440698624,False
20,22,225,0.08098085224628448,False
20,22,230,0.025278234854340553,False
20,22,235,0.027429547160863876,False
20,22,240,0.07930503040552139,False
20,22,245,0.050690144300460815,False
20,22,250,0.052180275321006775,False
20,22,255,0.04167236387729645,False
20,22,260,0.04042714461684227,False
20,22,265,0.09101181477308273,False
20,22,270,0.07100372761487961,False
20,22,275,0.06618456542491913,False
20,22,280,0.026813847944140434,False
20,22,285,0.03501756489276886,False
20,22,290,0.07794997841119766,False
20,22,295,0.060002293437719345,False
20,22,300,0.06185370683670044,False
20,22,305,0.03432628512382507,False
20,22,310,0.05114646628499031,False
20,22,315,0.03527535870671272,False
20,22,320,0.05241882801055908,False
20,22,325,0.03853163868188858,False
20,22,330,0.03325442224740982,False
20,22,335,0.057492852210998535,False
20,22,340,0.03770701214671135,False
20,22,345,0.053920645266771317,False
20,22,350,0.07003689557313919,False
20,22,355,0.04788470268249512,False
20,22,360,0.03676179423928261,False
20,22,365,0.033261191099882126,False
20,22,370,0.071622334420681,False
20,22,375,0.05037660151720047,False
20,22,380,0.029430000111460686,False
20,22,385,0.03553103655576706,False
20,22,390,0.058928992599248886,False
20,22,395,0.038335300981998444,False
20,22,400,0.044647786766290665,False
20,22,405,0.035075705498456955,False
20,23,10,0.02590787224471569,True
20,23,15,0.08773870021104813,True
20,23,20,0.10694070160388947,True
20,23,25,0.041017796844244,True
20,23,30,0.08682989329099655,True
20,23,35,0.07969897985458374,True
20,23,40,0.20224256813526154,True
20,23,45,0.17833760380744934,True
20,23,50,0.06879899650812149,True
20,23,55,0.6342789530754089,True
20,23,60,0.8451796174049377,True
20,24,10,0.03223467618227005,True
20,24,15,0.04561769589781761,True
20,24,20,0.131320059299469,True
20,24,25,0.04803658649325371,True
20,24,30,0.0491153709590435,True
20,24,35,0.11003946512937546,True
20,24,40,0.17365550994873047,True
20,24,45,0.13548918068408966,True
20,24,50,0.3232254087924957,True
20,24,55,0.14033876359462738,True
20,24,60,0.20954763889312744,True
20,24,65,0.1534549742937088,True
20,25,10,0.034005001187324524,True
20,25,15,0.030898740515112877,True
20,25,20,0.06666236370801926,True
20,25,25,0.06283789873123169,True
20,25,30,0.04550669342279434,True
20,25,35,0.10698527097702026,True
20,25,40,0.13173703849315643,True
20,25,45,0.11302896589040756,True
20,25,50,0.20361118018627167,True
20,25,55,0.16001513600349426,True
20,25,60,0.06418561190366745,True
20,26,10,0.026421645656228065,False
20,26,15,0.030124476179480553,False
20,26,20,0.05815109610557556,False
20,26,25,0.039699260145425797,False
20,26,30,0.081879161298275,False
20,26,35,0.0730130672454834,False
20,26,40,0.22446569800376892,False
20,26,45,0.278390496969223,False
20,26,50,0.4076522886753082,False
20,26,55,0.3254247307777405,False
20,26,60,0.22675009071826935,False
20,26,65,0.1682010143995285,False
20,26,70,0.04876119643449783,False
20,26,75,0.05298474431037903,False
20,26,80,0.07171864807605743,False
20,26,85,0.07859314233064651,False
20,26,90,0.04727451875805855,False
20,26,95,0.11704853922128677,False
20,26,100,0.065714031457901,False
20,26,105,0.050682634115219116,False
20,26,110,0.057002946734428406,False
20,26,115,0.0492674820125103,False
20,26,120,0.0567484013736248,False
20,26,125,0.0787489116191864,False
20,26,130,0.04571540281176567,False
20,26,135,0.04441981762647629,False
20,26,140,0.01463851984590292,False
20,26,145,0.05805037543177605,False
20,26,150,0.06782126426696777,False
20,26,155,0.05392105504870415,False
20,26,160,0.05217554420232773,False
20,26,165,0.08095000684261322,False
20,26,170,0.11572809517383575,False
20,26,175,0.07795792818069458,False
20,26,180,0.05138697102665901,False
20,26,185,0.022827954962849617,False
20,26,190,0.07616051286458969,False
20,26,195,0.0176358874887228,False
20,26,200,0.14813898503780365,False
20,26,205,0.1370699405670166,False
20,26,210,0.06325078755617142,False
20,26,215,0.0316157229244709,False
20,26,220,0.01755501888692379,False
20,26,225,0.07230307161808014,False
20,26,230,0.027477046474814415,False
20,26,235,0.020111525431275368,False
20,26,240,0.040070001035928726,False
20,26,245,0.03376724570989609,False
20,26,250,0.04115446284413338,False
20,26,255,0.0331873819231987,False
20,26,260,0.06512819975614548,False
20,26,265,0.032232873141765594,False
20,26,270,0.025394152849912643,False
20,26,275,0.03596881404519081,False
20,26,280,0.05319557338953018,False
20,26,285,0.0700201690196991,False
20,26,290,0.05248982459306717,False
20,26,295,0.05946892127394676,False
20,26,300,0.12124649435281754,False
20,26,305,0.13219164311885834,False
20,26,310,0.06913840770721436,False
20,26,315,0.12215961515903473,False
20,26,320,0.12749212980270386,False
20,26,325,0.09362658113241196,False
20,26,330,0.15752945840358734,False
20,26,335,0.09269905835390091,False
20,26,340,0.0897485539317131,False
20,26,345,0.1172027736902237,False
20,26,350,0.10279520601034164,False
20,26,355,0.11291193962097168,False
20,26,360,0.06807933002710342,False
20,26,365,0.10706713795661926,False
20,26,370,0.08787085115909576,False
20,26,375,0.17054259777069092,False
20,26,380,0.09954535216093063,False
20,26,385,0.1734774261713028,False
20,26,390,0.14462697505950928,False
20,26,395,0.05462561920285225,False
20,26,400,0.016659986227750778,False
20,26,405,0.021877378225326538,False
20,27,10,0.07668840885162354,True
20,27,15,0.051862187683582306,True
20,27,20,0.10976248234510422,True
20,27,25,0.07627041637897491,True
20,27,30,0.029506109654903412,True
20,27,35,0.08081160485744476,True
20,27,40,0.19757911562919617,True
20,27,45,0.11743292212486267,True
20,27,50,0.13406792283058167,True
20,27,55,0.8689394593238831,True
20,27,60,0.15011316537857056,True
20,28,10,0.039185781031847,True
20,28,15,0.09694471210241318,True
20,28,20,0.12125416845083237,True
20,28,25,0.05186781659722328,True
20,28,30,0.0875195786356926,True
20,28,35,0.08612988889217377,True
20,28,40,0.15596431493759155,True
20,28,45,0.08178935945034027,True
20,28,50,1.0239135026931763,True
20,28,55,0.1354372799396515,True
20,28,60,0.8362780809402466,True
20,28,65,0.05160937085747719,True
20,29,10,0.10535571724176407,False
20,29,15,0.04458020627498627,False
20,29,20,0.09308848530054092,False
20,29,25,0.053554050624370575,False
20,29,30,0.06612419337034225,False
20,29,35,0.1312028467655182,False
20,29,40,0.24085865914821625,False
20,29,45,0.35359954833984375,False
20,29,50,0.40303435921669006,False
20,29,55,0.4617292582988739,False
20,29,60,0.17030033469200134,False
20,29,65,0.09502090513706207,False
20,29,70,0.07649378478527069,False
20,29,75,0.031473539769649506,False
20,29,80,0.07770022749900818,False
20,29,85,0.04709533974528313,False
20,29,90,0.03228963539004326,False
20,29,95,0.06625008583068848,False
20,29,100,0.04518696293234825,False
20,29,105,0.06048612296581268,False
20,29,110,0.06134728714823723,False
20,29,115,0.051565393805503845,False
20,29,120,0.05012667924165726,False
20,29,125,0.07129339873790741,False
20,29,130,0.07323624938726425,False
20,29,135,0.06096896156668663,False
20,29,140,0.01745733805000782,False
20,29,145,0.07735373824834824,False
20,29,150,0.04056582227349281,False
20,29,155,0.038085535168647766,False
20,29,160,0.05061052367091179,False
20,29,165,0.05179480463266373,False
20,29,170,0.04614830017089844,False
20,29,175,0.15681812167167664,False
20,29,180,0.055337488651275635,False
20,29,185,0.039539556950330734,False
20,29,190,0.04485884681344032,False
20,29,195,0.020664546638727188,False
20,29,200,0.08776281028985977,False
20,29,205,0.035846102982759476,False
20,29,210,0.032805852591991425,False
20,29,215,0.04642891511321068,False
20,29,220,0.04406390339136124,False
20,29,225,0.044296976178884506,False
20,29,230,0.06469964981079102,False
20,29,235,0.01970522291958332,False
20,29,240,0.050837136805057526,False
20,29,245,0.05875582993030548,False
20,29,250,0.047708362340927124,False
20,29,255,0.01384876947849989,False
20,29,260,0.022801648825407028,False
20,29,265,0.07456269860267639,False
20,29,270,0.06683050841093063,False
20,29,275,0.043276168406009674,False
20,29,280,0.02086610347032547,False
20,29,285,0.034566473215818405,False
20,29,290,0.01611827127635479,False
20,29,295,0.02393610216677189,False
20,29,300,0.04647674784064293,False
20,29,305,0.023137453943490982,False
20,29,310,0.061495669186115265,False
20,29,315,0.03659331426024437,False
20,29,320,0.0586228221654892,False
20,29,325,0.04328529164195061,False
20,29,330,0.052924033254384995,False
20,29,335,0.029003817588090897,False
20,29,340,0.07143424451351166,False
20,29,345,0.0464995913207531,False
20,29,350,0.04504895582795143,False
20,29,355,0.06990137696266174,False
20,29,360,0.03990630805492401,False
20,29,365,0.048331838101148605,False
20,29,370,0.06667676568031311,False
20,29,375,0.0994189903140068,False
20,29,380,0.05212630704045296,False
20,29,385,0.10957472771406174,False
20,29,390,0.11984799057245255,False
20,29,395,0.0725841298699379,False
20,29,400,0.05969353765249252,False
20,29,405,0.06918105483055115,False
20,30,10,0.10973043739795685,True
20,30,15,0.07558535784482956,True
20,30,20,0.12487444281578064,True
20,30,25,0.06253015995025635,True
20,30,30,0.03306995704770088,True
20,30,35,0.09132590144872665,True
20,30,40,0.07984771579504013,True
20,30,45,0.16164052486419678,True
20,30,50,1.0400960445404053,True
20,30,55,1.7430135011672974,True
20,30,60,0.0722668245434761,True
20,31,10,0.027825621888041496,True
20,31,15,0.0376017764210701,True
20,31,20,0.059909120202064514,True
20,31,25,0.05311961844563484,True
20,31,30,0.030978096649050713,True
20,31,35,0.023823801428079605,True
20,31,40,0.12869764864444733,True
20,31,45,0.19116322696208954,True
20,31,50,0.11079928278923035,True
20,31,55,0.11929231137037277,True
20,31,60,0.8132428526878357,True
20,31,65,0.09257286041975021,True
20,32,10,0.0222577266395092,True
20,32,15,0.0415889248251915,True
20,32,20,0.04497366398572922,True
20,32,25,0.03912076726555824,True
20,32,30,0.08853498101234436,True
20,32,35,0.07411695271730423,True
20,32,40,0.15438903868198395,True
20,32,45,0.1555272489786148,True
20,32,50,0.16569530963897705,True
20,32,55,0.18312597274780273,True
20,32,60,0.09534623473882675,True
20,33,10,0.03677640110254288,True
20,33,15,0.05675920471549034,True
20,33,20,0.0770047977566719,True
20,33,25,0.046966128051280975,True
20,33,30,0.0965091660618782,True
20,33,35,0.14247089624404907,True
20,33,40,0.20390288531780243,True
20,33,45,0.11883784085512161,True
20,33,50,0.37999704480171204,True
20,33,55,0.15406496822834015,True
20,33,60,0.15849186480045319,True
20,34,10,0.04512855410575867,False
20,34,15,0.07171608507633209,False
20,34,20,0.09850551187992096,False
20,34,25,0.04272249713540077,False
20,34,30,0.048081401735544205,False
20,34,35,0.08191769570112228,False
20,34,40,0.19892263412475586,False
20,34,45,0.15554939210414886,False
20,34,50,0.10269442945718765,False
20,34,55,0.8884823322296143,False
20,34,60,0.8954411745071411,False
20,34,65,0.05386454239487648,False
20,34,70,0.08213107287883759,False
20,34,75,0.03937061131000519,False
20,34,80,0.05198976397514343,False
20,34,85,0.06818444281816483,False
20,34,90,0.03579810634255409,False
20,34,95,0.07492465525865555,False
20,34,100,0.056198425590991974,False
20,34,105,0.05127738416194916,False
20,34,110,0.051562193781137466,False
20,34,115,0.053176213055849075,False
20,34,120,0.07423689216375351,False
20,34,125,0.10263027995824814,False
20,34,130,0.05558757111430168,False
20,34,135,0.06737353652715683,False
20,34,140,0.03351688012480736,False
20,34,145,0.05720377340912819,False
20,34,150,0.061251647770404816,False
20,34,155,0.03657560423016548,False
20,34,160,0.05753958597779274,False
20,34,165,0.05399913340806961,False
20,34,170,0.03607381507754326,False
20,34,175,0.05138558894395828,False
20,34,180,0.03996552526950836,False
20,34,185,0.017951911315321922,False
20,34,190,0.07392936944961548,False
20,34,195,0.013355162926018238,False
20,34,200,0.08839710801839828,False
20,34,205,0.08897797763347626,False
20,34,210,0.02399556152522564,False
20,34,215,0.03879634290933609,False
20,34,220,0.04567304253578186,False
20,34,225,0.026995325461030006,False
20,34,230,0.03094019554555416,False
20,34,235,0.030606834217905998,False
20,34,240,0.03865828365087509,False
20,34,245,0.04545954242348671,False
20,34,250,0.05526823550462723,False
20,34,255,0.03499363362789154,False
20,34,260,0.036765389144420624,False
20,34,265,0.03215495124459267,False
20,34,270,0.021648569032549858,False
20,34,275,0.02220483124256134,False
20,34,280,0.04408557340502739,False
20,34,285,0.062251586467027664,False
20,34,290,0.02999662607908249,False
20,34,295,0.010612374171614647,False
20,34,300,0.041316498070955276,False
20,34,305,0.04353038966655731,False
20,34,310,0.013063894584774971,False
20,34,315,0.036027342081069946,False
20,34,320,0.05479047819972038,False
20,34,325,0.018817685544490814,False
20,34,330,0.04889129847288132,False
20,34,335,0.024333931505680084,False
20,34,340,0.048787862062454224,False
20,34,345,0.07344655692577362,False
20,34,350,0.057686589658260345,False
20,34,355,0.07023085653781891,False
20,34,360,0.06826883554458618,False
20,34,365,0.06461165845394135,False
20,34,370,0.051081582903862,False
20,34,375,0.04269814118742943,False
20,34,380,0.012667560949921608,False
20,34,385,0.04435305297374725,False
20,34,390,0.04701013118028641,False
20,34,395,0.026133352890610695,False
20,34,400,0.015352575108408928,False
20,34,405,0.024129468947649002,False
20,35,10,0.08757051825523376,True
20,35,15,0.07866941392421722,True
20,35,20,0.144322007894516,True
20,35,25,0.06308826059103012,True
20,35,30,0.05798494443297386,True
20,35,35,0.15745718777179718,True
20,35,40,0.2577259838581085,True
20,35,45,0.048714157193899155,True
20,35,50,1.100239634513855,True
20,35,55,1.569846510887146,True
20,35,60,0.04311426356434822,True
20,36,10,0.025583570823073387,True
20,36,15,0.056308452039957047,True
20,36,20,0.06486904621124268,True
20,36,25,0.03936474397778511,True
20,36,30,0.06559333950281143,True
20,36,35,0.06271220743656158,True
20,36,40,0.18489661812782288,True
20,36,45,0.13378044962882996,True
20,36,50,0.07781242579221725,True
20,36,55,0.2569120526313782,True
20,36,60,0.07814019918441772,True
20,37,10,0.021194472908973694,True
20,37,15,0.052948977798223495,True
20,37,20,0.10712505131959915,True
20,37,25,0.0387314110994339,True
20,37,30,0.07852016389369965,True
20,37,35,0.12197274714708328,True
20,37,40,0.21398571133613586,True
20,37,45,0.12040203809738159,True
20,37,50,0.3104776442050934,True
20,37,55,0.22586168348789215,True
20,37,60,0.20304620265960693,True
20,37,65,0.10709868371486664,True
20,38,10,0.041831884533166885,True
20,38,15,0.06779342144727707,True
20,38,20,0.10817129164934158,True
20,38,25,0.048629097640514374,True
20,38,30,0.06491351872682571,True
20,38,35,0.1707523912191391,True
20,38,40,0.09192498028278351,True
20,38,45,0.04503007233142853,True
20,38,50,1.048974633216858,True
20,38,55,0.2074664682149887,True
20,38,60,0.06023218482732773,True
20,39,10,0.059850919991731644,False
20,39,15,0.0757690966129303,False
20,39,20,0.09449153393507004,False
20,39,25,0.07878565788269043,False
20,39,30,0.10924877226352692,False
20,39,35,0.15833739936351776,False
20,39,40,0.16765253245830536,False
20,39,45,0.04947305843234062,False
20,39,50,0.33190321922302246,False
20,39,55,0.2764216363430023,False
20,39,60,0.032968778163194656,False
20,39,65,0.08032968640327454,False
20,39,70,0.038180578500032425,False
20,39,75,0.042453404515981674,False
20,39,80,0.06804504245519638,False
20,39,85,0.08254829049110413,False
20,39,90,0.054196618497371674,False
20,39,95,0.1251474916934967,False
20,39,100,0.06680633872747421,False
20,39,105,0.07351300120353699,False
20,39,110,0.09280894696712494,False
20,39,115,0.08648384362459183,False
20,39,120,0.07103999704122543,False
20,39,125,0.10503728687763214,False
20,39,130,0.09681852906942368,False
20,39,135,0.04649857059121132,False
20,39,140,0.062200818210840225,False
20,39,145,0.03863394260406494,False
20,39,150,0.058564525097608566,False
20,39,155,0.040282998234033585,False
20,39,160,0.049455877393484116,False
20,39,165,0.08691638708114624,False
20,39,170,0.0883396565914154,False
20,39,175,0.0811057761311531,False
20,39,180,0.024753665551543236,False
20,39,185,0.02572365663945675,False
20,39,190,0.053601015359163284,False
20,39,195,0.025420062243938446,False
20,39,200,0.07994192093610764,False
20,39,205,0.03224039450287819,False
20,39,210,0.012887993827462196,False
20,39,215,0.0393608883023262,False
20,39,220,0.011725439690053463,False
20,39,225,0.02320300042629242,False
20,39,230,0.00949654821306467,False
20,39,235,0.011976635083556175,False
20,39,240,0.036802250891923904,False
20,39,245,0.022131631150841713,False
20,39,250,0.063937246799469,False
20,39,255,0.01660635694861412,False
20,39,260,0.019071053713560104,False
20,39,265,0.022075891494750977,False
20,39,270,0.0077974023297429085,False
20,39,275,0.02570546790957451,False
20,39,280,0.05568118393421173,False
20,39,285,0.0922597125172615,False
20,39,290,0.04801573604345322,False
20,39,295,0.032108455896377563,False
20,39,300,0.027642205357551575,False
20,39,305,0.02879899926483631,False
20,39,310,0.01217146497219801,False
20,39,315,0.013182882219552994,False
20,39,320,0.015211881138384342,False
20,39,325,0.01781863532960415,False
20,39,330,0.03632679581642151,False
20,39,335,0.04335302487015724,False
20,39,340,0.05036646127700806,False
20,39,345,0.03280934691429138,False
20,39,350,0.03565995767712593,False
20,39,355,0.031031932681798935,False
20,39,360,0.021672023460268974,False
20,39,365,0.048833515495061874,False
20,39,370,0.03229883685708046,False
20,39,375,0.059193115681409836,False
20,39,380,0.03790190443396568,False
20,39,385,0.04528538137674332,False
20,39,390,0.04799096658825874,False
20,39,395,0.018839122727513313,False
20,39,400,0.0452696830034256,False
20,39,405,0.051176562905311584,False
20,40,10,0.05780535191297531,False
20,40,15,0.08464258909225464,False
20,40,20,0.14962445199489594,False
20,40,25,0.07284688204526901,False
20,40,30,0.05462144687771797,False
20,40,35,0.1094759851694107,False
20,40,40,0.19416789710521698,False
20,40,45,0.14154194295406342,False
20,40,50,1.0329309701919556,False
20,40,55,1.3404881954193115,False
20,40,60,0.11314021795988083,False
20,40,65,0.08339398354291916,False
20,40,70,0.05421251431107521,False
20,40,75,0.02896638959646225,False
20,40,80,0.07393530011177063,False
20,40,85,0.09968287497758865,False
20,40,90,0.06038516387343407,False
20,40,95,0.14595629274845123,False
20,40,100,0.0754760354757309,False
20,40,105,0.07152443379163742,False
20,40,110,0.05611716955900192,False
20,40,115,0.055658865720033646,False
20,40,120,0.0634809359908104,False
20,40,125,0.09483449906110764,False
20,40,130,0.036842022091150284,False
20,40,135,0.041882824152708054,False
20,40,140,0.025656966492533684,False
20,40,145,0.03945917636156082,False
20,40,150,0.06178738921880722,False
20,40,155,0.025613561272621155,False
20,40,160,0.05826059728860855,False
20,40,165,0.03817503899335861,False
20,40,170,0.056309375911951065,False
20,40,175,0.04815290495753288,False
20,40,180,0.02756645530462265,False
20,40,185,0.03900714963674545,False
20,40,190,0.04476151987910271,False
20,40,195,0.08540727198123932,False
20,40,200,0.0332152284681797,False
20,40,205,0.038205306977033615,False
20,40,210,0.020371731370687485,False
20,40,215,0.07245922088623047,False
20,40,220,0.08138207346200943,False
20,40,225,0.02617993950843811,False
20,40,230,0.08044135570526123,False
20,40,235,0.023113662376999855,False
20,40,240,0.06723511219024658,False
20,40,245,0.03786667063832283,False
20,40,250,0.02059936337172985,False
20,40,255,0.040381211787462234,False
20,40,260,0.06125442683696747,False
20,40,265,0.06430577486753464,False
20,40,270,0.06407354027032852,False
20,40,275,0.13233612477779388,False
20,40,280,0.09299438446760178,False
20,40,285,0.08617684990167618,False
20,40,290,0.10735233873128891,False
20,40,295,0.05225326493382454,False
20,40,300,0.14762897789478302,False
20,40,305,0.11965713649988174,False
20,40,310,0.13023057579994202,False
20,40,315,0.10297171026468277,False
20,40,320,0.12565472722053528,False
20,40,325,0.14705577492713928,False
20,40,330,0.07562267035245895,False
20,40,335,0.0963103249669075,False
20,40,340,0.14995670318603516,False
20,40,345,0.09768953174352646,False
20,40,350,0.11025175452232361,False
20,40,355,0.1716616153717041,False
20,40,360,0.05357862263917923,False
20,40,365,0.09052626043558121,False
20,40,370,0.07844629138708115,False
20,40,375,0.09632235765457153,False
20,40,380,0.0718090757727623,False
20,40,385,0.1065787598490715,False
20,40,390,0.09344334155321121,False
20,40,395,0.08479302376508713,False
20,40,400,0.06854896247386932,False
20,40,405,0.04935165122151375,False
20,41,10,0.10507206618785858,False
20,41,15,0.07987329363822937,False
20,41,20,0.10242839902639389,False
20,41,25,0.07198624312877655,False
20,41,30,0.09024037420749664,False
20,41,35,0.1803702712059021,False
20,41,40,0.08607841283082962,False
20,41,45,0.05642499774694443,False
20,41,50,1.0635285377502441,False
20,41,55,0.13207250833511353,False
20,41,60,0.06659264862537384,False
20,41,65,0.12350079417228699,False
20,41,70,0.04781521111726761,False
20,41,75,0.05270979180932045,False
20,41,80,0.057181306183338165,False
20,41,85,0.07524635642766953,False
20,41,90,0.0445869155228138,False
20,41,95,0.12020348757505417,False
20,41,100,0.0712156891822815,False
20,41,105,0.08236479014158249,False
20,41,110,0.08243049681186676,False
20,41,115,0.10026613622903824,False
20,41,120,0.1277748942375183,False
20,41,125,0.11145694553852081,False
20,41,130,0.0739838182926178,False
20,41,135,0.038181982934474945,False
20,41,140,0.04878437519073486,False
20,41,145,0.05936285853385925,False
20,41,150,0.07652682065963745,False
20,41,155,0.029274296015501022,False
20,41,160,0.06126898527145386,False
20,41,165,0.04396739602088928,False
20,41,170,0.07693701237440109,False
20,41,175,0.06486780196428299,False
20,41,180,0.02181917242705822,False
20,41,185,0.02498449943959713,False
20,41,190,0.040146682411432266,False
20,41,195,0.04523712024092674,False
20,41,200,0.06806603819131851,False
20,41,205,0.03333132341504097,False
20,41,210,0.02302282676100731,False
20,41,215,0.053886815905570984,False
20,41,220,0.0441947802901268,False
20,41,225,0.046708740293979645,False
20,41,230,0.0689752921462059,False
20,41,235,0.028838064521551132,False
20,41,240,0.02613011561334133,False
20,41,245,0.062434807419776917,False
20,41,250,0.03755282238125801,False
20,41,255,0.020492544397711754,False
20,41,260,0.054680097848176956,False
20,41,265,0.06815320998430252,False
20,41,270,0.01812552660703659,False
20,41,275,0.029579924419522285,False
20,41,280,0.021820541471242905,False
20,41,285,0.03522694110870361,False
20,41,290,0.03786393627524376,False
20,41,295,0.058853212743997574,False
20,41,300,0.06125316396355629,False
20,41,305,0.11820429563522339,False
20,41,310,0.0574277862906456,False
20,41,315,0.04688413813710213,False
20,41,320,0.08722899854183197,False
20,41,325,0.06953976303339005,False
20,41,330,0.05021558329463005,False
20,41,335,0.030824195593595505,False
20,41,340,0.03837982937693596,False
20,41,345,0.05878688022494316,False
20,41,350,0.09007576107978821,False
20,41,355,0.08992870897054672,False
20,41,360,0.03324802219867706,False
20,41,365,0.07182396203279495,False
20,41,370,0.055440787225961685,False
20,41,375,0.11878636479377747,False
20,41,380,0.10632074624300003,False
20,41,385,0.15226665139198303,False
20,41,390,0.15058258175849915,False
20,41,395,0.07266335934400558,False
20,41,400,0.09920685738325119,False
20,41,405,0.0966394767165184,False
20,42,10,0.025730110704898834,True
20,42,15,0.046131573617458344,True
20,42,20,0.06478110700845718,True
20,42,25,0.0353991761803627,True
20,42,30,0.040531549602746964,True
20,42,35,0.04688941314816475,True
20,42,40,0.17876161634922028,True
20,42,45,0.17771947383880615,True
20,42,50,0.34845685958862305,True
20,42,55,0.27468159794807434,True
20,42,60,0.8450377583503723,True
20,42,65,0.09752355515956879,True
20,43,10,0.037484314292669296,True
20,43,15,0.06482002139091492,True
20,43,20,0.10137071460485458,True
20,43,25,0.05636966973543167,True
20,43,30,0.07918060570955276,True
20,43,35,0.13303059339523315,True
20,43,40,0.14722026884555817,True
20,43,45,0.09861898422241211,True
20,43,50,0.11583057790994644,True
20,43,55,0.18265169858932495,True
20,43,60,0.05930671840906143,True
20,44,10,0.08963073045015335,True
20,44,15,0.07167018204927444,True
20,44,20,0.11262596398591995,True
20,44,25,0.061598196625709534,True
20,44,30,0.045696962624788284,True
20,44,35,0.12925828993320465,True
20,44,40,0.21799837052822113,True
20,44,45,0.1810803860425949,True
20,44,50,0.11541851609945297,True
20,44,55,0.05589648708701134,True
20,44,60,0.035474009811878204,True
20,44,65,0.09019741415977478,True
20,44,70,0.10790704935789108,True
20,44,75,0.12166962027549744,True
20,44,80,0.15586678683757782,True
20,45,10,0.10243414342403412,False
20,45,15,0.06579750031232834,False
20,45,20,0.0753738060593605,False
20,45,25,0.07680010050535202,False
20,45,30,0.09210246801376343,False
20,45,35,0.15586286783218384,False
20,45,40,0.232564315199852,False
20,45,45,0.15739189088344574,False
20,45,50,0.30477073788642883,False
20,45,55,0.3818497061729431,False
20,45,60,0.08682510256767273,False
20,45,65,0.10705526173114777,False
20,45,70,0.05173053964972496,False
20,45,75,0.037762098014354706,False
20,45,80,0.08110594004392624,False
20,45,85,0.06446806341409683,False
20,45,90,0.03517394885420799,False
20,45,95,0.13048706948757172,False
20,45,100,0.06674589961767197,False
20,45,105,0.0511588491499424,False
20,45,110,0.05649162828922272,False
20,45,115,0.0806405171751976,False
20,45,120,0.09639163315296173,False
20,45,125,0.10451095551252365,False
20,45,130,0.0634269118309021,False
20,45,135,0.04910789802670479,False
20,45,140,0.0401703305542469,False
20,45,145,0.06618481874465942,False
20,45,150,0.09428946673870087,False
20,45,155,0.04993889853358269,False
20,45,160,0.06697390973567963,False
20,45,165,0.09196091443300247,False
20,45,170,0.09420746564865112,False
20,45,175,0.11735077202320099,False
20,45,180,0.05562921613454819,False
20,45,185,0.031484849750995636,False
20,45,190,0.04579227417707443,False
20,45,195,0.03430258855223656,False
20,45,200,0.07567964494228363,False
20,45,205,0.06080937385559082,False
20,45,210,0.025972943753004074,False
20,45,215,0.04073663428425789,False
20,45,220,0.04209510609507561,False
20,45,225,0.0456092469394207,False
20,45,230,0.03842025622725487,False
20,45,235,0.026046911254525185,False
20,45,240,0.041922181844711304,False
20,45,245,0.05965553596615791,False
20,45,250,0.046449173241853714,False
20,45,255,0.018111297860741615,False
20,45,260,0.01781478524208069,False
20,45,265,0.07068514823913574,False
20,45,270,0.015986336395144463,False
20,45,275,0.015018870122730732,False
20,45,280,0.04501565918326378,False
20,45,285,0.037591706961393356,False
20,45,290,0.019471364095807076,False
20,45,295,0.02874254249036312,False
20,45,300,0.06253614276647568,False
20,45,305,0.11368954926729202,False
20,45,310,0.03622329607605934,False
20,45,315,0.040261294692754745,False
20,45,320,0.11428295075893402,False
20,45,325,0.08578646183013916,False
20,45,330,0.043965525925159454,False
20,45,335,0.031039627268910408,False
20,45,340,0.024448638781905174,False
20,45,345,0.07057080417871475,False
20,45,350,0.07370934635400772,False
20,45,355,0.11717633157968521,False
20,45,360,0.05588953569531441,False
20,45,365,0.06442174315452576,False
20,45,370,0.0772421732544899,False
20,45,375,0.11544419825077057,False
20,45,380,0.05848128721117973,False
20,45,385,0.10048911720514297,False
20,45,390,0.13350136578083038,False
20,45,395,0.07538779079914093,False
20,45,400,0.07117565721273422,False
20,45,405,0.11306437849998474,False
20,46,10,0.02413487620651722,True
20,46,15,0.03408825024962425,True
20,46,20,0.07052446156740189,True
20,46,25,0.05543839931488037,True
20,46,30,0.05733056366443634,True
20,46,35,0.0806002989411354,True
20,46,40,0.2175745815038681,True
20,46,45,0.0800250694155693,True
20,46,50,0.10584762692451477,True
20,46,55,0.28060051798820496,True
20,46,60,0.060490015894174576,True
20,46,65,0.08875185251235962,True
20,47,10,0.038746271282434464,True
20,47,15,0.08552045375108719,True
20,47,20,0.14993762969970703,True
20,47,25,0.055755726993083954,True
20,47,30,0.03654803708195686,True
20,47,35,0.1401989907026291,True
20,47,40,0.2669110596179962,True
20,47,45,0.18667621910572052,True
20,47,50,0.17734594643115997,True
20,47,55,0.21089017391204834,True
20,47,60,0.07333546876907349,True
20,48,10,0.037538379430770874,True
20,48,15,0.0326421782374382,True
20,48,20,0.06393463909626007,True
20,48,25,0.038071658462285995,True
20,48,30,0.05628060922026634,True
20,48,35,0.09472855180501938,True
20,48,40,0.2108791619539261,True
20,48,45,0.124356709420681,True
20,48,50,0.160689115524292,True
20,48,55,0.3444191813468933,True
20,48,60,0.10212277621030807,True
20,49,10,0.04932478070259094,True
20,49,15,0.04213511198759079,True
20,49,20,0.10665804892778397,True
20,49,25,0.07354194670915604,True
20,49,30,0.05608296021819115,True
20,49,35,0.06201206147670746,True
20,49,40,0.23778364062309265,True
20,49,45,0.13067476451396942,True
20,49,50,0.0840366929769516,True
20,49,55,1.2387592792510986,True
20,49,60,0.9689043164253235,True
40,0,10,0.01904311403632164,True
40,0,15,0.0594031997025013,True
40,0,20,0.03681526333093643,True
40,0,25,0.03614921495318413,True
40,0,30,0.07806813716888428,True
40,0,35,0.08248551189899445,True
40,0,40,0.11170157045125961,True
40,0,45,0.17113076150417328,True
40,0,50,0.21501341462135315,True
40,0,55,0.07577136158943176,True
40,0,60,0.06896550208330154,True
40,0,65,0.12715235352516174,True
40,1,10,0.02358379401266575,True
40,1,15,0.05210065096616745,True
40,1,20,0.07087334990501404,True
40,1,25,0.06177206337451935,True
40,1,30,0.08671741932630539,True
40,1,35,0.1055988147854805,True
40,1,40,0.15440528094768524,True
40,1,45,0.1257418394088745,True
40,1,50,0.22842922806739807,True
40,1,55,0.23248998820781708,True
40,1,60,0.053127627819776535,True
40,1,65,0.038767293095588684,True
40,1,70,0.059451356530189514,True
40,1,75,0.030655374750494957,True
40,2,10,0.039512090384960175,True
40,2,15,0.07264162600040436,True
40,2,20,0.08149456977844238,True
40,2,25,0.058110322803258896,True
40,2,30,0.06750527769327164,True
40,2,35,0.11629117280244827,True
40,2,40,0.09953028708696365,True
40,2,45,0.15431663393974304,True
40,2,50,0.18204323947429657,True
40,2,55,0.07668519020080566,True
40,2,60,0.048816073685884476,True
40,2,65,0.07577343285083771,True
40,2,70,0.04050379619002342,True
40,3,10,0.02770727314054966,True
40,3,15,0.10687723010778427,True
40,3,20,0.08774808794260025,True
40,3,25,0.05752275139093399,True
40,3,30,0.07714992761611938,True
40,3,35,0.08868222683668137,True
40,3,40,0.09817991405725479,True
40,3,45,0.17301326990127563,True
40,3,50,0.17354272305965424,True
40,3,55,0.08163318037986755,True
40,3,60,0.0761621743440628,True
40,3,65,0.17120403051376343,True
40,3,70,0.03829081356525421,True
40,4,10,0.023534944280982018,True
40,4,15,0.027651429176330566,True
40,4,20,0.04443108290433884,True
40,4,25,0.03497631102800369,True
40,4,30,0.07924261689186096,True
40,4,35,0.10077318549156189,True
40,4,40,0.11655781418085098,True
40,4,45,0.19186051189899445,True
40,4,50,0.19147631525993347,True
40,4,55,0.12022267282009125,True
40,4,60,0.04133438691496849,True
40,4,65,0.11164512485265732,True
40,4,70,0.07229597866535187,True
40,5,10,0.04492117092013359,True
40,5,15,0.030463550239801407,True
40,5,20,0.04175908863544464,True
40,5,25,0.03682625666260719,True
40,5,30,0.05725416541099548,True
40,5,35,0.08248594403266907,True
40,5,40,0.11270327121019363,True
40,5,45,0.16951310634613037,True
40,5,50,0.22124996781349182,True
40,5,55,0.12258458137512207,True
40,5,60,0.05558032914996147,True
40,5,65,0.0811535120010376,True
40,5,70,0.040315911173820496,True
40,6,10,0.028760213404893875,True
40,6,15,0.10825559496879578,True
40,6,20,0.09050353616476059,True
40,6,25,0.04513116925954819,True
40,6,30,0.08812257647514343,True
40,6,35,0.06011974811553955,True
40,6,40,0.1327330321073532,True
40,6,45,0.22544214129447937,True
40,6,50,0.17497141659259796,True
40,6,55,0.07481373846530914,True
40,6,60,0.058552730828523636,True
40,6,65,0.1599041074514389,True
40,7,10,0.022686876356601715,True
40,7,15,0.04439809173345566,True
40,7,20,0.05118372291326523,True
40,7,25,0.03425392135977745,True
40,7,30,0.05336057394742966,True
40,7,35,0.08511378616094589,True
40,7,40,0.11015836894512177,True
40,7,45,0.16674436628818512,True
40,7,50,0.20954179763793945,True
40,7,55,0.12130864709615707,True
40,7,60,0.04405529424548149,True
40,7,65,0.051538869738578796,True
40,7,70,0.048939161002635956,True
40,8,10,0.07488717883825302,True
40,8,15,0.05763775855302811,True
40,8,20,0.0700114518404007,True
40,8,25,0.07180812954902649,True
40,8,30,0.096180759370327,True
40,8,35,0.10124262422323227,True
40,8,40,0.16681699454784393,True
40,8,45,0.06094719469547272,True
40,8,50,0.052401430904865265,True
40,8,55,0.8096957206726074,True
40,8,60,0.1241707131266594,True
40,8,65,0.10677416622638702,True
40,9,10,0.03126012533903122,True
40,9,15,0.021276764571666718,True
40,9,20,0.029133616015315056,True
40,9,25,0.03038780950009823,True
40,9,30,0.07205483317375183,True
40,9,35,0.06785960495471954,True
40,9,40,0.12644138932228088,True
40,9,45,0.17039847373962402,True
40,9,50,0.16528913378715515,True
40,9,55,0.0663285031914711,True
40,9,60,0.05413622781634331,True
40,9,65,0.05506911501288414,True
40,10,10,0.09002384543418884,True
40,10,15,0.05109444633126259,True
40,10,20,0.07135962694883347,True
40,10,25,0.05568608641624451,True
40,10,30,0.032607126981019974,True
40,10,35,0.040565840899944305,True
40,10,40,0.12902414798736572,True
40,10,45,0.14758118987083435,True
40,10,50,0.08590566366910934,True
40,10,55,0.07942964881658554,True
40,10,60,0.20040009915828705,True
40,10,65,0.07827738672494888,True
40,11,10,0.02993941493332386,True
40,11,15,0.07565908133983612,True
40,11,20,0.07620245218276978,True
40,11,25,0.04720142483711243,True
40,11,30,0.04624278098344803,True
40,11,35,0.06819333881139755,True
40,11,40,0.16480520367622375,True
40,11,45,0.17276237905025482,True
40,11,50,0.10328669100999832,True
40,11,55,0.09895813465118408,True
40,11,60,0.08915098756551743,True
40,11,65,0.06837927550077438,True
40,12,10,0.076480433344841,True
40,12,15,0.05442168936133385,True
40,12,20,0.06975594907999039,True
40,12,25,0.05528893321752548,True
40,12,30,0.08743630349636078,True
40,12,35,0.08124611526727676,True
40,12,40,0.12177969515323639,True
40,12,45,0.1653527319431305,True
40,12,50,0.16023238003253937,True
40,12,55,0.08081808686256409,True
40,12,60,0.055364951491355896,True
40,12,65,0.15786287188529968,True
40,13,10,0.028131557628512383,True
40,13,15,0.08146201074123383,True
40,13,20,0.08677647262811661,True
40,13,25,0.0614255890250206,True
40,13,30,0.09080268442630768,True
40,13,35,0.11009519547224045,True
40,13,40,0.10054916888475418,True
40,13,45,0.15499363839626312,True
40,13,50,0.1213933601975441,True
40,13,55,0.1040617898106575,True
40,13,60,0.04346281662583351,True
40,13,65,0.13774873316287994,True
40,13,70,0.06506029516458511,True
40,14,10,0.020131856203079224,True
40,14,15,0.07252588123083115,True
40,14,20,0.13370215892791748,True
40,14,25,0.13482530415058136,True
40,14,30,0.136766716837883,True
40,14,35,0.1966252326965332,True
40,14,40,0.3430367708206177,True
40,14,45,0.4565885663032532,True
40,14,50,0.659660279750824,True
40,14,55,0.6709572076797485,True
40,14,60,0.63438481092453,True
40,14,65,0.5666322112083435,True
40,14,70,0.09275195747613907,True
40,15,10,0.08685242384672165,True
40,15,15,0.036498550325632095,True
40,15,20,0.04933207109570503,True
40,15,25,0.03248630091547966,True
40,15,30,0.06532438844442368,True
40,15,35,0.050948530435562134,True
40,15,40,0.13612566888332367,True
40,15,45,0.1061631441116333,True
40,15,50,0.2026795595884323,True
40,15,55,0.047848574817180634,True
40,15,60,0.18048012256622314,True
40,15,65,0.19792413711547852,True
40,16,10,0.013645785860717297,True
40,16,15,0.03315674886107445,True
40,16,20,0.037108730524778366,True
40,16,25,0.047775764018297195,True
40,16,30,0.07565666735172272,True
40,16,35,0.0934237465262413,True
40,16,40,0.11225444823503494,True
40,16,45,0.160869762301445,True
40,16,50,0.2165081799030304,True
40,16,55,0.19001004099845886,True
40,16,60,0.05226769670844078,True
40,16,65,0.05133329704403877,True
40,16,70,0.0595465712249279,True
40,16,75,0.03345358371734619,True
40,17,10,0.05350227653980255,True
40,17,15,0.06638569384813309,True
40,17,20,0.08433343470096588,True
40,17,25,0.059930674731731415,True
40,17,30,0.07600110024213791,True
40,17,35,0.08650057017803192,True
40,17,40,0.1791578233242035,True
40,17,45,0.09451352804899216,True
40,17,50,0.07956164330244064,True
40,17,55,0.10038269311189651,True
40,17,60,0.12267324328422546,True
40,17,65,0.0642314925789833,True
40,18,10,0.0418621301651001,True
40,18,15,0.03028743714094162,True
40,18,20,0.03336239606142044,True
40,18,25,0.03582287207245827,True
40,18,30,0.05923674255609512,True
40,18,35,0.07681926339864731,True
40,18,40,0.11674376577138901,True
40,18,45,0.18195383250713348,True
40,18,50,0.2439005970954895,True
40,18,55,0.10570498555898666,True
40,18,60,0.08704011887311935,True
40,18,65,0.15504324436187744,True
40,18,70,0.060913749039173126,True
40,19,10,0.02302432619035244,True
40,19,15,0.06321458518505096,True
40,19,20,0.08215264976024628,True
40,19,25,0.048587165772914886,True
40,19,30,0.07440076023340225,True
40,19,35,0.09850120544433594,True
40,19,40,0.12827979028224945,True
40,19,45,0.16880673170089722,True
40,19,50,0.07631979882717133,True
40,19,55,0.039487194269895554,True
40,19,60,0.12488649040460587,True
40,19,65,0.12803471088409424,True
40,19,70,0.039634741842746735,True
40,20,10,0.031503159552812576,True
40,20,15,0.0382634736597538,True
40,20,20,0.05741939693689346,True
40,20,25,0.04430800676345825,True
40,20,30,0.07482432574033737,True
40,20,35,0.0965203270316124,True
40,20,40,0.12360531836748123,True
40,20,45,0.11109218001365662,True
40,20,50,0.16238757967948914,True
40,20,55,0.16123640537261963,True
40,20,60,0.0620591826736927,True
40,20,65,0.07017068564891815,True
40,20,70,0.2178918719291687,True
40,21,10,0.015316478908061981,True
40,21,15,0.03944297879934311,True
40,21,20,0.06636802852153778,True
40,21,25,0.04624710977077484,True
40,21,30,0.06699568778276443,True
40,21,35,0.09218820929527283,True
40,21,40,0.15373340249061584,True
40,21,45,0.16100239753723145,True
40,21,50,0.20861618220806122,True
40,21,55,0.25999030470848083,True
40,21,60,0.07326660305261612,True
40,21,65,0.0578194186091423,True
40,21,70,0.05141143873333931,True
40,21,75,0.024661635980010033,True
40,22,10,0.0797816589474678,True
40,22,15,0.04760003834962845,True
40,22,20,0.07735276222229004,True
40,22,25,0.05226598307490349,True
40,22,30,0.05261893942952156,True
40,22,35,0.1064571812748909,True
40,22,40,0.21978633105754852,True
40,22,45,0.06746012717485428,True
40,22,50,0.10738417506217957,True
40,22,55,0.24712486565113068,True
40,22,60,0.0742608904838562,True
40,23,10,0.024025551974773407,True
40,23,15,0.075017549097538,True
40,23,20,0.06247635558247566,True
40,23,25,0.03703135624527931,True
40,23,30,0.10222142189741135,True
40,23,35,0.10836915671825409,True
40,23,40,0.12148802727460861,True
40,23,45,0.171757772564888,True
40,23,50,0.21327821910381317,True
40,23,55,0.12593352794647217,True
40,23,60,0.0515805259346962,True
40,23,65,0.11191554367542267,True
40,24,10,0.02534647285938263,True
40,24,15,0.037456266582012177,True
40,24,20,0.06424802541732788,True
40,24,25,0.04153094068169594,True
40,24,30,0.05211294814944267,True
40,24,35,0.08365663886070251,True
40,24,40,0.11962249130010605,True
40,24,45,0.15711234509944916,True
40,24,50,0.17526757717132568,True
40,24,55,0.07928431034088135,True
40,24,60,0.05055353417992592,True
40,24,65,0.0950675681233406,True
40,24,70,0.035790637135505676,True
40,25,10,0.03271038830280304,True
40,25,15,0.025044335052371025,True
40,25,20,0.028723109513521194,True
40,25,25,0.02872481383383274,True
40,25,30,0.038056351244449615,True
40,25,35,0.038952652364969254,True
40,25,40,0.18070290982723236,True
40,25,45,0.13640308380126953,True
40,25,50,0.1400134265422821,True
40,25,55,0.14607225358486176,True
40,25,60,0.089333176612854,True
40,25,65,0.08900163322687149,True
40,26,10,0.03348225727677345,True
40,26,15,0.032964691519737244,True
40,26,20,0.042173001915216446,True
40,26,25,0.03453141823410988,True
40,26,30,0.07368745654821396,True
40,26,35,0.0983772873878479,True
40,26,40,0.1261584311723709,True
40,26,45,0.1481248438358307,True
40,26,50,0.2022148221731186,True
40,26,55,0.1567496508359909,True
40,26,60,0.05945055931806564,True
40,26,65,0.05785788223147392,True
40,26,70,0.2211611419916153,True
40,27,10,0.07249175757169724,True
40,27,15,0.047072649002075195,True
40,27,20,0.05187728628516197,True
40,27,25,0.0473802350461483,True
40,27,30,0.03279963880777359,True
40,27,35,0.04572328180074692,True
40,27,40,0.1789078414440155,True
40,27,45,0.12810111045837402,True
40,27,50,0.1423683911561966,True
40,27,55,0.11030660569667816,True
40,27,60,0.09633305668830872,True
40,27,65,0.05652123689651489,True
40,28,10,0.04951687157154083,True
40,28,15,0.08715435862541199,True
40,28,20,0.07874782383441925,True
40,28,25,0.057630158960819244,True
40,28,30,0.09272656589746475,True
40,28,35,0.11594703048467636,True
40,28,40,0.11283592879772186,True
40,28,45,0.1516536921262741,True
40,28,50,0.18690630793571472,True
40,28,55,0.10567076504230499,True
40,28,60,0.044117461889982224,True
40,28,65,0.1085241511464119,True
40,28,70,0.05717463418841362,True
40,29,10,0.1162465512752533,True
40,29,15,0.03680192306637764,True
40,29,20,0.07556258141994476,True
40,29,25,0.06970372051000595,True
40,29,30,0.07806368172168732,True
40,29,35,0.11793167144060135,True
40,29,40,0.145231232047081,True
40,29,45,0.16495515406131744,True
40,29,50,0.14151088893413544,True
40,29,55,0.09241633862257004,True
40,29,60,0.03909981623291969,True
40,29,65,0.1098882332444191,True
40,30,10,0.11908474564552307,True
40,30,15,0.062214627861976624,True
40,30,20,0.08315129578113556,True
40,30,25,0.04775200039148331,True
40,30,30,0.05111883580684662,True
40,30,35,0.05766039714217186,True
40,30,40,0.19384998083114624,True
40,30,45,0.054433200508356094,True
40,30,50,0.08800515532493591,True
40,30,55,0.2855708599090576,True
40,30,60,0.07045596092939377,True
40,30,65,0.0405009500682354,True
40,31,10,0.019334081560373306,True
40,31,15,0.03238384798169136,True
40,31,20,0.026960602030158043,True
40,31,25,0.03911001607775688,True
40,31,30,0.0303870290517807,True
40,31,35,0.06337513029575348,True
40,31,40,0.06645442545413971,True
40,31,45,0.1738172471523285,True
40,31,50,0.177978977560997,True
40,31,55,0.11527527868747711,True
40,31,60,0.04691554978489876,True
40,31,65,0.12910330295562744,True
40,31,70,0.054003648459911346,True
40,32,10,0.014687933027744293,True
40,32,15,0.03055364452302456,True
40,32,20,0.03278206288814545,True
40,32,25,0.028516974300146103,True
40,32,30,0.06849691271781921,True
40,32,35,0.09769756346940994,True
40,32,40,0.11081737279891968,True
40,32,45,0.15777607262134552,True
40,32,50,0.1678694635629654,True
40,32,55,0.1351614147424698,True
40,32,60,0.06362974643707275,True
40,32,65,0.11911588907241821,True
40,32,70,0.0487198568880558,True
40,33,10,0.03465312346816063,True
40,33,15,0.05467502772808075,True
40,33,20,0.06787979602813721,True
40,33,25,0.05302641540765762,True
40,33,30,0.08679520338773727,True
40,33,35,0.12933124601840973,True
40,33,40,0.14065590500831604,True
40,33,45,0.2049722820520401,True
40,33,50,0.12989099323749542,True
40,33,55,0.09534933418035507,True
40,33,60,0.04868140444159508,True
40,33,65,0.053348343819379807,True
40,34,10,0.043473124504089355,True
40,34,15,0.08994614332914352,True
40,34,20,0.07331518828868866,True
40,34,25,0.04684010520577431,True
40,34,30,0.067509226500988,True
40,34,35,0.07877333462238312,True
40,34,40,0.14198242127895355,True
40,34,45,0.1975700408220291,True
40,34,50,0.2071528434753418,True
40,34,55,0.0640651136636734,True
40,34,60,0.06869816780090332,True
40,34,65,0.15516740083694458,True
40,35,10,0.09142013639211655,True
40,35,15,0.049149930477142334,True
40,35,20,0.08196794241666794,True
40,35,25,0.055596016347408295,True
40,35,30,0.08768807351589203,True
40,35,35,0.10120503604412079,True
40,35,40,0.21382173895835876,True
40,35,45,0.10652921348810196,True
40,35,50,0.05848724767565727,True
40,35,55,0.25683170557022095,True
40,35,60,0.14318546652793884,True
40,35,65,0.05125726759433746,True
40,36,10,0.025050150230526924,True
40,36,15,0.044206760823726654,True
40,36,20,0.020918291062116623,True
40,36,25,0.02699992060661316,True
40,36,30,0.05770357325673103,True
40,36,35,0.08218637853860855,True
40,36,40,0.10681463778018951,True
40,36,45,0.15913157165050507,True
40,36,50,0.18618258833885193,True
40,36,55,0.1060466542840004,True
40,36,60,0.06327959150075912,True
40,36,65,0.1423499584197998,True
40,36,70,0.04838927835226059,True
40,37,10,0.020017940551042557,True
40,37,15,0.04387354478240013,True
40,37,20,0.061184052377939224,True
40,37,25,0.04609975963830948,True
40,37,30,0.07209710776805878,True
40,37,35,0.11001553386449814,True
40,37,40,0.1686459481716156,True
40,37,45,0.18103033304214478,True
40,37,50,0.15315115451812744,True
40,37,55,0.14180760085582733,True
40,37,60,0.0569554828107357,True
40,37,65,0.0917498990893364,True
40,37,70,0.030939161777496338,True
40,38,10,0.04000997170805931,True
40,38,15,0.0376412607729435,True
40,38,20,0.06979799270629883,True
40,38,25,0.049375176429748535,True
40,38,30,0.053219590336084366,True
40,38,35,0.08308199793100357,True
40,38,40,0.1876893937587738,True
40,38,45,0.08381345123052597,True
40,38,50,0.08482739329338074,True
40,38,55,0.1312016099691391,True
40,38,60,0.0994875431060791,True
40,38,65,0.039510853588581085,True
40,39,10,0.06269143521785736,True
40,39,15,0.05966414138674736,True
40,39,20,0.07613039761781693,True
40,39,25,0.07828332483768463,True
40,39,30,0.12889887392520905,True
40,39,35,0.1352626234292984,True
40,39,40,0.1282285898923874,True
40,39,45,0.2076583057641983,True
40,39,50,0.07904084771871567,True
40,39,55,0.051144588738679886,True
40,39,60,0.10424565523862839,True
40,39,65,0.12458515167236328,True
40,40,10,0.05010298267006874,True
40,40,15,0.0785122662782669,True
40,40,20,0.09626437723636627,True
40,40,25,0.06531020998954773,True
40,40,30,0.08770228177309036,True
40,40,35,0.09617478400468826,True
40,40,40,0.11676829308271408,True
40,40,45,0.17361615598201752,True
40,40,50,0.14304420351982117,True
40,40,55,0.06347527354955673,True
40,40,60,0.11259552836418152,True
40,40,65,0.1314118206501007,True
40,41,10,0.1134965643286705,True
40,41,15,0.05099114775657654,True
40,41,20,0.06861449033021927,True
40,41,25,0.08377313613891602,True
40,41,30,0.09083886444568634,True
40,41,35,0.10779399424791336,True
40,41,40,0.18781252205371857,True
40,41,45,0.0774863138794899,True
40,41,50,0.05225503072142601,True
40,41,55,0.23440910875797272,True
40,41,60,0.11769358813762665,True
40,41,65,0.03340888023376465,True
40,42,10,0.023291952908039093,True
40,42,15,0.03215864673256874,True
40,42,20,0.028741512447595596,True
40,42,25,0.022403812035918236,True
40,42,30,0.030161146074533463,True
40,42,35,0.06101555749773979,True
40,42,40,0.07931604981422424,True
40,42,45,0.14128386974334717,True
40,42,50,0.18396127223968506,True
40,42,55,0.15319478511810303,True
40,42,60,0.043694868683815,True
40,42,65,0.15871112048625946,True
40,42,70,0.0763249471783638,True
40,43,10,0.03448105975985527,True
40,43,15,0.07019460946321487,True
40,43,20,0.08806578814983368,True
40,43,25,0.06378547102212906,True
40,43,30,0.09545284509658813,True
40,43,35,0.13389818370342255,True
40,43,40,0.1305345892906189,True
40,43,45,0.14181779325008392,True
40,43,50,0.1350627988576889,True
40,43,55,0.12157326936721802,True
40,43,60,0.08081323653459549,True
40,43,65,0.12071328610181808,True
40,43,70,0.05085241049528122,True
40,44,10,0.10046128183603287,True
40,44,15,0.03816179931163788,True
40,44,20,0.06957928836345673,True
40,44,25,0.05013768747448921,True
40,44,30,0.056445520371198654,True
40,44,35,0.0623493455350399,True
40,44,40,0.16482821106910706,True
40,44,45,0.11482410132884979,True
40,44,50,0.08684320002794266,True
40,44,55,0.21015579998493195,True
40,44,60,0.17192550003528595,True
40,44,65,0.0734005719423294,True
40,45,10,0.10998298972845078,True
40,45,15,0.044819001108407974,True
40,45,20,0.07343924045562744,True
40,45,25,0.08518760651350021,True
40,45,30,0.09166564792394638,True
40,45,35,0.09510832279920578,True
40,45,40,0.17842325568199158,True
40,45,45,0.15446367859840393,True
40,45,50,0.1213921308517456,True
40,45,55,0.05560334399342537,True
40,45,60,0.09590981155633926,True
40,45,65,0.03487645462155342,True
40,46,10,0.02307232841849327,True
40,46,15,0.03469356894493103,True
40,46,20,0.03108559362590313,True
40,46,25,0.019543515518307686,True
40,46,30,0.04614853858947754,True
40,46,35,0.06608844548463821,True
40,46,40,0.10851948708295822,True
40,46,45,0.1524178683757782,True
40,46,50,0.11843801289796829,True
40,46,55,0.07148749381303787,True
40,46,60,0.07528376579284668,True
40,46,65,0.08530466258525848,True
40,47,10,0.03814603015780449,True
40,47,15,0.09616773575544357,True
40,47,20,0.09911700338125229,True
40,47,25,0.04455283656716347,True
40,47,30,0.05843894183635712,True
40,47,35,0.06677485257387161,True
40,47,40,0.21242393553256989,True
40,47,45,0.18822036683559418,True
40,47,50,0.1644844114780426,True
40,47,55,0.0754970982670784,True
40,47,60,0.07532675564289093,True
40,48,10,0.03719732537865639,True
40,48,15,0.03148144111037254,True
40,48,20,0.031709834933280945,True
40,48,25,0.028293084353208542,True
40,48,30,0.05456065759062767,True
40,48,35,0.06533695757389069,True
40,48,40,0.13253021240234375,True
40,48,45,0.1476152539253235,True
40,48,50,0.14046232402324677,True
40,48,55,0.08033105731010437,True
40,48,60,0.09421512484550476,True
40,48,65,0.08766888082027435,True
40,49,10,0.043927885591983795,True
40,49,15,0.03550118952989578,True
40,49,20,0.05231650918722153,True
40,49,25,0.05383819341659546,True
40,49,30,0.06270886212587357,True
40,49,35,0.06670554727315903,True
40,49,40,0.14828626811504364,True
40,49,45,0.16670158505439758,True
40,49,50,0.17216792702674866,True
40,49,55,0.06978584825992584,True
40,49,60,0.13577143847942352,True
40,49,65,0.15198485553264618,True
60,0,10,0.01669164001941681,True
60,0,15,0.04750090092420578,True
60,0,20,0.03735237941145897,True
60,0,25,0.04832562059164047,True
60,0,30,0.04998068884015083,True
60,0,35,0.058814000338315964,True
60,0,40,0.11727075278759003,True
60,0,45,0.17304617166519165,True
60,0,50,0.16414065659046173,True
60,0,55,0.09552797675132751,True
60,0,60,0.15039151906967163,True
60,0,65,0.09457901865243912,True
60,1,10,0.02157934010028839,True
60,1,15,0.04064095765352249,True
60,1,20,0.0624900683760643,True
60,1,25,0.0448237769305706,True
60,1,30,0.06471867114305496,True
60,1,35,0.09458791464567184,True
60,1,40,0.12749291956424713,True
60,1,45,0.1444464772939682,True
60,1,50,0.11964142322540283,True
60,1,55,0.08861995488405228,True
60,1,60,0.06200447678565979,True
60,1,65,0.19007711112499237,True
60,1,70,0.07603929191827774,True
60,2,10,0.03402722626924515,True
60,2,15,0.07699032127857208,True
60,2,20,0.09510719776153564,True
60,2,25,0.05970805138349533,True
60,2,30,0.04637264087796211,True
60,2,35,0.08150125294923782,True
60,2,40,0.10384006053209305,True
60,2,45,0.2197558879852295,True
60,2,50,0.15940549969673157,True
60,2,55,0.08596649020910263,True
60,2,60,0.09734325855970383,True
60,2,65,0.13111883401870728,True
60,2,70,0.05287409946322441,True
60,3,10,0.02604597620666027,True
60,3,15,0.10418427735567093,True
60,3,20,0.09450851380825043,True
60,3,25,0.06833875179290771,True
60,3,30,0.04239042475819588,True
60,3,35,0.042093876749277115,True
60,3,40,0.16903355717658997,True
60,3,45,0.21531780064105988,True
60,3,50,0.1316995918750763,True
60,3,55,0.13543739914894104,True
60,3,60,0.18965652585029602,True
60,3,65,0.07597427815198898,True
60,4,10,0.022820908576250076,True
60,4,15,0.03229168429970741,True
60,4,20,0.039163488894701004,True
60,4,25,0.021592726930975914,True
60,4,30,0.0519120953977108,True
60,4,35,0.06289169192314148,True
60,4,40,0.10392455011606216,True
60,4,45,0.16936568915843964,True
60,4,50,0.21722152829170227,True
60,4,55,0.07220921665430069,True
60,4,60,0.10478542000055313,True
60,4,65,0.16706493496894836,True
60,5,10,0.041501205414533615,True
60,5,15,0.03074996918439865,True
60,5,20,0.050639502704143524,True
60,5,25,0.02904392033815384,True
60,5,30,0.03509250655770302,True
60,5,35,0.0665891170501709,True
60,5,40,0.12888793647289276,True
60,5,45,0.18230484426021576,True
60,5,50,0.19203028082847595,True
60,5,55,0.07792916893959045,True
60,5,60,0.11498769372701645,True
60,5,65,0.1584000438451767,True
60,6,10,0.03383071720600128,True
60,6,15,0.10093636065721512,True
60,6,20,0.09484097361564636,True
60,6,25,0.04047137871384621,True
60,6,30,0.04376506060361862,True
60,6,35,0.05786591395735741,True
60,6,40,0.18459153175354004,True
60,6,45,0.21110475063323975,True
60,6,50,0.19658707082271576,True
60,6,55,0.08129865676164627,True
60,6,60,0.19835993647575378,True
60,7,10,0.018803689628839493,True
60,7,15,0.03582287207245827,True
60,7,20,0.06689752638339996,True
60,7,25,0.03388898819684982,True
60,7,30,0.03156029433012009,True
60,7,35,0.06676680594682693,True
60,7,40,0.10929164290428162,True
60,7,45,0.1828778237104416,True
60,7,50,0.18887566030025482,True
60,7,55,0.0820237323641777,True
60,7,60,0.06401185691356659,True
60,7,65,0.18902605772018433,True
60,8,10,0.07196583598852158,True
60,8,15,0.06281135976314545,True
60,8,20,0.07834599167108536,True
60,8,25,0.04205772280693054,True
60,8,30,0.059289876371622086,True
60,8,35,0.13009431958198547,True
60,8,40,0.2062949240207672,True
60,8,45,0.041932858526706696,True
60,8,50,1.1000357866287231,True
60,8,55,1.4614931344985962,True
60,8,60,0.1118021234869957,True
60,9,10,0.03151489794254303,True
60,9,15,0.029462460428476334,True
60,9,20,0.02347620762884617,True
60,9,25,0.0255886297672987,True
60,9,30,0.04250112175941467,True
60,9,35,0.04385136812925339,True
60,9,40,0.1421973556280136,True
60,9,45,0.1811871975660324,True
60,9,50,0.1563589870929718,True
60,9,55,0.07627450674772263,True
60,9,60,0.12652748823165894,True
60,9,65,0.03594250604510307,True
60,10,10,0.08392173796892166,True
60,10,15,0.05685044080018997,True
60,10,20,0.051573749631643295,True
60,10,25,0.05863155052065849,True
60,10,30,0.022037334740161896,True
60,10,35,0.02300121635198593,True
60,10,40,0.09151041507720947,True
60,10,45,0.14464396238327026,True
60,10,50,0.11686303466558456,True
60,10,55,0.1978216916322708,True
60,10,60,0.24381175637245178,True
60,10,65,0.08982942998409271,True
60,11,10,0.025747347623109818,True
60,11,15,0.07561823725700378,True
60,11,20,0.09017347544431686,True
60,11,25,0.0523223839700222,True
60,11,30,0.036809131503105164,True
60,11,35,0.06059027835726738,True
60,11,40,0.22282029688358307,True
60,11,45,0.1904129534959793,True
60,11,50,0.11291152238845825,True
60,11,55,0.20459908246994019,True
60,11,60,0.08956312388181686,True
60,12,10,0.07843353599309921,True
60,12,15,0.04462466388940811,True
60,12,20,0.0657985731959343,True
60,12,25,0.03032742813229561,True
60,12,30,0.04665466770529747,True
60,12,35,0.055288512259721756,True
60,12,40,0.1654704213142395,True
60,12,45,0.1689649522304535,True
60,12,50,0.22242893278598785,True
60,12,55,0.0709901973605156,True
60,12,60,0.20065106451511383,True
60,13,10,0.023905344307422638,True
60,13,15,0.08890295028686523,True
60,13,20,0.09926474094390869,True
60,13,25,0.0508047491312027,True
60,13,30,0.06346143782138824,True
60,13,35,0.052170492708683014,True
60,13,40,0.12351424247026443,True
60,13,45,0.1900613009929657,True
60,13,50,0.18767739832401276,True
60,13,55,0.06278041005134583,True
60,13,60,0.16665299236774445,True
60,13,65,0.15332357585430145,True
60,14,10,0.020332301035523415,True
60,14,15,0.0673687756061554,True
60,14,20,0.1344664990901947,True
60,14,25,0.14282158017158508,True
60,14,30,0.1522986739873886,True
60,14,35,0.21616330742835999,True
60,14,40,0.4132143557071686,True
60,14,45,0.5847083330154419,True
60,14,50,0.70379239320755,True
60,14,55,0.7417100667953491,True
60,14,60,0.6768906116485596,True
60,14,65,0.04018198326230049,True
60,15,10,0.08408592641353607,True
60,15,15,0.04039929434657097,True
60,15,20,0.0483548529446125,True
60,15,25,0.02569062076508999,True
60,15,30,0.04355928301811218,True
60,15,35,0.03763516992330551,True
60,15,40,0.1390247941017151,True
60,15,45,0.10262651741504669,True
60,15,50,0.14134836196899414,True
60,15,55,0.22283275425434113,True
60,15,60,0.7974752187728882,True
60,16,10,0.013041575439274311,True
60,16,15,0.029175326228141785,True
60,16,20,0.05414135381579399,True
60,16,25,0.032382626086473465,True
60,16,30,0.045583248138427734,True
60,16,35,0.06958677619695663,True
60,16,40,0.10196895152330399,True
60,16,45,0.14611083269119263,True
60,16,50,0.16051800549030304,True
60,16,55,0.14057908952236176,True
60,16,60,0.05790257826447487,True
60,16,65,0.19700971245765686,True
60,16,70,0.2045544683933258,True
60,17,10,0.050095513463020325,True
60,17,15,0.061254385858774185,True
60,17,20,0.08260148018598557,True
60,17,25,0.051014021039009094,True
60,17,30,0.03706352040171623,True
60,17,35,0.10352704674005508,True
60,17,40,0.23863452672958374,True
60,17,45,0.10801700502634048,True
60,17,50,0.08007321506738663,True
60,17,55,0.2327699065208435,True
60,17,60,0.07913364470005035,True
60,18,10,0.03790857642889023,True
60,18,15,0.03223101794719696,True
60,18,20,0.03821668028831482,True
60,18,25,0.04605931416153908,True
60,18,30,0.04663192853331566,True
60,18,35,0.04777367413043976,True
60,18,40,0.11347363144159317,True
60,18,45,0.17764070630073547,True
60,18,50,0.21906204521656036,True
60,18,55,0.09837497025728226,True
60,18,60,0.20599748194217682,True
60,18,65,0.18080860376358032,True
60,19,10,0.021292999386787415,True
60,19,15,0.05773916840553284,True
60,19,20,0.08876356482505798,True
60,19,25,0.04771953076124191,True
60,19,30,0.04628922790288925,True
60,19,35,0.06219320371747017,True
60,19,40,0.1499079316854477,True
60,19,45,0.13490363955497742,True
60,19,50,0.040018659085035324,True
60,19,55,0.25804802775382996,True
60,19,60,0.13933461904525757,True
60,19,65,0.064717598259449,True
60,20,10,0.02613126114010811,True
60,20,15,0.040568940341472626,True
60,20,20,0.06142784655094147,True
60,20,25,0.03679801523685455,True
60,20,30,0.04416251927614212,True
60,20,35,0.05854736641049385,True
60,20,40,0.10852890461683273,True
60,20,45,0.13224583864212036,True
60,20,50,0.17712807655334473,True
60,20,55,0.19531653821468353,True
60,20,60,0.05324071645736694,True
60,20,65,0.19241121411323547,True
60,21,10,0.012181195430457592,True
60,21,15,0.03271125257015228,True
60,21,20,0.06399216502904892,True
60,21,25,0.037372391670942307,True
60,21,30,0.03610549122095108,True
60,21,35,0.07265964895486832,True
60,21,40,0.1121138483285904,True
60,21,45,0.16933764517307281,True
60,21,50,0.16931287944316864,True
60,21,55,0.11122255027294159,True
60,21,60,0.0821671187877655,True
60,21,65,0.12137012183666229,True
60,21,70,0.04939702898263931,True
60,22,10,0.07612501084804535,True
60,22,15,0.05264996737241745,True
60,22,20,0.08881767094135284,True
60,22,25,0.044159967452287674,True
60,22,30,0.04417955130338669,True
60,22,35,0.11894109100103378,True
60,22,40,0.20005834102630615,True
60,22,45,0.06208749860525131,True
60,22,50,0.16160571575164795,True
60,22,55,0.40353190898895264,True
60,22,60,0.06283459067344666,True
60,23,10,0.022621985524892807,True
60,23,15,0.07779983431100845,True
60,23,20,0.06771217286586761,True
60,23,25,0.03687085956335068,True
60,23,30,0.057729605585336685,True
60,23,35,0.0549565851688385,True
60,23,40,0.14495986700057983,True
60,23,45,0.2021975815296173,True
60,23,50,0.18105629086494446,True
60,23,55,0.10462037473917007,True
60,23,60,0.10519624501466751,True
60,23,65,0.04432648420333862,True
60,24,10,0.022039776667952538,True
60,24,15,0.03443557769060135,True
60,24,20,0.08374859392642975,True
60,24,25,0.04184901341795921,True
60,24,30,0.031956616789102554,True
60,24,35,0.06469917297363281,True
60,24,40,0.10010102391242981,True
60,24,45,0.1772615760564804,True
60,24,50,0.1420920342206955,True
60,24,55,0.06822825223207474,True
60,24,60,0.12708789110183716,True
60,24,65,0.11577931046485901,True
60,24,70,0.04715219512581825,True
60,25,10,0.030038487166166306,True
60,25,15,0.03279579430818558,True
60,25,20,0.035168521106243134,True
60,25,25,0.04512429237365723,True
60,25,30,0.03403675928711891,True
60,25,35,0.02477211505174637,True
60,25,40,0.19944018125534058,True
60,25,45,0.1682610958814621,True
60,25,50,0.1741257756948471,True
60,25,55,0.19823169708251953,True
60,25,60,0.095916748046875,True
60,25,65,0.04662368819117546,True
60,26,10,0.02896369993686676,True
60,26,15,0.031269755214452744,True
60,26,20,0.03593400493264198,True
60,26,25,0.02172797918319702,True
60,26,30,0.051733553409576416,True
60,26,35,0.07537811249494553,True
60,26,40,0.10744943469762802,True
60,26,45,0.1768745630979538,True
60,26,50,0.18130333721637726,True
60,26,55,0.2073988914489746,True
60,26,60,0.04755328223109245,True
60,26,65,0.20474028587341309,True
60,27,10,0.0664636418223381,True
60,27,15,0.05688692256808281,True
60,27,20,0.06397739797830582,True
60,27,25,0.04746294021606445,True
60,27,30,0.030123785138130188,True
60,27,35,0.026248207315802574,True
60,27,40,0.12491747736930847,True
60,27,45,0.12051961570978165,True
60,27,50,0.09375683218240738,True
60,27,55,0.19615601003170013,True
60,27,60,0.16845868527889252,True
60,27,65,0.09418843686580658,True
60,28,10,0.039261430501937866,True
60,28,15,0.08566679060459137,True
60,28,20,0.08512092381715775,True
60,28,25,0.04880687966942787,True
60,28,30,0.06045519933104515,True
60,28,35,0.07290774583816528,True
60,28,40,0.11320856213569641,True
60,28,45,0.20112398266792297,True
60,28,50,0.1929151564836502,True
60,28,55,0.07522918283939362,True
60,28,60,0.14194859564304352,True
60,28,65,0.17288686335086823,True
60,29,10,0.11774969100952148,True
60,29,15,0.02196357399225235,True
60,29,20,0.0635676234960556,True
60,29,25,0.041125524789094925,True
60,29,30,0.03495091199874878,True
60,29,35,0.06976965069770813,True
60,29,40,0.16128826141357422,True
60,29,45,0.13044457137584686,True
60,29,50,0.1733337789773941,True
60,29,55,0.06559397280216217,True
60,29,60,0.19176040589809418,True
60,30,10,0.10855143517255783,True
60,30,15,0.06446434557437897,True
60,30,20,0.08357736468315125,True
60,30,25,0.04744798690080643,True
60,30,30,0.03818794712424278,True
60,30,35,0.058334700763225555,True
60,30,40,0.12068897485733032,True
60,30,45,0.036359578371047974,True
60,30,50,0.13044176995754242,True
60,30,55,0.3570742905139923,True
60,30,60,0.08388611674308777,True
60,30,65,0.0820062905550003,True
60,31,10,0.019208762794733047,True
60,31,15,0.03931567817926407,True
60,31,20,0.02287338487803936,True
60,31,25,0.045530591160058975,True
60,31,30,0.027869120240211487,True
60,31,35,0.04108966141939163,True
60,31,40,0.027938835322856903,True
60,31,45,0.18013784289360046,True
60,31,50,0.20933525264263153,True
60,31,55,0.10831733047962189,True
60,31,60,0.08539924025535583,True
60,31,65,0.20969022810459137,True
60,31,70,0.048074234277009964,True
60,32,10,0.015367868356406689,True
60,32,15,0.03299764543771744,True
60,32,20,0.030193820595741272,True
60,32,25,0.016097718849778175,True
60,32,30,0.046744562685489655,True
60,32,35,0.06853105872869492,True
60,32,40,0.08308634907007217,True
60,32,45,0.15055003762245178,True
60,32,50,0.16308696568012238,True
60,32,55,0.10238402336835861,True
60,32,60,0.07794497162103653,True
60,32,65,0.20192496478557587,True
60,33,10,0.03041146509349346,True
60,33,15,0.05350438132882118,True
60,33,20,0.05652977526187897,True
60,33,25,0.04007529839873314,True
60,33,30,0.056702785193920135,True
60,33,35,0.07885328680276871,True
60,33,40,0.16979528963565826,True
60,33,45,0.1920931488275528,True
60,33,50,0.10905712097883224,True
60,33,55,0.06179342791438103,True
60,33,60,0.07945124059915543,True
60,33,65,0.02796167880296707,True
60,34,10,0.046370361000299454,True
60,34,15,0.06619483232498169,True
60,34,20,0.07645829766988754,True
60,34,25,0.04080890119075775,True
60,34,30,0.03568567335605621,True
60,34,35,0.051597874611616135,True
60,34,40,0.15868861973285675,True
60,34,45,0.20155739784240723,True
60,34,50,0.22003258764743805,True
60,34,55,0.0879780650138855,True
60,34,60,0.2374328225851059,True
60,35,10,0.08008704334497452,True
60,35,15,0.052045006304979324,True
60,35,20,0.09879881143569946,True
60,35,25,0.05993430316448212,True
60,35,30,0.05121701583266258,True
60,35,35,0.13344824314117432,True
60,35,40,0.1719997674226761,True
60,35,45,0.13472484052181244,True
60,35,50,0.13566844165325165,True
60,35,55,0.3624086380004883,True
60,35,60,0.06365178525447845,True
60,36,10,0.02307991497218609,True
60,36,15,0.043169185519218445,True
60,36,20,0.025771232321858406,True
60,36,25,0.023158222436904907,True
60,36,30,0.038711000233888626,True
60,36,35,0.06307052075862885,True
60,36,40,0.10460390895605087,True
60,36,45,0.16571003198623657,True
60,36,50,0.23234790563583374,True
60,36,55,0.07872205972671509,True
60,36,60,0.159308061003685,True
60,36,65,0.17170284688472748,True
60,37,10,0.023541593924164772,True
60,37,15,0.04134150594472885,True
60,37,20,0.0827701985836029,True
60,37,25,0.037331342697143555,True
60,37,30,0.05251292884349823,True
60,37,35,0.07327761501073837,True
60,37,40,0.15169788897037506,True
60,37,45,0.17419618368148804,True
60,37,50,0.17096950113773346,True
60,37,55,0.10698702186346054,True
60,37,60,0.15019094944000244,True
60,37,65,0.0591195710003376,True
60,38,10,0.03869445621967316,True
60,38,15,0.04312096908688545,True
60,38,20,0.0653313472867012,True
60,38,25,0.0560271292924881,True
60,38,30,0.03939042612910271,True
60,38,35,0.1184161826968193,True
60,38,40,0.19051730632781982,True
60,38,45,0.09545733779668808,True
60,38,50,0.0813189297914505,True
60,38,55,0.3177263140678406,True
60,38,60,0.05860801413655281,True
60,39,10,0.06117132306098938,True
60,39,15,0.051934864372015,True
60,39,20,0.06748337298631668,True
60,39,25,0.06396331638097763,True
60,39,30,0.08388086408376694,True
60,39,35,0.10184819251298904,True
60,39,40,0.16370050609111786,True
60,39,45,0.12650997936725616,True
60,39,50,0.039405498653650284,True
60,39,55,0.29912737011909485,True
60,39,60,0.1471702605485916,True
60,40,10,0.045866794884204865,True
60,40,15,0.05902379751205444,True
60,40,20,0.09977249056100845,True
60,40,25,0.06303519755601883,True
60,40,30,0.054341524839401245,True
60,40,35,0.07353300601243973,True
60,40,40,0.18106424808502197,True
60,40,45,0.10616302490234375,True
60,40,50,0.08580700308084488,True
60,40,55,0.18400141596794128,True
60,40,60,0.18902108073234558,True
60,40,65,0.05373300984501839,True
60,41,10,0.10654180496931076,True
60,41,15,0.05731486901640892,True
60,41,20,0.0717669203877449,True
60,41,25,0.050748810172080994,True
60,41,30,0.056045010685920715,True
60,41,35,0.13037316501140594,True
60,41,40,0.17175345122814178,True
60,41,45,0.08733565360307693,True
60,41,50,0.11816003918647766,True
60,41,55,0.7178217768669128,True
60,41,60,0.08284112811088562,True
60,42,10,0.02217871882021427,True
60,42,15,0.037178363651037216,True
60,42,20,0.021291982382535934,True
60,42,25,0.020838040858507156,True
60,42,30,0.018586045131087303,True
60,42,35,0.04808628186583519,True
60,42,40,0.05096190795302391,True
60,42,45,0.17022505402565002,True
60,42,50,0.21200427412986755,True
60,42,55,0.1592123657464981,True
60,42,60,0.08099165558815002,True
60,42,65,0.2199372798204422,True
60,43,10,0.039830632507801056,True
60,43,15,0.05583661049604416,True
60,43,20,0.07977641373872757,True
60,43,25,0.04600098729133606,True
60,43,30,0.056055519729852676,True
60,43,35,0.0705016627907753,True
60,43,40,0.11846113204956055,True
60,43,45,0.14645817875862122,True
60,43,50,0.22828881442546844,True
60,43,55,0.07278117537498474,True
60,43,60,0.158021941781044,True
60,43,65,0.18537743389606476,True
60,44,10,0.0928134098649025,True
60,44,15,0.043354496359825134,True
60,44,20,0.06125718355178833,True
60,44,25,0.048700205981731415,True
60,44,30,0.0385221503674984,True
60,44,35,0.03691229224205017,True
60,44,40,0.15735019743442535,True
60,44,45,0.08770870417356491,True
60,44,50,0.9047558307647705,True
60,44,55,0.4029780924320221,True
60,44,60,0.10153831541538239,True
60,44,65,0.0585012212395668,True
60,44,70,0.9548293352127075,True
60,44,75,0.05179718881845474,True
60,44,80,0.12994270026683807,True
60,45,10,0.1039741113781929,True
60,45,15,0.04378202185034752,True
60,45,20,0.07281730324029922,True
60,45,25,0.057868797332048416,True
60,45,30,0.06123184785246849,True
60,45,35,0.10566020011901855,True
60,45,40,0.20003287494182587,True
60,45,45,0.08926481008529663,True
60,45,50,0.05198761820793152,True
60,45,55,0.28905197978019714,True
60,45,60,0.13403548300266266,True
60,46,10,0.023072276264429092,True
60,46,15,0.038069505244493484,True
60,46,20,0.028893817216157913,True
60,46,25,0.034375615417957306,True
60,46,30,0.029803741723299026,True
60,46,35,0.04876101016998291,True
60,46,40,0.13066843152046204,True
60,46,45,0.16506649553775787,True
60,46,50,0.11069969832897186,True
60,46,55,0.12268978357315063,True
60,46,60,0.11599277704954147,True
60,46,65,0.04657486081123352,True
60,46,70,0.05811038985848427,True
60,47,10,0.03454137220978737,True
60,47,15,0.0796411857008934,True
60,47,20,0.11472935974597931,True
60,47,25,0.0483742393553257,True
60,47,30,0.027803005650639534,True
60,47,35,0.07475819438695908,True
60,47,40,0.24600428342819214,True
60,47,45,0.23399734497070312,True
60,47,50,0.2728974521160126,True
60,47,55,0.1974356770515442,True
60,47,60,0.0873216837644577,True
60,48,10,0.034251339733600616,True
60,48,15,0.034836169332265854,True
60,48,20,0.03300108760595322,True
60,48,25,0.030822062864899635,True
60,48,30,0.03957038000226021,True
60,48,35,0.03549373522400856,True
60,48,40,0.167107954621315,True
60,48,45,0.1754019409418106,True
60,48,50,0.12453833222389221,True
60,48,55,0.07846143841743469,True
60,48,60,0.18104423582553864,True
60,48,65,0.07300969958305359,True
60,49,10,0.038945186883211136,True
60,49,15,0.03944413363933563,True
60,49,20,0.06029147282242775,True
60,49,25,0.06514184921979904,True
60,49,30,0.042559653520584106,True
60,49,35,0.03932295739650726,True
60,49,40,0.15172304213047028,True
60,49,45,0.18186788260936737,True
60,49,50,0.1808479279279709,True
60,49,55,0.10106637328863144,True
60,49,60,0.20168891549110413,True
60,49,65,0.15705937147140503,True
80,0,10,0.022954145446419716,True
80,0,15,0.0453411303460598,True
80,0,20,0.034445978701114655,True
80,0,25,0.039022088050842285,True
80,0,30,0.05649924650788307,True
80,0,35,0.0628998875617981,True
80,0,40,0.12569808959960938,True
80,0,45,0.19633403420448303,True
80,0,50,0.13642461597919464,True
80,0,55,0.10664576292037964,True
80,0,60,0.18201948702335358,True
80,0,65,0.05244813114404678,True
80,1,10,0.024688273668289185,True
80,1,15,0.04533920809626579,True
80,1,20,0.061021704226732254,True
80,1,25,0.0441289059817791,True
80,1,30,0.06667552888393402,True
80,1,35,0.11025353521108627,True
80,1,40,0.12763498723506927,True
80,1,45,0.16711360216140747,True
80,1,50,0.25744935870170593,True
80,1,55,0.08352652192115784,True
80,1,60,0.0608653761446476,True
80,1,65,0.11286679655313492,True
80,2,10,0.04033789411187172,True
80,2,15,0.0742189958691597,True
80,2,20,0.07297014445066452,True
80,2,25,0.05215961113572121,True
80,2,30,0.04720418527722359,True
80,2,35,0.06764514744281769,True
80,2,40,0.12777112424373627,True
80,2,45,0.1872001439332962,True
80,2,50,0.11918370425701141,True
80,2,55,0.06867984682321548,True
80,2,60,0.1554953008890152,True
80,2,65,0.1001521646976471,True
80,3,10,0.03027450479567051,True
80,3,15,0.08635293692350388,True
80,3,20,0.08113773167133331,True
80,3,25,0.06436517834663391,True
80,3,30,0.04304853454232216,True
80,3,35,0.04854203388094902,True
80,3,40,0.1841057538986206,True
80,3,45,0.1664523184299469,True
80,3,50,0.09598149359226227,True
80,3,55,0.17555370926856995,True
80,3,60,0.1984526515007019,True
80,3,65,0.029329195618629456,True
80,4,10,0.02468094788491726,True
80,4,15,0.03342706710100174,True
80,4,20,0.03154380992054939,True
80,4,25,0.024121450260281563,True
80,4,30,0.06095278635621071,True
80,4,35,0.07737576961517334,True
80,4,40,0.11159273982048035,True
80,4,45,0.15179777145385742,True
80,4,50,0.21875564754009247,True
80,4,55,0.06213062256574631,True
80,4,60,0.19780662655830383,True
80,4,65,0.1867019385099411,True
80,5,10,0.04338124766945839,True
80,5,15,0.03608235344290733,True
80,5,20,0.04201222211122513,True
80,5,25,0.02366476319730282,True
80,5,30,0.0388062484562397,True
80,5,35,0.07530709356069565,True
80,5,40,0.13257038593292236,True
80,5,45,0.17084862291812897,True
80,5,50,0.18833273649215698,True
80,5,55,0.09395202994346619,True
80,5,60,0.1204858124256134,True
80,5,65,0.10792109370231628,True
80,6,10,0.03731824830174446,True
80,6,15,0.10139396041631699,True
80,6,20,0.07836711406707764,True
80,6,25,0.03792814537882805,True
80,6,30,0.043149255216121674,True
80,6,35,0.06445275247097015,True
80,6,40,0.18582317233085632,True
80,6,45,0.1958637237548828,True
80,6,50,0.21613802015781403,True
80,6,55,0.07756692916154861,True
80,6,60,0.19595493376255035,True
80,7,10,0.022437110543251038,True
80,7,15,0.03838784247636795,True
80,7,20,0.05466965585947037,True
80,7,25,0.023787764832377434,True
80,7,30,0.035158585757017136,True
80,7,35,0.06388814747333527,True
80,7,40,0.11146951466798782,True
80,7,45,0.15456075966358185,True
80,7,50,0.13983257114887238,True
80,7,55,0.07673179358243942,True
80,7,60,0.07118681818246841,True
80,7,65,0.11306963115930557,True
80,8,10,0.0675947368144989,True
80,8,15,0.06029246374964714,True
80,8,20,0.07312942296266556,True
80,8,25,0.05034887045621872,True
80,8,30,0.0564119890332222,True
80,8,35,0.131216898560524,True
80,8,40,0.18547376990318298,True
80,8,45,0.038908250629901886,True
80,8,50,1.1028887033462524,True
80,8,55,1.4781086444854736,True
80,8,60,0.16723646223545074,True
80,9,10,0.03319935128092766,True
80,9,15,0.02723037451505661,True
80,9,20,0.01945084147155285,True
80,9,25,0.017586959525942802,True
80,9,30,0.050155024975538254,True
80,9,35,0.04301590099930763,True
80,9,40,0.13667157292366028,True
80,9,45,0.15917041897773743,True
80,9,50,0.1257014274597168,True
80,9,55,0.07274482399225235,True
80,9,60,0.14350304007530212,True
80,9,65,0.030827129259705544,True
80,10,10,0.08140446245670319,True
80,10,15,0.06520673632621765,True
80,10,20,0.050662148743867874,True
80,10,25,0.05563009902834892,True
80,10,30,0.023911386728286743,True
80,10,35,0.022001059725880623,True
80,10,40,0.1141514703631401,True
80,10,45,0.18636201322078705,True
80,10,50,0.08966148644685745,True
80,10,55,0.2557165324687958,True
80,10,60,0.2091207504272461,True
80,10,65,0.1250491440296173,True
80,11,10,0.03432770445942879,True
80,11,15,0.05630090832710266,True
80,11,20,0.07753013074398041,True
80,11,25,0.047588419169187546,True
80,11,30,0.03325342759490013,True
80,11,35,0.06864357739686966,True
80,11,40,0.21172724664211273,True
80,11,45,0.18530189990997314,True
80,11,50,0.10950900614261627,True
80,11,55,0.19257447123527527,True
80,11,60,0.1005035862326622,True
80,12,10,0.07439077645540237,True
80,12,15,0.04680495336651802,True
80,12,20,0.057614751160144806,True
80,12,25,0.03627298027276993,True
80,12,30,0.044888611882925034,True
80,12,35,0.05423683300614357,True
80,12,40,0.1402091532945633,True
80,12,45,0.1674218326807022,True
80,12,50,0.2031499296426773,True
80,12,55,0.0726316049695015,True
80,12,60,0.18627138435840607,True
80,13,10,0.026889968663454056,True
80,13,15,0.07524820417165756,True
80,13,20,0.07790079712867737,True
80,13,25,0.04837433993816376,True
80,13,30,0.06554416567087173,True
80,13,35,0.0482940636575222,True
80,13,40,0.12236496806144714,True
80,13,45,0.15593694150447845,True
80,13,50,0.1726808398962021,True
80,13,55,0.06378641724586487,True
80,13,60,0.1759929209947586,True
80,13,65,0.042326271533966064,True
80,14,10,0.022575704380869865,True
80,14,15,0.06151892617344856,True
80,14,20,0.12002544105052948,True
80,14,25,0.14050328731536865,True
80,14,30,0.13116446137428284,True
80,14,35,0.2078792303800583,True
80,14,40,0.4446459114551544,True
80,14,45,0.5881196856498718,True
80,14,50,0.6921025514602661,True
80,14,55,0.7334257960319519,True
80,14,60,0.7380427122116089,True
80,14,65,0.04572496935725212,True
80,15,10,0.08303862810134888,True
80,15,15,0.044651325792074203,True
80,15,20,0.0455106683075428,True
80,15,25,0.02495436556637287,True
80,15,30,0.04639382287859917,True
80,15,35,0.04524776339530945,True
80,15,40,0.14883680641651154,True
80,15,45,0.11025789380073547,True
80,15,50,0.08823417872190475,True
80,15,55,0.3017513155937195,True
80,15,60,0.8107043504714966,True
80,16,10,0.022073082625865936,True
80,16,15,0.03455112874507904,True
80,16,20,0.043568823486566544,True
80,16,25,0.03565293923020363,True
80,16,30,0.05573171749711037,True
80,16,35,0.08563705533742905,True
80,16,40,0.1035141721367836,True
80,16,45,0.14246001839637756,True
80,16,50,0.18114469945430756,True
80,16,55,0.0902978852391243,True
80,16,60,0.09398903697729111,True
80,16,65,0.08203426748514175,True
80,17,10,0.052902914583683014,True
80,17,15,0.06086501479148865,True
80,17,20,0.0733785331249237,True
80,17,25,0.048870086669921875,True
80,17,30,0.042597446590662,True
80,17,35,0.1162203997373581,True
80,17,40,0.21591953933238983,True
80,17,45,0.10518977046012878,True
80,17,50,0.14429378509521484,True
80,17,55,0.2783156931400299,True
80,17,60,0.08609001338481903,True
80,18,10,0.03936616703867912,True
80,18,15,0.04308784008026123,True
80,18,20,0.0342181958258152,True
80,18,25,0.034838028252124786,True
80,18,30,0.04810575023293495,True
80,18,35,0.03901199623942375,True
80,18,40,0.14778630435466766,True
80,18,45,0.16478469967842102,True
80,18,50,0.2041303813457489,True
80,18,55,0.0994519591331482,True
80,18,60,0.22263245284557343,True
80,18,65,0.05207253247499466,True
80,19,10,0.02408534102141857,True
80,19,15,0.06269614398479462,True
80,19,20,0.078029103577137,True
80,19,25,0.046589624136686325,True
80,19,30,0.061757851392030716,True
80,19,35,0.07277878373861313,True
80,19,40,0.16354550421237946,True
80,19,45,0.10888712853193283,True
80,19,50,0.04507102072238922,True
80,19,55,0.28620365262031555,True
80,19,60,0.13105595111846924,True
80,19,65,0.1050911471247673,True
80,20,10,0.032092031091451645,True
80,20,15,0.038279615342617035,True
80,20,20,0.06243370473384857,True
80,20,25,0.034822531044483185,True
80,20,30,0.04866859316825867,True
80,20,35,0.05887164548039436,True
80,20,40,0.11120209097862244,True
80,20,45,0.13470765948295593,True
80,20,50,0.157329723238945,True
80,20,55,0.2005954086780548,True
80,20,60,0.06032977253198624,True
80,20,65,0.23708294332027435,True
80,21,10,0.015490344725549221,True
80,21,15,0.03762150555849075,True
80,21,20,0.05860108137130737,True
80,21,25,0.04082583636045456,True
80,21,30,0.04374418407678604,True
80,21,35,0.07788728177547455,True
80,21,40,0.1326557993888855,True
80,21,45,0.17567671835422516,True
80,21,50,0.2382282018661499,True
80,21,55,0.15690377354621887,True
80,21,60,0.08042795956134796,True
80,21,65,0.08248714357614517,True
80,21,70,0.03245881199836731,True
80,22,10,0.07637590914964676,True
80,22,15,0.05449649691581726,True
80,22,20,0.07336241751909256,True
80,22,25,0.04787060245871544,True
80,22,30,0.044017769396305084,True
80,22,35,0.11895505338907242,True
80,22,40,0.19061975181102753,True
80,22,45,0.07904285937547684,True
80,22,50,0.1746484339237213,True
80,22,55,0.8709670305252075,True
80,22,60,0.09644745290279388,True
80,23,10,0.02369496040046215,True
80,23,15,0.07792660593986511,True
80,23,20,0.05839436501264572,True
80,23,25,0.030087677761912346,True
80,23,30,0.06713134795427322,True
80,23,35,0.0636293962597847,True
80,23,40,0.13967913389205933,True
80,23,45,0.18127383291721344,True
80,23,50,0.18541254103183746,True
80,23,55,0.0825975239276886,True
80,23,60,0.196398064494133,True
80,24,10,0.026701398193836212,True
80,24,15,0.03223210945725441,True
80,24,20,0.06068579852581024,True
80,24,25,0.04022752866148949,True
80,24,30,0.033189527690410614,True
80,24,35,0.06556720286607742,True
80,24,40,0.11981264501810074,True
80,24,45,0.1688283383846283,True
80,24,50,0.1291133314371109,True
80,24,55,0.07804165780544281,True
80,24,60,0.12093717604875565,True
80,24,65,0.08105915039777756,True
80,25,10,0.03254799544811249,True
80,25,15,0.031137218698859215,True
80,25,20,0.022810811176896095,True
80,25,25,0.02784072794020176,True
80,25,30,0.03866805508732796,True
80,25,35,0.02531519904732704,True
80,25,40,0.19813166558742523,True
80,25,45,0.15472042560577393,True
80,25,50,0.21301570534706116,True
80,25,55,0.16596147418022156,True
80,25,60,0.03826207295060158,True
80,25,65,0.04075738042593002,True
80,26,10,0.03431837260723114,True
80,26,15,0.037100788205862045,True
80,26,20,0.03633600473403931,True
80,26,25,0.024660268798470497,True
80,26,30,0.06064448133111,True
80,26,35,0.06681354343891144,True
80,26,40,0.1093730553984642,True
80,26,45,0.18489639461040497,True
80,26,50,0.16863489151000977,True
80,26,55,0.1635342389345169,True
80,26,60,0.057730577886104584,True
80,26,65,0.800044059753418,True
80,27,10,0.06487250328063965,True
80,27,15,0.05943045765161514,True
80,27,20,0.041002798825502396,True
80,27,25,0.04832668602466583,True
80,27,30,0.0271136611700058,True
80,27,35,0.02973782829940319,True
80,27,40,0.178688183426857,True
80,27,45,0.12708747386932373,True
80,27,50,0.08413475751876831,True
80,27,55,0.25756144523620605,True
80,27,60,0.09936507046222687,True
80,27,65,0.029371727257966995,True
80,28,10,0.046932533383369446,True
80,28,15,0.08534303307533264,True
80,28,20,0.0722169429063797,True
80,28,25,0.04204578697681427,True
80,28,30,0.06508049368858337,True
80,28,35,0.06216029077768326,True
80,28,40,0.1284884363412857,True
80,28,45,0.17687764763832092,True
80,28,50,0.17232753336429596,True
80,28,55,0.0661657378077507,True
80,28,60,0.15250195562839508,True
80,28,65,0.06970582902431488,True
80,29,10,0.11094443500041962,True
80,29,15,0.0240267813205719,True
80,29,20,0.06321262568235397,True
80,29,25,0.04360144957900047,True
80,29,30,0.04024738073348999,True
80,29,35,0.07395821809768677,True
80,29,40,0.13714051246643066,True
80,29,45,0.09471451491117477,True
80,29,50,0.16181573271751404,True
80,29,55,0.07751861214637756,True
80,29,60,0.13232839107513428,True
80,30,10,0.10740607976913452,True
80,30,15,0.0797133669257164,True
80,30,20,0.07360633462667465,True
80,30,25,0.04418255761265755,True
80,30,30,0.0334077812731266,True
80,30,35,0.08625052869319916,True
80,30,40,0.13705293834209442,True
80,30,45,0.04937686026096344,True
80,30,50,0.1984744518995285,True
80,30,55,0.4383503198623657,True
80,30,60,0.10355935245752335,True
80,30,65,0.059435438364744186,True
80,31,10,0.021180134266614914,True
80,31,15,0.03859841823577881,True
80,31,20,0.023197663947939873,True
80,31,25,0.040767792612314224,True
80,31,30,0.0234924778342247,True
80,31,35,0.04132496565580368,True
80,31,40,0.02895425818860531,True
80,31,45,0.18657496571540833,True
80,31,50,0.16624337434768677,True
80,31,55,0.09282660484313965,True
80,31,60,0.17052696645259857,True
80,31,65,0.1308000236749649,True
80,32,10,0.021075988188385963,True
80,32,15,0.03325407952070236,True
80,32,20,0.025367435067892075,True
80,32,25,0.02807905524969101,True
80,32,30,0.057555194944143295,True
80,32,35,0.07216458022594452,True
80,32,40,0.09739582240581512,True
80,32,45,0.16118848323822021,True
80,32,50,0.15643757581710815,True
80,32,55,0.08548436313867569,True
80,32,60,0.10334917902946472,True
80,32,65,0.06023357808589935,True
80,33,10,0.03296877443790436,True
80,33,15,0.04617083817720413,True
80,33,20,0.05708368867635727,True
80,33,25,0.04325738176703453,True
80,33,30,0.06672428548336029,True
80,33,35,0.08760955184698105,True
80,33,40,0.16044794023036957,True
80,33,45,0.16248978674411774,True
80,33,50,0.1839577853679657,True
80,33,55,0.07434511929750443,True
80,33,60,0.07196278125047684,True
80,34,10,0.04454309120774269,True
80,34,15,0.09487432986497879,True
80,34,20,0.06199505925178528,True
80,34,25,0.03846391662955284,True
80,34,30,0.03893095254898071,True
80,34,35,0.05345676839351654,True
80,34,40,0.14304399490356445,True
80,34,45,0.17495442926883698,True
80,34,50,0.21726521849632263,True
80,34,55,0.0919424295425415,True
80,34,60,0.2151411771774292,True
80,35,10,0.07952594757080078,True
80,35,15,0.0522431805729866,True
80,35,20,0.0898352712392807,True
80,35,25,0.05335114896297455,True
80,35,30,0.05527656897902489,True
80,35,35,0.12116357684135437,True
80,35,40,0.17339728772640228,True
80,35,45,0.13976705074310303,True
80,35,50,0.1720259189605713,True
80,35,55,0.8934085965156555,True
80,35,60,0.07901851087808609,True
80,36,10,0.02659926377236843,True
80,36,15,0.047519978135824203,True
80,36,20,0.027245009317994118,True
80,36,25,0.020283391699194908,True
80,36,30,0.047556109726428986,True
80,36,35,0.058704257011413574,True
80,36,40,0.11507006734609604,True
80,36,45,0.15910333395004272,True
80,36,50,0.20065012574195862,True
80,36,55,0.07511492818593979,True
80,36,60,0.2053908258676529,True
80,36,65,0.05190052092075348,True
80,37,10,0.02555234357714653,True
80,37,15,0.03485178202390671,True
80,37,20,0.061798352748155594,True
80,37,25,0.036761555820703506,True
80,37,30,0.05560782551765442,True
80,37,35,0.08136807382106781,True
80,37,40,0.15497195720672607,True
80,37,45,0.18393896520137787,True
80,37,50,0.16852231323719025,True
80,37,55,0.17122918367385864,True
80,37,60,0.151300311088562,True
80,37,65,0.05942428484559059,True
80,38,10,0.03819376975297928,True
80,38,15,0.041185181587934494,True
80,38,20,0.05976029112935066,True
80,38,25,0.04808538034558296,True
80,38,30,0.04375062510371208,True
80,38,35,0.12323955446481705,True
80,38,40,0.16854850947856903,True
80,38,45,0.10015767067670822,True
80,38,50,0.12024631351232529,True
80,38,55,0.27435964345932007,True
80,38,60,0.078830786049366,True
80,39,10,0.05614525079727173,True
80,39,15,0.051168154925107956,True
80,39,20,0.06785769760608673,True
80,39,25,0.06291547417640686,True
80,39,30,0.10047619789838791,True
80,39,35,0.09621913731098175,True
80,39,40,0.12482431530952454,True
80,39,45,0.08503922820091248,True
80,39,50,0.056682199239730835,True
80,39,55,0.29401782155036926,True
80,39,60,0.09828753024339676,True
80,40,10,0.04784330353140831,True
80,40,15,0.0733148604631424,True
80,40,20,0.09483807533979416,True
80,40,25,0.05662921443581581,True
80,40,30,0.058979082852602005,True
80,40,35,0.07757773250341415,True
80,40,40,0.18900556862354279,True
80,40,45,0.12506382167339325,True
80,40,50,0.06799548119306564,True
80,40,55,0.26347625255584717,True
80,40,60,0.18087995052337646,True
80,41,10,0.09581398963928223,True
80,41,15,0.0562727227807045,True
80,41,20,0.06550884246826172,True
80,41,25,0.06244520843029022,True
80,41,30,0.059377431869506836,True
80,41,35,0.12710700929164886,True
80,41,40,0.1703825145959854,True
80,41,45,0.05629406496882439,True
80,41,50,0.13689687848091125,True
80,41,55,0.32477515935897827,True
80,41,60,0.0967308059334755,True
80,42,10,0.026601947844028473,True
80,42,15,0.043906498700380325,True
80,42,20,0.03282911330461502,True
80,42,25,0.01744089461863041,True
80,42,30,0.026518600061535835,True
80,42,35,0.04099903255701065,True
80,42,40,0.07969783991575241,True
80,42,45,0.16218937933444977,True
80,42,50,0.2358683943748474,True
80,42,55,0.06795801967382431,True
80,42,60,0.18647605180740356,True
80,42,65,0.22681428492069244,True
80,43,10,0.038615625351667404,True
80,43,15,0.06837708503007889,True
80,43,20,0.07577819377183914,True
80,43,25,0.0453631766140461,True
80,43,30,0.06187756732106209,True
80,43,35,0.07248388975858688,True
80,43,40,0.12057089060544968,True
80,43,45,0.12148687988519669,True
80,43,50,0.1873071789741516,True
80,43,55,0.06951278448104858,True
80,43,60,0.1899263560771942,True
80,44,10,0.09225649386644363,False
80,44,15,0.04762928932905197,False
80,44,20,0.05956878140568733,False
80,44,25,0.04474952444434166,False
80,44,30,0.04429331794381142,False
80,44,35,0.046006929129362106,False
80,44,40,0.20132692158222198,False
80,44,45,0.1134624108672142,False
80,44,50,1.1121455430984497,False
80,44,55,0.2230755239725113,False
80,44,60,0.15614673495292664,False
80,44,65,2.174060821533203,False
80,44,70,0.3421310484409332,False
80,44,75,0.14854992926120758,False
80,44,80,0.09983091801404953,False
80,44,85,0.1319562941789627,False
80,44,90,0.07732362300157547,False
80,44,95,0.17333365976810455,False
80,44,100,0.06825198233127594,False
80,44,105,0.07967966049909592,False
80,44,110,0.11004827171564102,False
80,44,115,0.10491618514060974,False
80,44,120,0.13572941720485687,False
80,44,125,0.15192677080631256,False
80,44,130,0.09462958574295044,False
80,44,135,0.06006702408194542,False
80,44,140,0.13031668961048126,False
80,44,145,0.11602708697319031,False
80,44,150,0.13698245584964752,False
80,44,155,0.19554832577705383,False
80,44,160,0.07919084280729294,False
80,44,165,0.23773245513439178,False
80,44,170,0.18325693905353546,False
80,44,175,0.6715895533561707,False
80,44,180,0.17992982268333435,False
80,44,185,0.10379692167043686,False
80,44,190,0.20564179122447968,False
80,44,195,0.09891383349895477,False
80,44,200,0.2805086672306061,False
80,44,205,0.25349631905555725,False
80,44,210,0.22019051015377045,False
80,44,215,0.12620215117931366,False
80,44,220,0.2204691469669342,False
80,44,225,0.3212467133998871,False
80,44,230,0.14778806269168854,False
80,44,235,0.1107311025261879,False
80,44,240,0.26858997344970703,False
80,44,245,0.22166499495506287,False
80,44,250,0.2778969705104828,False
80,44,255,0.07045554369688034,False
80,44,260,0.2519509196281433,False
80,44,265,0.2722729742527008,False
80,44,270,0.255123108625412,False
80,44,275,0.22893011569976807,False
80,44,280,0.10887902230024338,False
80,44,285,0.20897935330867767,False
80,44,290,0.11920063942670822,False
80,44,295,0.11629996448755264,False
80,44,300,0.19435478746891022,False
80,44,305,0.18425674736499786,False
80,44,310,0.18611061573028564,False
80,44,315,0.1319904327392578,False
80,44,320,0.1097920760512352,False
80,44,325,0.12786774337291718,False
80,44,330,0.11648044735193253,False
80,44,335,0.13109265267848969,False
80,44,340,0.14421691000461578,False
80,44,345,0.09780436009168625,False
80,44,350,0.149759441614151,False
80,44,355,0.1621488630771637,False
80,44,360,0.08519097417593002,False
80,44,365,0.14393912255764008,False
80,44,370,0.07874169200658798,False
80,44,375,0.1262630671262741,False
80,44,380,0.12881843745708466,False
80,44,385,0.09915663301944733,False
80,44,390,0.06870532780885696,False
80,44,395,0.04775574430823326,False
80,44,400,0.09189043194055557,False
80,44,405,0.14157289266586304,False
80,45,10,0.09439077973365784,True
80,45,15,0.03836879879236221,True
80,45,20,0.06625650823116302,True
80,45,25,0.06293293833732605,True
80,45,30,0.06914626806974411,True
80,45,35,0.11801259219646454,True
80,45,40,0.16987060010433197,True
80,45,45,0.1405162811279297,True
80,45,50,0.09722086042165756,True
80,45,55,0.27657875418663025,True
80,45,60,0.10997374355792999,True
80,46,10,0.02105005644261837,True
80,46,15,0.04434800148010254,True
80,46,20,0.0288314800709486,True
80,46,25,0.021964047104120255,True
80,46,30,0.038953449577093124,True
80,46,35,0.04061971232295036,True
80,46,40,0.15453419089317322,True
80,46,45,0.10330510884523392,True
80,46,50,0.12697537243366241,True
80,46,55,0.1522798240184784,True
80,46,60,0.12118932604789734,True
80,46,65,0.04786946624517441,True
80,47,10,0.03803404048085213,True
80,47,15,0.08210489153862,True
80,47,20,0.09592384099960327,True
80,47,25,0.03841570392251015,True
80,47,30,0.03406655415892601,True
80,47,35,0.08331359177827835,True
80,47,40,0.22790661454200745,True
80,47,45,0.21380360424518585,True
80,47,50,0.2576761841773987,True
80,47,55,0.18020892143249512,True
80,47,60,0.1699202060699463,True
80,48,10,0.03026752546429634,True
80,48,15,0.03839083015918732,True
80,48,20,0.0298179779201746,True
80,48,25,0.02453683316707611,True
80,48,30,0.05253331735730171,True
80,48,35,0.03346254304051399,True
80,48,40,0.17689122259616852,True
80,48,45,0.156399667263031,True
80,48,50,0.09890396893024445,True
80,48,55,0.14256495237350464,True
80,48,60,0.18918795883655548,True
80,49,10,0.040244653820991516,True
80,49,15,0.04376848787069321,True
80,49,20,0.0509326308965683,True
80,49,25,0.055455729365348816,True
80,49,30,0.043599437922239304,True
80,49,35,0.04705952852964401,True
80,49,40,0.1504383385181427,True
80,49,45,0.17192326486110687,True
80,49,50,0.18401363492012024,True
80,49,55,0.13035617768764496,True
80,49,60,0.22062137722969055,True
100,0,10,0.0171945933252573,True
100,0,15,0.05604414641857147,True
100,0,20,0.037683989852666855,True
100,0,25,0.0422588586807251,True
100,0,30,0.05446193367242813,True
100,0,35,0.07633981853723526,True
100,0,40,0.08557576686143875,True
100,0,45,0.1594427525997162,True
100,0,50,0.21660958230495453,True
100,0,55,0.07379403710365295,True
100,0,60,0.12559057772159576,True
100,0,65,0.2099275439977646,True
100,1,10,0.01983235962688923,True
100,1,15,0.04597858712077141,True
100,1,20,0.06295187771320343,True
100,1,25,0.046454139053821564,True
100,1,30,0.052912838757038116,True
100,1,35,0.07947790622711182,True
100,1,40,0.12716755270957947,True
100,1,45,0.11742010712623596,True
100,1,50,0.2582095265388489,True
100,1,55,0.2077370136976242,True
100,1,60,0.04755118116736412,True
100,1,65,0.0929018184542656,True
100,1,70,0.16467739641666412,True
100,2,10,0.014382858760654926,True
100,2,15,0.07534526288509369,True
100,2,20,0.08233320713043213,True
100,2,25,0.05581967905163765,True
100,2,30,0.05068299174308777,True
100,2,35,0.09003813564777374,True
100,2,40,0.07944340258836746,True
100,2,45,0.1763347089290619,True
100,2,50,0.17236779630184174,True
100,2,55,0.07920604944229126,True
100,2,60,0.08373181521892548,True
100,2,65,0.17834468185901642,True
100,2,70,0.04619584232568741,True
100,3,10,0.019623640924692154,True
100,3,15,0.10529609769582748,True
100,3,20,0.0722820982336998,True
100,3,25,0.06974653899669647,True
100,3,30,0.05572938174009323,True
100,3,35,0.05885884538292885,True
100,3,40,0.11811352521181107,True
100,3,45,0.18202811479568481,True
100,3,50,0.22851116955280304,True
100,3,55,0.06238365173339844,True
100,3,60,0.19429481029510498,True
100,3,65,0.1707577407360077,True
100,4,10,0.017811337485909462,True
100,4,15,0.0351017564535141,True
100,4,20,0.030577290803194046,True
100,4,25,0.025970809161663055,True
100,4,30,0.05181892588734627,True
100,4,35,0.09181752800941467,True
100,4,40,0.08926934748888016,True
100,4,45,0.17474572360515594,True
100,4,50,0.14934302866458893,True
100,4,55,0.10221126675605774,True
100,4,60,0.08295901119709015,True
100,4,65,0.2076442539691925,True
100,5,10,0.04063522070646286,True
100,5,15,0.030367495492100716,True
100,5,20,0.062025535851716995,True
100,5,25,0.03017052821815014,True
100,5,30,0.04170110449194908,True
100,5,35,0.07725191116333008,True
100,5,40,0.10869579017162323,True
100,5,45,0.1579623967409134,True
100,5,50,0.1975652128458023,True
100,5,55,0.17150641977787018,True
100,5,60,0.08579570055007935,True
100,5,65,0.19713793694972992,True
100,5,70,0.051040567457675934,True
100,6,10,0.028383128345012665,True
100,6,15,0.10310868918895721,True
100,6,20,0.08370158821344376,True
100,6,25,0.041444119065999985,True
100,6,30,0.05299007520079613,True
100,6,35,0.0439363569021225,True
100,6,40,0.1289687603712082,True
100,6,45,0.20949171483516693,True
100,6,50,0.21997931599617004,True
100,6,55,0.08323635160923004,True
100,6,60,0.1902737021446228,True
100,6,65,0.131133034825325,True
100,7,10,0.017769930884242058,True
100,7,15,0.036562513560056686,True
100,7,20,0.05759042873978615,True
100,7,25,0.032658595591783524,True
100,7,30,0.03416876494884491,True
100,7,35,0.06636471301317215,True
100,7,40,0.09772459417581558,True
100,7,45,0.1687932014465332,True
100,7,50,0.21066103875637054,True
100,7,55,0.10198325663805008,True
100,7,60,0.05025335028767586,True
100,7,65,0.21298645436763763,True
100,8,10,0.08858586102724075,True
100,8,15,0.0581686832010746,True
100,8,20,0.07906831800937653,True
100,8,25,0.05691239982843399,True
100,8,30,0.06389221549034119,True
100,8,35,0.08166848123073578,True
100,8,40,0.11354339122772217,True
100,8,45,0.15112510323524475,True
100,8,50,0.05477927252650261,True
100,8,55,0.2476220577955246,True
100,8,60,2.129117250442505,True
100,8,65,0.17006732523441315,True
100,9,10,0.021056611090898514,True
100,9,15,0.03130621835589409,True
100,9,20,0.020918715745210648,True
100,9,25,0.02175057679414749,True
100,9,30,0.05050492286682129,True
100,9,35,0.05456679314374924,True
100,9,40,0.09887371212244034,True
100,9,45,0.16110703349113464,True
100,9,50,0.17520597577095032,True
100,9,55,0.06485644727945328,True
100,9,60,0.08491898328065872,True
100,9,65,0.06348272413015366,True
100,10,10,0.07474086433649063,True
100,10,15,0.06441951543092728,True
100,10,20,0.05105093494057655,True
100,10,25,0.06130104139447212,True
100,10,30,0.02712031826376915,True
100,10,35,0.036266252398490906,True
100,10,40,0.06719878315925598,True
100,10,45,0.15310056507587433,True
100,10,50,0.6629509329795837,True
100,10,55,0.10300417989492416,True
100,10,60,0.27640148997306824,True
100,10,65,0.14478260278701782,True
100,11,10,0.033369280397892,True
100,11,15,0.07716787606477737,True
100,11,20,0.07991558313369751,True
100,11,25,0.053085699677467346,True
100,11,30,0.0402657613158226,True
100,11,35,0.05279897525906563,True
100,11,40,0.14815989136695862,True
100,11,45,0.18649157881736755,True
100,11,50,0.09639409929513931,True
100,11,55,0.1535082906484604,True
100,11,60,0.15175865590572357,True
100,11,65,0.09056570380926132,True
100,12,10,0.09157906472682953,True
100,12,15,0.058473940938711166,True
100,12,20,0.05709933117032051,True
100,12,25,0.047742463648319244,True
100,12,30,0.05193789675831795,True
100,12,35,0.044726379215717316,True
100,12,40,0.11169341206550598,True
100,12,45,0.14711476862430573,True
100,12,50,0.24622003734111786,True
100,12,55,0.07489650696516037,True
100,12,60,0.18957190215587616,True
100,12,65,0.2827241122722626,True
100,13,10,0.01653558760881424,True
100,13,15,0.09714683145284653,True
100,13,20,0.09048216044902802,True
100,13,25,0.0510924756526947,True
100,13,30,0.06937950849533081,True
100,13,35,0.08539632707834244,True
100,13,40,0.09253199398517609,True
100,13,45,0.15072518587112427,True
100,13,50,0.19428929686546326,True
100,13,55,0.06812895834445953,True
100,13,60,0.13607490062713623,True
100,13,65,0.3364834785461426,True
100,14,10,0.01364092342555523,True
100,14,15,0.05971995368599892,True
100,14,20,0.12320221960544586,True
100,14,25,0.1677885502576828,True
100,14,30,0.14419406652450562,True
100,14,35,0.2066381573677063,True
100,14,40,0.30827581882476807,True
100,14,45,0.4680454134941101,True
100,14,50,0.6615337133407593,True
100,14,55,0.6749129295349121,True
100,14,60,0.702099084854126,True
100,14,65,0.6151151657104492,True
100,14,70,0.06607518345117569,True
100,15,10,0.0932927057147026,True
100,15,15,0.04974440112709999,True
100,15,20,0.03654683381319046,True
100,15,25,0.026374375447630882,True
100,15,30,0.051296841353178024,True
100,15,35,0.03683368116617203,True
100,15,40,0.10254057496786118,True
100,15,45,0.12525305151939392,True
100,15,50,0.5888659954071045,True
100,15,55,0.06184966489672661,True
100,15,60,0.22730113565921783,True
100,15,65,0.23020346462726593,True
100,16,10,0.015034319832921028,True
100,16,15,0.034348294138908386,True
100,16,20,0.04582080990076065,True
100,16,25,0.03407677635550499,True
100,16,30,0.04615475609898567,True
100,16,35,0.07618598639965057,True
100,16,40,0.08950172364711761,True
100,16,45,0.1612861305475235,True
100,16,50,0.19275806844234467,True
100,16,55,0.10033857077360153,True
100,16,60,0.058489032089710236,True
100,16,65,0.0780990868806839,True
100,16,70,0.05220739543437958,True
100,17,10,0.056447338312864304,True
100,17,15,0.08494970202445984,True
100,17,20,0.07194915413856506,True
100,17,25,0.056567080318927765,True
100,17,30,0.05821894109249115,True
100,17,35,0.05926279351115227,True
100,17,40,0.17797093093395233,True
100,17,45,0.1395260989665985,True
100,17,50,0.06771846860647202,True
100,17,55,0.23138006031513214,True
100,17,60,0.1820404976606369,True
100,17,65,0.05546398088335991,True
100,18,10,0.032732103019952774,True
100,18,15,0.03681819140911102,True
100,18,20,0.028752164915204048,True
100,18,25,0.027840733528137207,True
100,18,30,0.03266327083110809,True
100,18,35,0.0633348599076271,True
100,18,40,0.08048044145107269,True
100,18,45,0.1618591696023941,True
100,18,50,0.22020775079727173,True
100,18,55,0.09325060248374939,True
100,18,60,0.20242410898208618,True
100,18,65,0.2395986169576645,True
100,19,10,0.021644864231348038,True
100,19,15,0.06441137939691544,True
100,19,20,0.0760834589600563,True
100,19,25,0.05149860680103302,True
100,19,30,0.053702641278505325,True
100,19,35,0.07306607812643051,True
100,19,40,0.10791616141796112,True
100,19,45,0.1445000171661377,True
100,19,50,0.12834547460079193,True
100,19,55,0.14716830849647522,True
100,19,60,0.15838880836963654,True
100,19,65,0.08047974109649658,True
100,19,70,0.03643510490655899,True
100,20,10,0.028331739827990532,True
100,20,15,0.04309234768152237,True
100,20,20,0.0486144982278347,True
100,20,25,0.04024622216820717,True
100,20,30,0.03992580994963646,True
100,20,35,0.06436962634325027,True
100,20,40,0.1427292674779892,True
100,20,45,0.1363498419523239,True
100,20,50,0.14421527087688446,True
100,20,55,0.18531425297260284,True
100,20,60,0.06057058647274971,True
100,20,65,0.09980010986328125,True
100,20,70,0.26345571875572205,True
100,21,10,0.011438692919909954,True
100,21,15,0.04414012283086777,True
100,21,20,0.05379819497466087,True
100,21,25,0.03816003352403641,True
100,21,30,0.04208732396364212,True
100,21,35,0.07170382887125015,True
100,21,40,0.12351546436548233,True
100,21,45,0.14924238622188568,True
100,21,50,0.17059758305549622,True
100,21,55,0.28511494398117065,True
100,21,60,0.056072574108839035,True
100,21,65,0.14738626778125763,True
100,21,70,0.04024292901158333,True
100,22,10,0.07733853906393051,True
100,22,15,0.055173732340335846,True
100,22,20,0.07451219856739044,True
100,22,25,0.0505606085062027,True
100,22,30,0.04120759665966034,True
100,22,35,0.07842357456684113,True
100,22,40,0.1994321346282959,True
100,22,45,0.2012910097837448,True
100,22,50,0.07604113966226578,True
100,22,55,0.3136245608329773,True
100,22,60,0.12601126730442047,True
100,22,65,0.12219101935625076,True
100,23,10,0.011692902073264122,True
100,23,15,0.07539121061563492,True
100,23,20,0.07188013195991516,True
100,23,25,0.037924520671367645,True
100,23,30,0.0633566752076149,True
100,23,35,0.07352928072214127,True
100,23,40,0.09488967806100845,True
100,23,45,0.15658582746982574,True
100,23,50,0.20267421007156372,True
100,23,55,0.08835708349943161,True
100,23,60,0.10084151476621628,True
100,23,65,0.17253492772579193,True
100,24,10,0.015848755836486816,True
100,24,15,0.034372422844171524,True
100,24,20,0.06889655441045761,True
100,24,25,0.04303929954767227,True
100,24,30,0.043706268072128296,True
100,24,35,0.061436720192432404,True
100,24,40,0.09671218693256378,True
100,24,45,0.15304626524448395,True
100,24,50,0.16739192605018616,True
100,24,55,0.08971347659826279,True
100,24,60,0.08206046372652054,True
100,24,65,0.16352970898151398,True
100,24,70,0.03199166804552078,True
100,25,10,0.017194950953125954,True
100,25,15,0.03539936989545822,True
100,25,20,0.028725668787956238,True
100,25,25,0.04400838911533356,True
100,25,30,0.03260646387934685,True
100,25,35,0.03073233552277088,True
100,25,40,0.13217417895793915,True
100,25,45,0.1788850724697113,True
100,25,50,0.2115754634141922,True
100,25,55,0.20686815679073334,True
100,25,60,0.15374012291431427,True
100,25,65,0.03513910248875618,True
100,26,10,0.02982611022889614,True
100,26,15,0.03456149995326996,True
100,26,20,0.025876998901367188,True
100,26,25,0.027847325429320335,True
100,26,30,0.04207305982708931,True
100,26,35,0.07581598311662674,True
100,26,40,0.12938299775123596,True
100,26,45,0.18097177147865295,True
100,26,50,0.20203439891338348,True
100,26,55,0.19339923560619354,True
100,26,60,0.051248520612716675,True
100,26,65,0.18169954419136047,True
100,26,70,0.19020693004131317,True
100,27,10,0.059869423508644104,True
100,27,15,0.06953347474336624,True
100,27,20,0.04336748644709587,True
100,27,25,0.04945238679647446,True
100,27,30,0.03015507012605667,True
100,27,35,0.035791218280792236,True
100,27,40,0.08020792156457901,True
100,27,45,0.1444585770368576,True
100,27,50,0.16783785820007324,True
100,27,55,0.08134322613477707,True
100,27,60,0.17961229383945465,True
100,27,65,0.08175887167453766,True
100,28,10,0.028964489698410034,True
100,28,15,0.09392876923084259,True
100,28,20,0.07973817735910416,True
100,28,25,0.04881702736020088,True
100,28,30,0.05850332975387573,True
100,28,35,0.0814400166273117,True
100,28,40,0.10196734964847565,True
100,28,45,0.16010291874408722,True
100,28,50,0.18014521896839142,True
100,28,55,0.07599569112062454,True
100,28,60,0.06836701184511185,True
100,28,65,0.21983914077281952,True
100,29,10,0.12297680228948593,True
100,29,15,0.032107483595609665,True
100,29,20,0.06220133975148201,True
100,29,25,0.054704662412405014,True
100,29,30,0.04950640723109245,True
100,29,35,0.06780017167329788,True
100,29,40,0.12641054391860962,True
100,29,45,0.16116462647914886,True
100,29,50,0.20406000316143036,True
100,29,55,0.08729371428489685,True
100,29,60,0.0577915757894516,True
100,29,65,0.7735065221786499,True
100,30,10,0.09387294203042984,True
100,30,15,0.0722074881196022,True
100,30,20,0.05611550435423851,True
100,30,25,0.05865078419446945,True
100,30,30,0.04720783606171608,True
100,30,35,0.02718382515013218,True
100,30,40,0.1529688686132431,True
100,30,45,0.15157550573349,True
100,30,50,0.08049976825714111,True
100,30,55,0.34637129306793213,True
100,30,60,0.10919193923473358,True
100,30,65,0.06431150436401367,True
100,31,10,0.014265795238316059,True
100,31,15,0.03341652452945709,True
100,31,20,0.025957848876714706,True
100,31,25,0.03724882751703262,True
100,31,30,0.02532009780406952,True
100,31,35,0.04093515872955322,True
100,31,40,0.03338593989610672,True
100,31,45,0.15838778018951416,True
100,31,50,0.19860543310642242,True
100,31,55,0.10721694678068161,True
100,31,60,0.08972045034170151,True
100,31,65,0.19925351440906525,True
100,31,70,0.04821625351905823,True
100,32,10,0.013871118426322937,True
100,32,15,0.036080919206142426,True
100,32,20,0.03113485500216484,True
100,32,25,0.023853177204728127,True
100,32,30,0.046640802174806595,True
100,32,35,0.08636388927698135,True
100,32,40,0.05939764529466629,True
100,32,45,0.14086325466632843,True
100,32,50,0.1546672284603119,True
100,32,55,0.13859501481056213,True
100,32,60,0.06690159440040588,True
100,32,65,0.13795006275177002,True
100,33,10,0.020360073074698448,True
100,33,15,0.05014682188630104,True
100,33,20,0.05492614582180977,True
100,33,25,0.04700884968042374,True
100,33,30,0.06412827968597412,True
100,33,35,0.10610399395227432,True
100,33,40,0.12257663905620575,True
100,33,45,0.17867328226566315,True
100,33,50,0.14496716856956482,True
100,33,55,0.10348492860794067,True
100,33,60,0.06983554363250732,True
100,33,65,0.09142093360424042,True
100,34,10,0.049107108265161514,True
100,34,15,0.06937779486179352,True
100,34,20,0.07037153095006943,True
100,34,25,0.043159328401088715,True
100,34,30,0.04160411283373833,True
100,34,35,0.04796075448393822,True
100,34,40,0.11925221979618073,True
100,34,45,0.17322202026844025,True
100,34,50,0.2506735622882843,True
100,34,55,0.08298220485448837,True
100,34,60,0.1925019919872284,True
100,34,65,0.24762974679470062,True
100,35,10,0.07682260870933533,True
100,35,15,0.05661006644368172,True
100,35,20,0.0764014795422554,True
100,35,25,0.05890214443206787,True
100,35,30,0.06603126972913742,True
100,35,35,0.0858236774802208,True
100,35,40,0.19232988357543945,True
100,35,45,0.21250884234905243,True
100,35,50,0.07208454608917236,True
100,35,55,0.3473796844482422,True
100,35,60,0.14578397572040558,True
100,36,10,0.018861522898077965,True
100,36,15,0.04068281874060631,True
100,36,20,0.02269698679447174,True
100,36,25,0.02204110659658909,True
100,36,30,0.038606785237789154,True
100,36,35,0.06591469049453735,True
100,36,40,0.08176040649414062,True
100,36,45,0.14521242678165436,True
100,36,50,0.2092522829771042,True
100,36,55,0.09853066504001617,True
100,36,60,0.13812504708766937,True
100,36,65,0.20113542675971985,True
100,37,10,0.01827504113316536,True
100,37,15,0.0427740141749382,True
100,37,20,0.06536516547203064,True
100,37,25,0.043410077691078186,True
100,37,30,0.04882214590907097,True
100,37,35,0.08023995161056519,True
100,37,40,0.12045084685087204,True
100,37,45,0.16728469729423523,True
100,37,50,0.19089387357234955,True
100,37,55,0.14267496764659882,True
100,37,60,0.09822681546211243,True
100,37,65,0.05769539251923561,True
100,38,10,0.04334181919693947,True
100,38,15,0.032453685998916626,True
100,38,20,0.0625530257821083,True
100,38,25,0.04477253183722496,True
100,38,30,0.03691915422677994,True
100,38,35,0.059727661311626434,True
100,38,40,0.18354463577270508,True
100,38,45,0.08424443006515503,True
100,38,50,0.1015111580491066,True
100,38,55,0.2706695795059204,True
100,38,60,0.15340600907802582,True
100,38,65,0.061911411583423615,True
100,39,10,0.07298816740512848,True
100,39,15,0.04856278747320175,True
100,39,20,0.07148700207471848,True
100,39,25,0.06144917756319046,True
100,39,30,0.10049226880073547,True
100,39,35,0.10296578705310822,True
100,39,40,0.10096365958452225,True
100,39,45,0.20815598964691162,True
100,39,50,0.12242728471755981,True
100,39,55,0.05413021519780159,True
100,39,60,0.13615602254867554,True
100,39,65,0.7866749167442322,True
100,40,10,0.04820763319730759,True
100,40,15,0.07359711825847626,True
100,40,20,0.08432047814130783,True
100,40,25,0.058504313230514526,True
100,40,30,0.058215703815221786,True
100,40,35,0.06520826369524002,True
100,40,40,0.11336707323789597,True
100,40,45,0.16256727278232574,True
100,40,50,0.19799458980560303,True
100,40,55,0.06903047114610672,True
100,40,60,0.2079201191663742,True
100,40,65,0.1654045730829239,True
100,41,10,0.1123865470290184,True
100,41,15,0.059741340577602386,True
100,41,20,0.06225861236453056,True
100,41,25,0.06046365574002266,True
100,41,30,0.08072791248559952,True
100,41,35,0.07995534688234329,True
100,41,40,0.14538520574569702,True
100,41,45,0.07587185502052307,True
100,41,50,0.04555832967162132,True
100,41,55,0.28198739886283875,True
100,41,60,0.0885152816772461,True
100,42,10,0.014055537059903145,True
100,42,15,0.04132596403360367,True
100,42,20,0.02164364792406559,True
100,42,25,0.017933925613760948,True
100,42,30,0.018003955483436584,True
100,42,35,0.05160682275891304,True
100,42,40,0.05086430907249451,True
100,42,45,0.13322627544403076,True
100,42,50,0.1961164027452469,True
100,42,55,0.21648944914340973,True
100,42,60,0.050146471709012985,True
100,42,65,0.235077902674675,True
100,42,70,0.13042378425598145,True
100,43,10,0.04852684587240219,True
100,43,15,0.0639508068561554,True
100,43,20,0.09056583046913147,True
100,43,25,0.05063556507229805,True
100,43,30,0.061082687228918076,True
100,43,35,0.07569102197885513,True
100,43,40,0.10368634015321732,True
100,43,45,0.135173499584198,True
100,43,50,0.14917954802513123,True
100,43,55,0.12718594074249268,True
100,43,60,0.05284382775425911,True
100,43,65,0.2101379632949829,True
100,44,10,0.10300542414188385,True
100,44,15,0.047880955040454865,True
100,44,20,0.05392342433333397,True
100,44,25,0.043804630637168884,True
100,44,30,0.04984276369214058,True
100,44,35,0.03830726072192192,True
100,44,40,0.11941604316234589,True
100,44,45,0.18945488333702087,True
100,44,50,0.8643812537193298,True
100,44,55,0.8096898794174194,True
100,44,60,0.8356871008872986,True
100,44,65,0.11599315702915192,True
100,45,10,0.1101921945810318,True
100,45,15,0.04712507501244545,True
100,45,20,0.08078145235776901,True
100,45,25,0.05958528444170952,True
100,45,30,0.07270260155200958,True
100,45,35,0.07705307006835938,True
100,45,40,0.16451407968997955,True
100,45,45,0.15053793787956238,True
100,45,50,0.19584061205387115,True
100,45,55,0.1655419021844864,True
100,45,60,0.1409871131181717,True
100,46,10,0.022851962596178055,True
100,46,15,0.0398026704788208,True
100,46,20,0.030230356380343437,True
100,46,25,0.038480304181575775,True
100,46,30,0.039078593254089355,True
100,46,35,0.06184404715895653,True
100,46,40,0.09109608829021454,True
100,46,45,0.17006638646125793,True
100,46,50,0.13185825943946838,True
100,46,55,0.0813365951180458,True
100,46,60,0.16438807547092438,True
100,46,65,0.1739378124475479,True
100,47,10,0.021974237635731697,True
100,47,15,0.09072193503379822,True
100,47,20,0.08556678891181946,True
100,47,25,0.038872528821229935,True
100,47,30,0.03673994913697243,True
100,47,35,0.04360564425587654,True
100,47,40,0.1944769024848938,True
100,47,45,0.2014981061220169,True
100,47,50,0.1677083671092987,True
100,47,55,0.09047447144985199,True
100,47,60,0.17573659121990204,True
100,48,10,0.028169400990009308,True
100,48,15,0.037834763526916504,True
100,48,20,0.034894779324531555,True
100,48,25,0.025935914367437363,True
100,48,30,0.031235741451382637,True
100,48,35,0.04307912290096283,True
100,48,40,0.07360188663005829,True
100,48,45,0.162292942404747,True
100,48,50,0.19033758342266083,True
100,48,55,0.07499069720506668,True
100,48,60,0.2194003164768219,True
100,48,65,0.12889829277992249,True
100,49,10,0.02808171883225441,True
100,49,15,0.03910509869456291,True
100,49,20,0.039042770862579346,True
100,49,25,0.05213654041290283,True
100,49,30,0.04327764734625816,True
100,49,35,0.057461678981781006,True
100,49,40,0.11276207119226456,True
100,49,45,0.19030660390853882,True
100,49,50,0.2170386016368866,True
100,49,55,0.07607033103704453,True
100,49,60,0.2333003729581833,True
100,49,65,0.2182852178812027,True
