eval_step,episode_idx,episode_step,alignment_ratio,success
100,0,10,0.010199830867350101,True
100,0,15,0.017049182206392288,True
100,0,20,0.02616358920931816,True
100,0,25,0.014911854639649391,True
100,0,30,0.01738305389881134,True
100,0,35,0.006471786182373762,True
100,0,40,0.014359639026224613,True
100,0,45,0.007968947291374207,True
100,0,50,0.007974816486239433,True
100,0,55,0.0063431221060454845,True
100,0,60,0.005545461550354958,True
100,0,65,0.005668366327881813,True
100,0,70,0.004047221038490534,True
100,0,75,0.00333963381126523,True
100,0,80,0.004863517824560404,True
100,1,10,0.012011408805847168,True
100,1,15,0.01612781547009945,True
100,1,20,0.02070840448141098,True
100,1,25,0.019215162843465805,True
100,1,30,0.009533757343888283,True
100,1,35,0.014385435730218887,True
100,1,40,0.013488844968378544,True
100,1,45,0.005885679740458727,True
100,1,50,0.010214912705123425,True
100,1,55,0.005352442618459463,True
100,1,60,0.005565370433032513,True
100,1,65,0.0051756445318460464,True
100,1,70,0.005715365055948496,True
100,1,75,0.0029864769894629717,True
100,1,80,0.0036591431125998497,True
100,2,10,0.01501612737774849,True
100,2,15,0.01915529929101467,True
100,2,20,0.022751454263925552,True
100,2,25,0.017354855313897133,True
100,2,30,0.018093008548021317,True
100,2,35,0.011687098070979118,True
100,2,40,0.017065586522221565,True
100,2,45,0.007709503173828125,True
100,2,50,0.007346909958869219,True
100,2,55,0.008426418527960777,True
100,2,60,0.00478905625641346,True
100,2,65,0.004459375515580177,True
100,2,70,0.004353053867816925,True
100,2,75,0.0029333909042179585,True
100,2,80,0.0038966969586908817,True
100,3,10,0.009598237462341785,True
100,3,15,0.016133245080709457,True
100,3,20,0.023525917902588844,True
100,3,25,0.016271423548460007,True
100,3,30,0.018411071971058846,True
100,3,35,0.008209711872041225,True
100,3,40,0.01521709468215704,True
100,3,45,0.007195913698524237,True
100,3,50,0.006400985177606344,True
100,3,55,0.006868517957627773,True
100,3,60,0.004833431914448738,True
100,3,65,0.005165149457752705,True
100,3,70,0.006798652466386557,True
100,3,75,0.003532306058332324,True
100,4,10,0.009306916035711765,True
100,4,15,0.014765695668756962,True
100,4,20,0.022188805043697357,True
100,4,25,0.015914196148514748,True
100,4,30,0.010152624920010567,True
100,4,35,0.013415424153208733,True
100,4,40,0.00984535925090313,True
100,4,45,0.005819579586386681,True
100,4,50,0.00803263857960701,True
100,4,55,0.005482392385601997,True
100,4,60,0.0048008575104177,True
100,4,65,0.006140151061117649,True
100,4,70,0.004261229652911425,True
100,4,75,0.003730532480403781,True
100,5,10,0.011428051628172398,True
100,5,15,0.01735251024365425,True
100,5,20,0.019088590517640114,True
100,5,25,0.0153456786647439,True
100,5,30,0.01019801665097475,True
100,5,35,0.01355378795415163,True
100,5,40,0.014256703667342663,True
100,5,45,0.005394962150603533,True
100,5,50,0.006754305213689804,True
100,5,55,0.005826818291097879,True
100,5,60,0.0043536159209907055,True
100,5,65,0.004593866411596537,True
100,5,70,0.005090192425996065,True
100,5,75,0.0031939547043293715,True
100,5,80,0.00420281570404768,True
100,6,10,0.009278916753828526,True
100,6,15,0.015866033732891083,True
100,6,20,0.02463463321328163,True
100,6,25,0.014317258261144161,True
100,6,30,0.01380325760692358,True
100,6,35,0.00927515234798193,True
100,6,40,0.015580287203192711,True
100,6,45,0.009081926196813583,True
100,6,50,0.008361948654055595,True
100,6,55,0.0064664725214242935,True
100,6,60,0.005173162557184696,True
100,6,65,0.006527210585772991,True
100,6,70,0.00429533002898097,True
100,6,75,0.0032454803586006165,True
100,7,10,0.010951275937259197,True
100,7,15,0.01718663051724434,True
100,7,20,0.022356173023581505,True
100,7,25,0.017118949443101883,True
100,7,30,0.011417469941079617,True
100,7,35,0.01311926543712616,True
100,7,40,0.013546880334615707,True
100,7,45,0.005968631245195866,True
100,7,50,0.009139797650277615,True
100,7,55,0.006123894359916449,True
100,7,60,0.005501939449459314,True
100,7,65,0.005288840737193823,True
100,7,70,0.005589222069829702,True
100,7,75,0.0034656119532883167,True
100,7,80,0.0036920898128300905,True
100,8,10,0.007557831704616547,True
100,8,15,0.013699371367692947,True
100,8,20,0.019260242581367493,True
100,8,25,0.012783505022525787,True
100,8,30,0.009184309281408787,True
100,8,35,0.012755847536027431,True
100,8,40,0.007052756380289793,True
100,8,45,0.005599601659923792,True
100,8,50,0.012852664105594158,True
100,8,55,0.0051172468811273575,True
100,8,60,0.004312800709158182,True
100,8,65,0.006245098542422056,True
100,8,70,0.005819353740662336,True
100,8,75,0.0031674520578235388,True
100,9,10,0.011145015247166157,True
100,9,15,0.01713314652442932,True
100,9,20,0.020032668486237526,True
100,9,25,0.016758650541305542,True
100,9,30,0.019770462065935135,True
100,9,35,0.00911871436983347,True
100,9,40,0.016492590308189392,True
100,9,45,0.007670390419661999,True
100,9,50,0.006747383624315262,True
100,9,55,0.005923208314925432,True
100,9,60,0.004507116973400116,True
100,9,65,0.007988063618540764,True
100,9,70,0.006121841724961996,True
100,9,75,0.002573300851508975,True
100,9,80,0.004113772884011269,True
100,10,10,0.007564084604382515,True
100,10,15,0.013341737911105156,True
100,10,20,0.016751335933804512,True
100,10,25,0.019663343206048012,True
100,10,30,0.017739713191986084,True
100,10,35,0.00753034045919776,True
100,10,40,0.01718566194176674,True
100,10,45,0.00947590172290802,True
100,10,50,0.007173084653913975,True
100,10,55,0.006753499154001474,True
100,10,60,0.005905377212911844,True
100,10,65,0.003489102004095912,True
100,10,70,0.004597448278218508,True
100,10,75,0.002970996545627713,True
100,11,10,0.009057167917490005,True
100,11,15,0.01398607436567545,True
100,11,20,0.02425890974700451,True
100,11,25,0.014374587684869766,True
100,11,30,0.01646782085299492,True
100,11,35,0.00703317578881979,True
100,11,40,0.01562848500907421,True
100,11,45,0.009260162711143494,True
100,11,50,0.006014653015881777,True
100,11,55,0.005666045006364584,True
100,11,60,0.00494043342769146,True
100,11,65,0.0057503157295286655,True
100,11,70,0.005241655744612217,True
100,11,75,0.0031033609993755817,True
100,11,80,0.004749193321913481,True
100,12,10,0.008476895280182362,True
100,12,15,0.015020922757685184,True
100,12,20,0.0220273919403553,True
100,12,25,0.013553556054830551,True
100,12,30,0.013334645889699459,True
100,12,35,0.011051956564188004,True
100,12,40,0.01326238177716732,True
100,12,45,0.008171776309609413,True
100,12,50,0.010835484601557255,True
100,12,55,0.005578320473432541,True
100,12,60,0.005458730738610029,True
100,12,65,0.005146231967955828,True
100,12,70,0.005077944602817297,True
100,12,75,0.0029592649079859257,True
100,13,10,0.008594869635999203,True
100,13,15,0.0169051643460989,True
100,13,20,0.023066146299242973,True
100,13,25,0.016079390421509743,True
100,13,30,0.011510330252349377,True
100,13,35,0.013145898468792439,True
100,13,40,0.015403607860207558,True
100,13,45,0.009477217681705952,True
100,13,50,0.007748156785964966,True
100,13,55,0.007020546589046717,True
100,13,60,0.006120967213064432,True
100,13,65,0.005392554681748152,True
100,13,70,0.005490458104759455,True
100,13,75,0.0028784784954041243,True
100,13,80,0.004619119688868523,True
100,14,10,0.009377337992191315,True
100,14,15,0.017137015238404274,True
100,14,20,0.02203652821481228,True
100,14,25,0.01904737390577793,True
100,14,30,0.018458286300301552,True
100,14,35,0.007116773631423712,True
100,14,40,0.010187117382884026,True
100,14,45,0.0100119449198246,True
100,14,50,0.005031369160860777,True
100,14,55,0.006347770802676678,True
100,14,60,0.004637949634343386,True
100,14,65,0.004506195429712534,True
100,14,70,0.0067583112977445126,True
100,14,75,0.002560799475759268,True
100,15,10,0.008066962473094463,True
100,15,15,0.013597475364804268,True
100,15,20,0.017329007387161255,True
100,15,25,0.014430880546569824,True
100,15,30,0.010593445971608162,True
100,15,35,0.01432284526526928,True
100,15,40,0.00853994581848383,True
100,15,45,0.007137540262192488,True
100,15,50,0.010360131040215492,True
100,15,55,0.006834639701992273,True
100,15,60,0.006494376342743635,True
100,15,65,0.006469213869422674,True
100,15,70,0.004564086440950632,True
100,15,75,0.0037078766617923975,True
100,16,10,0.009815390221774578,True
100,16,15,0.015581855550408363,True
100,16,20,0.02249353751540184,True
100,16,25,0.015201066620647907,True
100,16,30,0.01166470441967249,True
100,16,35,0.013101505115628242,True
100,16,40,0.011988483369350433,True
100,16,45,0.0072321719489991665,True
100,16,50,0.007593823596835136,True
100,16,55,0.0055565983057022095,True
100,16,60,0.0048590670339763165,True
100,16,65,0.004912111442536116,True
100,16,70,0.004860982298851013,True
100,16,75,0.0029090233147144318,True
100,16,80,0.006184874568134546,True
100,17,10,0.008165428414940834,True
100,17,15,0.014250035397708416,True
100,17,20,0.02403867244720459,True
100,17,25,0.01778235100209713,True
100,17,30,0.015394050627946854,True
100,17,35,0.008380595594644547,True
100,17,40,0.012948339805006981,True
100,17,45,0.010356116108596325,True
100,17,50,0.006931683514267206,True
100,17,55,0.006554532330483198,True
100,17,60,0.0059487903490662575,True
100,17,65,0.005217374302446842,True
100,17,70,0.005421264562755823,True
100,17,75,0.0033157779835164547,True
100,18,10,0.007634907960891724,True
100,18,15,0.015366406179964542,True
100,18,20,0.022224215790629387,True
100,18,25,0.017439311370253563,True
100,18,30,0.01303961779922247,True
100,18,35,0.009726479649543762,True
100,18,40,0.013699433766305447,True
100,18,45,0.011322333477437496,True
100,18,50,0.008942076936364174,True
100,18,55,0.0077114165760576725,True
100,18,60,0.005098728463053703,True
100,18,65,0.00674222270026803,True
100,18,70,0.0045803869143128395,True
100,18,75,0.002821621485054493,True
100,19,10,0.009393486194312572,True
100,19,15,0.01576181687414646,True
100,19,20,0.021215904504060745,True
100,19,25,0.013155774213373661,True
100,19,30,0.01188789401203394,True
100,19,35,0.01222138199955225,True
100,19,40,0.012400791980326176,True
100,19,45,0.00951667595654726,True
100,19,50,0.008301268331706524,True
100,19,55,0.006682959850877523,True
100,19,60,0.005235971882939339,True
100,19,65,0.004734620451927185,True
100,19,70,0.004855552688241005,True
100,19,75,0.0032875549513846636,True
100,20,10,0.007769481744617224,True
100,20,15,0.014940858818590641,True
100,20,20,0.021305978298187256,True
100,20,25,0.017147837206721306,True
100,20,30,0.011454107239842415,True
100,20,35,0.011962875723838806,True
100,20,40,0.012571924366056919,True
100,20,45,0.009829282760620117,True
100,20,50,0.008426987566053867,True
100,20,55,0.00569364707916975,True
100,20,60,0.005492030642926693,True
100,20,65,0.0057818531058728695,True
100,20,70,0.003956493455916643,True
100,20,75,0.003198084654286504,True
100,20,80,0.005035788752138615,True
100,21,10,0.013793498277664185,True
100,21,15,0.018633319064974785,True
100,21,20,0.026088785380125046,True
100,21,25,0.014572144486010075,True
100,21,30,0.01140264980494976,True
100,21,35,0.011933114379644394,True
100,21,40,0.014872342348098755,True
100,21,45,0.005180821288377047,True
100,21,50,0.006074836477637291,True
100,21,55,0.006677556317299604,True
100,21,60,0.004694288596510887,True
100,21,65,0.003270047251135111,True
100,21,70,0.004406546242535114,True
100,21,75,0.0032137196976691484,True
100,21,80,0.004575439728796482,True
100,22,10,0.007812460884451866,True
100,22,15,0.014237566851079464,True
100,22,20,0.019088340923190117,True
100,22,25,0.014315418899059296,True
100,22,30,0.010694444179534912,True
100,22,35,0.0101679852232337,True
100,22,40,0.011001032777130604,True
100,22,45,0.006574825383722782,True
100,22,50,0.007842307910323143,True
100,22,55,0.01011849008500576,True
100,22,60,0.00375111005268991,True
100,22,65,0.006249711848795414,True
100,22,70,0.005596062634140253,True
100,22,75,0.0032013303134590387,True
100,23,10,0.008852099068462849,True
100,23,15,0.016015617176890373,True
100,23,20,0.023401256650686264,True
100,23,25,0.013622111640870571,True
100,23,30,0.014764676801860332,True
100,23,35,0.010459842160344124,True
100,23,40,0.014181477949023247,True
100,23,45,0.007961465045809746,True
100,23,50,0.007058260031044483,True
100,23,55,0.005939515773206949,True
100,23,60,0.006319817621260881,True
100,23,65,0.00584636302664876,True
100,23,70,0.004762318450957537,True
100,23,75,0.0032865949906408787,True
100,23,80,0.004135488532483578,True
100,24,10,0.014003654941916466,True
100,24,15,0.01722436025738716,True
100,24,20,0.02197093516588211,True
100,24,25,0.015508691780269146,True
100,24,30,0.014132135547697544,True
100,24,35,0.011145217344164848,True
100,24,40,0.016266722232103348,True
100,24,45,0.006226096302270889,True
100,24,50,0.010387743823230267,True
100,24,55,0.005579952150583267,True
100,24,60,0.004866756498813629,True
100,24,65,0.00461000157520175,True
100,24,70,0.005117647349834442,True
100,24,75,0.0038314033299684525,True
100,24,80,0.003473062301054597,True
100,25,10,0.010853754356503487,True
100,25,15,0.01855158992111683,True
100,25,20,0.022310376167297363,True
100,25,25,0.015215257182717323,True
100,25,30,0.019606495276093483,True
100,25,35,0.009009377099573612,True
100,25,40,0.014390711672604084,True
100,25,45,0.00906937476247549,True
100,25,50,0.008664210326969624,True
100,25,55,0.004850427620112896,True
100,25,60,0.005290444009006023,True
100,25,65,0.005493701435625553,True
100,25,70,0.00593168381601572,True
100,25,75,0.003508141729980707,True
100,26,10,0.010007795877754688,True
100,26,15,0.015303928405046463,True
100,26,20,0.02325965277850628,True
100,26,25,0.01580280251801014,True
100,26,30,0.010260256938636303,True
100,26,35,0.0133944908156991,True
100,26,40,0.013764682225883007,True
100,26,45,0.009475020691752434,True
100,26,50,0.008645023219287395,True
100,26,55,0.006796135567128658,True
100,26,60,0.005575031042098999,True
100,26,65,0.006360225845128298,True
100,26,70,0.005619822535663843,True
100,26,75,0.003009472507983446,True
100,26,80,0.004689235705882311,True
100,27,10,0.008544493466615677,True
100,27,15,0.013700238429009914,True
100,27,20,0.020427893847227097,True
100,27,25,0.01625393144786358,True
100,27,30,0.014414590783417225,True
100,27,35,0.009098554030060768,True
100,27,40,0.014329568482935429,True
100,27,45,0.007873755879700184,True
100,27,50,0.006787178106606007,True
100,27,55,0.00540479552000761,True
100,27,60,0.006686456501483917,True
100,27,65,0.0053850882686674595,True
100,27,70,0.005012413952499628,True
100,27,75,0.002924881875514984,True
100,27,80,0.004368278663605452,True
100,28,10,0.009504113346338272,True
100,28,15,0.015564283356070518,True
100,28,20,0.021167296916246414,True
100,28,25,0.013132872991263866,True
100,28,30,0.01233260240405798,True
100,28,35,0.01228958647698164,True
100,28,40,0.013246310874819756,True
100,28,45,0.011876209639012814,True
100,28,50,0.008765580132603645,True
100,28,55,0.005989264231175184,True
100,28,60,0.007287466898560524,True
100,28,65,0.0060638124123215675,True
100,28,70,0.0051429979503154755,True
100,28,75,0.0028602995444089174,True
100,29,10,0.007381068076938391,True
100,29,15,0.014734402298927307,True
100,29,20,0.021813830360770226,True
100,29,25,0.016136271879076958,True
100,29,30,0.010815640911459923,True
100,29,35,0.012800431810319424,True
100,29,40,0.011324470862746239,True
100,29,45,0.010232435539364815,True
100,29,50,0.006079812068492174,True
100,29,55,0.006065338850021362,True
100,29,60,0.004977272357791662,True
100,29,65,0.006317363120615482,True
100,29,70,0.005332978907972574,True
100,29,75,0.0031657060608267784,True
100,30,10,0.007833349518477917,True
100,30,15,0.011508052237331867,True
100,30,20,0.01534022856503725,True
100,30,25,0.01820557750761509,True
100,30,30,0.012347102165222168,True
100,30,35,0.010683088563382626,True
100,30,40,0.013715782202780247,True
100,30,45,0.006725977640599012,True
100,30,50,0.008112890645861626,True
100,30,55,0.009816632606089115,True
100,30,60,0.00591693539172411,True
100,30,65,0.005035704467445612,True
100,30,70,0.005299212411046028,True
100,30,75,0.0030151701066643,True
100,31,10,0.009933904744684696,True
100,31,15,0.01539402175694704,True
100,31,20,0.020695757120847702,True
100,31,25,0.014781747944653034,True
100,31,30,0.016387367621064186,True
100,31,35,0.008865077048540115,True
100,31,40,0.015070266090333462,True
100,31,45,0.007909661158919334,True
100,31,50,0.010641982778906822,True
100,31,55,0.008357943035662174,True
100,31,60,0.004483339376747608,True
100,31,65,0.005238503683358431,True
100,31,70,0.004951206035912037,True
100,31,75,0.003185715526342392,True
100,31,80,0.003957774024456739,True
100,32,10,0.01076269056648016,True
100,32,15,0.01818537339568138,True
100,32,20,0.025154782459139824,True
100,32,25,0.016306964680552483,True
100,32,30,0.01678372360765934,True
100,32,35,0.009674862027168274,True
100,32,40,0.013445059768855572,True
100,32,45,0.011343850754201412,True
100,32,50,0.007589519955217838,True
100,32,55,0.006751904729753733,True
100,32,60,0.00458663422614336,True
100,32,65,0.006782130338251591,True
100,32,70,0.004147341474890709,True
100,32,75,0.0036368216387927532,True
100,33,10,0.015757307410240173,True
100,33,15,0.019076965749263763,True
100,33,20,0.027624955400824547,True
100,33,25,0.015289909206330776,True
100,33,30,0.012031299993395805,True
100,33,35,0.012521732598543167,True
100,33,40,0.015215806663036346,True
100,33,45,0.008696467615664005,True
100,33,50,0.0048851859755814075,True
100,33,55,0.006021249108016491,True
100,33,60,0.005817127879709005,True
100,33,65,0.004519199952483177,True
100,33,70,0.0053635938093066216,True
100,33,75,0.0030553885735571384,True
100,33,80,0.0037001941818743944,True
100,34,10,0.008840788155794144,True
100,34,15,0.015669023618102074,True
100,34,20,0.023935619741678238,True
100,34,25,0.01716911979019642,True
100,34,30,0.017899567261338234,True
100,34,35,0.009235477074980736,True
100,34,40,0.016602322459220886,True
100,34,45,0.007691856939345598,True
100,34,50,0.00570889376103878,True
100,34,55,0.005607114173471928,True
100,34,60,0.0051157912239432335,True
100,34,65,0.005010869819670916,True
100,34,70,0.0052319858223199844,True
100,34,75,0.003230387344956398,True
100,34,80,0.0042318133637309074,True
100,35,10,0.009126050397753716,True
100,35,15,0.014105581678450108,True
100,35,20,0.02021889016032219,True
100,35,25,0.019308071583509445,True
100,35,30,0.01446879655122757,True
100,35,35,0.00958024337887764,True
100,35,40,0.013530692085623741,True
100,35,45,0.011499199084937572,True
100,35,50,0.012061981484293938,True
100,35,55,0.008316650986671448,True
100,35,60,0.006866335403174162,True
100,35,65,0.005951029248535633,True
100,35,70,0.005070730112493038,True
100,35,75,0.003231715876609087,True
100,36,10,0.009347354993224144,True
100,36,15,0.016477374359965324,True
100,36,20,0.023406578227877617,True
100,36,25,0.01553355436772108,True
100,36,30,0.013829512521624565,True
100,36,35,0.009527751244604588,True
100,36,40,0.012692802585661411,True
100,36,45,0.010165967047214508,True
100,36,50,0.010222364217042923,True
100,36,55,0.00777182262390852,True
100,36,60,0.005650701001286507,True
100,36,65,0.005661899223923683,True
100,36,70,0.00419010641053319,True
100,36,75,0.0032308828085660934,True
100,37,10,0.010512536391615868,True
100,37,15,0.016087772324681282,True
100,37,20,0.022027982398867607,True
100,37,25,0.016662171110510826,True
100,37,30,0.013935962691903114,True
100,37,35,0.012546325102448463,True
100,37,40,0.014422783628106117,True
100,37,45,0.008812625892460346,True
100,37,50,0.006247467361390591,True
100,37,55,0.0062183961272239685,True
100,37,60,0.005734388250857592,True
100,37,65,0.0039399415254592896,True
100,37,70,0.005312285851687193,True
100,37,75,0.0040228040888905525,True
100,37,80,0.0038981023244559765,True
100,38,10,0.007305047940462828,True
100,38,15,0.014695445075631142,True
100,38,20,0.018809007480740547,True
100,38,25,0.01852056384086609,True
100,38,30,0.01137266680598259,True
100,38,35,0.013990248553454876,True
100,38,40,0.013289205729961395,True
100,38,45,0.010691756382584572,True
100,38,50,0.007122212555259466,True
100,38,55,0.006197203416377306,True
100,38,60,0.005467523355036974,True
100,38,65,0.005755184218287468,True
100,38,70,0.004377289209514856,True
100,38,75,0.0037335646338760853,True
100,39,10,0.007465511094778776,True
100,39,15,0.014743085950613022,True
100,39,20,0.02140498161315918,True
100,39,25,0.018552904948592186,True
100,39,30,0.008741256780922413,True
100,39,35,0.013315985910594463,True
100,39,40,0.0073904371820390224,True
100,39,45,0.00536825368180871,True
100,39,50,0.016084589064121246,True
100,39,55,0.005798495374619961,True
100,39,60,0.004451964050531387,True
100,39,65,0.0068212635815143585,True
100,39,70,0.00425855815410614,True
100,39,75,0.0028289954643696547,True
100,40,10,0.008094084449112415,True
100,40,15,0.013253908604383469,True
100,40,20,0.021922757849097252,True
100,40,25,0.014718309044837952,True
100,40,30,0.01246452983468771,True
100,40,35,0.009111539460718632,True
100,40,40,0.013006006367504597,True
100,40,45,0.01512204110622406,True
100,40,50,0.007769176736474037,True
100,40,55,0.009491654112935066,True
100,40,60,0.006442041136324406,True
100,40,65,0.0063013904727995396,True
100,40,70,0.004950731992721558,True
100,40,75,0.0030401383992284536,True
100,41,10,0.008214706555008888,True
100,41,15,0.013006134890019894,True
100,41,20,0.019066156819462776,True
100,41,25,0.012843978591263294,True
100,41,30,0.007677118759602308,True
100,41,35,0.01255329605191946,True
100,41,40,0.005953394342213869,True
100,41,45,0.0066955434158444405,True
100,41,50,0.009360396303236485,True
100,41,55,0.005014579277485609,True
100,41,60,0.004586315248161554,True
100,41,65,0.006147631444036961,True
100,41,70,0.0050093550235033035,True
100,41,75,0.0034395894035696983,True
100,42,10,0.008489968255162239,True
100,42,15,0.01613232120871544,True
100,42,20,0.022572195157408714,True
100,42,25,0.017636219039559364,True
100,42,30,0.01823025569319725,True
100,42,35,0.0075554922223091125,True
100,42,40,0.015016465447843075,True
100,42,45,0.011361939832568169,True
100,42,50,0.011224186979234219,True
100,42,55,0.006472534965723753,True
100,42,60,0.005828311666846275,True
100,42,65,0.007266663946211338,True
100,42,70,0.005828458350151777,True
100,42,75,0.0038475170731544495,True
100,43,10,0.008294394239783287,True
100,43,15,0.01525100413709879,True
100,43,20,0.022403158247470856,True
100,43,25,0.014933424070477486,True
100,43,30,0.010135839693248272,True
100,43,35,0.011866961605846882,True
100,43,40,0.007994387298822403,True
100,43,45,0.008927135728299618,True
100,43,50,0.020492738112807274,True
100,43,55,0.006515457760542631,True
100,43,60,0.0058813150972127914,True
100,43,65,0.0056269108317792416,True
100,43,70,0.004919006023555994,True
100,43,75,0.003099477384239435,True
100,44,10,0.008658426813781261,True
100,44,15,0.014143108390271664,True
100,44,20,0.017634756863117218,True
100,44,25,0.013074520975351334,True
100,44,30,0.00903267227113247,True
100,44,35,0.015640422701835632,True
100,44,40,0.008842891082167625,True
100,44,45,0.006584617309272289,True
100,44,50,0.01476274710148573,True
100,44,55,0.006477541755884886,True
100,44,60,0.004422251135110855,True
100,44,65,0.005978907458484173,True
100,44,70,0.005326952785253525,True
100,44,75,0.0033803454134613276,True
100,45,10,0.009675921872258186,True
100,45,15,0.014148110523819923,True
100,45,20,0.022090598940849304,True
100,45,25,0.016873979941010475,True
100,45,30,0.009273186326026917,True
100,45,35,0.015311122871935368,True
100,45,40,0.008731026202440262,True
100,45,45,0.0069686430506408215,True
100,45,50,0.008229142054915428,True
100,45,55,0.005704995710402727,True
100,45,60,0.005606630351394415,True
100,45,65,0.006559842266142368,True
100,45,70,0.005001418758183718,True
100,45,75,0.003399863373488188,True
100,46,10,0.00949894730001688,True
100,46,15,0.01581125520169735,True
100,46,20,0.0198820848017931,True
100,46,25,0.01217002235352993,True
100,46,30,0.014481055550277233,True
100,46,35,0.010860432870686054,True
100,46,40,0.011513966135680676,True
100,46,45,0.00866300705820322,True
100,46,50,0.009525586850941181,True
100,46,55,0.009580852463841438,True
100,46,60,0.006221293937414885,True
100,46,65,0.00474206916987896,True
100,46,70,0.004302171524614096,True
100,46,75,0.003200584091246128,True
100,47,10,0.008080660365521908,True
100,47,15,0.015113568864762783,True
100,47,20,0.02129797451198101,True
100,47,25,0.01725752279162407,True
100,47,30,0.01761566661298275,True
100,47,35,0.006879168096929789,True
100,47,40,0.01788967475295067,True
100,47,45,0.009690286591649055,True
100,47,50,0.00740862637758255,True
100,47,55,0.0076942178420722485,True
100,47,60,0.005323321092873812,True
100,47,65,0.006201055832207203,True
100,47,70,0.004471651278436184,True
100,47,75,0.0033758305944502354,True
100,48,10,0.008183944039046764,True
100,48,15,0.01579408161342144,True
100,48,20,0.019182613119482994,True
100,48,25,0.01840747892856598,True
100,48,30,0.01057092472910881,True
100,48,35,0.013073943555355072,True
100,48,40,0.013132695108652115,True
100,48,45,0.007551329210400581,True
100,48,50,0.008701499551534653,True
100,48,55,0.008278913795948029,True
100,48,60,0.005733091849833727,True
100,48,65,0.0059648663736879826,True
100,48,70,0.005138232372701168,True
100,48,75,0.003101469948887825,True
100,49,10,0.007736783940345049,True
100,49,15,0.012237709015607834,True
100,49,20,0.020143471658229828,True
100,49,25,0.019031396135687828,True
100,49,30,0.016226572915911674,True
100,49,35,0.007612278219312429,True
100,49,40,0.015193711966276169,True
100,49,45,0.01101133693009615,True
100,49,50,0.009999221190810204,True
100,49,55,0.0063819908536970615,True
100,49,60,0.004860925953835249,True
100,49,65,0.006113739684224129,True
100,49,70,0.004848486743867397,True
100,49,75,0.002898565260693431,True
200,0,10,0.013089004904031754,True
200,0,15,0.016174359247088432,True
200,0,20,0.038726743310689926,True
200,0,25,0.02926456555724144,True
200,0,30,0.011296789161860943,True
200,0,35,0.011479752138257027,True
200,0,40,0.013681645505130291,True
200,0,45,0.012916235253214836,True
200,0,50,0.016352031379938126,True
200,0,55,0.015071913599967957,True
200,0,60,0.008006311021745205,True
200,0,65,0.009492242708802223,True
200,0,70,0.01516787987202406,True
200,0,75,0.010524852201342583,True
200,1,10,0.012395435944199562,True
200,1,15,0.01774497516453266,True
200,1,20,0.0395517572760582,True
200,1,25,0.018579088151454926,True
200,1,30,0.011249921284615993,True
200,1,35,0.01209984440356493,True
200,1,40,0.01475668977946043,True
200,1,45,0.010054477490484715,True
200,1,50,0.010558906011283398,True
200,1,55,0.009617744944989681,True
200,1,60,0.008103003725409508,True
200,1,65,0.0069880071096122265,True
200,1,70,0.012280995957553387,True
200,1,75,0.010225818492472172,True
200,2,10,0.011601426638662815,True
200,2,15,0.020538320764899254,True
200,2,20,0.04180661588907242,True
200,2,25,0.02713583968579769,True
200,2,30,0.010977460071444511,True
200,2,35,0.010789614170789719,True
200,2,40,0.016239991411566734,True
200,2,45,0.01618616096675396,True
200,2,50,0.014194989576935768,True
200,2,55,0.008680861443281174,True
200,2,60,0.0038562871050089598,True
200,2,65,0.009057112969458103,True
200,2,70,0.015518355183303356,True
200,2,75,0.010228650644421577,True
200,3,10,0.013719264417886734,True
200,3,15,0.017861055210232735,True
200,3,20,0.036177847534418106,True
200,3,25,0.03439340367913246,True
200,3,30,0.012802666053175926,True
200,3,35,0.013630961999297142,True
200,3,40,0.01581477001309395,True
200,3,45,0.011887202039361,True
200,3,50,0.012771574780344963,True
200,3,55,0.011021857149899006,True
200,3,60,0.005401140544563532,True
200,3,65,0.011998330242931843,True
200,3,70,0.0159835834056139,True
200,3,75,0.010784110985696316,True
200,4,10,0.011465854942798615,True
200,4,15,0.018403006717562675,True
200,4,20,0.03899577260017395,True
200,4,25,0.017208445817232132,True
200,4,30,0.011370896361768246,True
200,4,35,0.011215564794838428,True
200,4,40,0.012068530544638634,True
200,4,45,0.011221109889447689,True
200,4,50,0.011278514750301838,True
200,4,55,0.0093972934409976,True
200,4,60,0.009779313579201698,True
200,4,65,0.010037912987172604,True
200,4,70,0.014912844635546207,True
200,4,75,0.008879074826836586,True
200,5,10,0.010765066370368004,True
200,5,15,0.01830349862575531,True
200,5,20,0.03963259607553482,True
200,5,25,0.021258456632494926,True
200,5,30,0.010450745932757854,True
200,5,35,0.011644778773188591,True
200,5,40,0.01526317186653614,True
200,5,45,0.013227482326328754,True
200,5,50,0.006417006254196167,True
200,5,55,0.0074595194309949875,True
200,5,60,0.005201931577175856,True
200,5,65,0.007670244202017784,True
200,5,70,0.012029379606246948,True
200,5,75,0.011401004157960415,True
200,6,10,0.012254780158400536,True
200,6,15,0.014987309463322163,True
200,6,20,0.04348833113908768,True
200,6,25,0.027630498632788658,True
200,6,30,0.01127359177917242,True
200,6,35,0.01152429822832346,True
200,6,40,0.014451676979660988,True
200,6,45,0.011854426003992558,True
200,6,50,0.007925526238977909,True
200,6,55,0.011438150890171528,True
200,6,60,0.01004029717296362,True
200,6,65,0.011009501293301582,True
200,6,70,0.012950563803315163,True
200,6,75,0.006590244360268116,True
200,7,10,0.01094554178416729,True
200,7,15,0.016554906964302063,True
200,7,20,0.03825981169939041,True
200,7,25,0.02227177284657955,True
200,7,30,0.010974842123687267,True
200,7,35,0.011404634453356266,True
200,7,40,0.015080067329108715,True
200,7,45,0.010596511885523796,True
200,7,50,0.011825286783277988,True
200,7,55,0.014175551943480968,True
200,7,60,0.010842600837349892,True
200,7,65,0.008138785138726234,True
200,7,70,0.014036585576832294,True
200,7,75,0.010240225121378899,True
200,8,10,0.01227499544620514,True
200,8,15,0.014124315232038498,True
200,8,20,0.036075275391340256,True
200,8,25,0.021567724645137787,True
200,8,30,0.011867986060678959,True
200,8,35,0.012099006213247776,True
200,8,40,0.012462800368666649,True
200,8,45,0.016368133947253227,True
200,8,50,0.00972696952521801,True
200,8,55,0.011331860907375813,True
200,8,60,0.010204441845417023,True
200,8,65,0.01037612371146679,True
200,8,70,0.012100870721042156,True
200,8,75,0.006194958463311195,True
200,9,10,0.011913148686289787,True
200,9,15,0.018148764967918396,True
200,9,20,0.0413077138364315,True
200,9,25,0.02432667836546898,True
200,9,30,0.011458304710686207,True
200,9,35,0.013057736679911613,True
200,9,40,0.015158342197537422,True
200,9,45,0.010230700485408306,True
200,9,50,0.00812583975493908,True
200,9,55,0.015118034556508064,True
200,9,60,0.0047393664717674255,True
200,9,65,0.00841982290148735,True
200,9,70,0.015502085909247398,True
200,9,75,0.010842771269381046,True
200,10,10,0.012172454036772251,True
200,10,15,0.014228563755750656,True
200,10,20,0.03232557326555252,True
200,10,25,0.031140845268964767,True
200,10,30,0.012285875156521797,True
200,10,35,0.012901294976472855,True
200,10,40,0.016637878492474556,True
200,10,45,0.011381836608052254,True
200,10,50,0.014841549098491669,True
200,10,55,0.007979199290275574,True
200,10,60,0.0077042304910719395,True
200,10,65,0.010498558171093464,True
200,10,70,0.01991385407745838,True
200,10,75,0.008752512745559216,True
200,11,10,0.010998695157468319,True
200,11,15,0.01705745980143547,True
200,11,20,0.035531941801309586,True
200,11,25,0.03458940610289574,True
200,11,30,0.012699074111878872,True
200,11,35,0.013305782340466976,True
200,11,40,0.015796395018696785,True
200,11,45,0.013551372103393078,True
200,11,50,0.00763762928545475,True
200,11,55,0.011361287906765938,True
200,11,60,0.007781255524605513,True
200,11,65,0.008965677581727505,True
200,11,70,0.013627494685351849,True
200,11,75,0.010126257315278053,True
200,12,10,0.01273454912006855,True
200,12,15,0.014575219713151455,True
200,12,20,0.040438465774059296,True
200,12,25,0.026252200827002525,True
200,12,30,0.011980654671788216,True
200,12,35,0.012113108299672604,True
200,12,40,0.015312546864151955,True
200,12,45,0.011355350725352764,True
200,12,50,0.0062439171597361565,True
200,12,55,0.012936362065374851,True
200,12,60,0.009586830623447895,True
200,12,65,0.009066585451364517,True
200,12,70,0.012684239074587822,True
200,12,75,0.0056165107525885105,True
200,13,10,0.015043904073536396,True
200,13,15,0.017016081139445305,True
200,13,20,0.04146774113178253,True
200,13,25,0.02369810827076435,True
200,13,30,0.010230879299342632,True
200,13,35,0.011579022742807865,True
200,13,40,0.015842530876398087,True
200,13,45,0.011522701010107994,True
200,13,50,0.014007166028022766,True
200,13,55,0.008957886137068272,True
200,13,60,0.009209836833178997,True
200,13,65,0.008248299360275269,True
200,13,70,0.011871444061398506,True
200,13,75,0.011434418149292469,True
200,14,10,0.010908198542892933,True
200,14,15,0.02063102275133133,True
200,14,20,0.044211678206920624,True
200,14,25,0.03268677368760109,True
200,14,30,0.011200630106031895,True
200,14,35,0.01057046465575695,True
200,14,40,0.015178881585597992,True
200,14,45,0.012723672203719616,True
200,14,50,0.01346533466130495,True
200,14,55,0.009196735918521881,True
200,14,60,0.007155340630561113,True
200,14,65,0.00818150769919157,True
200,14,70,0.010042092762887478,True
200,14,75,0.007657308131456375,True
200,15,10,0.011946283280849457,True
200,15,15,0.014980734325945377,True
200,15,20,0.03623433783650398,True
200,15,25,0.023838305845856667,True
200,15,30,0.012854497879743576,True
200,15,35,0.010818579234182835,True
200,15,40,0.01380680687725544,True
200,15,45,0.008535221219062805,True
200,15,50,0.006462267134338617,True
200,15,55,0.010242045857012272,True
200,15,60,0.009120318107306957,True
200,15,65,0.008567770011723042,True
200,15,70,0.013872881419956684,True
200,15,75,0.013102383352816105,True
200,16,10,0.013874407857656479,True
200,16,15,0.018540525808930397,True
200,16,20,0.03847741335630417,True
200,16,25,0.01814950630068779,True
200,16,30,0.011100397445261478,True
200,16,35,0.011183631606400013,True
200,16,40,0.015406082384288311,True
200,16,45,0.008451344445347786,True
200,16,50,0.01050045806914568,True
200,16,55,0.007237838581204414,True
200,16,60,0.008534754626452923,True
200,16,65,0.00720364460721612,True
200,16,70,0.01034547295421362,True
200,16,75,0.011364773847162724,True
200,17,10,0.011679179966449738,True
200,17,15,0.016789544373750687,True
200,17,20,0.03563744202256203,True
200,17,25,0.02730778232216835,True
200,17,30,0.010968673974275589,True
200,17,35,0.011215079575777054,True
200,17,40,0.016831468790769577,True
200,17,45,0.013338256627321243,True
200,17,50,0.007976199500262737,True
200,17,55,0.012330708093941212,True
200,17,60,0.008453890681266785,True
200,17,65,0.00936626922339201,True
200,17,70,0.01279071718454361,True
200,17,75,0.010257929563522339,True
200,18,10,0.01239895448088646,True
200,18,15,0.01853039488196373,True
200,18,20,0.039987217634916306,True
200,18,25,0.024490900337696075,True
200,18,30,0.01234852522611618,True
200,18,35,0.011693820357322693,True
200,18,40,0.014451262541115284,True
200,18,45,0.013627042062580585,True
200,18,50,0.012025616131722927,True
200,18,55,0.02168605476617813,True
200,18,60,0.01017494685947895,True
200,18,65,0.012426947243511677,True
200,18,70,0.015632789582014084,True
200,18,75,0.005586252082139254,True
200,19,10,0.013284100219607353,True
200,19,15,0.01591518707573414,True
200,19,20,0.04108554124832153,True
200,19,25,0.02593328431248665,True
200,19,30,0.011126566678285599,True
200,19,35,0.011577463708817959,True
200,19,40,0.015931429341435432,True
200,19,45,0.012404369190335274,True
200,19,50,0.014371532946825027,True
200,19,55,0.01456959918141365,True
200,19,60,0.008106834255158901,True
200,19,65,0.010028280317783356,True
200,19,70,0.012924358248710632,True
200,19,75,0.008735736832022667,True
200,20,10,0.012940619140863419,True
200,20,15,0.015704777091741562,True
200,20,20,0.03970886021852493,True
200,20,25,0.020181166008114815,True
200,20,30,0.01076149195432663,True
200,20,35,0.01126507855951786,True
200,20,40,0.015382436104118824,True
200,20,45,0.010895638726651669,True
200,20,50,0.010254661552608013,True
200,20,55,0.007548839319497347,True
200,20,60,0.007457348518073559,True
200,20,65,0.006245056167244911,True
200,20,70,0.010630656965076923,True
200,20,75,0.01006611343473196,True
200,21,10,0.01093914732336998,True
200,21,15,0.018375709652900696,True
200,21,20,0.039783068001270294,True
200,21,25,0.020362453535199165,True
200,21,30,0.009858604520559311,True
200,21,35,0.011475371196866035,True
200,21,40,0.015303611755371094,True
200,21,45,0.014018764719367027,True
200,21,50,0.009169187396764755,True
200,21,55,0.00786170270293951,True
200,21,60,0.007038724143058062,True
200,21,65,0.005643641576170921,True
200,21,70,0.01083314698189497,True
200,21,75,0.010540957562625408,True
200,22,10,0.011641898192465305,True
200,22,15,0.014365647919476032,True
200,22,20,0.03332032263278961,True
200,22,25,0.025775695219635963,True
200,22,30,0.010967872105538845,True
200,22,35,0.011392422951757908,True
200,22,40,0.017143990844488144,True
200,22,45,0.014478573575615883,True
200,22,50,0.010651160962879658,True
200,22,55,0.012047164142131805,True
200,22,60,0.006922681350260973,True
200,22,65,0.009907386265695095,True
200,22,70,0.012273445725440979,True
200,22,75,0.010362501256167889,True
200,23,10,0.012056388892233372,True
200,23,15,0.01943366229534149,True
200,23,20,0.04051618278026581,True
200,23,25,0.02548377588391304,True
200,23,30,0.010505300015211105,True
200,23,35,0.011181283742189407,True
200,23,40,0.016641652211546898,True
200,23,45,0.014040082693099976,True
200,23,50,0.008869119919836521,True
200,23,55,0.009644614532589912,True
200,23,60,0.009127874858677387,True
200,23,65,0.008004740811884403,True
200,23,70,0.012238230556249619,True
200,23,75,0.009551480412483215,True
200,24,10,0.013093679212033749,True
200,24,15,0.017869263887405396,True
200,24,20,0.03835584968328476,True
200,24,25,0.0242480281740427,True
200,24,30,0.011836163699626923,True
200,24,35,0.01219167374074459,True
200,24,40,0.016102710738778114,True
200,24,45,0.013366933912038803,True
200,24,50,0.010030138306319714,True
200,24,55,0.009854474104940891,True
200,24,60,0.005766086746007204,True
200,24,65,0.007976979948580265,True
200,24,70,0.014907291159033775,True
200,24,75,0.009244953282177448,True
200,25,10,0.010545139200985432,True
200,25,15,0.019805140793323517,True
200,25,20,0.03521878272294998,True
200,25,25,0.031155522912740707,True
200,25,30,0.010676577687263489,True
200,25,35,0.011256348341703415,True
200,25,40,0.015073191374540329,True
200,25,45,0.012615504674613476,True
200,25,50,0.017215533182024956,True
200,25,55,0.01544011291116476,True
200,25,60,0.008454160764813423,True
200,25,65,0.009373046457767487,True
200,25,70,0.014630929566919804,True
200,25,75,0.011176036670804024,True
200,26,10,0.012365827336907387,True
200,26,15,0.01547249685972929,True
200,26,20,0.040303949266672134,True
200,26,25,0.019527899101376534,True
200,26,30,0.011317419819533825,True
200,26,35,0.009783965535461903,True
200,26,40,0.013768168166279793,True
200,26,45,0.011874785646796227,True
200,26,50,0.013899613171815872,True
200,26,55,0.010427071712911129,True
200,26,60,0.00900224968791008,True
200,26,65,0.008772441186010838,True
200,26,70,0.014225166290998459,True
200,26,75,0.01032277662307024,True
200,27,10,0.012956149876117706,True
200,27,15,0.014879357069730759,True
200,27,20,0.035601962357759476,True
200,27,25,0.030334647744894028,True
200,27,30,0.011340413242578506,True
200,27,35,0.011336367577314377,True
200,27,40,0.015327711589634418,True
200,27,45,0.017703058198094368,True
200,27,50,0.01724294014275074,True
200,27,55,0.014709566719830036,True
200,27,60,0.007638442795723677,True
200,27,65,0.008250170387327671,True
200,27,70,0.01426335982978344,True
200,27,75,0.010543848387897015,True
200,28,10,0.014704885892570019,True
200,28,15,0.01946411095559597,True
200,28,20,0.043286439031362534,True
200,28,25,0.019915064796805382,True
200,28,30,0.011392741464078426,True
200,28,35,0.010368104092776775,True
200,28,40,0.014929176308214664,True
200,28,45,0.01520730834454298,True
200,28,50,0.010090778581798077,True
200,28,55,0.01202063262462616,True
200,28,60,0.0092115243896842,True
200,28,65,0.010892490856349468,True
200,28,70,0.013263806700706482,True
200,29,10,0.013710216619074345,True
200,29,15,0.018613293766975403,True
200,29,20,0.041208744049072266,True
200,29,25,0.021558066830039024,True
200,29,30,0.011200315319001675,True
200,29,35,0.011661935597658157,True
200,29,40,0.014224049635231495,True
200,29,45,0.010336778126657009,True
200,29,50,0.014748099260032177,True
200,29,55,0.010866028256714344,True
200,29,60,0.008338810876011848,True
200,29,65,0.009651112370193005,True
200,29,70,0.016250237822532654,True
200,30,10,0.010182522237300873,True
200,30,15,0.01514073833823204,True
200,30,20,0.034195270389318466,True
200,30,25,0.029867177829146385,True
200,30,30,0.011889562010765076,True
200,30,35,0.010585550218820572,True
200,30,40,0.015687057748436928,True
200,30,45,0.01337096281349659,True
200,30,50,0.015602461993694305,True
200,30,55,0.013499727472662926,True
200,30,60,0.00706467917189002,True
200,30,65,0.009398096241056919,True
200,30,70,0.015429715625941753,True
200,30,75,0.012970546260476112,True
200,31,10,0.013078308664262295,True
200,31,15,0.01866203546524048,True
200,31,20,0.039843201637268066,True
200,31,25,0.028865469619631767,True
200,31,30,0.011599943041801453,True
200,31,35,0.012075689621269703,True
200,31,40,0.015523338690400124,True
200,31,45,0.012188762426376343,True
200,31,50,0.020252756774425507,True
200,31,55,0.013696003705263138,True
200,31,60,0.009631766006350517,True
200,31,65,0.009571127593517303,True
200,31,70,0.01637970469892025,True
200,31,75,0.011452467180788517,True
200,32,10,0.012675715610384941,True
200,32,15,0.020270105451345444,True
200,32,20,0.046904556453228,True
200,32,25,0.0267715472728014,True
200,32,30,0.011038769967854023,True
200,32,35,0.012092609889805317,True
200,32,40,0.014477002434432507,True
200,32,45,0.011892586015164852,True
200,32,50,0.007398697081953287,True
200,32,55,0.014203011058270931,True
200,32,60,0.008361578918993473,True
200,32,65,0.007233377546072006,True
200,32,70,0.013780095614492893,True
200,32,75,0.012087235227227211,True
200,33,10,0.011005769483745098,True
200,33,15,0.019584277644753456,True
200,33,20,0.04269644618034363,True
200,33,25,0.024260908365249634,True
200,33,30,0.009938669390976429,True
200,33,35,0.011400241404771805,True
200,33,40,0.01585162989795208,True
200,33,45,0.011632553301751614,True
200,33,50,0.006442257668823004,True
200,33,55,0.006939403712749481,True
200,33,60,0.008590307086706161,True
200,33,65,0.006276142317801714,True
200,33,70,0.010757497511804104,True
200,33,75,0.010989852249622345,True
200,34,10,0.012828845530748367,True
200,34,15,0.015923548489809036,True
200,34,20,0.04030865430831909,True
200,34,25,0.027631646022200584,True
200,34,30,0.011247200891375542,True
200,34,35,0.011405148543417454,True
200,34,40,0.016824716702103615,True
200,34,45,0.012803308665752411,True
200,34,50,0.014396175742149353,True
200,34,55,0.01034550741314888,True
200,34,60,0.007846365682780743,True
200,34,65,0.0075802868232131,True
200,34,70,0.014058046042919159,True
200,34,75,0.00970519706606865,True
200,35,10,0.011549956165254116,True
200,35,15,0.014776365831494331,True
200,35,20,0.03280746564269066,True
200,35,25,0.029124168679118156,True
200,35,30,0.010824701748788357,True
200,35,35,0.010571801103651524,True
200,35,40,0.015189370140433311,True
200,35,45,0.014642118476331234,True
200,35,50,0.00913843885064125,True
200,35,55,0.011927325278520584,True
200,35,60,0.008480126969516277,True
200,35,65,0.009062480181455612,True
200,35,70,0.014440703205764294,True
200,35,75,0.010973108932375908,True
200,36,10,0.011061145924031734,True
200,36,15,0.01926625892519951,True
200,36,20,0.04310494288802147,True
200,36,25,0.024602869525551796,True
200,36,30,0.011542887426912785,True
200,36,35,0.010870611295104027,True
200,36,40,0.014433087781071663,True
200,36,45,0.013137780129909515,True
200,36,50,0.011076653376221657,True
200,36,55,0.015737229958176613,True
200,36,60,0.007604979909956455,True
200,36,65,0.009783290326595306,True
200,36,70,0.013466290198266506,True
200,36,75,0.0049596824683249,True
200,37,10,0.013032152317464352,True
200,37,15,0.018293041735887527,True
200,37,20,0.03949964791536331,True
200,37,25,0.02106945961713791,True
200,37,30,0.010372264310717583,True
200,37,35,0.011548525653779507,True
200,37,40,0.01648625172674656,True
200,37,45,0.013249438256025314,True
200,37,50,0.012239009141921997,True
200,37,55,0.009779257699847221,True
200,37,60,0.009224413894116879,True
200,37,65,0.006296802312135696,True
200,37,70,0.011083521880209446,True
200,37,75,0.010780472308397293,True
200,38,10,0.012053538113832474,True
200,38,15,0.018320301547646523,True
200,38,20,0.03545394539833069,True
200,38,25,0.027268752455711365,True
200,38,30,0.01160831656306982,True
200,38,35,0.010195397771894932,True
200,38,40,0.01674875244498253,True
200,38,45,0.009742236696183681,True
200,38,50,0.011494757607579231,True
200,38,55,0.012544038705527782,True
200,38,60,0.007267182692885399,True
200,38,65,0.007689886260777712,True
200,38,70,0.01267226692289114,True
200,38,75,0.008506112731993198,True
200,39,10,0.013130375184118748,True
200,39,15,0.01643987186253071,True
200,39,20,0.03543492779135704,True
200,39,25,0.01702091470360756,True
200,39,30,0.012786113657057285,True
200,39,35,0.012049509212374687,True
200,39,40,0.014520417898893356,True
200,39,45,0.00820840522646904,True
200,39,50,0.006991548929363489,True
200,39,55,0.005079842638224363,True
200,39,60,0.007616304326802492,True
200,39,65,0.009510125033557415,True
200,39,70,0.012271502986550331,True
200,39,75,0.005759660620242357,True
200,40,10,0.013540348038077354,True
200,40,15,0.015784870833158493,True
200,40,20,0.04007036238908768,True
200,40,25,0.022860582917928696,True
200,40,30,0.011449388228356838,True
200,40,35,0.011114186607301235,True
200,40,40,0.01496579498052597,True
200,40,45,0.012087789364159107,True
200,40,50,0.013767789117991924,True
200,40,55,0.014746863394975662,True
200,40,60,0.010264548473060131,True
200,40,65,0.011371051892638206,True
200,40,70,0.01159022469073534,True
200,40,75,0.005462761502712965,True
200,41,10,0.013886982575058937,True
200,41,15,0.015667922794818878,True
200,41,20,0.0419352725148201,True
200,41,25,0.017360679805278778,True
200,41,30,0.012715410441160202,True
200,41,35,0.01212212722748518,True
200,41,40,0.013629939407110214,True
200,41,45,0.015160715207457542,True
200,41,50,0.012399282306432724,True
200,41,55,0.010770995169878006,True
200,41,60,0.006554844789206982,True
200,41,65,0.010591132566332817,True
200,41,70,0.012660936452448368,True
200,42,10,0.013262196443974972,True
200,42,15,0.01713007315993309,True
200,42,20,0.03987513482570648,True
200,42,25,0.029129600152373314,True
200,42,30,0.01169185433536768,True
200,42,35,0.01221778616309166,True
200,42,40,0.01612601988017559,True
200,42,45,0.012645600363612175,True
200,42,50,0.015430564992129803,True
200,42,55,0.016070742160081863,True
200,42,60,0.012503675185143948,True
200,42,65,0.011757996864616871,True
200,42,70,0.01722879707813263,True
200,42,75,0.0100425835698843,True
200,43,10,0.011350392363965511,True
200,43,15,0.019871585071086884,True
200,43,20,0.03969651088118553,True
200,43,25,0.017762228846549988,True
200,43,30,0.011068900115787983,True
200,43,35,0.011410892941057682,True
200,43,40,0.015777280554175377,True
200,43,45,0.012383144348859787,True
200,43,50,0.007406217977404594,True
200,43,55,0.007701450493186712,True
200,43,60,0.006696486379951239,True
200,43,65,0.008302892558276653,True
200,43,70,0.013066018000245094,True
200,43,75,0.007996235974133015,True
200,44,10,0.012333516962826252,True
200,44,15,0.01415763609111309,True
200,44,20,0.03156464546918869,True
200,44,25,0.024282056838274002,True
200,44,30,0.011140774004161358,True
200,44,35,0.011366568505764008,True
200,44,40,0.01615043543279171,True
200,44,45,0.009824424982070923,True
200,44,50,0.00917653925716877,True
200,44,55,0.007800237275660038,True
200,44,60,0.008226905018091202,True
200,44,65,0.009550563991069794,True
200,44,70,0.011648549698293209,True
200,44,75,0.01042174268513918,True
200,45,10,0.012044515460729599,True
200,45,15,0.01638304628431797,True
200,45,20,0.03880372270941734,True
200,45,25,0.01882249116897583,True
200,45,30,0.012655318714678288,True
200,45,35,0.010435921140015125,True
200,45,40,0.013016149401664734,True
200,45,45,0.007482792716473341,True
200,45,50,0.0064936415292322636,True
200,45,55,0.009092776104807854,True
200,45,60,0.008584816008806229,True
200,45,65,0.01006383914500475,True
200,45,70,0.012634088285267353,True
200,46,10,0.011350021697580814,True
200,46,15,0.020591342821717262,True
200,46,20,0.039859142154455185,True
200,46,25,0.026632487773895264,True
200,46,30,0.01169783715158701,True
200,46,35,0.011318231001496315,True
200,46,40,0.014995075762271881,True
200,46,45,0.017143625766038895,True
200,46,50,0.01964508555829525,True
200,46,55,0.016145486384630203,True
200,46,60,0.007611991837620735,True
200,46,65,0.009837138466536999,True
200,46,70,0.012910382822155952,True
200,46,75,0.00942630972713232,True
200,47,10,0.013279826380312443,True
200,47,15,0.017697857692837715,True
200,47,20,0.03757990151643753,True
200,47,25,0.029361389577388763,True
200,47,30,0.010928673669695854,True
200,47,35,0.011055439710617065,True
200,47,40,0.01514411997050047,True
200,47,45,0.013297357596457005,True
200,47,50,0.016968222334980965,True
200,47,55,0.013370098546147346,True
200,47,60,0.010923927649855614,True
200,47,65,0.010336323641240597,True
200,47,70,0.015492663718760014,True
200,47,75,0.012709042057394981,True
200,48,10,0.01283902395516634,True
200,48,15,0.01844349130988121,True
200,48,20,0.03738554194569588,True
200,48,25,0.01805046573281288,True
200,48,30,0.01257234625518322,True
200,48,35,0.01180281862616539,True
200,48,40,0.012899651192128658,True
200,48,45,0.00851223524659872,True
200,48,50,0.007993937470018864,True
200,48,55,0.015166348777711391,True
200,48,60,0.007741220761090517,True
200,48,65,0.00905105285346508,True
200,48,70,0.0133993960916996,True
200,48,75,0.005222003906965256,True
200,49,10,0.011906913481652737,True
200,49,15,0.014172757975757122,True
200,49,20,0.036049652844667435,True
200,49,25,0.028790384531021118,True
200,49,30,0.011079840362071991,True
200,49,35,0.010877001099288464,True
200,49,40,0.015353617258369923,True
200,49,45,0.020722687244415283,True
200,49,50,0.019445698708295822,True
200,49,55,0.01849178597331047,True
200,49,60,0.009995180182158947,True
200,49,65,0.011982192285358906,True
200,49,70,0.013114888221025467,True
200,49,75,0.008726084604859352,True
300,0,10,0.01105370931327343,True
300,0,15,0.013816836290061474,True
300,0,20,0.02689402550458908,True
300,0,25,0.03300943225622177,True
300,0,30,0.015623093582689762,True
300,0,35,0.01043802872300148,True
300,0,40,0.012202332727611065,True
300,0,45,0.013695946894586086,True
300,0,50,0.011426310986280441,True
300,0,55,0.008649650029838085,True
300,0,60,0.00643879733979702,True
300,0,65,0.007161426357924938,True
300,0,70,0.010232864879071712,True
300,0,75,0.005937300622463226,True
300,0,80,0.011272651143372059,True
300,1,10,0.007199025247246027,True
300,1,15,0.011436625383794308,True
300,1,20,0.04127994552254677,True
300,1,25,0.026353804394602776,True
300,1,30,0.011115944012999535,True
300,1,35,0.009677085094153881,True
300,1,40,0.022556640207767487,True
300,1,45,0.015788031741976738,True
300,1,50,0.006961090490221977,True
300,1,55,0.008754400536417961,True
300,1,60,0.005718122236430645,True
300,1,65,0.006068435963243246,True
300,1,70,0.008087693713605404,True
300,1,75,0.006219291593879461,True
300,2,10,0.008262759074568748,True
300,2,15,0.012890125624835491,True
300,2,20,0.034268394112586975,True
300,2,25,0.031044427305459976,True
300,2,30,0.01373296044766903,True
300,2,35,0.007540207821875811,True
300,2,40,0.025258323177695274,True
300,2,45,0.008978750556707382,True
300,2,50,0.009039563126862049,True
300,2,55,0.006580163724720478,True
300,2,60,0.00490255793556571,True
300,2,65,0.006546654738485813,True
300,2,70,0.008889089338481426,True
300,2,75,0.003634039778262377,True
300,3,10,0.010691872797906399,True
300,3,15,0.01454989518970251,True
300,3,20,0.030006160959601402,True
300,3,25,0.035338934510946274,True
300,3,30,0.01780475676059723,True
300,3,35,0.010224550031125546,True
300,3,40,0.018480215221643448,True
300,3,45,0.015644943341612816,True
300,3,50,0.00841474812477827,True
300,3,55,0.008419780060648918,True
300,3,60,0.006066241301596165,True
300,3,65,0.0066959792748093605,True
300,3,70,0.010511326603591442,True
300,3,75,0.005625500343739986,True
300,4,10,0.006310248281806707,True
300,4,15,0.011756482534110546,True
300,4,20,0.03550473228096962,True
300,4,25,0.025018252432346344,True
300,4,30,0.013619470410048962,True
300,4,35,0.009837346151471138,True
300,4,40,0.013228900730609894,True
300,4,45,0.013167904689908028,True
300,4,50,0.00906017329543829,True
300,4,55,0.00816955603659153,True
300,4,60,0.005684688221663237,True
300,4,65,0.005720033776015043,True
300,4,70,0.009197467006742954,True
300,4,75,0.005722470581531525,True
300,5,10,0.006534652318805456,True
300,5,15,0.010910460725426674,True
300,5,20,0.031082503497600555,True
300,5,25,0.02733444608747959,True
300,5,30,0.01368862483650446,True
300,5,35,0.009340652264654636,True
300,5,40,0.024078918620944023,True
300,5,45,0.008477634750306606,True
300,5,50,0.008572951890528202,True
300,5,55,0.004188516177237034,True
300,5,60,0.004162807948887348,True
300,5,65,0.005798331927508116,True
300,5,70,0.008919931016862392,True
300,5,75,0.0038659630808979273,True
300,5,80,0.004833531100302935,True
300,6,10,0.006178649142384529,True
300,6,15,0.015241453424096107,True
300,6,20,0.038758281618356705,True
300,6,25,0.028878839686512947,True
300,6,30,0.017172977328300476,True
300,6,35,0.009438416920602322,True
300,6,40,0.019325222820043564,True
300,6,45,0.016172654926776886,True
300,6,50,0.010335873812437057,True
300,6,55,0.009411950595676899,True
300,6,60,0.00669611431658268,True
300,6,65,0.007882197387516499,True
300,6,70,0.008527042344212532,True
300,6,75,0.006654436234384775,True
300,7,10,0.008912482298910618,True
300,7,15,0.011228995397686958,True
300,7,20,0.03994735702872276,True
300,7,25,0.026076314970850945,True
300,7,30,0.014761053957045078,True
300,7,35,0.00986003503203392,True
300,7,40,0.020920123904943466,True
300,7,45,0.018628258258104324,True
300,7,50,0.007879282347857952,True
300,7,55,0.008366747759282589,True
300,7,60,0.00626734271645546,True
300,7,65,0.006066909059882164,True
300,7,70,0.010206842795014381,True
300,7,75,0.004690490197390318,True
300,8,10,0.005789495073258877,True
300,8,15,0.009900838136672974,True
300,8,20,0.035417139530181885,True
300,8,25,0.031980179250240326,True
300,8,30,0.009384006261825562,True
300,8,35,0.010490801185369492,True
300,8,40,0.019905854016542435,True
300,8,45,0.016921259462833405,True
300,8,50,0.00778386602178216,True
300,8,55,0.008610215038061142,True
300,8,60,0.005276752635836601,True
300,8,65,0.006846587639302015,True
300,8,70,0.006823886185884476,True
300,8,75,0.005625524092465639,True
300,9,10,0.009287393651902676,True
300,9,15,0.014059486798942089,True
300,9,20,0.033626995980739594,True
300,9,25,0.02810172736644745,True
300,9,30,0.015565061010420322,True
300,9,35,0.00970496516674757,True
300,9,40,0.01823212392628193,True
300,9,45,0.007283347193151712,True
300,9,50,0.008613033220171928,True
300,9,55,0.00808496680110693,True
300,9,60,0.005989224184304476,True
300,9,65,0.00761206541210413,True
300,9,70,0.009202543646097183,True
300,9,75,0.004472250118851662,True
300,10,10,0.008623392321169376,True
300,10,15,0.01384367048740387,True
300,10,20,0.01873393915593624,True
300,10,25,0.03051237389445305,True
300,10,30,0.017095893621444702,True
300,10,35,0.009822556748986244,True
300,10,40,0.01584203541278839,True
300,10,45,0.0127644594758749,True
300,10,50,0.012111373245716095,True
300,10,55,0.007119110319763422,True
300,10,60,0.006047098431736231,True
300,10,65,0.007364078890532255,True
300,10,70,0.009786036796867847,True
300,10,75,0.0059022256173193455,True
300,10,80,0.009222135879099369,True
300,11,10,0.011142597533762455,True
300,11,15,0.013986168429255486,True
300,11,20,0.024741942062973976,True
300,11,25,0.03121606819331646,True
300,11,30,0.01698743738234043,True
300,11,35,0.00951629038900137,True
300,11,40,0.017238695174455643,True
300,11,45,0.010337406769394875,True
300,11,50,0.010714874602854252,True
300,11,55,0.008088009431958199,True
300,11,60,0.005502109415829182,True
300,11,65,0.006005201488733292,True
300,11,70,0.00881427526473999,True
300,11,75,0.003870173590257764,True
300,12,10,0.004937697667628527,True
300,12,15,0.014026940800249577,True
300,12,20,0.03676188737154007,True
300,12,25,0.028089016675949097,True
300,12,30,0.015056761913001537,True
300,12,35,0.007774829398840666,True
300,12,40,0.017911836504936218,True
300,12,45,0.012183274142444134,True
300,12,50,0.008999122306704521,True
300,12,55,0.006026401650160551,True
300,12,60,0.005973455961793661,True
300,12,65,0.006118017714470625,True
300,12,70,0.008891936391592026,True
300,12,75,0.004856661893427372,True
300,13,10,0.007801576517522335,True
300,13,15,0.012751732021570206,True
300,13,20,0.039846066385507584,True
300,13,25,0.031110120937228203,True
300,13,30,0.014205172657966614,True
300,13,35,0.008212214335799217,True
300,13,40,0.020590772852301598,True
300,13,45,0.007443070411682129,True
300,13,50,0.007305831182748079,True
300,13,55,0.0074646566063165665,True
300,13,60,0.005765161942690611,True
300,13,65,0.006888057570904493,True
300,13,70,0.008995787240564823,True
300,13,75,0.005617994349449873,True
300,14,10,0.011190292425453663,True
300,14,15,0.016074400395154953,True
300,14,20,0.035749152302742004,True
300,14,25,0.033100686967372894,True
300,14,30,0.018752889707684517,True
300,14,35,0.010772266425192356,True
300,14,40,0.019994573667645454,True
300,14,45,0.013768067583441734,True
300,14,50,0.008989588357508183,True
300,14,55,0.008731219917535782,True
300,14,60,0.005612062755972147,True
300,14,65,0.007032289635390043,True
300,14,70,0.008384458720684052,True
300,14,75,0.005165337584912777,True
300,15,10,0.0059296428225934505,True
300,15,15,0.011901237070560455,True
300,15,20,0.025705883279442787,True
300,15,25,0.03006933629512787,True
300,15,30,0.011525318957865238,True
300,15,35,0.010676306672394276,True
300,15,40,0.019149422645568848,True
300,15,45,0.007966157048940659,True
300,15,50,0.007596782874315977,True
300,15,55,0.0066772508434951305,True
300,15,60,0.006742282770574093,True
300,15,65,0.007422047201544046,True
300,15,70,0.00873462576419115,True
300,15,75,0.005812996067106724,True
300,16,10,0.00609569251537323,True
300,16,15,0.012739147990942001,True
300,16,20,0.03437654674053192,True
300,16,25,0.026015251874923706,True
300,16,30,0.013413334265351295,True
300,16,35,0.008129041641950607,True
300,16,40,0.02236568182706833,True
300,16,45,0.008525640703737736,True
300,16,50,0.010274623520672321,True
300,16,55,0.004699994344264269,True
300,16,60,0.005417613312602043,True
300,16,65,0.007261295802891254,True
300,16,70,0.007365007884800434,True
300,16,75,0.0050201741978526115,True
300,16,80,0.007892315275967121,True
300,17,10,0.006916521582752466,True
300,17,15,0.012508890591561794,True
300,17,20,0.028735730797052383,True
300,17,25,0.03145691752433777,True
300,17,30,0.016780754551291466,True
300,17,35,0.0093681700527668,True
300,17,40,0.017684536054730415,True
300,17,45,0.00864356104284525,True
300,17,50,0.008928894065320492,True
300,17,55,0.00783811416476965,True
300,17,60,0.006819350644946098,True
300,17,65,0.00716124614700675,True
300,17,70,0.008511869236826897,True
300,17,75,0.00484029296785593,True
300,18,10,0.006604415364563465,True
300,18,15,0.013684244826436043,True
300,18,20,0.025028575211763382,True
300,18,25,0.028424596413969994,True
300,18,30,0.015698587521910667,True
300,18,35,0.009386425837874413,True
300,18,40,0.01753765344619751,True
300,18,45,0.024095837026834488,True
300,18,50,0.009611459448933601,True
300,18,55,0.00793298240751028,True
300,18,60,0.005616961512714624,True
300,18,65,0.007522233296185732,True
300,18,70,0.008326742798089981,True
300,18,75,0.005827314220368862,True
300,19,10,0.011164374649524689,True
300,19,15,0.014133227989077568,True
300,19,20,0.03325211629271507,True
300,19,25,0.03181145712733269,True
300,19,30,0.01695796102285385,True
300,19,35,0.009206922724843025,True
300,19,40,0.023161908611655235,True
300,19,45,0.01206587627530098,True
300,19,50,0.013264467008411884,True
300,19,55,0.010349910706281662,True
300,19,60,0.006245419383049011,True
300,19,65,0.006726386025547981,True
300,19,70,0.007291342597454786,True
300,19,75,0.005462305620312691,True
300,20,10,0.005099867004901171,True
300,20,15,0.013171738013625145,True
300,20,20,0.02843855321407318,True
300,20,25,0.026088785380125046,True
300,20,30,0.015577950514853,True
300,20,35,0.00950570683926344,True
300,20,40,0.021993564441800117,True
300,20,45,0.008167902007699013,True
300,20,50,0.009107372723519802,True
300,20,55,0.004406993743032217,True
300,20,60,0.004732114262878895,True
300,20,65,0.006734990980476141,True
300,20,70,0.008214288391172886,True
300,20,75,0.004454095382243395,True
300,20,80,0.010031822137534618,True
300,21,10,0.0074281045235693455,True
300,21,15,0.01084902137517929,True
300,21,20,0.03514509275555611,True
300,21,25,0.027521967887878418,True
300,21,30,0.014953133650124073,True
300,21,35,0.007811384741216898,True
300,21,40,0.020409734919667244,True
300,21,45,0.008363839238882065,True
300,21,50,0.012024165131151676,True
300,21,55,0.0059572369791567326,True
300,21,60,0.00474215392023325,True
300,21,65,0.006271127611398697,True
300,21,70,0.008570918813347816,True
300,21,75,0.004357005935162306,True
300,21,80,0.005957674700766802,True
300,22,10,0.011829718947410583,True
300,22,15,0.014431090094149113,True
300,22,20,0.021557852625846863,True
300,22,25,0.03274351358413696,True
300,22,30,0.014032718725502491,True
300,22,35,0.009353152476251125,True
300,22,40,0.019182192161679268,True
300,22,45,0.008607419207692146,True
300,22,50,0.008032461628317833,True
300,22,55,0.008265146985650063,True
300,22,60,0.007079258095473051,True
300,22,65,0.007224810775369406,True
300,22,70,0.007679148577153683,True
300,22,75,0.005736904218792915,True
300,23,10,0.004240748006850481,True
300,23,15,0.01299981027841568,True
300,23,20,0.03322645276784897,True
300,23,25,0.032845571637153625,True
300,23,30,0.014812932349741459,True
300,23,35,0.011451134458184242,True
300,23,40,0.014368554577231407,True
300,23,45,0.014467553235590458,True
300,23,50,0.00830444972962141,True
300,23,55,0.006573575083166361,True
300,23,60,0.006068086717277765,True
300,23,65,0.007466733455657959,True
300,23,70,0.009074672125279903,True
300,23,75,0.004511584062129259,True
300,24,10,0.005496223457157612,True
300,24,15,0.010854924097657204,True
300,24,20,0.02475780062377453,True
300,24,25,0.03074253350496292,True
300,24,30,0.015996797010302544,True
300,24,35,0.00876440480351448,True
300,24,40,0.011612978763878345,True
300,24,45,0.014609921723604202,True
300,24,50,0.009109380654990673,True
300,24,55,0.005077221430838108,True
300,24,60,0.004810711368918419,True
300,24,65,0.007034418638795614,True
300,24,70,0.009938042610883713,True
300,24,75,0.006017856765538454,True
300,24,80,0.00593812670558691,True
300,25,10,0.011488955467939377,True
300,25,15,0.014197983779013157,True
300,25,20,0.027152908965945244,True
300,25,25,0.035583365708589554,True
300,25,30,0.017155686393380165,True
300,25,35,0.009194821119308472,True
300,25,40,0.015262502245604992,True
300,25,45,0.013825115747749805,True
300,25,50,0.011936919763684273,True
300,25,55,0.0068903337232768536,True
300,25,60,0.006942143198102713,True
300,25,65,0.00791397038847208,True
300,25,70,0.00949084386229515,True
300,25,75,0.0044990950264036655,True
300,25,80,0.01749478280544281,True
300,26,10,0.0058392188511788845,True
300,26,15,0.011235876008868217,True
300,26,20,0.0346124991774559,True
300,26,25,0.027692658826708794,True
300,26,30,0.012826696038246155,True
300,26,35,0.009527182206511497,True
300,26,40,0.014599275775253773,True
300,26,45,0.011717875488102436,True
300,26,50,0.0071257418021559715,True
300,26,55,0.007951744832098484,True
300,26,60,0.006814774591475725,True
300,26,65,0.006957086268812418,True
300,26,70,0.009609314613044262,True
300,26,75,0.0042485399171710014,True
300,27,10,0.00417495658621192,True
300,27,15,0.014258856885135174,True
300,27,20,0.025770073756575584,True
300,27,25,0.032417651265859604,True
300,27,30,0.017877299338579178,True
300,27,35,0.008919836021959782,True
300,27,40,0.01756211742758751,True
300,27,45,0.022405941039323807,True
300,27,50,0.013468180783092976,True
300,27,55,0.010883327573537827,True
300,27,60,0.005845200270414352,True
300,27,65,0.006375389639288187,True
300,27,70,0.009141611866652966,True
300,27,75,0.00409533828496933,True
300,28,10,0.006971064023673534,True
300,28,15,0.015141574665904045,True
300,28,20,0.03878573700785637,True
300,28,25,0.027002224698662758,True
300,28,30,0.01413742732256651,True
300,28,35,0.01019278820604086,True
300,28,40,0.01629730686545372,True
300,28,45,0.02457120269536972,True
300,28,50,0.009680853225290775,True
300,28,55,0.007931571453809738,True
300,28,60,0.005425726063549519,True
300,28,65,0.00625479593873024,True
300,28,70,0.009034653194248676,True
300,28,75,0.006276441738009453,True
300,29,10,0.003888220526278019,True
300,29,15,0.0137296998873353,True
300,29,20,0.0371980145573616,True
300,29,25,0.029310815036296844,True
300,29,30,0.014272314496338367,True
300,29,35,0.008884028531610966,True
300,29,40,0.013933523558080196,True
300,29,45,0.01786918193101883,True
300,29,50,0.008504262194037437,True
300,29,55,0.00836429838091135,True
300,29,60,0.006713838782161474,True
300,29,65,0.006633674260228872,True
300,29,70,0.008422587998211384,True
300,29,75,0.005283039528876543,True
300,30,10,0.00928522553294897,True
300,30,15,0.014139206148684025,True
300,30,20,0.013619880191981792,True
300,30,25,0.03277627378702164,True
300,30,30,0.017458653077483177,True
300,30,35,0.008288893848657608,True
300,30,40,0.01981949806213379,True
300,30,45,0.009106505662202835,True
300,30,50,0.009653805755078793,True
300,30,55,0.007584991864860058,True
300,30,60,0.00639457767829299,True
300,30,65,0.007263501174747944,True
300,30,70,0.009307577274739742,True
300,30,75,0.005500492639839649,True
300,31,10,0.005830756388604641,True
300,31,15,0.014428026974201202,True
300,31,20,0.028430210426449776,True
300,31,25,0.03293740004301071,True
300,31,30,0.01648903451859951,True
300,31,35,0.010327139869332314,True
300,31,40,0.015393593348562717,True
300,31,45,0.026889648288488388,True
300,31,50,0.010534733533859253,True
300,31,55,0.009505377151072025,True
300,31,60,0.007256241515278816,True
300,31,65,0.007306607905775309,True
300,31,70,0.010625150054693222,True
300,31,75,0.005798005498945713,True
300,31,80,0.009443609043955803,True
300,32,10,0.01129161473363638,True
300,32,15,0.015086413361132145,True
300,32,20,0.0379120297729969,True
300,32,25,0.03144177794456482,True
300,32,30,0.015925444662570953,True
300,32,35,0.008465112186968327,True
300,32,40,0.018567025661468506,True
300,32,45,0.00905653741210699,True
300,32,50,0.009080342948436737,True
300,32,55,0.010025219060480595,True
300,32,60,0.006701822858303785,True
300,32,65,0.006952316965907812,True
300,32,70,0.00852192286401987,True
300,32,75,0.005235339980572462,True
300,33,10,0.012503539212048054,True
300,33,15,0.014930748380720615,True
300,33,20,0.04684009775519371,True
300,33,25,0.030555378645658493,True
300,33,30,0.012625188566744328,True
300,33,35,0.009108546189963818,True
300,33,40,0.01955850049853325,True
300,33,45,0.012048105709254742,True
300,33,50,0.006869584321975708,True
300,33,55,0.006036040838807821,True
300,33,60,0.004426099359989166,True
300,33,65,0.00571813341230154,True
300,33,70,0.008083615452051163,True
300,33,75,0.0049134125001728535,True
300,34,10,0.004647592548280954,True
300,34,15,0.014606287702918053,True
300,34,20,0.037022966891527176,True
300,34,25,0.030487408861517906,True
300,34,30,0.015995154157280922,True
300,34,35,0.00852231401950121,True
300,34,40,0.02247309684753418,True
300,34,45,0.008484426885843277,True
300,34,50,0.010141107253730297,True
300,34,55,0.005633470136672258,True
300,34,60,0.005291525740176439,True
300,34,65,0.006596107501536608,True
300,34,70,0.008893446065485477,True
300,34,75,0.003253893693909049,True
300,35,10,0.012236934155225754,True
300,35,15,0.013085518963634968,True
300,35,20,0.018980316817760468,True
300,35,25,0.033101554960012436,True
300,35,30,0.01751582883298397,True
300,35,35,0.00828658975660801,True
300,35,40,0.016183611005544662,True
300,35,45,0.006747752893716097,True
300,35,50,0.0082498574629426,True
300,35,55,0.007589874789118767,True
300,35,60,0.006273230537772179,True
300,35,65,0.00776577228680253,True
300,35,70,0.009702866896986961,True
300,35,75,0.0061213127337396145,True
300,36,10,0.00738535076379776,True
300,36,15,0.014750037342309952,True
300,36,20,0.02757992595434189,True
300,36,25,0.028849229216575623,True
300,36,30,0.016567066311836243,True
300,36,35,0.008896639570593834,True
300,36,40,0.01926252990961075,True
300,36,45,0.008073157630860806,True
300,36,50,0.009647214785218239,True
300,36,55,0.0077239335514605045,True
300,36,60,0.00603347597643733,True
300,36,65,0.0064519234001636505,True
300,36,70,0.009363087825477123,True
300,36,75,0.00636513764038682,True
300,37,10,0.0061708493158221245,True
300,37,15,0.01270382385700941,True
300,37,20,0.04021136090159416,True
300,37,25,0.026154212653636932,True
300,37,30,0.014241703785955906,True
300,37,35,0.007496867794543505,True
300,37,40,0.02116996981203556,True
300,37,45,0.007391482125967741,True
300,37,50,0.009950396604835987,True
300,37,55,0.0056332675740122795,True
300,37,60,0.005838559940457344,True
300,37,65,0.007407132536172867,True
300,37,70,0.00872203428298235,True
300,37,75,0.0035661044530570507,True
300,38,10,0.0036313768941909075,True
300,38,15,0.013225734233856201,True
300,38,20,0.03344077244400978,True
300,38,25,0.03178594633936882,True
300,38,30,0.015318125486373901,True
300,38,35,0.00935589149594307,True
300,38,40,0.022685647010803223,True
300,38,45,0.00724890036508441,True
300,38,50,0.00827935989946127,True
300,38,55,0.006922153756022453,True
300,38,60,0.006136669777333736,True
300,38,65,0.006298868451267481,True
300,38,70,0.007962663657963276,True
300,38,75,0.004727981518954039,True
300,39,10,0.006440033670514822,True
300,39,15,0.011129037477076054,True
300,39,20,0.044344186782836914,True
300,39,25,0.028203675523400307,True
300,39,30,0.010207469575107098,True
300,39,35,0.013824877329170704,True
300,39,40,0.014016826637089252,True
300,39,45,0.0076429699547588825,True
300,39,50,0.009802891872823238,True
300,39,55,0.009038089774549007,True
300,39,60,0.004923216532915831,True
300,39,65,0.006855674088001251,True
300,39,70,0.006933337543159723,True
300,39,75,0.0037345346063375473,True
300,40,10,0.0038643062580376863,True
300,40,15,0.014035646803677082,True
300,40,20,0.032757047563791275,True
300,40,25,0.028113238513469696,True
300,40,30,0.01577872224152088,True
300,40,35,0.010577761568129063,True
300,40,40,0.01750253513455391,True
300,40,45,0.018420733511447906,True
300,40,50,0.007865396328270435,True
300,40,55,0.008027742616832256,True
300,40,60,0.006197250913828611,True
300,40,65,0.007347805425524712,True
300,40,70,0.008260960690677166,True
300,40,75,0.006172230467200279,True
300,41,10,0.00528346560895443,True
300,41,15,0.013412447646260262,True
300,41,20,0.03656807914376259,True
300,41,25,0.02594745345413685,True
300,41,30,0.013445362448692322,True
300,41,35,0.010030576959252357,True
300,41,40,0.013829504139721394,True
300,41,45,0.01804470643401146,True
300,41,50,0.010433797724545002,True
300,41,55,0.010155403055250645,True
300,41,60,0.005056837107986212,True
300,41,65,0.006440268363803625,True
300,41,70,0.006114124320447445,True
300,42,10,0.013123956508934498,True
300,42,15,0.014668329618871212,True
300,42,20,0.02576034888625145,True
300,42,25,0.03451050445437431,True
300,42,30,0.017810434103012085,True
300,42,35,0.009707723744213581,True
300,42,40,0.017321927472949028,True
300,42,45,0.027764813974499702,True
300,42,50,0.011910900473594666,True
300,42,55,0.007817436009645462,True
300,42,60,0.006446948740631342,True
300,42,65,0.007306044455617666,True
300,42,70,0.009474771097302437,True
300,42,75,0.005241151433438063,True
300,43,10,0.005750300362706184,True
300,43,15,0.011828780174255371,True
300,43,20,0.04205247759819031,True
300,43,25,0.027251562103629112,True
300,43,30,0.011470559053122997,True
300,43,35,0.009163528680801392,True
300,43,40,0.013548782095313072,True
300,43,45,0.016489049419760704,True
300,43,50,0.007615857291966677,True
300,43,55,0.008323278278112411,True
300,43,60,0.006150900851935148,True
300,43,65,0.007090976927429438,True
300,43,70,0.006992680486291647,True
300,43,75,0.004559839144349098,True
300,44,10,0.004964310675859451,True
300,44,15,0.009739836677908897,True
300,44,20,0.02730635181069374,True
300,44,25,0.030933614820241928,True
300,44,30,0.010088303126394749,True
300,44,35,0.010162769816815853,True
300,44,40,0.02052529715001583,True
300,44,45,0.010154569521546364,True
300,44,50,0.007701383903622627,True
300,44,55,0.008614959195256233,True
300,44,60,0.00594235910102725,True
300,44,65,0.00699250865727663,True
300,44,70,0.00841548852622509,True
300,44,75,0.005404454190284014,True
300,45,10,0.005163309630006552,True
300,45,15,0.011856484226882458,True
300,45,20,0.04472319409251213,True
300,45,25,0.02768896333873272,True
300,45,30,0.011415141634643078,True
300,45,35,0.01083183754235506,True
300,45,40,0.023688361048698425,True
300,45,45,0.005287164356559515,True
300,45,50,0.00872750487178564,True
300,45,55,0.011078475043177605,True
300,45,60,0.0056340922601521015,True
300,45,65,0.006119623314589262,True
300,45,70,0.0072271260432899,True
300,46,10,0.006106169894337654,True
300,46,15,0.01196963433176279,True
300,46,20,0.028404172509908676,True
300,46,25,0.03344615176320076,True
300,46,30,0.01705840788781643,True
300,46,35,0.009690839797258377,True
300,46,40,0.020674433559179306,True
300,46,45,0.021275857463479042,True
300,46,50,0.010409241542220116,True
300,46,55,0.009630105458199978,True
300,46,60,0.006151961162686348,True
300,46,65,0.006774657405912876,True
300,46,70,0.009055768139660358,True
300,46,75,0.0044639999978244305,True
300,47,10,0.011955838650465012,True
300,47,15,0.014079760760068893,True
300,47,20,0.03039867803454399,True
300,47,25,0.031685370951890945,True
300,47,30,0.01725531741976738,True
300,47,35,0.011280364356935024,True
300,47,40,0.016812069341540337,True
300,47,45,0.012034419924020767,True
300,47,50,0.009705651551485062,True
300,47,55,0.010659568943083286,True
300,47,60,0.006535557564347982,True
300,47,65,0.008215039037168026,True
300,47,70,0.009011022746562958,True
300,47,75,0.005231316667050123,True
300,48,10,0.0075530908070504665,True
300,48,15,0.012855200096964836,True
300,48,20,0.030665526166558266,True
300,48,25,0.028488362208008766,True
300,48,30,0.013566977344453335,True
300,48,35,0.010978875681757927,True
300,48,40,0.018717816099524498,True
300,48,45,0.011736022308468819,True
300,48,50,0.007876705378293991,True
300,48,55,0.008327431976795197,True
300,48,60,0.006215247791260481,True
300,48,65,0.006870369426906109,True
300,48,70,0.008192029781639576,True
300,48,75,0.005569759290665388,True
300,49,10,0.009867601096630096,True
300,49,15,0.013755495660007,True
300,49,20,0.030743036419153214,True
300,49,25,0.03175300359725952,True
300,49,30,0.01838924176990986,True
300,49,35,0.013758014887571335,True
300,49,40,0.01573050580918789,True
300,49,45,0.030069097876548767,True
300,49,50,0.012202495709061623,True
300,49,55,0.010890308767557144,True
300,49,60,0.006035149563103914,True
300,49,65,0.008271749131381512,True
300,49,70,0.01037687249481678,True
300,49,75,0.0048416415229439735,True
400,0,10,0.019679337739944458,True
400,0,15,0.01882437989115715,True
400,0,20,0.041363418102264404,True
400,0,25,0.01402971800416708,True
400,0,30,0.021788887679576874,True
400,0,35,0.01514291763305664,True
400,0,40,0.01326221227645874,True
400,0,45,0.015479758381843567,True
400,0,50,0.00971951987594366,True
400,0,55,0.007044809404760599,True
400,0,60,0.007435063365846872,True
400,0,65,0.005481925327330828,True
400,0,70,0.008525832556188107,True
400,0,75,0.007153114303946495,True
400,1,10,0.009445888921618462,True
400,1,15,0.027886535972356796,True
400,1,20,0.027144452556967735,True
400,1,25,0.017817983403801918,True
400,1,30,0.02107696421444416,True
400,1,35,0.014696785248816013,True
400,1,40,0.0172150619328022,True
400,1,45,0.00796423014253378,True
400,1,50,0.007165767718106508,True
400,1,55,0.008731765672564507,True
400,1,60,0.01231969054788351,True
400,1,65,0.005657105706632137,True
400,1,70,0.011083931662142277,True
400,1,75,0.009526086039841175,True
400,2,10,0.011767396703362465,True
400,2,15,0.02700486220419407,True
400,2,20,0.05093993619084358,True
400,2,25,0.019108178094029427,True
400,2,30,0.01644858531653881,True
400,2,35,0.012515892274677753,True
400,2,40,0.01786782033741474,True
400,2,45,0.010096567682921886,True
400,2,50,0.009495958685874939,True
400,2,55,0.009787598624825478,True
400,2,60,0.005204867571592331,True
400,2,65,0.004305317532271147,True
400,2,70,0.007237195037305355,True
400,3,10,0.02044137567281723,True
400,3,15,0.02319043129682541,True
400,3,20,0.06767484545707703,True
400,3,25,0.017840484157204628,True
400,3,30,0.02409607730805874,True
400,3,35,0.01682327501475811,True
400,3,40,0.01844797283411026,True
400,3,45,0.013860263861715794,True
400,3,50,0.009225351735949516,True
400,3,55,0.01730838231742382,True
400,3,60,0.01092564221471548,True
400,3,65,0.01129324920475483,True
400,3,70,0.00989596452564001,True
400,3,75,0.0069701480679214,True
400,4,10,0.01436631940305233,True
400,4,15,0.01818772219121456,True
400,4,20,0.032988809049129486,True
400,4,25,0.017001068219542503,True
400,4,30,0.018096227198839188,True
400,4,35,0.01772000826895237,True
400,4,40,0.019531914964318275,True
400,4,45,0.006577764172106981,True
400,4,50,0.011481506749987602,True
400,4,55,0.011786704882979393,True
400,4,60,0.010505899786949158,True
400,4,65,0.005269611719995737,True
400,4,70,0.011801622807979584,True
400,5,10,0.01163394283503294,True
400,5,15,0.01827549748122692,True
400,5,20,0.03126981481909752,True
400,5,25,0.016956496983766556,True
400,5,30,0.013404753059148788,True
400,5,35,0.011863422580063343,True
400,5,40,0.022815166041254997,True
400,5,45,0.007095672655850649,True
400,5,50,0.004537984263151884,True
400,5,55,0.010508354753255844,True
400,5,60,0.006345461588352919,True
400,5,65,0.0041587804444134235,True
400,5,70,0.006127957720309496,True
400,5,75,0.0147115932777524,True
400,6,10,0.0188673734664917,True
400,6,15,0.02275094762444496,True
400,6,20,0.04471558704972267,True
400,6,25,0.0162611436098814,True
400,6,30,0.015883201733231544,True
400,6,35,0.015468800440430641,True
400,6,40,0.01874275505542755,True
400,6,45,0.007231506519019604,True
400,6,50,0.008988927118480206,True
400,6,55,0.005531391594558954,True
400,6,60,0.006294370628893375,True
400,6,65,0.005720206070691347,True
400,6,70,0.008823854848742485,True
400,7,10,0.009945409372448921,True
400,7,15,0.022147299721837044,True
400,7,20,0.031918711960315704,True
400,7,25,0.019045088440179825,True
400,7,30,0.019720595329999924,True
400,7,35,0.015781549736857414,True
400,7,40,0.019238706678152084,True
400,7,45,0.006615102291107178,True
400,7,50,0.009265725500881672,True
400,7,55,0.013985782861709595,True
400,7,60,0.00621121097356081,True
400,7,65,0.00522364629432559,True
400,7,70,0.029119541868567467,True
400,8,10,0.014016624540090561,True
400,8,15,0.02155999466776848,True
400,8,20,0.039680372923612595,True
400,8,25,0.0215115025639534,True
400,8,30,0.018561532720923424,True
400,8,35,0.01192448940128088,True
400,8,40,0.017539627850055695,True
400,8,45,0.005647851619869471,True
400,8,50,0.02268049493432045,True
400,8,55,0.007899206131696701,True
400,8,60,0.005816748831421137,True
400,8,65,0.005382447503507137,True
400,8,70,0.010226106271147728,True
400,9,10,0.017890535295009613,True
400,9,15,0.02050189860165119,True
400,9,20,0.03585072234272957,True
400,9,25,0.012547316960990429,True
400,9,30,0.020384838804602623,True
400,9,35,0.011841756291687489,True
400,9,40,0.015135731548070908,True
400,9,45,0.018143722787499428,True
400,9,50,0.01420897152274847,True
400,9,55,0.008923111483454704,True
400,9,60,0.007987911812961102,True
400,9,65,0.005383822601288557,True
400,9,70,0.006533330772072077,True
400,10,10,0.01542508415877819,True
400,10,15,0.01816239207983017,True
400,10,20,0.04477860778570175,True
400,10,25,0.01501650083810091,True
400,10,30,0.020731842145323753,True
400,10,35,0.013170169666409492,True
400,10,40,0.019621610641479492,True
400,10,45,0.012644405476748943,True
400,10,50,0.010112791322171688,True
400,10,55,0.022266076877713203,True
400,10,60,0.01092429831624031,True
400,10,65,0.011973684653639793,True
400,10,70,0.009168794378638268,True
400,10,75,0.008390422910451889,True
400,11,10,0.019415132701396942,True
400,11,15,0.02084343321621418,True
400,11,20,0.05334299057722092,True
400,11,25,0.018154531717300415,True
400,11,30,0.02174539305269718,True
400,11,35,0.013851265422999859,True
400,11,40,0.017421748489141464,True
400,11,45,0.017667697742581367,True
400,11,50,0.021707912907004356,True
400,11,55,0.015681056305766106,True
400,11,60,0.009849018417298794,True
400,11,65,0.005995864048600197,True
400,11,70,0.005659454967826605,True
400,11,75,0.008877182379364967,True
400,12,10,0.01643785461783409,True
400,12,15,0.0207890085875988,True
400,12,20,0.0460670180618763,True
400,12,25,0.01700248196721077,True
400,12,30,0.016986679285764694,True
400,12,35,0.012774799950420856,True
400,12,40,0.01762307435274124,True
400,12,45,0.013265581801533699,True
400,12,50,0.007835271768271923,True
400,12,55,0.005187649745494127,True
400,12,60,0.006468084175139666,True
400,12,65,0.005501917563378811,True
400,12,70,0.007650306914001703,True
400,13,10,0.018979622051119804,True
400,13,15,0.02777145244181156,True
400,13,20,0.03897478058934212,True
400,13,25,0.022316649556159973,True
400,13,30,0.02203022688627243,True
400,13,35,0.012306543067097664,True
400,13,40,0.016421280801296234,True
400,13,45,0.005422372370958328,True
400,13,50,0.008541557937860489,True
400,13,55,0.013395129702985287,True
400,13,60,0.009590600617229939,True
400,13,65,0.005418221931904554,True
400,13,70,0.00881955400109291,True
400,13,75,0.006565690040588379,True
400,14,10,0.019279543310403824,True
400,14,15,0.024305574595928192,True
400,14,20,0.05233842879533768,True
400,14,25,0.015224289149045944,True
400,14,30,0.019629934802651405,True
400,14,35,0.016743529587984085,True
400,14,40,0.01790153793990612,True
400,14,45,0.008281693793833256,True
400,14,50,0.008424172177910805,True
400,14,55,0.0051595550030469894,True
400,14,60,0.006178830750286579,True
400,14,65,0.005173834040760994,True
400,14,70,0.008915584534406662,True
400,15,10,0.012515464797616005,True
400,15,15,0.015256858430802822,True
400,15,20,0.04173562675714493,True
400,15,25,0.021649010479450226,True
400,15,30,0.019182587042450905,True
400,15,35,0.011525513604283333,True
400,15,40,0.015671007335186005,True
400,15,45,0.01892968639731407,True
400,15,50,0.019256174564361572,True
400,15,55,0.007657426875084639,True
400,15,60,0.00990024209022522,True
400,15,65,0.008788625709712505,True
400,15,70,0.00963587686419487,True
400,15,75,0.005609950982034206,True
400,16,10,0.01476642768830061,True
400,16,15,0.023494703695178032,True
400,16,20,0.034861501306295395,True
400,16,25,0.016592606902122498,True
400,16,30,0.015317687764763832,True
400,16,35,0.012540983036160469,True
400,16,40,0.019239744171500206,True
400,16,45,0.00659853545948863,True
400,16,50,0.008744440041482449,True
400,16,55,0.005990427918732166,True
400,16,60,0.0057914601638913155,True
400,16,65,0.006011750549077988,True
400,16,70,0.009846910834312439,True
400,17,10,0.01746881753206253,True
400,17,15,0.01672208122909069,True
400,17,20,0.04170200601220131,True
400,17,25,0.019746815785765648,True
400,17,30,0.022800453007221222,True
400,17,35,0.020427634939551353,True
400,17,40,0.054815635085105896,True
400,17,45,0.019011329859495163,True
400,17,50,0.012157311663031578,True
400,17,55,0.012899176217615604,True
400,17,60,0.007597493473440409,True
400,17,65,0.008807651698589325,True
400,17,70,0.013477170839905739,True
400,18,10,0.017496932297945023,True
400,18,15,0.021348105743527412,True
400,18,20,0.04806740954518318,True
400,18,25,0.02066301740705967,True
400,18,30,0.024281511083245277,True
400,18,35,0.017247788608074188,True
400,18,40,0.018523046746850014,True
400,18,45,0.02081950008869171,True
400,18,50,0.026936551555991173,True
400,18,55,0.014502943493425846,True
400,18,60,0.009242581203579903,True
400,18,65,0.010055464692413807,True
400,18,70,0.014834994450211525,True
400,18,75,0.009317506104707718,True
400,19,10,0.01814737729728222,True
400,19,15,0.021172119304537773,True
400,19,20,0.05695077031850815,True
400,19,25,0.016009826213121414,True
400,19,30,0.02074497938156128,True
400,19,35,0.02116863615810871,True
400,19,40,0.03092951886355877,True
400,19,45,0.011480878107249737,True
400,19,50,0.022130915895104408,True
400,19,55,0.010389694944024086,True
400,19,60,0.008071226067841053,True
400,19,65,0.006434339098632336,True
400,19,70,0.010948505252599716,True
400,20,10,0.014792654663324356,True
400,20,15,0.018725978210568428,True
400,20,20,0.03397214785218239,True
400,20,25,0.017067503184080124,True
400,20,30,0.01454006414860487,True
400,20,35,0.01255276333540678,True
400,20,40,0.014650932513177395,True
400,20,45,0.0054353405721485615,True
400,20,50,0.009942681528627872,True
400,20,55,0.0062056346796453,True
400,20,60,0.009749025106430054,True
400,20,65,0.005694488994777203,True
400,20,70,0.009830417111515999,True
400,21,10,0.011199301108717918,True
400,21,15,0.028281856328248978,True
400,21,20,0.03497308865189552,True
400,21,25,0.017333772033452988,True
400,21,30,0.019694780930876732,True
400,21,35,0.015236003324389458,True
400,21,40,0.016440268605947495,True
400,21,45,0.011009355075657368,True
400,21,50,0.0077999732457101345,True
400,21,55,0.006411814130842686,True
400,21,60,0.010077015496790409,True
400,21,65,0.005230685696005821,True
400,21,70,0.00721160089597106,True
400,21,75,0.006578455679118633,True
400,22,10,0.016237422823905945,True
400,22,15,0.01937045343220234,True
400,22,20,0.052349966019392014,True
400,22,25,0.02047145739197731,True
400,22,30,0.024227242916822433,True
400,22,35,0.019042685627937317,True
400,22,40,0.02115003764629364,True
400,22,45,0.0077409083023667336,True
400,22,50,0.01598273031413555,True
400,22,55,0.01281479001045227,True
400,22,60,0.0068573071621358395,True
400,22,65,0.0057656727731227875,True
400,22,70,0.00930589810013771,True
400,23,10,0.018170813098549843,True
400,23,15,0.022141074761748314,True
400,23,20,0.04247140511870384,True
400,23,25,0.021897533908486366,True
400,23,30,0.02546190284192562,True
400,23,35,0.01744602620601654,True
400,23,40,0.017321951687335968,True
400,23,45,0.017272472381591797,True
400,23,50,0.00879367534071207,True
400,23,55,0.007965538650751114,True
400,23,60,0.006837898399680853,True
400,23,65,0.011381559073925018,True
400,23,70,0.010032381862401962,True
400,23,75,0.009065032005310059,True
400,24,10,0.0112137570977211,True
400,24,15,0.02253171242773533,True
400,24,20,0.03849700838327408,True
400,24,25,0.01646561361849308,True
400,24,30,0.02401621639728546,True
400,24,35,0.016232222318649292,True
400,24,40,0.015586565248668194,True
400,24,45,0.020105956122279167,True
400,24,50,0.008277639746665955,True
400,24,55,0.005938760936260223,True
400,24,60,0.007984329015016556,True
400,24,65,0.008911827579140663,True
400,24,70,0.009603226557374,True
400,24,75,0.006755669601261616,True
400,25,10,0.024477466940879822,True
400,25,15,0.024285735562443733,True
400,25,20,0.061471737921237946,True
400,25,25,0.021599704399704933,True
400,25,30,0.02880844660103321,True
400,25,35,0.01772838458418846,True
400,25,40,0.014031964354217052,True
400,25,45,0.015342792496085167,True
400,25,50,0.00906417053192854,True
400,25,55,0.01006928738206625,True
400,25,60,0.006289436481893063,True
400,25,65,0.005221047904342413,True
400,25,70,0.008048075251281261,True
400,25,75,0.00640479102730751,True
400,25,80,0.010803543031215668,True
400,26,10,0.013622548431158066,True
400,26,15,0.023460833355784416,True
400,26,20,0.02977553941309452,True
400,26,25,0.021102214232087135,True
400,26,30,0.01828589476644993,True
400,26,35,0.03178740292787552,True
400,26,40,0.056714337319135666,True
400,26,45,0.02683788351714611,True
400,26,50,0.01780809462070465,True
400,26,55,0.016156213358044624,True
400,26,60,0.008454636670649052,True
400,26,65,0.009452912025153637,True
400,26,70,0.012356295250356197,True
400,27,10,0.017833871766924858,True
400,27,15,0.017858684062957764,True
400,27,20,0.04854297265410423,True
400,27,25,0.015496328473091125,True
400,27,30,0.018512720242142677,True
400,27,35,0.015784675255417824,True
400,27,40,0.02151949517428875,True
400,27,45,0.009802697226405144,True
400,27,50,0.014076994732022285,True
400,27,55,0.014373501762747765,True
400,27,60,0.007298199459910393,True
400,27,65,0.005343087483197451,True
400,27,70,0.008233967237174511,True
400,28,10,0.014940348453819752,True
400,28,15,0.022825399413704872,True
400,28,20,0.03385699540376663,True
400,28,25,0.01790272630751133,True
400,28,30,0.016801685094833374,True
400,28,35,0.01908763498067856,True
400,28,40,0.03798782080411911,True
400,28,45,0.01272314041852951,True
400,28,50,0.01813725009560585,True
400,28,55,0.014347948133945465,True
400,28,60,0.007357205729931593,True
400,28,65,0.007076259236782789,True
400,29,10,0.01711631380021572,True
400,29,15,0.023127060383558273,True
400,29,20,0.03303532302379608,True
400,29,25,0.02023148536682129,True
400,29,30,0.01931021921336651,True
400,29,35,0.028988346457481384,True
400,29,40,0.05027225241065025,True
400,29,45,0.01544834952801466,True
400,29,50,0.02405122108757496,True
400,29,55,0.01286804024130106,True
400,29,60,0.008010810241103172,True
400,29,65,0.005226827226579189,True
400,30,10,0.014647078700363636,True
400,30,15,0.016914725303649902,True
400,30,20,0.0566866435110569,True
400,30,25,0.019198071211576462,True
400,30,30,0.01599261723458767,True
400,30,35,0.012709102593362331,True
400,30,40,0.017197659239172935,True
400,30,45,0.009068656712770462,True
400,30,50,0.013825579546391964,True
400,30,55,0.014808508567512035,True
400,30,60,0.00750907463952899,True
400,30,65,0.00553189218044281,True
400,30,70,0.009045885875821114,True
400,31,10,0.01875668205320835,True
400,31,15,0.02403002418577671,True
400,31,20,0.05809115618467331,True
400,31,25,0.021669629961252213,True
400,31,30,0.025680217891931534,True
400,31,35,0.014393342658877373,True
400,31,40,0.013821522705256939,True
400,31,45,0.00899177510291338,True
400,31,50,0.012461193837225437,True
400,31,55,0.015898272395133972,True
400,31,60,0.011011642403900623,True
400,31,65,0.008503574877977371,True
400,31,70,0.008479993790388107,True
400,31,75,0.00805056095123291,True
400,32,10,0.0191790908575058,True
400,32,15,0.023587118834257126,True
400,32,20,0.04067588970065117,True
400,32,25,0.019740993157029152,True
400,32,30,0.029741927981376648,True
400,32,35,0.014828153885900974,True
400,32,40,0.01184862945228815,True
400,32,45,0.018029194325208664,True
400,32,50,0.007126390002667904,True
400,32,55,0.0070759328082203865,True
400,32,60,0.00637492211535573,True
400,32,65,0.006686877459287643,True
400,32,70,0.008106127381324768,True
400,32,75,0.006760566029697657,True
400,33,10,0.013584285043179989,True
400,33,15,0.03259250149130821,True
400,33,20,0.03676852956414223,True
400,33,25,0.02480534091591835,True
400,33,30,0.014552316628396511,True
400,33,35,0.012929821386933327,True
400,33,40,0.02347918041050434,True
400,33,45,0.012671150267124176,True
400,33,50,0.005014127120375633,True
400,33,55,0.005574556067585945,True
400,33,60,0.0070661334320902824,True
400,33,65,0.0061027007177472115,True
400,33,70,0.006254756357520819,True
400,33,75,0.006300109438598156,True
400,34,10,0.018450096249580383,True
400,34,15,0.020717203617095947,True
400,34,20,0.04783281683921814,True
400,34,25,0.01647568680346012,True
400,34,30,0.01808115653693676,True
400,34,35,0.01372577529400587,True
400,34,40,0.01879741996526718,True
400,34,45,0.009583923034369946,True
400,34,50,0.005231511313468218,True
400,34,55,0.013119771145284176,True
400,34,60,0.006178724579513073,True
400,34,65,0.004170664586126804,True
400,34,70,0.007161061279475689,True
400,35,10,0.016407767310738564,True
400,35,15,0.020995499566197395,True
400,35,20,0.056692250072956085,True
400,35,25,0.022077593952417374,True
400,35,30,0.022744016721844673,True
400,35,35,0.015201027505099773,True
400,35,40,0.01554406713694334,True
400,35,45,0.01149893831461668,True
400,35,50,0.008690247312188148,True
400,35,55,0.011724743992090225,True
400,35,60,0.009310309775173664,True
400,35,65,0.004721811506897211,True
400,35,70,0.009112303145229816,True
400,35,75,0.007398293819278479,True
400,36,10,0.019830262288451195,True
400,36,15,0.020770730450749397,True
400,36,20,0.03691495954990387,True
400,36,25,0.019324472174048424,True
400,36,30,0.02803492546081543,True
400,36,35,0.016561049968004227,True
400,36,40,0.013384295627474785,True
400,36,45,0.017208293080329895,True
400,36,50,0.012979288585484028,True
400,36,55,0.010386902838945389,True
400,36,60,0.009879263117909431,True
400,36,65,0.006580880843102932,True
400,36,70,0.011373518966138363,True
400,36,75,0.009551690891385078,True
400,37,10,0.013994420878589153,True
400,37,15,0.02449398674070835,True
400,37,20,0.03415738046169281,True
400,37,25,0.016533270478248596,True
400,37,30,0.022202199324965477,True
400,37,35,0.013656903989613056,True
400,37,40,0.016777757555246353,True
400,37,45,0.009069247171282768,True
400,37,50,0.004134484101086855,True
400,37,55,0.017664477229118347,True
400,37,60,0.00894018542021513,True
400,37,65,0.0062952893786132336,True
400,37,70,0.00961021613329649,True
400,37,75,0.007924471981823444,True
400,38,10,0.018667099997401237,True
400,38,15,0.024223191663622856,True
400,38,20,0.05116690695285797,True
400,38,25,0.020165124908089638,True
400,38,30,0.016724832355976105,True
400,38,35,0.014518565498292446,True
400,38,40,0.01656115986406803,True
400,38,45,0.005382801406085491,True
400,38,50,0.009183439426124096,True
400,38,55,0.015531918033957481,True
400,38,60,0.007017544936388731,True
400,38,65,0.00457764370366931,True
400,38,70,0.009343077428638935,True
400,39,10,0.012142523191869259,True
400,39,15,0.019876781851053238,True
400,39,20,0.0288380179554224,True
400,39,25,0.023869840428233147,True
400,39,30,0.019701015204191208,True
400,39,35,0.016698477789759636,True
400,39,40,0.016375238075852394,True
400,39,45,0.007792096119374037,True
400,39,50,0.017946753650903702,True
400,39,55,0.012065405957400799,True
400,39,60,0.004456148017197847,True
400,39,65,0.007028518710285425,True
400,39,70,0.015261484310030937,True
400,40,10,0.018548406660556793,True
400,40,15,0.021416248753666878,True
400,40,20,0.03841966763138771,True
400,40,25,0.01838453859090805,True
400,40,30,0.023443186655640602,True
400,40,35,0.03430328518152237,True
400,40,40,0.06880156695842743,True
400,40,45,0.03301128000020981,True
400,40,50,0.023240946233272552,True
400,40,55,0.01573503017425537,True
400,40,60,0.008598864078521729,True
400,40,65,0.007914718240499496,True
400,40,70,0.034286774694919586,True
400,41,10,0.012524234130978584,True
400,41,15,0.01890513300895691,True
400,41,20,0.03316734358668327,True
400,41,25,0.020745612680912018,True
400,41,30,0.020868703722953796,True
400,41,35,0.027929866686463356,True
400,41,40,0.030344150960445404,True
400,41,45,0.008715566247701645,True
400,41,50,0.0171818807721138,True
400,41,55,0.009187397547066212,True
400,41,60,0.007572624366730452,True
400,41,65,0.006052806042134762,True
400,42,10,0.01930682547390461,True
400,42,15,0.018739953637123108,True
400,42,20,0.04379046708345413,True
400,42,25,0.01867455616593361,True
400,42,30,0.024339279159903526,True
400,42,35,0.018375607207417488,True
400,42,40,0.026966026052832603,True
400,42,45,0.026076484471559525,True
400,42,50,0.016005123034119606,True
400,42,55,0.0187652800232172,True
400,42,60,0.009448770433664322,True
400,42,65,0.008448422886431217,True
400,42,70,0.008344820700585842,True
400,43,10,0.01557560171931982,True
400,43,15,0.023491116240620613,True
400,43,20,0.03557348623871803,True
400,43,25,0.021387722343206406,True
400,43,30,0.02238665521144867,True
400,43,35,0.02136744000017643,True
400,43,40,0.036791130900382996,True
400,43,45,0.016662074252963066,True
400,43,50,0.016358016058802605,True
400,43,55,0.013645526953041553,True
400,43,60,0.008559789508581161,True
400,43,65,0.006168251391500235,True
400,43,70,0.013174258172512054,True
400,44,10,0.012870073318481445,True
400,44,15,0.014146349392831326,True
400,44,20,0.04045770689845085,True
400,44,25,0.021646464243531227,True
400,44,30,0.01689625345170498,True
400,44,35,0.019609447568655014,True
400,44,40,0.017968852072954178,True
400,44,45,0.006601816974580288,True
400,44,50,0.013105967082083225,True
400,44,55,0.014407049864530563,True
400,44,60,0.0062691583298146725,True
400,44,65,0.006078394129872322,True
400,44,70,0.010407915338873863,True
400,45,10,0.012366172857582569,True
400,45,15,0.020872028544545174,True
400,45,20,0.03575273975729942,True
400,45,25,0.01978321745991707,True
400,45,30,0.017368389293551445,True
400,45,35,0.019342461600899696,True
400,45,40,0.013588168658316135,True
400,45,45,0.006861554458737373,True
400,45,50,0.016163716092705727,True
400,45,55,0.010101518593728542,True
400,45,60,0.006319380830973387,True
400,45,65,0.00689710071310401,True
400,45,70,0.007594242226332426,True
400,46,10,0.019415797665715218,True
400,46,15,0.024898774921894073,True
400,46,20,0.04881258308887482,True
400,46,25,0.020746663212776184,True
400,46,30,0.0265812985599041,True
400,46,35,0.01620563119649887,True
400,46,40,0.014313964173197746,True
400,46,45,0.010831566527485847,True
400,46,50,0.00935699138790369,True
400,46,55,0.008038787171244621,True
400,46,60,0.005868026986718178,True
400,46,65,0.007816532626748085,True
400,46,70,0.007559687830507755,True
400,46,75,0.007505424786359072,True
400,47,10,0.017608217895030975,True
400,47,15,0.020101815462112427,True
400,47,20,0.048782914876937866,True
400,47,25,0.01698990911245346,True
400,47,30,0.021010378375649452,True
400,47,35,0.02580263838171959,True
400,47,40,0.04425835981965065,True
400,47,45,0.014392928220331669,True
400,47,50,0.014817659743130207,True
400,47,55,0.01653904654085636,True
400,47,60,0.011776644736528397,True
400,47,65,0.006316929589956999,True
400,47,70,0.008993953466415405,True
400,48,10,0.016645705327391624,True
400,48,15,0.022295553237199783,True
400,48,20,0.042438820004463196,True
400,48,25,0.02011115290224552,True
400,48,30,0.025041760876774788,True
400,48,35,0.010881230235099792,True
400,48,40,0.017226221039891243,True
400,48,45,0.01295479666441679,True
400,48,50,0.007110469043254852,True
400,48,55,0.0073211658746004105,True
400,48,60,0.006812236271798611,True
400,48,65,0.006825367920100689,True
400,48,70,0.008132192306220531,True
400,48,75,0.01170789822936058,True
400,49,10,0.017782971262931824,True
400,49,15,0.01979098469018936,True
400,49,20,0.05475165322422981,True
400,49,25,0.01719631999731064,True
400,49,30,0.027728410437703133,True
400,49,35,0.035711925476789474,True
400,49,40,0.08230696618556976,True
400,49,45,0.037100233137607574,True
400,49,50,0.023189667612314224,True
400,49,55,0.029467247426509857,True
400,49,60,0.014412793330848217,True
400,49,65,0.012325598858296871,True
400,49,70,0.016886582598090172,True
500,0,10,0.018308354541659355,True
500,0,15,0.022760771214962006,True
500,0,20,0.03902475908398628,True
500,0,25,0.018757984042167664,True
500,0,30,0.0283221285790205,True
500,0,35,0.032528433948755264,True
500,0,40,0.023356975987553596,True
500,0,45,0.040798600763082504,True
500,0,50,0.01887005940079689,True
500,0,55,0.013132828287780285,True
500,0,60,0.004625608678907156,True
500,0,65,0.006236460991203785,True
500,0,70,0.005998167674988508,True
500,0,75,0.003789359237998724,True
500,0,80,0.008740760385990143,True
500,1,10,0.007262900471687317,True
500,1,15,0.021820025518536568,True
500,1,20,0.05089561268687248,True
500,1,25,0.02653699368238449,True
500,1,30,0.02590993233025074,True
500,1,35,0.020852895453572273,True
500,1,40,0.03853496164083481,True
500,1,45,0.013130768202245235,True
500,1,50,0.007895858027040958,True
500,1,55,0.00448716152459383,True
500,1,60,0.004216405097395182,True
500,1,65,0.005203504115343094,True
500,1,70,0.0039136880077421665,True
500,1,75,0.004712335765361786,True
500,2,10,0.00942176952958107,True
500,2,15,0.029713157564401627,True
500,2,20,0.04782969132065773,True
500,2,25,0.03220323473215103,True
500,2,30,0.024348227307200432,True
500,2,35,0.0180402509868145,True
500,2,40,0.05601939931511879,True
500,2,45,0.01539375726133585,True
500,2,50,0.013240422122180462,True
500,2,55,0.008227832615375519,True
500,2,60,0.004001222550868988,True
500,2,65,0.0032638118136674166,True
500,2,70,0.004731505177915096,True
500,2,75,0.004931044764816761,True
500,3,10,0.021363290026783943,True
500,3,15,0.028044994920492172,True
500,3,20,0.06586037576198578,True
500,3,25,0.028459107503294945,True
500,3,30,0.024377256631851196,True
500,3,35,0.020561225712299347,True
500,3,40,0.04529793560504913,True
500,3,45,0.011412011459469795,True
500,3,50,0.01970158889889717,True
500,3,55,0.010715063661336899,True
500,3,60,0.006149050313979387,True
500,3,65,0.005383503157645464,True
500,3,70,0.00696959113702178,True
500,4,10,0.004516838118433952,True
500,4,15,0.022516077384352684,True
500,4,20,0.044671859592199326,True
500,4,25,0.025183040648698807,True
500,4,30,0.027693938463926315,True
500,4,35,0.023698439821600914,True
500,4,40,0.019197246059775352,True
500,4,45,0.005865581799298525,True
500,4,50,0.019336557015776634,True
500,4,55,0.008264794014394283,True
500,4,60,0.0047097099013626575,True
500,4,65,0.0040163304656744,True
500,4,70,0.005748753435909748,True
500,4,75,0.006027133669704199,True
500,5,10,0.004834657534956932,True
500,5,15,0.016372693702578545,True
500,5,20,0.03218713775277138,True
500,5,25,0.026228509843349457,True
500,5,30,0.021858854219317436,True
500,5,35,0.01910211890935898,True
500,5,40,0.05798489600419998,True
500,5,45,0.025796465575695038,True
500,5,50,0.017614470794796944,True
500,5,55,0.013587083667516708,True
500,5,60,0.005108095705509186,True
500,5,65,0.005367877893149853,True
500,5,70,0.0041524386033415794,True
500,5,75,0.00388045865111053,True
500,5,80,0.00793482642620802,True
500,6,10,0.012881511822342873,True
500,6,15,0.021747080609202385,True
500,6,20,0.05822346732020378,True
500,6,25,0.026857364922761917,True
500,6,30,0.018620790913701057,True
500,6,35,0.02009935863316059,True
500,6,40,0.01711876131594181,True
500,6,45,0.00837748870253563,True
500,6,50,0.009979265742003918,True
500,6,55,0.006630389951169491,True
500,6,60,0.0035223118029534817,True
500,6,65,0.004355215467512608,True
500,6,70,0.00657742889598012,True
500,7,10,0.006927190348505974,True
500,7,15,0.026481743901968002,True
500,7,20,0.04848608747124672,True
500,7,25,0.022536801174283028,True
500,7,30,0.02362741343677044,True
500,7,35,0.026769202202558517,True
500,7,40,0.02146821841597557,True
500,7,45,0.016289105638861656,True
500,7,50,0.019704477861523628,True
500,7,55,0.008815011009573936,True
500,7,60,0.0053644077852368355,True
500,7,65,0.00699920579791069,True
500,7,70,0.0092992028221488,True
500,8,10,0.010527681559324265,True
500,8,15,0.017871068790555,True
500,8,20,0.03848180174827576,True
500,8,25,0.022270314395427704,True
500,8,30,0.014679196290671825,True
500,8,35,0.0327829085290432,True
500,8,40,0.00999722070991993,True
500,8,45,0.010181713849306107,True
500,8,50,0.007285457570105791,True
500,8,55,0.003815986914560199,True
500,8,60,0.004853071179240942,True
500,8,65,0.0064384425058960915,True
500,8,70,0.007789789233356714,True
500,9,10,0.017862027511000633,True
500,9,15,0.024932602420449257,True
500,9,20,0.05141007527709007,True
500,9,25,0.02440330758690834,True
500,9,30,0.02614927478134632,True
500,9,35,0.017788616940379143,True
500,9,40,0.05131224915385246,True
500,9,45,0.018555330112576485,True
500,9,50,0.013333559967577457,True
500,9,55,0.0069968136958777905,True
500,9,60,0.004424825310707092,True
500,9,65,0.004409746266901493,True
500,9,70,0.00560104800388217,True
500,9,75,0.0063377548940479755,True
500,10,10,0.019094202667474747,True
500,10,15,0.022896692156791687,True
500,10,20,0.0340263694524765,True
500,10,25,0.03289632871747017,True
500,10,30,0.0233053769916296,True
500,10,35,0.019028304144740105,True
500,10,40,0.04591716080904007,True
500,10,45,0.02078319899737835,True
500,10,50,0.012207438237965107,True
500,10,55,0.010158187709748745,True
500,10,60,0.005752107594162226,True
500,10,65,0.005135471001267433,True
500,10,70,0.006189732346683741,True
500,10,75,0.006100401282310486,True
500,11,10,0.02198476344347,True
500,11,15,0.025704244151711464,True
500,11,20,0.05385567992925644,True
500,11,25,0.03361203894019127,True
500,11,30,0.02803906984627247,True
500,11,35,0.02191411890089512,True
500,11,40,0.043953947722911835,True
500,11,45,0.017694279551506042,True
500,11,50,0.011220243759453297,True
500,11,55,0.010242963209748268,True
500,11,60,0.00584175530821085,True
500,11,65,0.00500400410965085,True
500,11,70,0.004842235241085291,True
500,11,75,0.00803579855710268,True
500,12,10,0.009490275755524635,True
500,12,15,0.024286802858114243,True
500,12,20,0.04651261866092682,True
500,12,25,0.024536924436688423,True
500,12,30,0.018884100019931793,True
500,12,35,0.019397031515836716,True
500,12,40,0.032316867262125015,True
500,12,45,0.007604132406413555,True
500,12,50,0.00824102945625782,True
500,12,55,0.005652958527207375,True
500,12,60,0.004343176260590553,True
500,12,65,0.0037821417208760977,True
500,12,70,0.004076219629496336,True
500,12,75,0.004280984867364168,True
500,13,10,0.010551818646490574,True
500,13,15,0.02621607668697834,True
500,13,20,0.05409752577543259,True
500,13,25,0.028855696320533752,True
500,13,30,0.024879394099116325,True
500,13,35,0.020000111311674118,True
500,13,40,0.04986982420086861,True
500,13,45,0.012545413337647915,True
500,13,50,0.02330874837934971,True
500,13,55,0.008187456987798214,True
500,13,60,0.006220285780727863,True
500,13,65,0.005358158145099878,True
500,13,70,0.006933418568223715,True
500,13,75,0.007162131369113922,True
500,14,10,0.021493803709745407,True
500,14,15,0.025467535480856895,True
500,14,20,0.06136967986822128,True
500,14,25,0.036011531949043274,True
500,14,30,0.0208590030670166,True
500,14,35,0.018059708178043365,True
500,14,40,0.027633873745799065,True
500,14,45,0.010829548351466656,True
500,14,50,0.012814207002520561,True
500,14,55,0.0049601225182414055,True
500,14,60,0.003936273977160454,True
500,14,65,0.0035083589609712362,True
500,14,70,0.004641876555979252,True
500,15,10,0.00579952634871006,True
500,15,15,0.019518714398145676,True
500,15,20,0.024974744766950607,True
500,15,25,0.022092020139098167,True
500,15,30,0.02256232500076294,True
500,15,35,0.020050980150699615,True
500,15,40,0.043845854699611664,True
500,15,45,0.017408663406968117,True
500,15,50,0.0065481998026371,True
500,15,55,0.004845768678933382,True
500,15,60,0.006466754246503115,True
500,15,65,0.004989075940102339,True
500,15,70,0.005107820965349674,True
500,15,75,0.006447304971516132,True
500,16,10,0.006056666374206543,True
500,16,15,0.0212208554148674,True
500,16,20,0.043839022517204285,True
500,16,25,0.02278847247362137,True
500,16,30,0.02634023129940033,True
500,16,35,0.02382662706077099,True
500,16,40,0.021510548889636993,True
500,16,45,0.009326874278485775,True
500,16,50,0.008161726407706738,True
500,16,55,0.004012870602309704,True
500,16,60,0.0054033841006457806,True
500,16,65,0.0048197973519563675,True
500,16,70,0.004992536269128323,True
500,16,75,0.0058520203456282616,True
500,17,10,0.017641285434365273,True
500,17,15,0.021677318960428238,True
500,17,20,0.06423044204711914,True
500,17,25,0.031069748103618622,True
500,17,30,0.027401264756917953,True
500,17,35,0.02252471260726452,True
500,17,40,0.030026474967598915,True
500,17,45,0.009679936803877354,True
500,17,50,0.025324279442429543,True
500,17,55,0.011151449754834175,True
500,17,60,0.004923373926430941,True
500,17,65,0.005722125060856342,True
500,17,70,0.0064799184910953045,True
500,18,10,0.007068621460348368,True
500,18,15,0.022009914740920067,True
500,18,20,0.044766467064619064,True
500,18,25,0.026786943897604942,True
500,18,30,0.034977830946445465,True
500,18,35,0.024995749816298485,True
500,18,40,0.032792557030916214,True
500,18,45,0.011460906825959682,True
500,18,50,0.019518356770277023,True
500,18,55,0.010563981719315052,True
500,18,60,0.006334017496556044,True
500,18,65,0.007593232672661543,True
500,18,70,0.012781862169504166,True
500,19,10,0.01316145434975624,True
500,19,15,0.030135951936244965,True
500,19,20,0.05859804153442383,True
500,19,25,0.031571101397275925,True
500,19,30,0.02614491619169712,True
500,19,35,0.019477270543575287,True
500,19,40,0.025634542107582092,True
500,19,45,0.0071662417612969875,True
500,19,50,0.02579846791923046,True
500,19,55,0.013804789632558823,True
500,19,60,0.005476015619933605,True
500,19,65,0.0052875615656375885,True
500,19,70,0.007685081567615271,True
500,20,10,0.004970891401171684,True
500,20,15,0.019409699365496635,True
500,20,20,0.03678496554493904,True
500,20,25,0.02422068640589714,True
500,20,30,0.01981668919324875,True
500,20,35,0.020021740347146988,True
500,20,40,0.04179363697767258,True
500,20,45,0.009466440416872501,True
500,20,50,0.013170773163437843,True
500,20,55,0.00589350052177906,True
500,20,60,0.004394798539578915,True
500,20,65,0.0038522921968251467,True
500,20,70,0.004499940667301416,True
500,20,75,0.005960313603281975,True
500,21,10,0.00708162272349,True
500,21,15,0.026125630363821983,True
500,21,20,0.03342783451080322,True
500,21,25,0.01823403313755989,True
500,21,30,0.02474183775484562,True
500,21,35,0.018653899431228638,True
500,21,40,0.044938743114471436,True
500,21,45,0.010942214168608189,True
500,21,50,0.011646769009530544,True
500,21,55,0.011134203523397446,True
500,21,60,0.0037156562320888042,True
500,21,65,0.003597369883209467,True
500,21,70,0.003934401553124189,True
500,21,75,0.004073842894285917,True
500,21,80,0.012477600015699863,True
500,22,10,0.015284888446331024,True
500,22,15,0.019350094720721245,True
500,22,20,0.04664766043424606,True
500,22,25,0.035608138889074326,True
500,22,30,0.025249047204852104,True
500,22,35,0.022857170552015305,True
500,22,40,0.04537801072001457,True
500,22,45,0.0095902681350708,True
500,22,50,0.009489906951785088,True
500,22,55,0.00876251794397831,True
500,22,60,0.005085864569991827,True
500,22,65,0.006228642072528601,True
500,22,70,0.007530673872679472,True
500,22,75,0.012161508202552795,True
500,23,10,0.01365356333553791,True
500,23,15,0.024413494393229485,True
500,23,20,0.06260699778795242,True
500,23,25,0.02906556986272335,True
500,23,30,0.03433175012469292,True
500,23,35,0.023076875135302544,True
500,23,40,0.045736730098724365,True
500,23,45,0.016851281747221947,True
500,23,50,0.024973472580313683,True
500,23,55,0.00782500859349966,True
500,23,60,0.006140282843261957,True
500,23,65,0.006288569420576096,True
500,23,70,0.007034783251583576,True
500,24,10,0.008486418053507805,True
500,24,15,0.02507036365568638,True
500,24,20,0.04884200915694237,True
500,24,25,0.023739660158753395,True
500,24,30,0.029721908271312714,True
500,24,35,0.027098776772618294,True
500,24,40,0.02453024499118328,True
500,24,45,0.023141592741012573,True
500,24,50,0.009859094396233559,True
500,24,55,0.012703707441687584,True
500,24,60,0.005341276526451111,True
500,24,65,0.006195353344082832,True
500,24,70,0.005400149617344141,True
500,24,75,0.005628911312669516,True
500,24,80,0.025042017921805382,True
500,25,10,0.020461618900299072,True
500,25,15,0.025994835421442986,True
500,25,20,0.04027906060218811,True
500,25,25,0.024344999343156815,True
500,25,30,0.024699361994862556,True
500,25,35,0.025695225223898888,True
500,25,40,0.024771977216005325,True
500,25,45,0.02738075703382492,True
500,25,50,0.010149210691452026,True
500,25,55,0.023577440530061722,True
500,25,60,0.0058897421695292,True
500,25,65,0.004643912892788649,True
500,25,70,0.004976822528988123,True
500,25,75,0.0036264322698116302,True
500,25,80,0.008083101361989975,True
500,26,10,0.005255627911537886,True
500,26,15,0.01885530911386013,True
500,26,20,0.051045455038547516,True
500,26,25,0.026036370545625687,True
500,26,30,0.028664710000157356,True
500,26,35,0.02574698068201542,True
500,26,40,0.031514521688222885,True
500,26,45,0.012148258276283741,True
500,26,50,0.021249491721391678,True
500,26,55,0.006662924773991108,True
500,26,60,0.006009569391608238,True
500,26,65,0.004945855122059584,True
500,26,70,0.00821513682603836,True
500,26,75,0.008059539832174778,True
500,27,10,0.00503796711564064,True
500,27,15,0.02094973996281624,True
500,27,20,0.0423952154815197,True
500,27,25,0.03277255594730377,True
500,27,30,0.02833879180252552,True
500,27,35,0.01802094466984272,True
500,27,40,0.032840095460414886,True
500,27,45,0.007415715605020523,True
500,27,50,0.012604390271008015,True
500,27,55,0.004948813002556562,True
500,27,60,0.004650216083973646,True
500,27,65,0.004981874953955412,True
500,27,70,0.006511989049613476,True
500,27,75,0.006596042774617672,True
500,28,10,0.008951615542173386,True
500,28,15,0.03127662092447281,True
500,28,20,0.04928472265601158,True
500,28,25,0.02392701432108879,True
500,28,30,0.02162625826895237,True
500,28,35,0.026650501415133476,True
500,28,40,0.01729561761021614,True
500,28,45,0.014798818156123161,True
500,28,50,0.020065994933247566,True
500,28,55,0.00686290767043829,True
500,28,60,0.004917890764772892,True
500,28,65,0.006205675192177296,True
500,29,10,0.009005536325275898,True
500,29,15,0.024124713614583015,True
500,29,20,0.05142120271921158,True
500,29,25,0.023659462109208107,True
500,29,30,0.01996004767715931,True
500,29,35,0.026108518242836,True
500,29,40,0.026534872129559517,True
500,29,45,0.020368631929159164,True
500,29,50,0.02991616725921631,True
500,29,55,0.004475031979382038,True
500,29,60,0.004701241385191679,True
500,29,65,0.004453605506569147,True
500,29,70,0.007542827166616917,True
500,30,10,0.012533529661595821,True
500,30,15,0.020595233887434006,True
500,30,20,0.03333396464586258,True
500,30,25,0.031890109181404114,True
500,30,30,0.026488171890378,True
500,30,35,0.019670894369482994,True
500,30,40,0.05338248983025551,True
500,30,45,0.012187352403998375,True
500,30,50,0.016285018995404243,True
500,30,55,0.005931171588599682,True
500,30,60,0.005627631675451994,True
500,30,65,0.006327302195131779,True
500,30,70,0.007545513566583395,True
500,30,75,0.006287843454629183,True
500,31,10,0.014386733062565327,True
500,31,15,0.021928882226347923,True
500,31,20,0.03967751935124397,True
500,31,25,0.024169541895389557,True
500,31,30,0.02715453691780567,True
500,31,35,0.019401701167225838,True
500,31,40,0.03012540377676487,True
500,31,45,0.018975215032696724,True
500,31,50,0.012451201677322388,True
500,31,55,0.017943410202860832,True
500,31,60,0.00765208387747407,True
500,31,65,0.005948568694293499,True
500,31,70,0.0063413898460567,True
500,31,75,0.00628127483651042,True
500,32,10,0.02061920426785946,True
500,32,15,0.024190489202737808,True
500,32,20,0.05679382011294365,True
500,32,25,0.027973655611276627,True
500,32,30,0.02732970379292965,True
500,32,35,0.0177595391869545,True
500,32,40,0.02747338078916073,True
500,32,45,0.008056672289967537,True
500,32,50,0.014850444160401821,True
500,32,55,0.005812150426208973,True
500,32,60,0.00410514185205102,True
500,32,65,0.005159949883818626,True
500,32,70,0.004926581867039204,True
500,32,75,0.0065894839353859425,True
500,33,10,0.010523557662963867,True
500,33,15,0.030540823936462402,True
500,33,20,0.04187704250216484,True
500,33,25,0.026544533669948578,True
500,33,30,0.02212778478860855,True
500,33,35,0.020514387637376785,True
500,33,40,0.033471763134002686,True
500,33,45,0.007064566947519779,True
500,33,50,0.00964631699025631,True
500,33,55,0.006701083853840828,True
500,33,60,0.006203741766512394,True
500,33,65,0.0036246723029762506,True
500,33,70,0.002903140615671873,True
500,33,75,0.0035415999591350555,True
500,33,80,0.011899340897798538,True
500,34,10,0.016076674684882164,True
500,34,15,0.02573033794760704,True
500,34,20,0.05744317173957825,True
500,34,25,0.03058595396578312,True
500,34,30,0.021809440106153488,True
500,34,35,0.01691342331469059,True
500,34,40,0.04896555840969086,True
500,34,45,0.01038843672722578,True
500,34,50,0.008341149426996708,True
500,34,55,0.003895790781825781,True
500,34,60,0.00409921957179904,True
500,34,65,0.005111186299473047,True
500,34,70,0.006806700490415096,True
500,34,75,0.007215036079287529,True
500,35,10,0.013937966898083687,True
500,35,15,0.02025248296558857,True
500,35,20,0.04469200596213341,True
500,35,25,0.03256620094180107,True
500,35,30,0.02465943433344364,True
500,35,35,0.022021498531103134,True
500,35,40,0.05630086362361908,True
500,35,45,0.01694408431649208,True
500,35,50,0.020758116617798805,True
500,35,55,0.007619727402925491,True
500,35,60,0.004876546561717987,True
500,35,65,0.005873220972716808,True
500,35,70,0.005139338783919811,True
500,35,75,0.0069624013267457485,True
500,36,10,0.017197836190462112,True
500,36,15,0.02335372194647789,True
500,36,20,0.05485643446445465,True
500,36,25,0.026234909892082214,True
500,36,30,0.022979620844125748,True
500,36,35,0.020719405263662338,True
500,36,40,0.03563087433576584,True
500,36,45,0.009275066666305065,True
500,36,50,0.01380839478224516,True
500,36,55,0.007382964249700308,True
500,36,60,0.005023193545639515,True
500,36,65,0.004201212432235479,True
500,36,70,0.006081323605030775,True
500,37,10,0.007544446270912886,True
500,37,15,0.02752184495329857,True
500,37,20,0.04273025691509247,True
500,37,25,0.02862333320081234,True
500,37,30,0.02139940671622753,True
500,37,35,0.019772449508309364,True
500,37,40,0.045309506356716156,True
500,37,45,0.007963192649185658,True
500,37,50,0.015194421634078026,True
500,37,55,0.007121286820620298,True
500,37,60,0.0038099116645753384,True
500,37,65,0.0029714086558669806,True
500,37,70,0.004300192464143038,True
500,37,75,0.003496267134323716,True
500,37,80,0.006969825364649296,True
500,38,10,0.004411395639181137,True
500,38,15,0.019734494388103485,True
500,38,20,0.044364336878061295,True
500,38,25,0.03133045509457588,True
500,38,30,0.017403125762939453,True
500,38,35,0.01774737611413002,True
500,38,40,0.04676738381385803,True
500,38,45,0.005675505381077528,True
500,38,50,0.012387306429445744,True
500,38,55,0.004802830051630735,True
500,38,60,0.003768280381336808,True
500,38,65,0.0028673261404037476,True
500,38,70,0.004022170323878527,True
500,38,75,0.004520026966929436,True
500,38,80,0.03144463896751404,True
500,39,10,0.011553330346941948,True
500,39,15,0.02014361321926117,True
500,39,20,0.04472854360938072,True
500,39,25,0.03200097382068634,True
500,39,30,0.01589559018611908,True
500,39,35,0.03984034061431885,True
500,39,40,0.016646938398480415,True
500,39,45,0.007086607627570629,True
500,39,50,0.009884660132229328,True
500,39,55,0.004201857838779688,True
500,39,60,0.0044007692486047745,True
500,39,65,0.005321468226611614,True
500,39,70,0.00839764904230833,True
500,40,10,0.00982305221259594,True
500,40,15,0.023109454661607742,True
500,40,20,0.06459296494722366,True
500,40,25,0.032079678028821945,True
500,40,30,0.021642861887812614,True
500,40,35,0.02018195390701294,True
500,40,40,0.02554168365895748,True
500,40,45,0.010666059330105782,True
500,40,50,0.026784297078847885,True
500,40,55,0.008459722623229027,True
500,40,60,0.0068543399684131145,True
500,40,65,0.007027441635727882,True
500,40,70,0.008944136090576649,True
500,41,10,0.005820874590426683,True
500,41,15,0.017975717782974243,True
500,41,20,0.034734003245830536,True
500,41,25,0.026075687259435654,True
500,41,30,0.01867416501045227,True
500,41,35,0.02276713214814663,True
500,41,40,0.026491448283195496,True
500,41,45,0.020134184509515762,True
500,41,50,0.01943880319595337,True
500,41,55,0.0059154340997338295,True
500,41,60,0.004872940015047789,True
500,41,65,0.005878031719475985,True
500,42,10,0.01939762942492962,True
500,42,15,0.027424227446317673,True
500,42,20,0.058634549379348755,True
500,42,25,0.03430710732936859,True
500,42,30,0.025070080533623695,True
500,42,35,0.018779322504997253,True
500,42,40,0.0333537682890892,True
500,42,45,0.0077031683176755905,True
500,42,50,0.028370393440127373,True
500,42,55,0.014270178973674774,True
500,42,60,0.00550442049279809,True
500,42,65,0.004860277753323317,True
500,42,70,0.005633007735013962,True
500,43,10,0.008056196384131908,True
500,43,15,0.020561257377266884,True
500,43,20,0.05596344545483589,True
500,43,25,0.028833094984292984,True
500,43,30,0.018039731308817863,True
500,43,35,0.035047952085733414,True
500,43,40,0.017023494467139244,True
500,43,45,0.01690128818154335,True
500,43,50,0.026428721845149994,True
500,43,55,0.008183655329048634,True
500,43,60,0.005225136876106262,True
500,43,65,0.0059060887433588505,True
500,44,10,0.008903877809643745,True
500,44,15,0.017183924093842506,True
500,44,20,0.03213521093130112,True
500,44,25,0.0297998059540987,True
500,44,30,0.021318024024367332,True
500,44,35,0.024105487391352654,True
500,44,40,0.04417521506547928,True
500,44,45,0.012568236328661442,True
500,44,50,0.01653110794723034,True
500,44,55,0.0064955600537359715,True
500,44,60,0.0057289497926831245,True
500,44,65,0.0064183566719293594,True
500,44,70,0.00625171372666955,True
500,44,75,0.014635035768151283,True
500,45,10,0.00833195075392723,True
500,45,15,0.018336396664381027,True
500,45,20,0.04066402092576027,True
500,45,25,0.021500220522284508,True
500,45,30,0.01782810501754284,True
500,45,35,0.03579571098089218,True
500,45,40,0.014379496686160564,True
500,45,45,0.007135868538171053,True
500,45,50,0.009643659926950932,True
500,45,55,0.003387796925380826,True
500,45,60,0.0029326514340937138,True
500,45,65,0.005753038451075554,True
500,45,70,0.005315140821039677,True
500,46,10,0.01634054444730282,True
500,46,15,0.023723842576146126,True
500,46,20,0.047307804226875305,True
500,46,25,0.026850569993257523,True
500,46,30,0.029643801972270012,True
500,46,35,0.025509601458907127,True
500,46,40,0.038915619254112244,True
500,46,45,0.008459667675197124,True
500,46,50,0.010798478499054909,True
500,46,55,0.009211537428200245,True
500,46,60,0.005219148471951485,True
500,46,65,0.005077125038951635,True
500,46,70,0.0057225218042731285,True
500,46,75,0.004845436196774244,True
500,47,10,0.016396906226873398,True
500,47,15,0.024854477494955063,True
500,47,20,0.05916525423526764,True
500,47,25,0.036267541348934174,True
500,47,30,0.025473998859524727,True
500,47,35,0.02023404836654663,True
500,47,40,0.024064669385552406,True
500,47,45,0.00888129323720932,True
500,47,50,0.0181129090487957,True
500,47,55,0.007608319167047739,True
500,47,60,0.0042373850010335445,True
500,47,65,0.0046182358637452126,True
500,47,70,0.006115672178566456,True
500,48,10,0.005920725408941507,True
500,48,15,0.027049630880355835,True
500,48,20,0.04326809197664261,True
500,48,25,0.02233322709798813,True
500,48,30,0.022493038326501846,True
500,48,35,0.024261917918920517,True
500,48,40,0.020383678376674652,True
500,48,45,0.008740843273699284,True
500,48,50,0.006330215837806463,True
500,48,55,0.0032320565078407526,True
500,48,60,0.004822582006454468,True
500,48,65,0.005142811220139265,True
500,48,70,0.0058596814051270485,True
500,48,75,0.013170985504984856,True
500,49,10,0.020539654418826103,True
500,49,15,0.029708322137594223,True
500,49,20,0.06818094104528427,True
500,49,25,0.03682473674416542,True
500,49,30,0.03187171369791031,True
500,49,35,0.021022764965891838,True
500,49,40,0.019183820113539696,True
500,49,45,0.010088842362165451,True
500,49,50,0.017731336876749992,True
500,49,55,0.009238659404218197,True
500,49,60,0.008818448521196842,True
500,49,65,0.008479136973619461,True
500,49,70,0.009067274630069733,True
