eval_step,episode_idx,episode_step,alignment_ratio,success
100,0,10,0.05061725527048111,False
100,0,15,0.1363755166530609,False
100,0,20,0.20084631443023682,False
100,0,25,0.15847474336624146,False
100,0,30,0.2022615224123001,False
100,0,35,0.1666092425584793,False
100,0,40,0.17708000540733337,False
100,0,45,0.27208074927330017,False
100,0,50,0.08241547644138336,False
100,0,55,0.12096334993839264,False
100,0,60,0.10824331641197205,False
100,0,65,0.08200715482234955,False
100,0,70,0.12777672708034515,False
100,0,75,0.052423328161239624,False
100,0,80,0.0362720787525177,False
100,0,85,0.045801132917404175,False
100,0,90,0.05759674683213234,False
100,0,95,0.15257805585861206,False
100,0,100,0.14494213461875916,False
100,0,105,0.11163485050201416,False
100,0,110,0.12785571813583374,False
100,0,115,0.20371033251285553,False
100,0,120,0.17031821608543396,False
100,0,125,0.0910218134522438,False
100,0,130,0.09514313191175461,False
100,0,135,0.09482321888208389,False
100,0,140,0.05135238543152809,False
100,0,145,0.7579976320266724,False
100,0,150,0.08299069106578827,False
100,0,155,0.08071674406528473,False
100,0,160,0.12561620771884918,False
100,0,165,0.10709893703460693,False
100,0,170,0.07035090774297714,False
100,0,175,0.09871576726436615,False
100,0,180,0.15921533107757568,False
100,0,185,0.2844829559326172,False
100,0,190,0.2585671842098236,False
100,0,195,0.1274125874042511,False
100,0,200,0.11019870638847351,False
100,0,205,0.21583522856235504,False
100,0,210,0.5907144546508789,False
100,0,215,0.44265100359916687,False
100,0,220,0.3473939001560211,False
100,0,225,0.288253515958786,False
100,0,230,0.3538757860660553,False
100,0,235,0.33881881833076477,False
100,0,240,0.2491014003753662,False
100,0,245,0.42739275097846985,False
100,0,250,0.09239959716796875,False
100,0,255,0.31878194212913513,False
100,0,260,0.06976857781410217,False
100,0,265,0.10063532739877701,False
100,0,270,0.3317508399486542,False
100,0,275,0.3827250301837921,False
100,0,280,0.41059455275535583,False
100,0,285,0.2852053642272949,False
100,0,290,0.09343540668487549,False
100,0,295,0.13036704063415527,False
100,0,300,0.07808589190244675,False
100,0,305,0.09320316463708878,False
100,0,310,0.057641997933387756,False
100,0,315,0.13813680410385132,False
100,0,320,0.15038488805294037,False
100,0,325,0.21800069510936737,False
100,0,330,0.24220915138721466,False
100,0,335,0.23700936138629913,False
100,0,340,0.24254192411899567,False
100,0,345,0.07972100377082825,False
100,0,350,0.11287183314561844,False
100,0,355,0.1371995359659195,False
100,0,360,0.07601214200258255,False
100,0,365,0.14107200503349304,False
100,0,370,0.0498695895075798,False
100,0,375,0.07630810141563416,False
100,0,380,0.09006737917661667,False
100,0,385,0.05697522312402725,False
100,0,390,0.07938085496425629,False
100,0,395,0.10592535883188248,False
100,0,400,0.059290528297424316,False
100,0,405,0.0751393586397171,False
100,1,10,0.047022607177495956,False
100,1,15,0.16310594975948334,False
100,1,20,0.22433345019817352,False
100,1,25,0.27930665016174316,False
100,1,30,0.4258117973804474,False
100,1,35,0.07431507110595703,False
100,1,40,0.6190383434295654,False
100,1,45,0.6149150729179382,False
100,1,50,0.6669223308563232,False
100,1,55,0.6411265134811401,False
100,1,60,0.32833924889564514,False
100,1,65,0.3020898997783661,False
100,1,70,0.08772267401218414,False
100,1,75,0.049736469984054565,False
100,1,80,0.06542026996612549,False
100,1,85,0.09412826597690582,False
100,1,90,0.05878430977463722,False
100,1,95,0.054977573454380035,False
100,1,100,0.037375230342149734,False
100,1,105,0.040693171322345734,False
100,1,110,0.036689016968011856,False
100,1,115,0.08347450941801071,False
100,1,120,0.050588302314281464,False
100,1,125,0.0880742222070694,False
100,1,130,0.05656209588050842,False
100,1,135,0.06359657645225525,False
100,1,140,0.04028947278857231,False
100,1,145,0.07680704444646835,False
100,1,150,0.07283836603164673,False
100,1,155,0.08169756084680557,False
100,1,160,0.07482549548149109,False
100,1,165,0.053484562784433365,False
100,1,170,0.10996556282043457,False
100,1,175,0.059331707656383514,False
100,1,180,0.0742499828338623,False
100,1,185,0.07765481621026993,False
100,1,190,0.0441809818148613,False
100,1,195,0.09420183300971985,False
100,1,200,0.06558561325073242,False
100,1,205,0.05520031601190567,False
100,1,210,0.05870593339204788,False
100,1,215,0.08717315644025803,False
100,1,220,0.03814034163951874,False
100,1,225,0.03892286494374275,False
100,1,230,0.019694827497005463,False
100,1,235,0.03445250913500786,False
100,1,240,0.05827951431274414,False
100,1,245,0.052010200917720795,False
100,1,250,0.16018149256706238,False
100,1,255,0.033703889697790146,False
100,1,260,0.09761369228363037,False
100,1,265,0.07032209634780884,False
100,1,270,0.06873797625303268,False
100,1,275,0.0758897215127945,False
100,1,280,0.08051560074090958,False
100,1,285,0.1098732277750969,False
100,1,290,0.11375465244054794,False
100,1,295,0.056508347392082214,False
100,1,300,0.05620238929986954,False
100,1,305,0.08513600379228592,False
100,1,310,0.033578090369701385,False
100,1,315,0.03001120127737522,False
100,1,320,0.059488650411367416,False
100,1,325,0.03613957390189171,False
100,1,330,0.10115411877632141,False
100,1,335,0.054510150104761124,False
100,1,340,0.24870681762695312,False
100,1,345,0.04849785938858986,False
100,1,350,0.04373864084482193,False
100,1,355,0.3527040481567383,False
100,1,360,0.42402249574661255,False
100,1,365,0.5702986121177673,False
100,1,370,0.40104469656944275,False
100,1,375,0.16561536490917206,False
100,1,380,0.5827866196632385,False
100,1,385,0.29580631852149963,False
100,1,390,0.3089807331562042,False
100,1,395,0.8685004711151123,False
100,1,400,0.19044090807437897,False
100,1,405,0.5086207389831543,False
100,2,10,0.03279366344213486,True
100,2,15,0.14097291231155396,True
100,2,20,0.22589170932769775,True
100,2,25,0.3078532814979553,True
100,2,30,0.41295573115348816,True
100,2,35,0.44481655955314636,True
100,2,40,0.32790517807006836,True
100,2,45,0.3158097565174103,True
100,2,50,0.368664413690567,True
100,2,55,0.3562180697917938,True
100,2,60,0.3618733286857605,True
100,2,65,0.39599910378456116,True
100,2,70,0.241514191031456,True
100,2,75,0.5444960594177246,True
100,2,80,0.4116574823856354,True
100,2,85,0.404800146818161,True
100,2,90,0.6677936315536499,True
100,2,95,0.38862666487693787,True
100,2,100,0.5257745981216431,True
100,2,105,0.6179352402687073,True
100,2,110,0.5822507739067078,True
100,2,115,0.31400009989738464,True
100,2,120,0.19039373099803925,True
100,2,125,0.377878874540329,True
100,2,130,0.7681882381439209,True
100,2,135,0.712722659111023,True
100,2,140,0.5945557355880737,True
100,2,145,0.6325691938400269,True
100,2,150,0.5004913806915283,True
100,2,155,0.604583740234375,True
100,2,160,0.673011064529419,True
100,2,165,0.43835756182670593,True
100,2,170,0.20395837724208832,True
100,2,175,0.5611329078674316,True
100,2,180,0.5165358781814575,True
100,2,185,0.5410205125808716,True
100,2,190,0.49505576491355896,True
100,2,195,0.6066249012947083,True
100,2,200,0.15708045661449432,True
100,2,205,0.33623984456062317,True
100,2,210,0.28954026103019714,True
100,2,215,0.1819954365491867,True
100,2,220,0.42848652601242065,True
100,2,225,0.370243102312088,True
100,2,230,0.22219401597976685,True
100,2,235,0.46946752071380615,True
100,2,240,0.4742218554019928,True
100,2,245,0.346797376871109,True
100,2,250,0.27911728620529175,True
100,2,255,0.47263389825820923,True
100,2,260,0.26157984137535095,True
100,2,265,0.25682392716407776,True
100,2,270,0.17553703486919403,True
100,2,275,0.10801537334918976,True
100,2,280,0.2524295449256897,True
100,2,285,0.20811006426811218,True
100,2,290,0.3902898132801056,True
100,2,295,0.36787307262420654,True
100,2,300,0.23707036674022675,True
100,2,305,0.3258829712867737,True
100,2,310,0.16310276091098785,True
100,2,315,0.19437885284423828,True
100,2,320,0.3601255714893341,True
100,2,325,0.3704107999801636,True
100,2,330,0.36741313338279724,True
100,2,335,0.44879043102264404,True
100,2,340,0.4260556697845459,True
100,2,345,0.348723441362381,True
100,2,350,0.3618883788585663,True
100,2,355,0.29091230034828186,True
100,2,360,0.26473763585090637,True
100,2,365,0.2706748843193054,True
100,2,370,0.27084317803382874,True
100,2,375,0.3624382019042969,True
100,2,380,0.3223622143268585,True
100,2,385,0.39306938648223877,True
100,2,390,0.381723552942276,True
100,2,395,0.48425933718681335,True
100,3,10,0.11917471885681152,False
100,3,15,0.21963582932949066,False
100,3,20,0.31020504236221313,False
100,3,25,0.23814481496810913,False
100,3,30,0.3598724901676178,False
100,3,35,0.3052081763744354,False
100,3,40,0.3087109625339508,False
100,3,45,0.39195340871810913,False
100,3,50,0.1619836539030075,False
100,3,55,0.13420212268829346,False
100,3,60,0.05981752276420593,False
100,3,65,0.11309674382209778,False
100,3,70,0.0799308717250824,False
100,3,75,0.07487006485462189,False
100,3,80,0.05315568670630455,False
100,3,85,0.16784118115901947,False
100,3,90,0.09165851026773453,False
100,3,95,0.050763290375471115,False
100,3,100,0.09913258999586105,False
100,3,105,0.05503285676240921,False
100,3,110,0.06337523460388184,False
100,3,115,0.0860990434885025,False
100,3,120,0.14005950093269348,False
100,3,125,0.15340477228164673,False
100,3,130,0.11492578685283661,False
100,3,135,0.10888376086950302,False
100,3,140,0.1267170011997223,False
100,3,145,0.137128546833992,False
100,3,150,0.20317649841308594,False
100,3,155,0.16726388037204742,False
100,3,160,0.15330809354782104,False
100,3,165,0.11711236834526062,False
100,3,170,0.10020193457603455,False
100,3,175,0.1998300701379776,False
100,3,180,0.08011207729578018,False
100,3,185,0.10180763155221939,False
100,3,190,0.1275894045829773,False
100,3,195,0.2611323297023773,False
100,3,200,0.10946870595216751,False
100,3,205,0.08640412241220474,False
100,3,210,0.12079349905252457,False
100,3,215,0.166021928191185,False
100,3,220,0.06463116407394409,False
100,3,225,0.40536707639694214,False
100,3,230,0.08731044083833694,False
100,3,235,0.08416830748319626,False
100,3,240,0.03623465821146965,False
100,3,245,0.05258059501647949,False
100,3,250,0.06049111858010292,False
100,3,255,0.06665448099374771,False
100,3,260,0.10437966883182526,False
100,3,265,0.07912082225084305,False
100,3,270,0.16578379273414612,False
100,3,275,0.07871796935796738,False
100,3,280,0.1070174127817154,False
100,3,285,0.08025375008583069,False
100,3,290,0.19295738637447357,False
100,3,295,0.14933651685714722,False
100,3,300,0.16818960011005402,False
100,3,305,0.0708460658788681,False
100,3,310,0.0835132747888565,False
100,3,315,0.11817853152751923,False
100,3,320,0.11242718994617462,False
100,3,325,0.1467362344264984,False
100,3,330,0.25896915793418884,False
100,3,335,0.29912716150283813,False
100,3,340,0.059985414147377014,False
100,3,345,0.06303301453590393,False
100,3,350,0.05974476411938667,False
100,3,355,0.05983041971921921,False
100,3,360,0.04818040132522583,False
100,3,365,0.26645296812057495,False
100,3,370,0.16672895848751068,False
100,3,375,0.07407420128583908,False
100,3,380,0.0865556076169014,False
100,3,385,0.11227476596832275,False
100,3,390,0.08504972606897354,False
100,3,395,0.09428387135267258,False
100,3,400,0.12717320024967194,False
100,3,405,0.07822014391422272,False
100,4,10,0.06349410116672516,False
100,4,15,0.08548977971076965,False
100,4,20,0.06903000175952911,False
100,4,25,0.07803698629140854,False
100,4,30,0.2231093943119049,False
100,4,35,0.1344435065984726,False
100,4,40,0.19440825283527374,False
100,4,45,0.05726489797234535,False
100,4,50,0.0979168564081192,False
100,4,55,0.05643859878182411,False
100,4,60,0.1241699829697609,False
100,4,65,0.10233856737613678,False
100,4,70,0.15981176495552063,False
100,4,75,1.1776776313781738,False
100,4,80,0.06266438961029053,False
100,4,85,0.040681902319192886,False
100,4,90,0.04525565728545189,False
100,4,95,0.0972236767411232,False
100,4,100,0.2649582326412201,False
100,4,105,0.152366504073143,False
100,4,110,0.19574227929115295,False
100,4,115,0.3014000952243805,False
100,4,120,0.285788893699646,False
100,4,125,0.34902942180633545,False
100,4,130,0.13499730825424194,False
100,4,135,0.11627950519323349,False
100,4,140,0.052193690091371536,False
100,4,145,0.2272077202796936,False
100,4,150,0.15924625098705292,False
100,4,155,0.17146097123622894,False
100,4,160,0.1933421939611435,False
100,4,165,0.1776726096868515,False
100,4,170,0.26010656356811523,False
100,4,175,0.6264302134513855,False
100,4,180,0.20704126358032227,False
100,4,185,0.34251660108566284,False
100,4,190,0.2501997947692871,False
100,4,195,0.5347176194190979,False
100,4,200,0.07218037545681,False
100,4,205,0.26588505506515503,False
100,4,210,0.595888614654541,False
100,4,215,0.3192034661769867,False
100,4,220,0.16828173398971558,False
100,4,225,0.6097106337547302,False
100,4,230,0.4331274926662445,False
100,4,235,0.47639790177345276,False
100,4,240,0.33430901169776917,False
100,4,245,0.5950830578804016,False
100,4,250,0.12111473083496094,False
100,4,255,0.17411483824253082,False
100,4,260,0.12161336094141006,False
100,4,265,0.11662644892930984,False
100,4,270,0.13005125522613525,False
100,4,275,0.1376635879278183,False
100,4,280,0.1218416765332222,False
100,4,285,0.8556720614433289,False
100,4,290,0.0861065611243248,False
100,4,295,0.10430794954299927,False
100,4,300,0.18036054074764252,False
100,4,305,0.1367180496454239,False
100,4,310,0.13085594773292542,False
100,4,315,0.817468523979187,False
100,4,320,0.10414741933345795,False
100,4,325,1.0583083629608154,False
100,4,330,0.06736183911561966,False
100,4,335,0.15048541128635406,False
100,4,340,0.1356126219034195,False
100,4,345,0.160101056098938,False
100,4,350,0.19070851802825928,False
100,4,355,0.11960548907518387,False
100,4,360,0.11483535915613174,False
100,4,365,0.14876511693000793,False
100,4,370,0.0783991888165474,False
100,4,375,0.053926169872283936,False
100,4,380,0.10896776616573334,False
100,4,385,0.06659325212240219,False
100,4,390,0.12393663823604584,False
100,4,395,0.12975548207759857,False
100,4,400,0.19556313753128052,False
100,4,405,0.1473207324743271,False
100,5,10,0.08988260477781296,False
100,5,15,0.1263524740934372,False
100,5,20,0.14159545302391052,False
100,5,25,0.14899909496307373,False
100,5,30,0.15845945477485657,False
100,5,35,0.18011826276779175,False
100,5,40,0.39209190011024475,False
100,5,45,0.2501622438430786,False
100,5,50,0.15696144104003906,False
100,5,55,0.07795783132314682,False
100,5,60,0.040806423872709274,False
100,5,65,0.04726177453994751,False
100,5,70,0.09259719401597977,False
100,5,75,0.13283106684684753,False
100,5,80,0.04161425307393074,False
100,5,85,0.0694785788655281,False
100,5,90,0.20904073119163513,False
100,5,95,0.1862790286540985,False
100,5,100,0.12427772581577301,False
100,5,105,0.14777016639709473,False
100,5,110,0.14988656342029572,False
100,5,115,0.17793923616409302,False
100,5,120,0.1432858407497406,False
100,5,125,0.15163442492485046,False
100,5,130,0.10477106273174286,False
100,5,135,0.0563008077442646,False
100,5,140,0.10553628951311111,False
100,5,145,0.0479564405977726,False
100,5,150,0.0632772296667099,False
100,5,155,0.0493730865418911,False
100,5,160,0.025881649926304817,False
100,5,165,0.08242156356573105,False
100,5,170,0.3043997287750244,False
100,5,175,0.3800303637981415,False
100,5,180,0.45040953159332275,False
100,5,185,0.514522135257721,False
100,5,190,0.4455277621746063,False
100,5,195,0.19053389132022858,False
100,5,200,0.206404447555542,False
100,5,205,0.2551025450229645,False
100,5,210,0.7638850212097168,False
100,5,215,0.771063506603241,False
100,5,220,0.36437320709228516,False
100,5,225,0.36772891879081726,False
100,5,230,0.6627287268638611,False
100,5,235,0.7309897541999817,False
100,5,240,0.5803273916244507,False
100,5,245,0.46327516436576843,False
100,5,250,0.3170597553253174,False
100,5,255,0.4887113571166992,False
100,5,260,0.13818860054016113,False
100,5,265,0.29887816309928894,False
100,5,270,0.48230499029159546,False
100,5,275,0.6333376169204712,False
100,5,280,0.6623216271400452,False
100,5,285,0.43893158435821533,False
100,5,290,0.5326364636421204,False
100,5,295,0.3903147280216217,False
100,5,300,0.4921800196170807,False
100,5,305,0.35826772451400757,False
100,5,310,0.4435341954231262,False
100,5,315,0.5543718338012695,False
100,5,320,0.42131468653678894,False
100,5,325,0.46646061539649963,False
100,5,330,0.7726742029190063,False
100,5,335,0.7038851380348206,False
100,5,340,0.4731725752353668,False
100,5,345,0.47119149565696716,False
100,5,350,0.22620822489261627,False
100,5,355,0.4284050166606903,False
100,5,360,0.3893459439277649,False
100,5,365,0.4279453158378601,False
100,5,370,0.42772725224494934,False
100,5,375,0.32973018288612366,False
100,5,380,0.4331396520137787,False
100,5,385,0.4039222002029419,False
100,5,390,0.3813348710536957,False
100,5,395,0.5001562237739563,False
100,5,400,0.2589326500892639,False
100,5,405,0.38701555132865906,False
100,6,10,0.09831514954566956,False
100,6,15,0.1310143619775772,False
100,6,20,0.2446853369474411,False
100,6,25,0.15899421274662018,False
100,6,30,0.3044295608997345,False
100,6,35,0.23119018971920013,False
100,6,40,0.51166170835495,False
100,6,45,0.5335935354232788,False
100,6,50,0.3192412257194519,False
100,6,55,0.2618802785873413,False
100,6,60,0.09754856675863266,False
100,6,65,0.16618117690086365,False
100,6,70,0.12143836915493011,False
100,6,75,0.09348251670598984,False
100,6,80,0.09914883226156235,False
100,6,85,0.10076743364334106,False
100,6,90,0.04678262770175934,False
100,6,95,0.06661223620176315,False
100,6,100,0.09157688915729523,False
100,6,105,0.1188686341047287,False
100,6,110,0.08945784717798233,False
100,6,115,0.12035655975341797,False
100,6,120,0.16396330296993256,False
100,6,125,0.23713743686676025,False
100,6,130,0.11341680586338043,False
100,6,135,0.10302595049142838,False
100,6,140,0.18760468065738678,False
100,6,145,0.06899353116750717,False
100,6,150,0.07943330705165863,False
100,6,155,0.051250159740448,False
100,6,160,0.04871484264731407,False
100,6,165,0.07837606221437454,False
100,6,170,0.04139465093612671,False
100,6,175,0.0508091077208519,False
100,6,180,0.11307521164417267,False
100,6,185,0.09516208618879318,False
100,6,190,0.11070607602596283,False
100,6,195,0.1274469792842865,False
100,6,200,1.7924941778182983,False
100,6,205,0.2047945111989975,False
100,6,210,0.17185364663600922,False
100,6,215,0.1382872760295868,False
100,6,220,0.14917241036891937,False
100,6,225,0.05373724177479744,False
100,6,230,0.09180029481649399,False
100,6,235,0.1078973114490509,False
100,6,240,0.13468722999095917,False
100,6,245,0.12325417250394821,False
100,6,250,0.12754584848880768,False
100,6,255,0.1708768606185913,False
100,6,260,0.046552419662475586,False
100,6,265,0.29517263174057007,False
100,6,270,0.1852312684059143,False
100,6,275,0.17675156891345978,False
100,6,280,0.1171245276927948,False
100,6,285,0.20913705229759216,False
100,6,290,0.14502525329589844,False
100,6,295,0.13954806327819824,False
100,6,300,0.1284245401620865,False
100,6,305,0.07235244661569595,False
100,6,310,0.1700686663389206,False
100,6,315,0.06947100162506104,False
100,6,320,0.07466781884431839,False
100,6,325,0.1149945855140686,False
100,6,330,0.09118213504552841,False
100,6,335,0.09703642129898071,False
100,6,340,0.14170272648334503,False
100,6,345,0.11538460105657578,False
100,6,350,0.11456113308668137,False
100,6,355,0.33094385266304016,False
100,6,360,0.37150096893310547,False
100,6,365,0.21025612950325012,False
100,6,370,0.0496307909488678,False
100,6,375,0.1243404746055603,False
100,6,380,0.27557632327079773,False
100,6,385,0.5010889768600464,False
100,6,390,0.48744305968284607,False
100,6,395,0.32524827122688293,False
100,6,400,0.07485455274581909,False
100,6,405,0.5884376168251038,False
100,7,10,0.044212210923433304,False
100,7,15,0.14216747879981995,False
100,7,20,0.23125258088111877,False
100,7,25,0.2022761106491089,False
100,7,30,0.17863662540912628,False
100,7,35,0.1612234264612198,False
100,7,40,0.24636490643024445,False
100,7,45,0.5964664220809937,False
100,7,50,0.21783533692359924,False
100,7,55,0.15323470532894135,False
100,7,60,0.11443808674812317,False
100,7,65,0.07497163116931915,False
100,7,70,0.0990346223115921,False
100,7,75,0.06557049602270126,False
100,7,80,0.056166376918554306,False
100,7,85,0.04160226508975029,False
100,7,90,0.06022182106971741,False
100,7,95,0.10444933921098709,False
100,7,100,0.16155706346035004,False
100,7,105,0.10859373956918716,False
100,7,110,0.1493837833404541,False
100,7,115,0.15836653113365173,False
100,7,120,0.16928711533546448,False
100,7,125,0.16158826649188995,False
100,7,130,0.07291761785745621,False
100,7,135,0.03936140611767769,False
100,7,140,0.07635415345430374,False
100,7,145,0.05440667271614075,False
100,7,150,0.04070621356368065,False
100,7,155,0.10799718648195267,False
100,7,160,0.13568341732025146,False
100,7,165,0.26155734062194824,False
100,7,170,0.1865856945514679,False
100,7,175,0.5957794189453125,False
100,7,180,0.13973292708396912,False
100,7,185,0.2594892978668213,False
100,7,190,0.16713076829910278,False
100,7,195,0.11570551246404648,False
100,7,200,0.14090843498706818,False
100,7,205,0.15394185483455658,False
100,7,210,0.3765508830547333,False
100,7,215,0.5514312386512756,False
100,7,220,0.26615723967552185,False
100,7,225,0.5311113595962524,False
100,7,230,0.44432586431503296,False
100,7,235,0.4610739052295685,False
100,7,240,0.3841026723384857,False
100,7,245,0.39131417870521545,False
100,7,250,0.31969672441482544,False
100,7,255,0.5626693367958069,False
100,7,260,0.19149872660636902,False
100,7,265,0.25280940532684326,False
100,7,270,0.4495966136455536,False
100,7,275,0.3010958433151245,False
100,7,280,0.45118752121925354,False
100,7,285,0.2923961877822876,False
100,7,290,0.4678642749786377,False
100,7,295,0.39208224415779114,False
100,7,300,0.38823291659355164,False
100,7,305,0.3083241283893585,False
100,7,310,0.27047857642173767,False
100,7,315,0.3226380944252014,False
100,7,320,0.3657635748386383,False
100,7,325,0.2959854006767273,False
100,7,330,0.3683176040649414,False
100,7,335,0.5207067728042603,False
100,7,340,0.36316338181495667,False
100,7,345,0.3740963637828827,False
100,7,350,0.22341491281986237,False
100,7,355,0.2789306044578552,False
100,7,360,0.34208008646965027,False
100,7,365,0.37499719858169556,False
100,7,370,0.37623685598373413,False
100,7,375,0.28389793634414673,False
100,7,380,0.4648677706718445,False
100,7,385,0.3791126012802124,False
100,7,390,0.33098655939102173,False
100,7,395,0.49934399127960205,False
100,7,400,0.16630972921848297,False
100,7,405,0.2433275282382965,False
100,8,10,0.16407178342342377,True
100,8,15,0.24709510803222656,True
100,8,20,0.3270484507083893,True
100,8,25,0.3595879077911377,True
100,8,30,0.4388508200645447,True
100,8,35,0.35519346594810486,True
100,8,40,0.5767606496810913,True
100,8,45,0.6946040987968445,True
100,8,50,0.7741041779518127,True
100,8,55,0.5151200294494629,True
100,8,60,0.6503573656082153,True
100,8,65,0.7167888879776001,True
100,8,70,0.7040677666664124,True
100,8,75,0.9608978629112244,True
100,8,80,0.18226554989814758,True
100,9,10,0.05912603810429573,False
100,9,15,0.08511701971292496,False
100,9,20,0.1437719464302063,False
100,9,25,0.1040472462773323,False
100,9,30,0.08575905859470367,False
100,9,35,0.2715544104576111,False
100,9,40,0.19178377091884613,False
100,9,45,0.13094380497932434,False
100,9,50,0.09530173242092133,False
100,9,55,0.07528824359178543,False
100,9,60,0.038715705275535583,False
100,9,65,0.0826844871044159,False
100,9,70,0.11604926735162735,False
100,9,75,0.8790177702903748,False
100,9,80,0.050198137760162354,False
100,9,85,0.03563535213470459,False
100,9,90,0.05719985067844391,False
100,9,95,0.12390069663524628,False
100,9,100,0.15114545822143555,False
100,9,105,0.088571697473526,False
100,9,110,0.13493797183036804,False
100,9,115,0.13852612674236298,False
100,9,120,0.1361841857433319,False
100,9,125,0.12683209776878357,False
100,9,130,0.08420079201459885,False
100,9,135,0.15228867530822754,False
100,9,140,0.0724448710680008,False
100,9,145,0.09589290618896484,False
100,9,150,0.12961705029010773,False
100,9,155,0.02275492623448372,False
100,9,160,0.0648079663515091,False
100,9,165,0.10577044636011124,False
100,9,170,0.09830185025930405,False
100,9,175,0.39485082030296326,False
100,9,180,0.06497329473495483,False
100,9,185,0.10774198174476624,False
100,9,190,0.182127445936203,False
100,9,195,0.1476069688796997,False
100,9,200,0.07226121425628662,False
100,9,205,0.22864872217178345,False
100,9,210,0.44482889771461487,False
100,9,215,0.5725336670875549,False
100,9,220,0.31615644693374634,False
100,9,225,0.4408348798751831,False
100,9,230,0.2097567915916443,False
100,9,235,0.33077967166900635,False
100,9,240,0.20988872647285461,False
100,9,245,0.3959057033061981,False
100,9,250,0.2032284140586853,False
100,9,255,0.44886478781700134,False
100,9,260,0.148659348487854,False
100,9,265,0.23441462218761444,False
100,9,270,0.35307207703590393,False
100,9,275,0.38568389415740967,False
100,9,280,0.5418493747711182,False
100,9,285,0.4635293781757355,False
100,9,290,0.5472574234008789,False
100,9,295,0.514564573764801,False
100,9,300,0.478042334318161,False
100,9,305,0.338034451007843,False
100,9,310,0.35349345207214355,False
100,9,315,0.40448299050331116,False
100,9,320,0.3569942116737366,False
100,9,325,0.38764816522598267,False
100,9,330,0.4752976894378662,False
100,9,335,0.550032377243042,False
100,9,340,0.45913589000701904,False
100,9,345,0.45312178134918213,False
100,9,350,0.3234986960887909,False
100,9,355,0.3985922634601593,False
100,9,360,0.41046613454818726,False
100,9,365,0.4676907956600189,False
100,9,370,0.2929583787918091,False
100,9,375,0.3488845229148865,False
100,9,380,0.3503651022911072,False
100,9,385,0.2801714539527893,False
100,9,390,0.29427656531333923,False
100,9,395,0.5132411122322083,False
100,9,400,0.34735938906669617,False
100,9,405,0.2634168863296509,False
100,10,10,0.09680885821580887,False
100,10,15,0.05174136534333229,False
100,10,20,0.06187119707465172,False
100,10,25,0.05085685849189758,False
100,10,30,0.07368247956037521,False
100,10,35,0.0974837988615036,False
100,10,40,0.06542068719863892,False
100,10,45,0.06274140626192093,False
100,10,50,0.04541106894612312,False
100,10,55,0.10912911593914032,False
100,10,60,0.1292213648557663,False
100,10,65,0.051655206829309464,False
100,10,70,0.07415693253278732,False
100,10,75,0.1865079402923584,False
100,10,80,0.1700882911682129,False
100,10,85,0.1737399697303772,False
100,10,90,0.30241256952285767,False
100,10,95,0.1795453280210495,False
100,10,100,0.12825451791286469,False
100,10,105,0.07701380550861359,False
100,10,110,0.061608489602804184,False
100,10,115,0.10867176949977875,False
100,10,120,0.05481425300240517,False
100,10,125,0.07349209487438202,False
100,10,130,0.08485209941864014,False
100,10,135,0.11200236529111862,False
100,10,140,0.10861384868621826,False
100,10,145,0.06873863935470581,False
100,10,150,0.08852975070476532,False
100,10,155,0.12309552729129791,False
100,10,160,0.29207077622413635,False
100,10,165,0.07927925139665604,False
100,10,170,0.06054740399122238,False
100,10,175,0.11674678325653076,False
100,10,180,0.14686597883701324,False
100,10,185,0.16775968670845032,False
100,10,190,0.11658550053834915,False
100,10,195,0.1368967741727829,False
100,10,200,0.14578403532505035,False
100,10,205,0.1449470967054367,False
100,10,210,0.4308488368988037,False
100,10,215,0.1178140789270401,False
100,10,220,0.20938970148563385,False
100,10,225,0.2861478626728058,False
100,10,230,0.6086628437042236,False
100,10,235,0.4841294586658478,False
100,10,240,0.5424642562866211,False
100,10,245,0.4276104271411896,False
100,10,250,0.3203361928462982,False
100,10,255,0.5425256490707397,False
100,10,260,0.25090816617012024,False
100,10,265,0.13267782330513,False
100,10,270,0.37917834520339966,False
100,10,275,0.31331878900527954,False
100,10,280,0.40196937322616577,False
100,10,285,0.4028439223766327,False
100,10,290,0.5213419795036316,False
100,10,295,0.39718562364578247,False
100,10,300,0.3821791112422943,False
100,10,305,0.2888451814651489,False
100,10,310,0.20294535160064697,False
100,10,315,0.40264683961868286,False
100,10,320,0.3146432936191559,False
100,10,325,0.4125131368637085,False
100,10,330,0.7822363972663879,False
100,10,335,0.6544445753097534,False
100,10,340,0.5516445636749268,False
100,10,345,0.5572365522384644,False
100,10,350,0.3695908784866333,False
100,10,355,0.511702299118042,False
100,10,360,0.383194237947464,False
100,10,365,0.48206472396850586,False
100,10,370,0.29425734281539917,False
100,10,375,0.45633864402770996,False
100,10,380,0.4182305335998535,False
100,10,385,0.3671876788139343,False
100,10,390,0.4041086733341217,False
100,10,395,0.23998324573040009,False
100,10,400,0.30036911368370056,False
100,10,405,0.38185086846351624,False
100,11,10,0.11170852184295654,True
100,11,15,0.20588703453540802,True
100,11,20,0.3381109833717346,True
100,11,25,0.36504146456718445,True
100,11,30,0.4780452251434326,True
100,11,35,0.1255163997411728,True
100,11,40,0.18052835762500763,True
100,11,45,0.3858846426010132,True
100,11,50,0.22978627681732178,True
100,11,55,0.25538256764411926,True
100,11,60,0.330371230840683,True
100,11,65,0.45525914430618286,True
100,11,70,0.31862568855285645,True
100,11,75,0.4782164394855499,True
100,11,80,0.3345935046672821,True
100,11,85,0.3684788942337036,True
100,11,90,0.6229014992713928,True
100,11,95,0.31189218163490295,True
100,11,100,0.39480629563331604,True
100,11,105,0.6303716897964478,True
100,11,110,0.5456221103668213,True
100,11,115,0.47997623682022095,True
100,11,120,0.4476298391819,True
100,11,125,0.485294371843338,True
100,11,130,0.8778616189956665,True
100,11,135,1.0085994005203247,True
100,11,140,0.6979271173477173,True
100,11,145,0.38923659920692444,True
100,11,150,0.42354267835617065,True
100,11,155,0.3665067255496979,True
100,11,160,0.49333852529525757,True
100,12,10,0.12282523512840271,False
100,12,15,0.17234736680984497,False
100,12,20,0.19129562377929688,False
100,12,25,0.14568999409675598,False
100,12,30,0.16415810585021973,False
100,12,35,0.20390017330646515,False
100,12,40,0.5984028577804565,False
100,12,45,0.5274079442024231,False
100,12,50,0.14584840834140778,False
100,12,55,0.18908701837062836,False
100,12,60,0.19116933643817902,False
100,12,65,0.18768787384033203,False
100,12,70,0.2334437221288681,False
100,12,75,0.07899035513401031,False
100,12,80,0.126039519906044,False
100,12,85,0.1135978028178215,False
100,12,90,0.07083942741155624,False
100,12,95,0.06260508298873901,False
100,12,100,0.12245899438858032,False
100,12,105,0.14272573590278625,False
100,12,110,0.13607750833034515,False
100,12,115,0.09120047837495804,False
100,12,120,0.15455669164657593,False
100,12,125,0.12452167272567749,False
100,12,130,0.08708949387073517,False
100,12,135,0.11703256517648697,False
100,12,140,0.06982337683439255,False
100,12,145,0.05641334876418114,False
100,12,150,0.045447152107954025,False
100,12,155,0.14380741119384766,False
100,12,160,0.09377805143594742,False
100,12,165,0.2268090844154358,False
100,12,170,0.073298379778862,False
100,12,175,0.880243718624115,False
100,12,180,0.43065765500068665,False
100,12,185,0.6756047010421753,False
100,12,190,0.45500895380973816,False
100,12,195,0.5797977447509766,False
100,12,200,0.231069415807724,False
100,12,205,0.3630146086215973,False
100,12,210,0.5323271751403809,False
100,12,215,0.6011313199996948,False
100,12,220,0.43357688188552856,False
100,12,225,0.5946881175041199,False
100,12,230,0.5305750966072083,False
100,12,235,0.4985513687133789,False
100,12,240,0.5013582110404968,False
100,12,245,0.46360039710998535,False
100,12,250,0.2894071042537689,False
100,12,255,0.6118685007095337,False
100,12,260,0.21290075778961182,False
100,12,265,0.2555382251739502,False
100,12,270,0.5052436590194702,False
100,12,275,0.48380282521247864,False
100,12,280,0.6294841766357422,False
100,12,285,0.44088488817214966,False
100,12,290,0.7700192332267761,False
100,12,295,0.7403903603553772,False
100,12,300,0.528273344039917,False
100,12,305,0.31308713555336,False
100,12,310,0.39251142740249634,False
100,12,315,0.5674876570701599,False
100,12,320,0.4132545292377472,False
100,12,325,0.35453173518180847,False
100,12,330,0.7416332364082336,False
100,12,335,0.6848331689834595,False
100,12,340,0.7191641926765442,False
100,12,345,0.5756715536117554,False
100,12,350,0.4655950963497162,False
100,12,355,0.5934519171714783,False
100,12,360,0.8345487117767334,False
100,12,365,0.7647768259048462,False
100,12,370,0.7167623043060303,False
100,12,375,0.37555718421936035,False
100,12,380,0.7652263045310974,False
100,12,385,0.5372798442840576,False
100,12,390,0.3726489841938019,False
100,12,395,0.702985942363739,False
100,12,400,0.36237767338752747,False
100,12,405,0.4022366404533386,False
100,13,10,0.06921073794364929,False
100,13,15,0.1596619039773941,False
100,13,20,0.2681525945663452,False
100,13,25,0.23838238418102264,False
100,13,30,0.37887120246887207,False
100,13,35,0.18620745837688446,False
100,13,40,0.5834985971450806,False
100,13,45,0.5870400667190552,False
100,13,50,0.2920930087566376,False
100,13,55,0.23325109481811523,False
100,13,60,0.14873288571834564,False
100,13,65,0.04778198525309563,False
100,13,70,0.07155870646238327,False
100,13,75,0.0751977264881134,False
100,13,80,0.09607904404401779,False
100,13,85,0.09803934395313263,False
100,13,90,0.07472119480371475,False
100,13,95,0.10538578033447266,False
100,13,100,0.14398281276226044,False
100,13,105,0.17614085972309113,False
100,13,110,0.22168980538845062,False
100,13,115,0.2848092317581177,False
100,13,120,0.15157806873321533,False
100,13,125,0.18349243700504303,False
100,13,130,0.13943299651145935,False
100,13,135,0.03796001151204109,False
100,13,140,0.0373389795422554,False
100,13,145,0.05914630368351936,False
100,13,150,0.08102039247751236,False
100,13,155,0.11826900392770767,False
100,13,160,0.09784658998250961,False
100,13,165,0.10584529489278793,False
100,13,170,0.11109277606010437,False
100,13,175,0.16147685050964355,False
100,13,180,0.1226123720407486,False
100,13,185,0.0841321349143982,False
100,13,190,0.1552577018737793,False
100,13,195,0.14050458371639252,False
100,13,200,0.10481283068656921,False
100,13,205,0.20687249302864075,False
100,13,210,0.36580556631088257,False
100,13,215,0.6516269445419312,False
100,13,220,0.24630491435527802,False
100,13,225,0.3158632516860962,False
100,13,230,0.48729074001312256,False
100,13,235,0.4641442894935608,False
100,13,240,0.4444546699523926,False
100,13,245,0.506354033946991,False
100,13,250,0.18673346936702728,False
100,13,255,0.5643914341926575,False
100,13,260,0.10693064332008362,False
100,13,265,0.12665149569511414,False
100,13,270,0.11751928180456161,False
100,13,275,0.3783680200576782,False
100,13,280,0.5635122656822205,False
100,13,285,0.6084936857223511,False
100,13,290,0.7149402499198914,False
100,13,295,0.6736447215080261,False
100,13,300,0.5364418625831604,False
100,13,305,0.365558922290802,False
100,13,310,0.4225237965583801,False
100,13,315,0.5903018712997437,False
100,13,320,0.37829506397247314,False
100,13,325,0.4396170973777771,False
100,13,330,0.7670444250106812,False
100,13,335,0.7636035680770874,False
100,13,340,0.6453133821487427,False
100,13,345,0.5671842694282532,False
100,13,350,0.481281578540802,False
100,13,355,0.5224437117576599,False
100,13,360,0.7183306813240051,False
100,13,365,0.7360996007919312,False
100,13,370,0.5010442733764648,False
100,13,375,0.41449087858200073,False
100,13,380,0.6758377552032471,False
100,13,385,0.48883748054504395,False
100,13,390,0.39364638924598694,False
100,13,395,0.5290834903717041,False
100,13,400,0.22545966506004333,False
100,13,405,0.5146952271461487,False
100,14,10,0.07834918797016144,False
100,14,15,0.31568652391433716,False
100,14,20,0.5298281908035278,False
100,14,25,0.42400991916656494,False
100,14,30,0.2652486264705658,False
100,14,35,0.11751452088356018,False
100,14,40,0.32813647389411926,False
100,14,45,0.287248820066452,False
100,14,50,0.22940699756145477,False
100,14,55,0.09746755659580231,False
100,14,60,0.03876490890979767,False
100,14,65,0.6626086235046387,False
100,14,70,0.9131746888160706,False
100,14,75,0.390764057636261,False
100,14,80,0.4320733845233917,False
100,14,85,0.9924334287643433,False
100,14,90,0.42015340924263,False
100,14,95,0.20628319680690765,False
100,14,100,0.48768651485443115,False
100,14,105,0.4351418912410736,False
100,14,110,0.3115801215171814,False
100,14,115,0.4678744971752167,False
100,14,120,0.1947922259569168,False
100,14,125,0.231013685464859,False
100,14,130,0.053114842623472214,False
100,14,135,0.053693193942308426,False
100,14,140,0.11935330927371979,False
100,14,145,0.09662679582834244,False
100,14,150,0.11123267561197281,False
100,14,155,0.8398963809013367,False
100,14,160,0.04701194167137146,False
100,14,165,0.06877001374959946,False
100,14,170,0.1067890077829361,False
100,14,175,0.11252370476722717,False
100,14,180,0.18382833898067474,False
100,14,185,0.3291054666042328,False
100,14,190,0.34433916211128235,False
100,14,195,0.15815401077270508,False
100,14,200,0.05936731770634651,False
100,14,205,0.2756194472312927,False
100,14,210,0.07445754110813141,False
100,14,215,0.08953145891427994,False
100,14,220,0.07954154908657074,False
100,14,225,0.39558395743370056,False
100,14,230,0.14346368610858917,False
100,14,235,0.09641633182764053,False
100,14,240,0.12947340309619904,False
100,14,245,0.09404315054416656,False
100,14,250,0.20661795139312744,False
100,14,255,0.16738533973693848,False
100,14,260,0.09544678777456284,False
100,14,265,0.09947267919778824,False
100,14,270,0.13721103966236115,False
100,14,275,0.12275811284780502,False
100,14,280,0.11280181258916855,False
100,14,285,0.20379559695720673,False
100,14,290,0.0851924940943718,False
100,14,295,0.10079087316989899,False
100,14,300,0.6895104646682739,False
100,14,305,0.9579759836196899,False
100,14,310,0.1166052371263504,False
100,14,315,0.06396524608135223,False
100,14,320,0.08352934569120407,False
100,14,325,0.11045896261930466,False
100,14,330,0.13691601157188416,False
100,14,335,0.20107339322566986,False
100,14,340,0.05864451453089714,False
100,14,345,0.13223575055599213,False
100,14,350,0.08612556010484695,False
100,14,355,0.0685553029179573,False
100,14,360,0.24706633388996124,False
100,14,365,0.3421962559223175,False
100,14,370,0.07087434083223343,False
100,14,375,0.10662434250116348,False
100,14,380,0.2744326889514923,False
100,14,385,0.13534216582775116,False
100,14,390,0.22555795311927795,False
100,14,395,0.41189754009246826,False
100,14,400,0.2614324986934662,False
100,14,405,0.1391705721616745,False
100,15,10,0.09663152694702148,False
100,15,15,0.04671711474657059,False
100,15,20,0.06324142962694168,False
100,15,25,0.060418806970119476,False
100,15,30,0.07650022953748703,False
100,15,35,0.06300916522741318,False
100,15,40,0.08773183822631836,False
100,15,45,0.04794241487979889,False
100,15,50,0.07438839972019196,False
100,15,55,0.0565885566174984,False
100,15,60,0.9137768745422363,False
100,15,65,0.09651350975036621,False
100,15,70,0.04135075584053993,False
100,15,75,0.05456196889281273,False
100,15,80,0.1634548008441925,False
100,15,85,0.21445482969284058,False
100,15,90,0.2634623646736145,False
100,15,95,0.14446133375167847,False
100,15,100,0.33655425906181335,False
100,15,105,0.17804637551307678,False
100,15,110,0.1862318366765976,False
100,15,115,0.12639395892620087,False
100,15,120,0.13953067362308502,False
100,15,125,0.1407289057970047,False
100,15,130,0.11772122979164124,False
100,15,135,0.12393021583557129,False
100,15,140,0.06440120935440063,False
100,15,145,0.06220502406358719,False
100,15,150,0.14368675649166107,False
100,15,155,0.05084654688835144,False
100,15,160,0.07787991315126419,False
100,15,165,0.10652676224708557,False
100,15,170,0.07433192431926727,False
100,15,175,0.17457188665866852,False
100,15,180,0.1836114376783371,False
100,15,185,0.16497859358787537,False
100,15,190,0.17638839781284332,False
100,15,195,0.13261982798576355,False
100,15,200,0.05392656847834587,False
100,15,205,0.20277972519397736,False
100,15,210,0.6957422494888306,False
100,15,215,0.7229508757591248,False
100,15,220,0.2435712218284607,False
100,15,225,0.54497230052948,False
100,15,230,0.6775431036949158,False
100,15,235,0.6075559258460999,False
100,15,240,0.2635260224342346,False
100,15,245,0.2841923236846924,False
100,15,250,0.3633343279361725,False
100,15,255,0.7448620796203613,False
100,15,260,0.20591050386428833,False
100,15,265,0.33936193585395813,False
100,15,270,0.5391159057617188,False
100,15,275,0.6564106345176697,False
100,15,280,0.6993110179901123,False
100,15,285,0.533821702003479,False
100,15,290,0.7550369501113892,False
100,15,295,0.2187386304140091,False
100,15,300,0.37446627020835876,False
100,15,305,0.42553526163101196,False
100,15,310,0.5031356811523438,False
100,15,315,0.7190045714378357,False
100,15,320,0.5186669230461121,False
100,15,325,0.5217562913894653,False
100,15,330,0.7279192209243774,False
100,15,335,0.7876099348068237,False
100,15,340,0.775215208530426,False
100,15,345,0.548204243183136,False
100,15,350,0.4815559387207031,False
100,15,355,0.5714046359062195,False
100,15,360,0.8471223711967468,False
100,15,365,0.6945396661758423,False
100,15,370,0.679594099521637,False
100,15,375,0.36574432253837585,False
100,15,380,0.5770466923713684,False
100,15,385,0.5421053171157837,False
100,15,390,0.45024368166923523,False
100,15,395,0.8476256728172302,False
100,15,400,0.23335933685302734,False
100,15,405,0.29799017310142517,False
100,16,10,0.0386919304728508,False
100,16,15,0.0767042338848114,False
100,16,20,0.11000646650791168,False
100,16,25,0.05340643227100372,False
100,16,30,0.17255519330501556,False
100,16,35,0.122105672955513,False
100,16,40,0.17091874778270721,False
100,16,45,0.07793142646551132,False
100,16,50,0.14582312107086182,False
100,16,55,0.07763437926769257,False
100,16,60,0.07085075974464417,False
100,16,65,0.15129126608371735,False
100,16,70,0.08387969434261322,False
100,16,75,0.1209048330783844,False
100,16,80,0.11973007768392563,False
100,16,85,0.11479448527097702,False
100,16,90,0.06867475807666779,False
100,16,95,0.12286428362131119,False
100,16,100,0.09154204279184341,False
100,16,105,0.14332564175128937,False
100,16,110,0.11284144967794418,False
100,16,115,0.2630063593387604,False
100,16,120,0.19802026450634003,False
100,16,125,0.2757534086704254,False
100,16,130,0.07010708004236221,False
100,16,135,0.10646552592515945,False
100,16,140,0.06260379403829575,False
100,16,145,0.07115810364484787,False
100,16,150,0.06505858153104782,False
100,16,155,0.06417801231145859,False
100,16,160,0.050292205065488815,False
100,16,165,0.09785237908363342,False
100,16,170,0.30105680227279663,False
100,16,175,0.41592586040496826,False
100,16,180,0.3537282645702362,False
100,16,185,0.43903273344039917,False
100,16,190,0.4514496922492981,False
100,16,195,0.7642294764518738,False
100,16,200,0.13079822063446045,False
100,16,205,0.26039788126945496,False
100,16,210,0.42820480465888977,False
100,16,215,0.5762088894844055,False
100,16,220,0.3067305088043213,False
100,16,225,0.2353883683681488,False
100,16,230,0.41176074743270874,False
100,16,235,0.4832959771156311,False
100,16,240,0.18551474809646606,False
100,16,245,0.4877326488494873,False
100,16,250,0.10838302969932556,False
100,16,255,0.5262998342514038,False
100,16,260,0.28311094641685486,False
100,16,265,0.25690019130706787,False
100,16,270,0.5049097537994385,False
100,16,275,0.5199196934700012,False
100,16,280,0.5617334842681885,False
100,16,285,0.4066634178161621,False
100,16,290,0.08455002307891846,False
100,16,295,0.1440252661705017,False
100,16,300,0.4459375739097595,False
100,16,305,0.3801611661911011,False
100,16,310,0.5924375653266907,False
100,16,315,0.6838697791099548,False
100,16,320,0.3773842751979828,False
100,16,325,0.43636268377304077,False
100,16,330,0.8043081164360046,False
100,16,335,0.7007163166999817,False
100,16,340,0.4880301058292389,False
100,16,345,0.6168633699417114,False
100,16,350,0.08292370289564133,False
100,16,355,0.4926306903362274,False
100,16,360,0.48492631316185,False
100,16,365,0.5863921642303467,False
100,16,370,0.5226317644119263,False
100,16,375,0.43625035881996155,False
100,16,380,0.485238641500473,False
100,16,385,0.5215201377868652,False
100,16,390,0.39536452293395996,False
100,16,395,0.48819786310195923,False
100,16,400,0.39450159668922424,False
100,16,405,0.4943030774593353,False
100,17,10,0.15253768861293793,False
100,17,15,0.16540874540805817,False
100,17,20,0.22728918492794037,False
100,17,25,0.3108602464199066,False
100,17,30,0.4496864080429077,False
100,17,35,0.272251158952713,False
100,17,40,0.5920618772506714,False
100,17,45,0.6255893707275391,False
100,17,50,0.43502458930015564,False
100,17,55,0.21326930820941925,False
100,17,60,0.42797911167144775,False
100,17,65,0.1774691641330719,False
100,17,70,0.07344169169664383,False
100,17,75,0.045110974460840225,False
100,17,80,0.061913762241601944,False
100,17,85,0.8394402861595154,False
100,17,90,0.07400057464838028,False
100,17,95,0.04850689321756363,False
100,17,100,0.19667582213878632,False
100,17,105,0.1828385889530182,False
100,17,110,0.21058224141597748,False
100,17,115,0.272299200296402,False
100,17,120,0.16209903359413147,False
100,17,125,0.14405131340026855,False
100,17,130,0.0713227316737175,False
100,17,135,0.024638723582029343,False
100,17,140,0.03874967247247696,False
100,17,145,0.038415368646383286,False
100,17,150,0.06851236522197723,False
100,17,155,0.06239071115851402,False
100,17,160,0.04765778034925461,False
100,17,165,0.06881614774465561,False
100,17,170,0.05094315484166145,False
100,17,175,0.04854921996593475,False
100,17,180,0.053486645221710205,False
100,17,185,0.15796351432800293,False
100,17,190,0.14564953744411469,False
100,17,195,0.19311052560806274,False
100,17,200,0.10816412419080734,False
100,17,205,0.2237740010023117,False
100,17,210,0.3106423020362854,False
100,17,215,0.5775284171104431,False
100,17,220,0.2532217800617218,False
100,17,225,0.4816679060459137,False
100,17,230,0.5214128494262695,False
100,17,235,0.5467720031738281,False
100,17,240,0.5443508625030518,False
100,17,245,0.5198400616645813,False
100,17,250,0.4086872637271881,False
100,17,255,0.4533173143863678,False
100,17,260,0.41708311438560486,False
100,17,265,0.3443053662776947,False
100,17,270,0.32372942566871643,False
100,17,275,0.2640998065471649,False
100,17,280,0.46208691596984863,False
100,17,285,0.25165921449661255,False
100,17,290,0.5041704177856445,False
100,17,295,0.6480081081390381,False
100,17,300,0.25065869092941284,False
100,17,305,0.26516303420066833,False
100,17,310,0.29024243354797363,False
100,17,315,0.36752447485923767,False
100,17,320,0.23400385677814484,False
100,17,325,0.2194560468196869,False
100,17,330,0.35264304280281067,False
100,17,335,0.32397058606147766,False
100,17,340,0.3847958743572235,False
100,17,345,0.2905444800853729,False
100,17,350,0.24423019587993622,False
100,17,355,0.186819389462471,False
100,17,360,0.026808185502886772,False
100,17,365,0.08860140293836594,False
100,17,370,0.05804028734564781,False
100,17,375,0.13695450127124786,False
100,17,380,0.12375458329916,False
100,17,385,0.11375086009502411,False
100,17,390,0.12378863990306854,False
100,17,395,0.031799864023923874,False
100,17,400,0.26108163595199585,False
100,17,405,0.2036682516336441,False
100,18,10,0.07791546732187271,False
100,18,15,0.07782527804374695,False
100,18,20,0.11591649800539017,False
100,18,25,0.08322708308696747,False
100,18,30,0.09958638995885849,False
100,18,35,0.13782913982868195,False
100,18,40,0.14340445399284363,False
100,18,45,0.06933422386646271,False
100,18,50,0.055819589644670486,False
100,18,55,0.07252168655395508,False
100,18,60,0.07419987767934799,False
100,18,65,0.09429705888032913,False
100,18,70,0.1274038404226303,False
100,18,75,0.04897965490818024,False
100,18,80,0.05074229836463928,False
100,18,85,0.04768623411655426,False
100,18,90,0.048471227288246155,False
100,18,95,0.2495473325252533,False
100,18,100,0.19377964735031128,False
100,18,105,0.16537690162658691,False
100,18,110,0.22476528584957123,False
100,18,115,0.3657718598842621,False
100,18,120,0.16578605771064758,False
100,18,125,0.14357292652130127,False
100,18,130,0.10170593857765198,False
100,18,135,0.12810362875461578,False
100,18,140,0.09370353072881699,False
100,18,145,0.08735740929841995,False
100,18,150,0.05111943185329437,False
100,18,155,0.8815045356750488,False
100,18,160,0.06420911848545074,False
100,18,165,0.06139877811074257,False
100,18,170,0.07776503264904022,False
100,18,175,0.07648342847824097,False
100,18,180,0.10061997175216675,False
100,18,185,0.292980819940567,False
100,18,190,0.21267187595367432,False
100,18,195,0.16154471039772034,False
100,18,200,0.1477586179971695,False
100,18,205,0.15879008173942566,False
100,18,210,0.3308620750904083,False
100,18,215,0.14149658381938934,False
100,18,220,0.1270342767238617,False
100,18,225,0.23594872653484344,False
100,18,230,0.276712030172348,False
100,18,235,0.3613414764404297,False
100,18,240,0.20595069229602814,False
100,18,245,0.2181205451488495,False
100,18,250,0.3316417932510376,False
100,18,255,0.8217697143554688,False
100,18,260,0.34659528732299805,False
100,18,265,0.4481733739376068,False
100,18,270,0.65964674949646,False
100,18,275,0.6667801737785339,False
100,18,280,0.5293877124786377,False
100,18,285,0.29726195335388184,False
100,18,290,0.40231674909591675,False
100,18,295,0.3707280158996582,False
100,18,300,0.3112843632698059,False
100,18,305,0.4282538592815399,False
100,18,310,0.3858543336391449,False
100,18,315,0.7185145020484924,False
100,18,320,0.4842764735221863,False
100,18,325,0.567445695400238,False
100,18,330,0.8519707918167114,False
100,18,335,0.7459845542907715,False
100,18,340,0.5940430164337158,False
100,18,345,0.5831695795059204,False
100,18,350,0.44937387108802795,False
100,18,355,0.5455828905105591,False
100,18,360,0.7723602056503296,False
100,18,365,0.5412028431892395,False
100,18,370,0.6110854148864746,False
100,18,375,0.45221105217933655,False
100,18,380,0.6522518396377563,False
100,18,385,0.5789170861244202,False
100,18,390,0.42997005581855774,False
100,18,395,0.9165852665901184,False
100,18,400,0.24952995777130127,False
100,18,405,0.17397451400756836,False
100,19,10,0.07563839107751846,False
100,19,15,0.1779375523328781,False
100,19,20,0.29794126749038696,False
100,19,25,0.3524726629257202,False
100,19,30,0.523737907409668,False
100,19,35,0.47037166357040405,False
100,19,40,0.5677833557128906,False
100,19,45,0.6981942057609558,False
100,19,50,0.16131362318992615,False
100,19,55,0.35380351543426514,False
100,19,60,0.15462489426136017,False
100,19,65,0.24718360602855682,False
100,19,70,0.16456222534179688,False
100,19,75,0.21440115571022034,False
100,19,80,0.12427869439125061,False
100,19,85,0.2004743218421936,False
100,19,90,0.077811099588871,False
100,19,95,0.05077827349305153,False
100,19,100,0.06522490829229355,False
100,19,105,0.0806771069765091,False
100,19,110,0.042745817452669144,False
100,19,115,0.09977119415998459,False
100,19,120,0.08268901705741882,False
100,19,125,0.08143392950296402,False
100,19,130,0.11200929433107376,False
100,19,135,0.21947675943374634,False
100,19,140,0.1582750678062439,False
100,19,145,0.14672239124774933,False
100,19,150,0.17371326684951782,False
100,19,155,0.14521142840385437,False
100,19,160,0.10137692838907242,False
100,19,165,0.10137753188610077,False
100,19,170,0.06593407690525055,False
100,19,175,0.8456308841705322,False
100,19,180,0.13135159015655518,False
100,19,185,0.13645853102207184,False
100,19,190,0.2348940670490265,False
100,19,195,0.27121081948280334,False
100,19,200,0.14494067430496216,False
100,19,205,0.08272337168455124,False
100,19,210,0.2078309953212738,False
100,19,215,0.2073555737733841,False
100,19,220,0.1174979880452156,False
100,19,225,0.26977014541625977,False
100,19,230,0.1970735788345337,False
100,19,235,0.1854720562696457,False
100,19,240,0.07060892879962921,False
100,19,245,0.2820081114768982,False
100,19,250,0.20175108313560486,False
100,19,255,0.3312212824821472,False
100,19,260,0.06644512712955475,False
100,19,265,0.07921374589204788,False
100,19,270,0.10629531741142273,False
100,19,275,0.10861717909574509,False
100,19,280,0.12315709888935089,False
100,19,285,0.27701058983802795,False
100,19,290,0.18093059957027435,False
100,19,295,0.059742167592048645,False
100,19,300,0.2056441754102707,False
100,19,305,0.059996120631694794,False
100,19,310,0.07663315534591675,False
100,19,315,0.1114187091588974,False
100,19,320,0.12479478865861893,False
100,19,325,0.13003605604171753,False
100,19,330,0.3850138187408447,False
100,19,335,0.11677826195955276,False
100,19,340,0.08360821008682251,False
100,19,345,0.3460913300514221,False
100,19,350,0.1065700575709343,False
100,19,355,0.08764438331127167,False
100,19,360,0.12269873917102814,False
100,19,365,0.1510399878025055,False
100,19,370,0.3194252848625183,False
100,19,375,0.14445717632770538,False
100,19,380,0.129599466919899,False
100,19,385,0.1622820496559143,False
100,19,390,0.11450710147619247,False
100,19,395,0.06999849528074265,False
100,19,400,0.21588651835918427,False
100,19,405,0.09475632756948471,False
100,20,10,0.031598057597875595,False
100,20,15,0.07900075614452362,False
100,20,20,0.10692807286977768,False
100,20,25,0.045049820095300674,False
100,20,30,0.07944070547819138,False
100,20,35,0.17627793550491333,False
100,20,40,0.21326720714569092,False
100,20,45,0.11030693352222443,False
100,20,50,0.14088791608810425,False
100,20,55,0.08539848774671555,False
100,20,60,0.10228066891431808,False
100,20,65,0.11124145984649658,False
100,20,70,0.17605505883693695,False
100,20,75,0.13374944031238556,False
100,20,80,0.08231302350759506,False
100,20,85,0.24391038715839386,False
100,20,90,0.16402029991149902,False
100,20,95,0.1174396276473999,False
100,20,100,0.21297188103199005,False
100,20,105,0.09171216934919357,False
100,20,110,0.08796432614326477,False
100,20,115,0.06827153265476227,False
100,20,120,0.0589146688580513,False
100,20,125,0.04365893080830574,False
100,20,130,0.028458287939429283,False
100,20,135,0.08055657148361206,False
100,20,140,0.0579017773270607,False
100,20,145,0.03128790482878685,False
100,20,150,0.035285454243421555,False
100,20,155,0.03451155498623848,False
100,20,160,0.08003152906894684,False
100,20,165,0.07321558147668839,False
100,20,170,0.13621607422828674,False
100,20,175,0.5608382821083069,False
100,20,180,0.03494347631931305,False
100,20,185,0.0325787216424942,False
100,20,190,0.07047156989574432,False
100,20,195,0.14156442880630493,False
100,20,200,0.1499415934085846,False
100,20,205,0.23585928976535797,False
100,20,210,0.4021531641483307,False
100,20,215,0.5689336061477661,False
100,20,220,0.2768506109714508,False
100,20,225,0.4770137369632721,False
100,20,230,0.3891602158546448,False
100,20,235,0.4726295471191406,False
100,20,240,0.4737092852592468,False
100,20,245,0.6046644449234009,False
100,20,250,0.3865571618080139,False
100,20,255,0.6947312951087952,False
100,20,260,0.22991527616977692,False
100,20,265,0.3428194522857666,False
100,20,270,0.4447251856327057,False
100,20,275,0.5391995906829834,False
100,20,280,0.4602413475513458,False
100,20,285,0.389024019241333,False
100,20,290,0.16124805808067322,False
100,20,295,0.1599416583776474,False
100,20,300,0.0704018771648407,False
100,20,305,0.07390172779560089,False
100,20,310,0.3142075836658478,False
100,20,315,0.5085615515708923,False
100,20,320,0.41477176547050476,False
100,20,325,0.4089885354042053,False
100,20,330,0.5825652480125427,False
100,20,335,0.724220335483551,False
100,20,340,0.6100150942802429,False
100,20,345,0.4268594980239868,False
100,20,350,0.12934446334838867,False
100,20,355,0.2746864855289459,False
100,20,360,0.3813471496105194,False
100,20,365,0.5298517942428589,False
100,20,370,0.4984121322631836,False
100,20,375,0.41738009452819824,False
100,20,380,0.5021067261695862,False
100,20,385,0.499039888381958,False
100,20,390,0.4213998019695282,False
100,20,395,0.5632377862930298,False
100,20,400,0.3453384339809418,False
100,20,405,0.5303179025650024,False
100,21,10,0.033580854535102844,False
100,21,15,0.21170811355113983,False
100,21,20,0.2919619381427765,False
100,21,25,0.2986573576927185,False
100,21,30,0.3960910737514496,False
100,21,35,0.3733128607273102,False
100,21,40,0.509689211845398,False
100,21,45,0.579164445400238,False
100,21,50,0.6079095005989075,False
100,21,55,0.4086432456970215,False
100,21,60,0.3693917691707611,False
100,21,65,0.4427486062049866,False
100,21,70,0.12273917347192764,False
100,21,75,0.16707946360111237,False
100,21,80,0.29193300008773804,False
100,21,85,0.5460136532783508,False
100,21,90,0.20020298659801483,False
100,21,95,0.13390947878360748,False
100,21,100,0.041152819991111755,False
100,21,105,0.05821190029382706,False
100,21,110,0.03980403393507004,False
100,21,115,0.04701622202992439,False
100,21,120,0.09219759702682495,False
100,21,125,0.0907628983259201,False
100,21,130,0.06253308057785034,False
100,21,135,0.07185916602611542,False
100,21,140,0.08730695396661758,False
100,21,145,0.07516956329345703,False
100,21,150,0.07444391399621964,False
100,21,155,0.14498241245746613,False
100,21,160,0.05274304375052452,False
100,21,165,0.05617692694067955,False
100,21,170,0.06925313174724579,False
100,21,175,0.051135264337062836,False
100,21,180,0.07848089188337326,False
100,21,185,0.047097232192754745,False
100,21,190,0.03701435774564743,False
100,21,195,0.07495083659887314,False
100,21,200,0.07946456223726273,False
100,21,205,0.03278017416596413,False
100,21,210,0.07360658049583435,False
100,21,215,0.14637985825538635,False
100,21,220,0.3056981563568115,False
100,21,225,0.2613292634487152,False
100,21,230,0.5548735857009888,False
100,21,235,0.6001044511795044,False
100,21,240,0.3309856355190277,False
100,21,245,0.486056387424469,False
100,21,250,0.26072824001312256,False
100,21,255,0.6790361404418945,False
100,21,260,0.3209276497364044,False
100,21,265,0.2174961268901825,False
100,21,270,0.3594169020652771,False
100,21,275,0.47787538170814514,False
100,21,280,0.4696500599384308,False
100,21,285,0.6661586165428162,False
100,21,290,0.746174156665802,False
100,21,295,0.6247838139533997,False
100,21,300,0.6617591977119446,False
100,21,305,0.2903154492378235,False
100,21,310,0.522449791431427,False
100,21,315,0.6497847437858582,False
100,21,320,0.4406512379646301,False
100,21,325,0.524603545665741,False
100,21,330,0.7767580151557922,False
100,21,335,0.5621311068534851,False
100,21,340,0.48519831895828247,False
100,21,345,0.5648773908615112,False
100,21,350,0.3438502252101898,False
100,21,355,0.4300026595592499,False
100,21,360,0.4819898009300232,False
100,21,365,0.5927422642707825,False
100,21,370,0.4389159679412842,False
100,21,375,0.41652703285217285,False
100,21,380,0.44435855746269226,False
100,21,385,0.48755812644958496,False
100,21,390,0.352527916431427,False
100,21,395,0.5248326063156128,False
100,21,400,0.3098883330821991,False
100,21,405,0.2660384476184845,False
100,22,10,0.18156269192695618,False
100,22,15,0.20206548273563385,False
100,22,20,0.29475775361061096,False
100,22,25,0.32912737131118774,False
100,22,30,0.4263853430747986,False
100,22,35,0.36191412806510925,False
100,22,40,0.4243263304233551,False
100,22,45,0.4130828082561493,False
100,22,50,0.3592994213104248,False
100,22,55,0.21584029495716095,False
100,22,60,0.10305082052946091,False
100,22,65,0.09426989406347275,False
100,22,70,0.11194278299808502,False
100,22,75,0.060390654951334,False
100,22,80,0.10260307043790817,False
100,22,85,0.16357696056365967,False
100,22,90,0.200315460562706,False
100,22,95,0.23943647742271423,False
100,22,100,0.11608695238828659,False
100,22,105,0.08568422496318817,False
100,22,110,0.05935882031917572,False
100,22,115,0.05816054716706276,False
100,22,120,0.09850064665079117,False
100,22,125,0.08828053623437881,False
100,22,130,0.11328524351119995,False
100,22,135,0.05551610514521599,False
100,22,140,0.04399243742227554,False
100,22,145,0.12802328169345856,False
100,22,150,0.17404595017433167,False
100,22,155,0.23098371922969818,False
100,22,160,0.20333251357078552,False
100,22,165,0.2038060575723648,False
100,22,170,0.3140547275543213,False
100,22,175,0.17627418041229248,False
100,22,180,0.06517428904771805,False
100,22,185,0.050530675798654556,False
100,22,190,0.040736325085163116,False
100,22,195,0.10143493115901947,False
100,22,200,0.06343573331832886,False
100,22,205,0.1407424807548523,False
100,22,210,0.08812740445137024,False
100,22,215,0.12844575941562653,False
100,22,220,0.14183303713798523,False
100,22,225,0.11789313703775406,False
100,22,230,0.06656299531459808,False
100,22,235,1.4176757335662842,False
100,22,240,0.08714818209409714,False
100,22,245,0.08391658216714859,False
100,22,250,0.030290229246020317,False
100,22,255,0.07803591340780258,False
100,22,260,0.13382215797901154,False
100,22,265,0.16692864894866943,False
100,22,270,0.3818872272968292,False
100,22,275,0.47663724422454834,False
100,22,280,0.5647831559181213,False
100,22,285,0.686297595500946,False
100,22,290,0.8449729084968567,False
100,22,295,0.531076192855835,False
100,22,300,0.5370303392410278,False
100,22,305,0.33409300446510315,False
100,22,310,0.3976118564605713,False
100,22,315,0.4941360354423523,False
100,22,320,0.3361126184463501,False
100,22,325,0.3247623145580292,False
100,22,330,0.6365824937820435,False
100,22,335,0.36683782935142517,False
100,22,340,0.30646368861198425,False
100,22,345,0.4780007600784302,False
100,22,350,0.2652919590473175,False
100,22,355,0.299381822347641,False
100,22,360,0.41635552048683167,False
100,22,365,0.5649743676185608,False
100,22,370,0.44695809483528137,False
100,22,375,0.46200594305992126,False
100,22,380,0.6428157687187195,False
100,22,385,0.5750502943992615,False
100,22,390,0.4555838704109192,False
100,22,395,0.645880401134491,False
100,22,400,0.4507826864719391,False
100,22,405,0.3840409815311432,False
100,23,10,0.09748314321041107,False
100,23,15,0.16801179945468903,False
100,23,20,0.2915401756763458,False
100,23,25,0.23735344409942627,False
100,23,30,0.3652627170085907,False
100,23,35,0.29694265127182007,False
100,23,40,0.4583307206630707,False
100,23,45,0.5524962544441223,False
100,23,50,0.4338277578353882,False
100,23,55,0.4493686854839325,False
100,23,60,0.13246260583400726,False
100,23,65,0.1352393925189972,False
100,23,70,0.04698694869875908,False
100,23,75,0.07337754219770432,False
100,23,80,0.08167973905801773,False
100,23,85,0.13320590555667877,False
100,23,90,0.1974148452281952,False
100,23,95,0.10829329490661621,False
100,23,100,0.17419622838497162,False
100,23,105,0.22797444462776184,False
100,23,110,0.24578839540481567,False
100,23,115,0.20933504402637482,False
100,23,120,0.1500752568244934,False
100,23,125,0.11396250128746033,False
100,23,130,0.052617575973272324,False
100,23,135,0.06557609140872955,False
100,23,140,0.06664557009935379,False
100,23,145,0.05770738422870636,False
100,23,150,0.0940045565366745,False
100,23,155,0.040381211787462234,False
100,23,160,0.09029703587293625,False
100,23,165,0.1875053197145462,False
100,23,170,0.145514115691185,False
100,23,175,0.07437542825937271,False
100,23,180,0.11963848024606705,False
100,23,185,0.1119912713766098,False
100,23,190,0.05992572009563446,False
100,23,195,0.23278093338012695,False
100,23,200,0.07794327288866043,False
100,23,205,0.21855996549129486,False
100,23,210,0.5226538777351379,False
100,23,215,0.403704434633255,False
100,23,220,0.3122726380825043,False
100,23,225,0.31400126218795776,False
100,23,230,0.5416908860206604,False
100,23,235,0.5121471881866455,False
100,23,240,0.5760484337806702,False
100,23,245,0.4981212913990021,False
100,23,250,0.29042547941207886,False
100,23,255,0.5822346806526184,False
100,23,260,0.16112852096557617,False
100,23,265,0.11012164503335953,False
100,23,270,0.1266857534646988,False
100,23,275,0.1032227948307991,False
100,23,280,0.21629992127418518,False
100,23,285,0.3741014897823334,False
100,23,290,0.398504376411438,False
100,23,295,0.24737930297851562,False
100,23,300,0.3735197186470032,False
100,23,305,0.09747795760631561,False
100,23,310,0.34112414717674255,False
100,23,315,0.6076018214225769,False
100,23,320,0.31873980164527893,False
100,23,325,0.36495065689086914,False
100,23,330,0.8212515115737915,False
100,23,335,0.6726689338684082,False
100,23,340,0.6175782680511475,False
100,23,345,0.5285788774490356,False
100,23,350,0.3826562762260437,False
100,23,355,0.5197303891181946,False
100,23,360,0.6427868008613586,False
100,23,365,0.6814624667167664,False
100,23,370,0.6022534966468811,False
100,23,375,0.44891971349716187,False
100,23,380,0.5722708106040955,False
100,23,385,0.6290290951728821,False
100,23,390,0.43930670619010925,False
100,23,395,0.7073854804039001,False
100,23,400,0.45091745257377625,False
100,23,405,0.5359207987785339,False
100,24,10,0.02862505055963993,False
100,24,15,0.14798672497272491,False
100,24,20,0.22548626363277435,False
100,24,25,0.31189194321632385,False
100,24,30,0.22410258650779724,False
100,24,35,0.12077499181032181,False
100,24,40,0.20718230307102203,False
100,24,45,0.4967481195926666,False
100,24,50,0.18106068670749664,False
100,24,55,0.12606559693813324,False
100,24,60,0.08037334680557251,False
100,24,65,0.08971060812473297,False
100,24,70,0.104887954890728,False
100,24,75,0.10033416748046875,False
100,24,80,0.055535584688186646,False
100,24,85,0.037461332976818085,False
100,24,90,0.16800083220005035,False
100,24,95,0.23939663171768188,False
100,24,100,0.19029833376407623,False
100,24,105,0.07714297622442245,False
100,24,110,0.12453902512788773,False
100,24,115,0.19830714166164398,False
100,24,120,0.1245134174823761,False
100,24,125,0.11442627012729645,False
100,24,130,0.07499141991138458,False
100,24,135,0.08139638602733612,False
100,24,140,0.04538556933403015,False
100,24,145,0.08595472574234009,False
100,24,150,0.8632792830467224,False
100,24,155,0.051604218780994415,False
100,24,160,0.10346491634845734,False
100,24,165,0.13696478307247162,False
100,24,170,0.198360413312912,False
100,24,175,0.3944717347621918,False
100,24,180,0.23400576412677765,False
100,24,185,0.18503139913082123,False
100,24,190,0.23401851952075958,False
100,24,195,0.13786305487155914,False
100,24,200,0.11347542703151703,False
100,24,205,0.1884409487247467,False
100,24,210,0.4322551488876343,False
100,24,215,0.5639734864234924,False
100,24,220,0.3364934027194977,False
100,24,225,0.3391241729259491,False
100,24,230,0.43887069821357727,False
100,24,235,0.4434286057949066,False
100,24,240,0.4182329475879669,False
100,24,245,0.3171211779117584,False
100,24,250,0.10803226381540298,False
100,24,255,0.3343266248703003,False
100,24,260,0.17730754613876343,False
100,24,265,0.2616719603538513,False
100,24,270,0.32308775186538696,False
100,24,275,0.26615679264068604,False
100,24,280,0.3747726380825043,False
100,24,285,0.39336904883384705,False
100,24,290,0.3770931363105774,False
100,24,295,0.30102697014808655,False
100,24,300,0.15873374044895172,False
100,24,305,0.2920670211315155,False
100,24,310,0.3877454400062561,False
100,24,315,0.3118932843208313,False
100,24,320,0.3537904918193817,False
100,24,325,0.3712121844291687,False
100,24,330,0.27690011262893677,False
100,24,335,0.7177339792251587,False
100,24,340,0.4635567367076874,False
100,24,345,0.2485407590866089,False
100,24,350,0.3050417900085449,False
100,24,355,0.2259858399629593,False
100,24,360,0.2806592285633087,False
100,24,365,0.3128599524497986,False
100,24,370,0.26434576511383057,False
100,24,375,0.30089646577835083,False
100,24,380,0.37019243836402893,False
100,24,385,0.3729274272918701,False
100,24,390,0.3211325705051422,False
100,24,395,0.348282128572464,False
100,24,400,0.2138824313879013,False
100,24,405,0.3212772309780121,False
100,25,10,0.04905617609620094,False
100,25,15,0.08868562430143356,False
100,25,20,0.1262553334236145,False
100,25,25,0.17086787521839142,False
100,25,30,0.1745002120733261,False
100,25,35,0.20197953283786774,False
100,25,40,0.1515583097934723,False
100,25,45,0.1672588586807251,False
100,25,50,0.09549225121736526,False
100,25,55,0.10244310647249222,False
100,25,60,0.11095469444990158,False
100,25,65,0.09130798280239105,False
100,25,70,0.07782994955778122,False
100,25,75,0.06216465309262276,False
100,25,80,0.0714370459318161,False
100,25,85,0.14614836871623993,False
100,25,90,0.1018972098827362,False
100,25,95,0.0874369740486145,False
100,25,100,0.14725299179553986,False
100,25,105,0.07238775491714478,False
100,25,110,0.1230742484331131,False
100,25,115,0.11379794776439667,False
100,25,120,0.06998660415410995,False
100,25,125,0.07589836418628693,False
100,25,130,0.05366174876689911,False
100,25,135,0.0627884492278099,False
100,25,140,0.06888173520565033,False
100,25,145,0.06073112413287163,False
100,25,150,0.08535271137952805,False
100,25,155,0.06420345604419708,False
100,25,160,0.08198854327201843,False
100,25,165,0.13365550339221954,False
100,25,170,0.33671876788139343,False
100,25,175,1.3749659061431885,False
100,25,180,0.07422583550214767,False
100,25,185,0.17314009368419647,False
100,25,190,0.2274373322725296,False
100,25,195,0.2603827118873596,False
100,25,200,0.2816515862941742,False
100,25,205,0.2050846964120865,False
100,25,210,0.19984908401966095,False
100,25,215,0.4930329918861389,False
100,25,220,0.1774018555879593,False
100,25,225,0.40908434987068176,False
100,25,230,0.465485543012619,False
100,25,235,0.48394256830215454,False
100,25,240,0.21165233850479126,False
100,25,245,0.4381394684314728,False
100,25,250,0.20712202787399292,False
100,25,255,0.497526615858078,False
100,25,260,0.3996126055717468,False
100,25,265,0.48217207193374634,False
100,25,270,0.5336247086524963,False
100,25,275,0.6107848882675171,False
100,25,280,0.5833517909049988,False
100,25,285,0.4096033275127411,False
100,25,290,0.3528375029563904,False
100,25,295,0.29063212871551514,False
100,25,300,0.31570571660995483,False
100,25,305,0.29286062717437744,False
100,25,310,0.4225224554538727,False
100,25,315,0.5315720438957214,False
100,25,320,0.3965016305446625,False
100,25,325,0.44649556279182434,False
100,25,330,0.5528711080551147,False
100,25,335,0.5903483629226685,False
100,25,340,0.5216490030288696,False
100,25,345,0.29475849866867065,False
100,25,350,0.28699415922164917,False
100,25,355,0.22993633151054382,False
100,25,360,0.21586579084396362,False
100,25,365,0.33454322814941406,False
100,25,370,0.27661457657814026,False
100,25,375,0.3326663672924042,False
100,25,380,0.3914783298969269,False
100,25,385,0.30436962842941284,False
100,25,390,0.29033544659614563,False
100,25,395,0.44720324873924255,False
100,25,400,0.137721985578537,False
100,25,405,0.24958325922489166,False
100,26,10,0.05210110917687416,True
100,26,15,0.09410327672958374,True
100,26,20,0.06992843002080917,True
100,26,25,0.08216896653175354,True
100,26,30,0.1792062520980835,True
100,26,35,0.19488303363323212,True
100,26,40,0.21528567373752594,True
100,26,45,0.11192861199378967,True
100,26,50,0.13926547765731812,True
100,26,55,0.07316689938306808,True
100,26,60,0.1364903301000595,True
100,26,65,0.13838587701320648,True
100,26,70,0.20259763300418854,True
100,26,75,0.2270621955394745,True
100,26,80,0.1542806476354599,True
100,26,85,0.08758166432380676,True
100,26,90,0.10379651933908463,True
100,26,95,0.15834687650203705,True
100,26,100,0.18431437015533447,True
100,26,105,1.824210524559021,True
100,26,110,0.6404104828834534,True
100,26,115,0.355719655752182,True
100,26,120,0.35667282342910767,True
100,26,125,0.3524165451526642,True
100,26,130,0.24058234691619873,True
100,26,135,0.19601687788963318,True
100,26,140,0.1507929414510727,True
100,26,145,0.12298078835010529,True
100,26,150,0.16616739332675934,True
100,26,155,0.10262461751699448,True
100,26,160,0.02265094965696335,True
100,26,165,0.08464433252811432,True
100,26,170,0.14501723647117615,True
100,26,175,0.16802680492401123,True
100,26,180,0.1136256530880928,True
100,26,185,0.15284621715545654,True
100,26,190,0.17187686264514923,True
100,26,195,0.14145630598068237,True
100,26,200,0.13839595019817352,True
100,26,205,0.21219608187675476,True
100,26,210,0.3434509336948395,True
100,26,215,0.4009007215499878,True
100,26,220,0.2901020646095276,True
100,26,225,0.5113309621810913,True
100,26,230,0.39644044637680054,True
100,26,235,0.3964056968688965,True
100,26,240,0.46386826038360596,True
100,26,245,0.5444798469543457,True
100,26,250,0.303075909614563,True
100,26,255,0.48422113060951233,True
100,26,260,0.166671484708786,True
100,26,265,0.32978883385658264,True
100,26,270,0.5042381286621094,True
100,26,275,0.35764002799987793,True
100,26,280,0.43411803245544434,True
100,26,285,0.43633022904396057,True
100,26,290,0.5437448620796204,True
100,26,295,0.4781876802444458,True
100,26,300,0.45009124279022217,True
100,26,305,0.30063000321388245,True
100,26,310,0.32192930579185486,True
100,26,315,0.41767624020576477,True
100,26,320,0.4221694767475128,True
100,26,325,0.310322105884552,True
100,26,330,0.4479426145553589,True
100,26,335,0.46973761916160583,True
100,26,340,0.38868460059165955,True
100,26,345,0.4356958568096161,True
100,26,350,0.28669798374176025,True
100,26,355,0.30960631370544434,True
100,26,360,0.4772397577762604,True
100,26,365,0.5364382266998291,True
100,26,370,0.5969225168228149,True
100,26,375,0.3789355158805847,True
100,26,380,0.5666728615760803,True
100,26,385,0.37399977445602417,True
100,26,390,0.361411452293396,True
100,26,395,0.5989830493927002,True
100,26,400,0.33947882056236267,True
100,27,10,0.11780661344528198,False
100,27,15,0.07335814088582993,False
100,27,20,0.15898378193378448,False
100,27,25,0.19892767071723938,False
100,27,30,0.11634646356105804,False
100,27,35,0.1250145137310028,False
100,27,40,0.12467693537473679,False
100,27,45,0.07864418625831604,False
100,27,50,0.04247031733393669,False
100,27,55,0.7856064438819885,False
100,27,60,0.12494445592164993,False
100,27,65,0.05804039537906647,False
100,27,70,0.04290517792105675,False
100,27,75,0.11444275081157684,False
100,27,80,0.1862129122018814,False
100,27,85,0.20164766907691956,False
100,27,90,0.2898753583431244,False
100,27,95,0.12532775104045868,False
100,27,100,0.10092552751302719,False
100,27,105,0.14391610026359558,False
100,27,110,0.130450040102005,False
100,27,115,0.08033556491136551,False
100,27,120,0.11483833193778992,False
100,27,125,0.1093636304140091,False
100,27,130,0.11264409869909286,False
100,27,135,0.13437606394290924,False
100,27,140,0.09117569774389267,False
100,27,145,0.13080951571464539,False
100,27,150,0.12911809980869293,False
100,27,155,0.19632413983345032,False
100,27,160,0.14396607875823975,False
100,27,165,0.10606243461370468,False
100,27,170,0.10448238998651505,False
100,27,175,0.4419751465320587,False
100,27,180,0.21551993489265442,False
100,27,185,0.186236172914505,False
100,27,190,0.2726276218891144,False
100,27,195,0.17369642853736877,False
100,27,200,0.08476950973272324,False
100,27,205,0.15663254261016846,False
100,27,210,0.25595277547836304,False
100,27,215,0.1386551707983017,False
100,27,220,0.2477254569530487,False
100,27,225,0.27547869086265564,False
100,27,230,0.5177894830703735,False
100,27,235,0.4126127064228058,False
100,27,240,0.39414891600608826,False
100,27,245,0.3185078203678131,False
100,27,250,0.2713159918785095,False
100,27,255,0.60321044921875,False
100,27,260,0.1848660707473755,False
100,27,265,0.22372150421142578,False
100,27,270,0.366858571767807,False
100,27,275,0.4669605791568756,False
100,27,280,0.6997720003128052,False
100,27,285,0.45270171761512756,False
100,27,290,0.7248367071151733,False
100,27,295,0.5409566164016724,False
100,27,300,0.27876201272010803,False
100,27,305,0.41029664874076843,False
100,27,310,0.40867099165916443,False
100,27,315,0.6752378940582275,False
100,27,320,0.45428478717803955,False
100,27,325,0.5499221086502075,False
100,27,330,0.770302951335907,False
100,27,335,0.6953623294830322,False
100,27,340,0.6440004110336304,False
100,27,345,0.4807825982570648,False
100,27,350,0.45675384998321533,False
100,27,355,0.559638261795044,False
100,27,360,0.8752380609512329,False
100,27,365,0.6894575357437134,False
100,27,370,0.6758039593696594,False
100,27,375,0.4208751618862152,False
100,27,380,0.6407038569450378,False
100,27,385,0.5717870593070984,False
100,27,390,0.4401503801345825,False
100,27,395,0.8305044174194336,False
100,27,400,0.26818224787712097,False
100,27,405,0.4176289439201355,False
100,28,10,0.07646255940198898,False
100,28,15,0.17456956207752228,False
100,28,20,0.2648024559020996,False
100,28,25,0.27723294496536255,False
100,28,30,0.41018906235694885,False
100,28,35,0.3312663733959198,False
100,28,40,0.6085970997810364,False
100,28,45,0.604610025882721,False
100,28,50,0.15181250870227814,False
100,28,55,0.2014518827199936,False
100,28,60,0.2692517340183258,False
100,28,65,0.37834781408309937,False
100,28,70,0.0712653324007988,False
100,28,75,0.0659337267279625,False
100,28,80,0.08856423944234848,False
100,28,85,0.08914786577224731,False
100,28,90,0.07115303725004196,False
100,28,95,0.023381749168038368,False
100,28,100,0.05004480481147766,False
100,28,105,0.07462441921234131,False
100,28,110,0.04175342246890068,False
100,28,115,0.10081694275140762,False
100,28,120,0.11680052429437637,False
100,28,125,0.08773714303970337,False
100,28,130,0.07182419300079346,False
100,28,135,0.07592269033193588,False
100,28,140,0.11564572900533676,False
100,28,145,0.09988107532262802,False
100,28,150,0.170782208442688,False
100,28,155,0.12950250506401062,False
100,28,160,0.07722284644842148,False
100,28,165,0.11003519594669342,False
100,28,170,0.17870862782001495,False
100,28,175,0.06533238291740417,False
100,28,180,0.026504725217819214,False
100,28,185,0.054952703416347504,False
100,28,190,0.05903281271457672,False
100,28,195,0.09653919190168381,False
100,28,200,0.049928031861782074,False
100,28,205,0.056592829525470734,False
100,28,210,0.10625308007001877,False
100,28,215,0.15447619557380676,False
100,28,220,0.11322809755802155,False
100,28,225,0.2522748112678528,False
100,28,230,0.3236005902290344,False
100,28,235,0.2580101191997528,False
100,28,240,0.04904971644282341,False
100,28,245,0.06811819970607758,False
100,28,250,0.088039331138134,False
100,28,255,1.1922485828399658,False
100,28,260,0.13040867447853088,False
100,28,265,0.14685459434986115,False
100,28,270,0.18337199091911316,False
100,28,275,0.1555686742067337,False
100,28,280,0.7385506629943848,False
100,28,285,1.015577793121338,False
100,28,290,0.16551701724529266,False
100,28,295,0.21040229499340057,False
100,28,300,0.14110662043094635,False
100,28,305,1.859997272491455,False
100,28,310,0.17148974537849426,False
100,28,315,0.18719139695167542,False
100,28,320,0.12691698968410492,False
100,28,325,0.11662911623716354,False
100,28,330,0.14516039192676544,False
100,28,335,0.08517633378505707,False
100,28,340,0.12067250162363052,False
100,28,345,0.10821034014225006,False
100,28,350,0.2201768010854721,False
100,28,355,0.1774577647447586,False
100,28,360,0.050572775304317474,False
100,28,365,0.055501438677310944,False
100,28,370,0.09701872617006302,False
100,28,375,0.19683600962162018,False
100,28,380,0.18398140370845795,False
100,28,385,0.14713643491268158,False
100,28,390,0.11924327164888382,False
100,28,395,0.09653329849243164,False
100,28,400,0.04254782944917679,False
100,28,405,0.10365588217973709,False
100,29,10,0.15890246629714966,False
100,29,15,0.15861965715885162,False
100,29,20,0.14303003251552582,False
100,29,25,0.1772875338792801,False
100,29,30,0.21061304211616516,False
100,29,35,0.43247008323669434,False
100,29,40,0.7275267243385315,False
100,29,45,0.5905826687812805,False
100,29,50,0.20060257613658905,False
100,29,55,0.12081857025623322,False
100,29,60,0.27081578969955444,False
100,29,65,0.22409334778785706,False
100,29,70,0.19560793042182922,False
100,29,75,0.1554856300354004,False
100,29,80,0.09860168397426605,False
100,29,85,0.08672729879617691,False
100,29,90,0.07015939801931381,False
100,29,95,0.13012821972370148,False
100,29,100,0.15611176192760468,False
100,29,105,0.10823354125022888,False
100,29,110,0.2833960950374603,False
100,29,115,0.43345513939857483,False
100,29,120,0.23501144349575043,False
100,29,125,0.4801538586616516,False
100,29,130,0.640461802482605,False
100,29,135,0.5504012703895569,False
100,29,140,0.4966995418071747,False
100,29,145,0.2101101577281952,False
100,29,150,0.5054883360862732,False
100,29,155,0.5278080701828003,False
100,29,160,0.49624133110046387,False
100,29,165,0.313524067401886,False
100,29,170,0.17334191501140594,False
100,29,175,0.3175109624862671,False
100,29,180,0.37996768951416016,False
100,29,185,0.21415212750434875,False
100,29,190,0.1401246041059494,False
100,29,195,0.06305041909217834,False
100,29,200,0.054651495069265366,False
100,29,205,0.10553494095802307,False
100,29,210,0.1530371755361557,False
100,29,215,0.16055946052074432,False
100,29,220,0.17136624455451965,False
100,29,225,0.15667927265167236,False
100,29,230,0.20424361526966095,False
100,29,235,0.1528710424900055,False
100,29,240,0.21231375634670258,False
100,29,245,0.17264793813228607,False
100,29,250,0.2928270399570465,False
100,29,255,0.07524706423282623,False
100,29,260,0.5160208940505981,False
100,29,265,0.16665785014629364,False
100,29,270,0.12960833311080933,False
100,29,275,0.1480483114719391,False
100,29,280,0.13325001299381256,False
100,29,285,0.12569956481456757,False
100,29,290,0.15084078907966614,False
100,29,295,0.22903960943222046,False
100,29,300,0.13012665510177612,False
100,29,305,0.03896290808916092,False
100,29,310,0.08442454040050507,False
100,29,315,0.1937459260225296,False
100,29,320,0.22281977534294128,False
100,29,325,0.2548902630805969,False
100,29,330,0.4253304898738861,False
100,29,335,0.6486039757728577,False
100,29,340,0.6404184699058533,False
100,29,345,0.607484757900238,False
100,29,350,0.3519505262374878,False
100,29,355,0.617612361907959,False
100,29,360,0.8210325837135315,False
100,29,365,0.8771061301231384,False
100,29,370,0.7865011692047119,False
100,29,375,0.44535335898399353,False
100,29,380,0.7402320504188538,False
100,29,385,0.6370680332183838,False
100,29,390,0.4003864824771881,False
100,29,395,0.6947192549705505,False
100,29,400,0.5728470087051392,False
100,29,405,0.5501445531845093,False
100,30,10,0.15873983502388,False
100,30,15,0.13956837356090546,False
100,30,20,0.2073301076889038,False
100,30,25,0.1721852719783783,False
100,30,30,0.1882988065481186,False
100,30,35,0.09294925630092621,False
100,30,40,0.08994705229997635,False
100,30,45,0.09339290857315063,False
100,30,50,0.115603007376194,False
100,30,55,0.09259933978319168,False
100,30,60,0.04712080582976341,False
100,30,65,0.0890543982386589,False
100,30,70,0.10717231035232544,False
100,30,75,0.12434763461351395,False
100,30,80,0.18819117546081543,False
100,30,85,0.05938570946455002,False
100,30,90,0.08368895947933197,False
100,30,95,0.1287536323070526,False
100,30,100,0.12229503691196442,False
100,30,105,0.05434172600507736,False
100,30,110,0.08857477456331253,False
100,30,115,0.09645575284957886,False
100,30,120,0.10058104246854782,False
100,30,125,0.11489658057689667,False
100,30,130,0.10722235590219498,False
100,30,135,0.055631037801504135,False
100,30,140,0.10554387420415878,False
100,30,145,0.18794210255146027,False
100,30,150,0.09784030169248581,False
100,30,155,0.14042821526527405,False
100,30,160,0.1468186229467392,False
100,30,165,0.10090696066617966,False
100,30,170,0.5391626954078674,False
100,30,175,0.10437875986099243,False
100,30,180,0.10554046183824539,False
100,30,185,0.1400044858455658,False
100,30,190,0.1609569489955902,False
100,30,195,0.2561487555503845,False
100,30,200,0.1312938779592514,False
100,30,205,0.1164456158876419,False
100,30,210,0.15898534655570984,False
100,30,215,0.12635202705860138,False
100,30,220,0.18234938383102417,False
100,30,225,0.1259976476430893,False
100,30,230,0.05963660031557083,False
100,30,235,0.028679922223091125,False
100,30,240,0.08912647515535355,False
100,30,245,1.0003578662872314,False
100,30,250,0.11392992734909058,False
100,30,255,0.08611254394054413,False
100,30,260,0.11684005707502365,False
100,30,265,0.031047364696860313,False
100,30,270,0.18456237018108368,False
100,30,275,0.170613095164299,False
100,30,280,0.2132442742586136,False
100,30,285,0.1986217349767685,False
100,30,290,0.2775908410549164,False
100,30,295,0.24548789858818054,False
100,30,300,0.30862581729888916,False
100,30,305,0.3318045735359192,False
100,30,310,0.28536972403526306,False
100,30,315,0.18591289222240448,False
100,30,320,0.15057994425296783,False
100,30,325,0.1191835105419159,False
100,30,330,0.3084023594856262,False
100,30,335,0.22038902342319489,False
100,30,340,0.08248001337051392,False
100,30,345,0.115422323346138,False
100,30,350,0.07065638154745102,False
100,30,355,0.09888481348752975,False
100,30,360,0.08880889415740967,False
100,30,365,0.27635058760643005,False
100,30,370,0.1802336871623993,False
100,30,375,0.10607794672250748,False
100,30,380,0.06811118870973587,False
100,30,385,0.07206213474273682,False
100,30,390,0.07288803905248642,False
100,30,395,0.04449537396430969,False
100,30,400,0.13900823891162872,False
100,30,405,0.10968432575464249,False
100,31,10,0.030062513425946236,False
100,31,15,0.0975281149148941,False
100,31,20,0.12022817879915237,False
100,31,25,0.11961688846349716,False
100,31,30,0.06503988802433014,False
100,31,35,0.15159496665000916,False
100,31,40,0.16812318563461304,False
100,31,45,0.11829778552055359,False
100,31,50,0.08800402283668518,False
100,31,55,0.06564788520336151,False
100,31,60,0.08419205993413925,False
100,31,65,0.11146131902933121,False
100,31,70,0.12733641266822815,False
100,31,75,0.04374363273382187,False
100,31,80,0.07947596162557602,False
100,31,85,0.14498692750930786,False
100,31,90,0.10752549022436142,False
100,31,95,0.23112119734287262,False
100,31,100,0.20393355190753937,False
100,31,105,0.08406710624694824,False
100,31,110,0.044899098575115204,False
100,31,115,0.08063852787017822,False
100,31,120,0.0338815301656723,False
100,31,125,0.057861339300870895,False
100,31,130,0.12786409258842468,False
100,31,135,0.06698326021432877,False
100,31,140,1.248693585395813,False
100,31,145,0.0647006705403328,False
100,31,150,0.12205474078655243,False
100,31,155,0.0898883268237114,False
100,31,160,0.21288104355335236,False
100,31,165,0.20746208727359772,False
100,31,170,0.18988126516342163,False
100,31,175,0.9667638540267944,False
100,31,180,0.09877900779247284,False
100,31,185,0.12250099331140518,False
100,31,190,0.15160252153873444,False
100,31,195,0.19444963335990906,False
100,31,200,0.08880025893449783,False
100,31,205,0.21151259541511536,False
100,31,210,0.24883846938610077,False
100,31,215,0.672962486743927,False
100,31,220,0.25076204538345337,False
100,31,225,0.3994949758052826,False
100,31,230,0.33245888352394104,False
100,31,235,0.41420450806617737,False
100,31,240,0.32313287258148193,False
100,31,245,0.3598264157772064,False
100,31,250,0.2310696542263031,False
100,31,255,0.31555628776550293,False
100,31,260,0.30323535203933716,False
100,31,265,0.35635048151016235,False
100,31,270,0.3471926748752594,False
100,31,275,0.2601953446865082,False
100,31,280,0.40078356862068176,False
100,31,285,0.3660580813884735,False
100,31,290,0.4012359380722046,False
100,31,295,0.3004065155982971,False
100,31,300,0.21181057393550873,False
100,31,305,0.26877477765083313,False
100,31,310,0.28204360604286194,False
100,31,315,0.2587150037288666,False
100,31,320,0.3553130030632019,False
100,31,325,0.24143445491790771,False
100,31,330,0.2601704001426697,False
100,31,335,0.5456390976905823,False
100,31,340,0.2796412706375122,False
100,31,345,0.19768781960010529,False
100,31,350,0.2466992437839508,False
100,31,355,0.2012205272912979,False
100,31,360,0.2006906419992447,False
100,31,365,0.2812981903553009,False
100,31,370,0.26947253942489624,False
100,31,375,0.27179601788520813,False
100,31,380,0.36646246910095215,False
100,31,385,0.30470511317253113,False
100,31,390,0.26748719811439514,False
100,31,395,0.43712350726127625,False
100,31,400,0.17237387597560883,False
100,31,405,0.22659538686275482,False
100,32,10,0.03623872250318527,True
100,32,15,0.0779186487197876,True
100,32,20,0.12732326984405518,True
100,32,25,0.15037648379802704,True
100,32,30,0.17450298368930817,True
100,32,35,0.1847272366285324,True
100,32,40,0.20296740531921387,True
100,32,45,0.12508700788021088,True
100,32,50,0.10041705518960953,True
100,32,55,0.07701874524354935,True
100,32,60,0.07951555401086807,True
100,32,65,0.0871090292930603,True
100,32,70,0.1021280437707901,True
100,32,75,0.11140941828489304,True
100,32,80,0.037226125597953796,True
100,32,85,0.09243926405906677,True
100,32,90,0.06603600084781647,True
100,32,95,0.0982179343700409,True
100,32,100,0.16302576661109924,True
100,32,105,0.14483892917633057,True
100,32,110,0.17199768126010895,True
100,32,115,0.20212741196155548,True
100,32,120,0.2614680528640747,True
100,32,125,0.2036590725183487,True
100,32,130,0.15878181159496307,True
100,32,135,0.11930111795663834,True
100,32,140,0.12693527340888977,True
100,32,145,0.046747609972953796,True
100,32,150,0.036423709243535995,True
100,32,155,0.05657113716006279,True
100,32,160,0.0537010096013546,True
100,32,165,0.08264972269535065,True
100,32,170,0.13646484911441803,True
100,32,175,1.286199688911438,True
100,32,180,0.29568222165107727,True
100,32,185,0.21228773891925812,True
100,32,190,0.2728859484195709,True
100,32,195,0.40932586789131165,True
100,32,200,0.14745117723941803,True
100,32,205,0.1751556247472763,True
100,32,210,0.2988288998603821,True
100,32,215,0.5175681114196777,True
100,32,220,0.2549075782299042,True
100,32,225,0.5126511454582214,True
100,32,230,0.38033604621887207,True
100,32,235,0.4179475009441376,True
100,32,240,0.32437917590141296,True
100,32,245,0.4115842878818512,True
100,32,250,0.2857552170753479,True
100,32,255,0.5157418251037598,True
100,32,260,0.28175315260887146,True
100,32,265,0.3768426775932312,True
100,32,270,0.30556824803352356,True
100,32,275,0.3621399402618408,True
100,32,280,0.49726927280426025,True
100,32,285,0.3803197741508484,True
100,32,290,0.48302212357521057,True
100,32,295,0.47152212262153625,True
100,32,300,0.3169790804386139,True
100,32,305,0.2818058133125305,True
100,32,310,0.2994494140148163,True
100,32,315,0.3063436448574066,True
100,32,320,0.30965656042099,True
100,32,325,0.27434641122817993,True
100,32,330,0.284743994474411,True
100,32,335,0.4267924726009369,True
100,32,340,0.42789745330810547,True
100,32,345,0.3322184979915619,True
100,32,350,0.28756973147392273,True
100,32,355,0.2540798485279083,True
100,32,360,0.3230893611907959,True
100,32,365,0.48509645462036133,True
100,32,370,0.43657177686691284,True
100,32,375,0.260934442281723,True
100,32,380,0.46999403834342957,True
100,32,385,0.33223041892051697,True
100,32,390,0.33065512776374817,True
100,32,395,0.6181069612503052,True
100,33,10,0.0732237920165062,True
100,33,15,0.18809151649475098,True
100,33,20,0.2770130932331085,True
100,33,25,0.31538474559783936,True
100,33,30,0.49120011925697327,True
100,33,35,0.3445288836956024,True
100,33,40,0.39645323157310486,True
100,33,45,0.4701066017150879,True
100,33,50,0.4691241681575775,True
100,33,55,0.3753582239151001,True
100,33,60,0.5546334981918335,True
100,33,65,0.5233999490737915,True
100,33,70,0.27061209082603455,True
100,33,75,0.5819122195243835,True
100,33,80,0.38832706212997437,True
100,33,85,0.4674765169620514,True
100,33,90,0.6148914098739624,True
100,33,95,0.31712934374809265,True
100,33,100,0.40779921412467957,True
100,33,105,0.5940858125686646,True
100,33,110,0.529056966304779,True
100,33,115,0.4366527497768402,True
100,33,120,0.36396127939224243,True
100,33,125,0.35581257939338684,True
100,33,130,0.7066216468811035,True
100,33,135,0.852633535861969,True
100,33,140,0.6118003726005554,True
100,33,145,0.626288890838623,True
100,33,150,0.4772289991378784,True
100,33,155,0.5047199726104736,True
100,33,160,0.35550206899642944,True
100,34,10,0.10960910469293594,False
100,34,15,0.1783026158809662,False
100,34,20,0.26116371154785156,False
100,34,25,0.17465834319591522,False
100,34,30,0.2284996509552002,False
100,34,35,0.1729145348072052,False
100,34,40,0.3836170434951782,False
100,34,45,0.47772014141082764,False
100,34,50,0.13005918264389038,False
100,34,55,0.16917899250984192,False
100,34,60,0.0951172485947609,False
100,34,65,0.050754159688949585,False
100,34,70,0.1004127711057663,False
100,34,75,0.11097988486289978,False
100,34,80,0.0736040323972702,False
100,34,85,0.03976820409297943,False
100,34,90,0.03624456748366356,False
100,34,95,0.16336709260940552,False
100,34,100,0.12946656346321106,False
100,34,105,0.1362137347459793,False
100,34,110,0.13144658505916595,False
100,34,115,0.24573655426502228,False
100,34,120,0.21895365417003632,False
100,34,125,0.10399232059717178,False
100,34,130,0.09386559575796127,False
100,34,135,0.09807103872299194,False
100,34,140,0.09539801627397537,False
100,34,145,0.07427157461643219,False
100,34,150,0.07400215417146683,False
100,34,155,0.05795164406299591,False
100,34,160,0.12607727944850922,False
100,34,165,0.11970123648643494,False
100,34,170,0.304421603679657,False
100,34,175,0.45550066232681274,False
100,34,180,0.2222764939069748,False
100,34,185,0.1940983533859253,False
100,34,190,0.15145084261894226,False
100,34,195,0.08515553921461105,False
100,34,200,0.05556697025895119,False
100,34,205,0.1380283236503601,False
100,34,210,0.6993855237960815,False
100,34,215,0.5294088125228882,False
100,34,220,0.3065106272697449,False
100,34,225,0.25109177827835083,False
100,34,230,0.5026960968971252,False
100,34,235,0.5982332825660706,False
100,34,240,0.43937796354293823,False
100,34,245,0.43156304955482483,False
100,34,250,0.21873557567596436,False
100,34,255,0.21040192246437073,False
100,34,260,0.16945981979370117,False
100,34,265,0.14543257653713226,False
100,34,270,0.07250390946865082,False
100,34,275,0.07461456954479218,False
100,34,280,0.0565832257270813,False
100,34,285,0.16065923869609833,False
100,34,290,0.032603174448013306,False
100,34,295,0.1068694144487381,False
100,34,300,0.1074855774641037,False
100,34,305,0.07701890170574188,False
100,34,310,1.2468851804733276,False
100,34,315,0.43302157521247864,False
100,34,320,0.0658997893333435,False
100,34,325,0.2278239130973816,False
100,34,330,0.05042972415685654,False
100,34,335,0.10590635240077972,False
100,34,340,0.17232342064380646,False
100,34,345,0.041544705629348755,False
100,34,350,0.051649995148181915,False
100,34,355,0.08396098017692566,False
100,34,360,0.0375005342066288,False
100,34,365,0.11792241781949997,False
100,34,370,0.03249909728765488,False
100,34,375,0.08923006057739258,False
100,34,380,1.8361947536468506,False
100,34,385,1.2476253509521484,False
100,34,390,0.156309574842453,False
100,34,395,0.047482360154390335,False
100,34,400,0.1499437540769577,False
100,34,405,0.05374988913536072,False
100,35,10,0.19402267038822174,False
100,35,15,0.22070185840129852,False
100,35,20,0.2658630311489105,False
100,35,25,0.2359357327222824,False
100,35,30,0.35443949699401855,False
100,35,35,0.26385653018951416,False
100,35,40,0.6872663497924805,False
100,35,45,0.6595895290374756,False
100,35,50,0.5290848612785339,False
100,35,55,0.2327943742275238,False
100,35,60,0.1729428768157959,False
100,35,65,0.09532760083675385,False
100,35,70,0.0741928219795227,False
100,35,75,0.05926702544093132,False
100,35,80,0.8338056206703186,False
100,35,85,0.14046059548854828,False
100,35,90,0.09995876997709274,False
100,35,95,0.12884066998958588,False
100,35,100,0.22305232286453247,False
100,35,105,0.29242604970932007,False
100,35,110,0.453720360994339,False
100,35,115,0.9148097038269043,False
100,35,120,1.0373051166534424,False
100,35,125,0.3001609444618225,False
100,35,130,0.10940363258123398,False
100,35,135,0.03782227635383606,False
100,35,140,0.061675768345594406,False
100,35,145,0.03966463729739189,False
100,35,150,0.09293269366025925,False
100,35,155,0.051627688109874725,False
100,35,160,0.09870513528585434,False
100,35,165,0.1448475420475006,False
100,35,170,0.0889633297920227,False
100,35,175,0.12068081647157669,False
100,35,180,0.11703052371740341,False
100,35,185,0.1288415491580963,False
100,35,190,0.24959489703178406,False
100,35,195,0.20310021936893463,False
100,35,200,0.316668301820755,False
100,35,205,0.2604178488254547,False
100,35,210,0.4275999665260315,False
100,35,215,0.5189484357833862,False
100,35,220,0.38478177785873413,False
100,35,225,0.3888624906539917,False
100,35,230,0.4582088887691498,False
100,35,235,0.48203063011169434,False
100,35,240,0.5376513004302979,False
100,35,245,0.5331372618675232,False
100,35,250,0.4205717444419861,False
100,35,255,0.5757032036781311,False
100,35,260,0.4697928726673126,False
100,35,265,0.45800843834877014,False
100,35,270,0.5055676698684692,False
100,35,275,0.7210786938667297,False
100,35,280,0.8056022524833679,False
100,35,285,0.5899467468261719,False
100,35,290,0.8758983016014099,False
100,35,295,0.7648516893386841,False
100,35,300,0.5001754760742188,False
100,35,305,0.4363015592098236,False
100,35,310,0.4134919047355652,False
100,35,315,0.7596591114997864,False
100,35,320,0.5655452013015747,False
100,35,325,0.5381025075912476,False
100,35,330,0.8313597440719604,False
100,35,335,0.8028831481933594,False
100,35,340,0.6588149070739746,False
100,35,345,0.6041911244392395,False
100,35,350,0.4032009541988373,False
100,35,355,0.5204498767852783,False
100,35,360,0.5106633901596069,False
100,35,365,0.5148090720176697,False
100,35,370,0.6851564645767212,False
100,35,375,0.42104819416999817,False
100,35,380,0.5775817036628723,False
100,35,385,0.6261852383613586,False
100,35,390,0.509341835975647,False
100,35,395,0.7764080166816711,False
100,35,400,0.23527191579341888,False
100,35,405,0.4027526378631592,False
100,36,10,0.0615709014236927,False
100,36,15,0.09174579381942749,False
100,36,20,0.14562809467315674,False
100,36,25,0.09998802095651627,False
100,36,30,0.07290811091661453,False
100,36,35,0.190097838640213,False
100,36,40,0.16520139575004578,False
100,36,45,0.09276586025953293,False
100,36,50,0.10973670333623886,False
100,36,55,0.07950625568628311,False
100,36,60,0.10814487934112549,False
100,36,65,0.11653608828783035,False
100,36,70,0.1355513483285904,False
100,36,75,0.08726420253515244,False
100,36,80,0.06522680073976517,False
100,36,85,0.17281052470207214,False
100,36,90,0.2158801108598709,False
100,36,95,0.2191702127456665,False
100,36,100,0.21972087025642395,False
100,36,105,0.17757755517959595,False
100,36,110,0.14239956438541412,False
100,36,115,0.1396573930978775,False
100,36,120,0.8564317226409912,False
100,36,125,0.15108326077461243,False
100,36,130,0.1876494139432907,False
100,36,135,0.17549867928028107,False
100,36,140,0.25190550088882446,False
100,36,145,0.16101893782615662,False
100,36,150,0.21502886712551117,False
100,36,155,0.09844621270895004,False
100,36,160,0.17480668425559998,False
100,36,165,0.09074000269174576,False
100,36,170,0.08142644912004471,False
100,36,175,0.1059621274471283,False
100,36,180,0.05762244388461113,False
100,36,185,0.060178667306900024,False
100,36,190,0.07475779950618744,False
100,36,195,0.18364833295345306,False
100,36,200,0.21084244549274445,False
100,36,205,0.11450272798538208,False
100,36,210,0.19166691601276398,False
100,36,215,0.23363691568374634,False
100,36,220,0.2877248227596283,False
100,36,225,0.21743907034397125,False
100,36,230,0.10749130696058273,False
100,36,235,0.1241939514875412,False
100,36,240,0.19814562797546387,False
100,36,245,0.10388638079166412,False
100,36,250,0.12584781646728516,False
100,36,255,0.11457696557044983,False
100,36,260,0.10483942180871964,False
100,36,265,0.26612183451652527,False
100,36,270,0.02944418601691723,False
100,36,275,0.01129431277513504,False
100,36,280,0.024852296337485313,False
100,36,285,0.03478292375802994,False
100,36,290,0.14070063829421997,False
100,36,295,0.11764883995056152,False
100,36,300,0.15819986164569855,False
100,36,305,0.12567493319511414,False
100,36,310,0.22252808511257172,False
100,36,315,0.4094897210597992,False
100,36,320,0.4263477325439453,False
100,36,325,0.41838958859443665,False
100,36,330,0.5869553089141846,False
100,36,335,0.319195032119751,False
100,36,340,0.31331923604011536,False
100,36,345,0.5534037947654724,False
100,36,350,0.2459690272808075,False
100,36,355,0.4761134386062622,False
100,36,360,0.742145299911499,False
100,36,365,0.6313731670379639,False
100,36,370,0.5838956832885742,False
100,36,375,0.5335468053817749,False
100,36,380,0.5005906224250793,False
100,36,385,0.5722945928573608,False
100,36,390,0.3421696126461029,False
100,36,395,0.4243861436843872,False
100,36,400,0.3553730547428131,False
100,36,405,0.38849225640296936,False
100,37,10,0.07268493622541428,False
100,37,15,0.18046659231185913,False
100,37,20,0.33463484048843384,False
100,37,25,0.3473290205001831,False
100,37,30,0.4509052634239197,False
100,37,35,0.39306405186653137,False
100,37,40,0.48284846544265747,False
100,37,45,0.6348774433135986,False
100,37,50,0.47879013419151306,False
100,37,55,0.306862473487854,False
100,37,60,0.05633782595396042,False
100,37,65,0.8622555136680603,False
100,37,70,0.6244041919708252,False
100,37,75,0.10188880562782288,False
100,37,80,0.0517658069729805,False
100,37,85,0.06697691977024078,False
100,37,90,0.07440395653247833,False
100,37,95,0.16209198534488678,False
100,37,100,0.0748891532421112,False
100,37,105,0.10367133468389511,False
100,37,110,0.09583215415477753,False
100,37,115,0.06133998557925224,False
100,37,120,0.06525108218193054,False
100,37,125,0.11496224254369736,False
100,37,130,0.11577765643596649,False
100,37,135,0.036637693643569946,False
100,37,140,0.03382007032632828,False
100,37,145,0.051263004541397095,False
100,37,150,0.07051689922809601,False
100,37,155,0.06455712765455246,False
100,37,160,0.028872590512037277,False
100,37,165,0.05413668602705002,False
100,37,170,0.07614514231681824,False
100,37,175,0.10535294562578201,False
100,37,180,0.07222667336463928,False
100,37,185,0.08920926600694656,False
100,37,190,0.07073208689689636,False
100,37,195,0.12268538773059845,False
100,37,200,0.08126649260520935,False
100,37,205,0.056995563209056854,False
100,37,210,0.09442203491926193,False
100,37,215,0.17813362181186676,False
100,37,220,0.045082565397024155,False
100,37,225,0.0975392684340477,False
100,37,230,0.03357713669538498,False
100,37,235,0.03220236673951149,False
100,37,240,0.09000732749700546,False
100,37,245,0.05256419628858566,False
100,37,250,0.03009948693215847,False
100,37,255,0.15715301036834717,False
100,37,260,0.10564351826906204,False
100,37,265,0.12419283390045166,False
100,37,270,0.11190260946750641,False
100,37,275,0.0840349942445755,False
100,37,280,0.1537962704896927,False
100,37,285,0.03061039000749588,False
100,37,290,0.05862414464354515,False
100,37,295,0.04729563742876053,False
100,37,300,0.052413683384656906,False
100,37,305,0.08079492300748825,False
100,37,310,0.07338982820510864,False
100,37,315,0.0453057661652565,False
100,37,320,0.068547323346138,False
100,37,325,0.07692990452051163,False
100,37,330,0.8723134398460388,False
100,37,335,0.13622058928012848,False
100,37,340,0.03439551964402199,False
100,37,345,0.03441265597939491,False
100,37,350,0.08688187599182129,False
100,37,355,0.28654229640960693,False
100,37,360,0.157462015748024,False
100,37,365,0.4730207026004791,False
100,37,370,0.5566279292106628,False
100,37,375,0.27615028619766235,False
100,37,380,0.5192516446113586,False
100,37,385,0.3902839720249176,False
100,37,390,0.2255207896232605,False
100,37,395,0.7854964137077332,False
100,37,400,0.6171525716781616,False
100,37,405,0.5799891352653503,False
100,38,10,0.09957436472177505,False
100,38,15,0.16009527444839478,False
100,38,20,0.31553083658218384,False
100,38,25,0.4104548692703247,False
100,38,30,0.3214971721172333,False
100,38,35,0.16655293107032776,False
100,38,40,0.7093884348869324,False
100,38,45,0.5896444916725159,False
100,38,50,0.3414419889450073,False
100,38,55,0.17346414923667908,False
100,38,60,0.3703421652317047,False
100,38,65,0.6026089191436768,False
100,38,70,0.31167715787887573,False
100,38,75,0.3381657302379608,False
100,38,80,0.1490943729877472,False
100,38,85,0.16584204137325287,False
100,38,90,0.09579430520534515,False
100,38,95,0.0989125445485115,False
100,38,100,0.07103335112333298,False
100,38,105,0.03241425007581711,False
100,38,110,0.06669852882623672,False
100,38,115,0.07334136962890625,False
100,38,120,0.09870284795761108,False
100,38,125,0.1186232715845108,False
100,38,130,0.17212724685668945,False
100,38,135,0.18341346085071564,False
100,38,140,0.1479901373386383,False
100,38,145,0.15265712141990662,False
100,38,150,0.20540733635425568,False
100,38,155,0.11523257195949554,False
100,38,160,0.08968803286552429,False
100,38,165,0.12057626247406006,False
100,38,170,0.12047508358955383,False
100,38,175,0.08077424019575119,False
100,38,180,0.1185014545917511,False
100,38,185,0.12008393555879593,False
100,38,190,0.11616504192352295,False
100,38,195,0.15419995784759521,False
100,38,200,0.12855975329875946,False
100,38,205,0.1405963897705078,False
100,38,210,0.12243085354566574,False
100,38,215,0.14243178069591522,False
100,38,220,0.07136309891939163,False
100,38,225,0.05488356202840805,False
100,38,230,0.04184288904070854,False
100,38,235,0.04653751105070114,False
100,38,240,0.04415881261229515,False
100,38,245,0.030733410269021988,False
100,38,250,0.12811243534088135,False
100,38,255,0.08611425012350082,False
100,38,260,0.07828450947999954,False
100,38,265,0.1427101343870163,False
100,38,270,0.0690956562757492,False
100,38,275,0.05083613097667694,False
100,38,280,0.09121110290288925,False
100,38,285,0.05932110175490379,False
100,38,290,0.05207787826657295,False
100,38,295,0.052570536732673645,False
100,38,300,0.07962221652269363,False
100,38,305,0.06202307343482971,False
100,38,310,0.04996921867132187,False
100,38,315,0.0587138794362545,False
100,38,320,0.06629627197980881,False
100,38,325,0.09578133374452591,False
100,38,330,0.12776926159858704,False
100,38,335,0.10911528766155243,False
100,38,340,0.034639496356248856,False
100,38,345,0.03848045691847801,False
100,38,350,0.2460956573486328,False
100,38,355,0.3606243431568146,False
100,38,360,0.18856129050254822,False
100,38,365,0.5183707475662231,False
100,38,370,0.5944712162017822,False
100,38,375,0.23902350664138794,False
100,38,380,0.4896022379398346,False
100,38,385,0.39222604036331177,False
100,38,390,0.292508989572525,False
100,38,395,0.7682924270629883,False
100,38,400,0.6927547454833984,False
100,38,405,0.7224769592285156,False
100,39,10,0.1481141299009323,True
100,39,15,0.2512566149234772,True
100,39,20,0.3327372670173645,True
100,39,25,0.3691672682762146,True
100,39,30,0.5140960812568665,True
100,39,35,0.44990408420562744,True
100,39,40,0.8359000086784363,True
100,39,45,0.786412239074707,True
100,39,50,0.22706900537014008,True
100,39,55,0.4085366725921631,True
100,39,60,0.6364454627037048,True
100,39,65,0.6795263886451721,True
100,39,70,0.4982089102268219,True
100,39,75,0.7169883251190186,True
100,39,80,0.4932246208190918,True
100,39,85,0.6280300617218018,True
100,39,90,0.6931959986686707,True
100,39,95,0.19223114848136902,True
100,39,100,0.6906411051750183,True
100,39,105,0.884821355342865,True
100,39,110,0.6766659021377563,True
100,39,115,0.2854928970336914,True
100,39,120,0.40972790122032166,True
100,39,125,0.5126733779907227,True
100,39,130,0.6941971182823181,True
100,39,135,0.9244316816329956,True
100,39,140,0.7634539604187012,True
100,39,145,0.40447932481765747,True
100,39,150,0.5164027810096741,True
100,39,155,0.5605902671813965,True
100,39,160,0.6076514720916748,True
100,39,165,0.4026143252849579,True
100,39,170,0.15061812102794647,True
100,39,175,0.5725786685943604,True
100,39,180,0.4118080735206604,True
100,39,185,0.1848212033510208,True
100,39,190,0.5148651003837585,True
100,39,195,0.6486029624938965,True
100,39,200,0.11044131219387054,True
100,39,205,0.20458243787288666,True
100,39,210,0.5981906652450562,True
100,39,215,0.2531958818435669,True
100,39,220,0.434220552444458,True
100,39,225,0.4565029740333557,True
100,39,230,0.6111000776290894,True
100,39,235,0.6253522634506226,True
100,39,240,0.6678853034973145,True
100,39,245,0.4249652922153473,True
100,39,250,0.2946914732456207,True
100,39,255,0.25355491042137146,True
100,39,260,0.39323094487190247,True
100,39,265,0.48112478852272034,True
100,39,270,0.20370830595493317,True
100,39,275,0.23592285811901093,True
100,39,280,0.05343719944357872,True
100,40,10,0.14838695526123047,True
100,40,15,0.1881154477596283,True
100,40,20,0.27483609318733215,True
100,40,25,0.2620312571525574,True
100,40,30,0.4058004915714264,True
100,40,35,0.28540104627609253,True
100,40,40,0.7367662191390991,True
100,40,45,0.7208946943283081,True
100,40,50,0.505661129951477,True
100,40,55,0.3934197723865509,True
100,40,60,0.49148768186569214,True
100,40,65,0.5667424201965332,True
100,40,70,0.47912707924842834,True
100,40,75,0.6773446202278137,True
100,40,80,0.3668530285358429,True
100,40,85,0.37909597158432007,True
100,40,90,0.4953837990760803,True
100,40,95,0.2749115228652954,True
100,40,100,0.36289557814598083,True
100,40,105,0.5809593796730042,True
100,40,110,0.5158320665359497,True
100,40,115,0.42310062050819397,True
100,40,120,0.4542110562324524,True
100,40,125,0.3531731367111206,True
100,40,130,0.6649225354194641,True
100,40,135,0.8282564878463745,True
100,40,140,0.6604223847389221,True
100,40,145,0.4729430675506592,True
100,40,150,0.29602324962615967,True
100,40,155,0.43624818325042725,True
100,40,160,0.3698951005935669,True
100,40,165,0.2150261104106903,True
100,40,170,0.18029052019119263,True
100,40,175,0.14347471296787262,True
100,40,180,0.11982941627502441,True
100,40,185,0.17220662534236908,True
100,40,190,0.22417138516902924,True
100,40,195,0.13325180113315582,True
100,40,200,0.12090156972408295,True
100,40,205,0.13400349020957947,True
100,40,210,0.14498549699783325,True
100,40,215,0.03809651359915733,True
100,40,220,0.09460267424583435,True
100,40,225,0.16709251701831818,True
100,40,230,0.10099714994430542,True
100,40,235,0.23707374930381775,True
100,40,240,0.30620843172073364,True
100,40,245,0.20927664637565613,True
100,40,250,0.3367595672607422,True
100,40,255,0.19561930000782013,True
100,40,260,0.3398834764957428,True
100,40,265,0.31262633204460144,True
100,40,270,0.17353162169456482,True
100,40,275,0.1877571940422058,True
100,40,280,0.17323315143585205,True
100,40,285,0.3899703621864319,True
100,40,290,0.42646142840385437,True
100,40,295,0.4136732220649719,True
100,41,10,0.19075942039489746,False
100,41,15,0.21746045351028442,False
100,41,20,0.3002142012119293,False
100,41,25,0.37436801195144653,False
100,41,30,0.46233412623405457,False
100,41,35,0.22333145141601562,False
100,41,40,0.3438763916492462,False
100,41,45,0.38823994994163513,False
100,41,50,0.20063048601150513,False
100,41,55,0.17310446500778198,False
100,41,60,0.12858004868030548,False
100,41,65,0.11895836144685745,False
100,41,70,0.05596264824271202,False
100,41,75,0.027090497314929962,False
100,41,80,0.06548536568880081,False
100,41,85,0.08437921851873398,False
100,41,90,0.07066623866558075,False
100,41,95,0.07240033149719238,False
100,41,100,0.12170260399580002,False
100,41,105,0.1137777641415596,False
100,41,110,0.10877317190170288,False
100,41,115,0.14985613524913788,False
100,41,120,0.10891541838645935,False
100,41,125,0.07518203556537628,False
100,41,130,0.0656205490231514,False
100,41,135,0.07412923872470856,False
100,41,140,0.04655538126826286,False
100,41,145,0.07965391874313354,False
100,41,150,0.12659190595149994,False
100,41,155,0.036482904106378555,False
100,41,160,0.08429306000471115,False
100,41,165,0.13787806034088135,False
100,41,170,0.04956116899847984,False
100,41,175,0.1557660847902298,False
100,41,180,0.2003210484981537,False
100,41,185,0.18204674124717712,False
100,41,190,0.2710147202014923,False
100,41,195,0.21374276280403137,False
100,41,200,0.10615438222885132,False
100,41,205,0.20014670491218567,False
100,41,210,0.44655728340148926,False
100,41,215,0.6660598516464233,False
100,41,220,0.31378406286239624,False
100,41,225,0.5270949006080627,False
100,41,230,0.5055509209632874,False
100,41,235,0.511555016040802,False
100,41,240,0.5394270420074463,False
100,41,245,0.4205879867076874,False
100,41,250,0.3021429479122162,False
100,41,255,0.5609220862388611,False
100,41,260,0.252625435590744,False
100,41,265,0.11130383610725403,False
100,41,270,0.19931837916374207,False
100,41,275,0.22291500866413116,False
100,41,280,0.3842611312866211,False
100,41,285,0.38757526874542236,False
100,41,290,0.5405410528182983,False
100,41,295,0.4575335681438446,False
100,41,300,0.537328839302063,False
100,41,305,0.3966955840587616,False
100,41,310,0.3942713141441345,False
100,41,315,0.4610522985458374,False
100,41,320,0.3813822567462921,False
100,41,325,0.2503191828727722,False
100,41,330,0.5085247159004211,False
100,41,335,0.3457947075366974,False
100,41,340,0.5087800621986389,False
100,41,345,0.5860134363174438,False
100,41,350,0.37428921461105347,False
100,41,355,0.49863186478614807,False
100,41,360,0.4972740709781647,False
100,41,365,0.4630376100540161,False
100,41,370,0.4191817343235016,False
100,41,375,0.2712201178073883,False
100,41,380,0.4985309839248657,False
100,41,385,0.3472044765949249,False
100,41,390,0.3061607778072357,False
100,41,395,0.5949622392654419,False
100,41,400,0.0684652253985405,False
100,41,405,0.14229553937911987,False
100,42,10,0.049598947167396545,False
100,42,15,0.07359272241592407,False
100,42,20,0.11172787100076675,False
100,42,25,0.07402275502681732,False
100,42,30,0.0477529801428318,False
100,42,35,0.14243647456169128,False
100,42,40,0.21088752150535583,False
100,42,45,0.06021009385585785,False
100,42,50,0.07222382724285126,False
100,42,55,0.036669258028268814,False
100,42,60,0.06084141880273819,False
100,42,65,0.08365587890148163,False
100,42,70,0.131021186709404,False
100,42,75,0.052358582615852356,False
100,42,80,0.04640258848667145,False
100,42,85,0.14932134747505188,False
100,42,90,0.14881545305252075,False
100,42,95,0.1491803079843521,False
100,42,100,0.15093082189559937,False
100,42,105,0.1212877705693245,False
100,42,110,0.09658277779817581,False
100,42,115,0.14583157002925873,False
100,42,120,0.15179753303527832,False
100,42,125,0.0659884661436081,False
100,42,130,0.07942307740449905,False
100,42,135,0.07245446741580963,False
100,42,140,0.15582945942878723,False
100,42,145,0.046974241733551025,False
100,42,150,0.12000204622745514,False
100,42,155,0.101051464676857,False
100,42,160,0.14952515065670013,False
100,42,165,0.16449254751205444,False
100,42,170,0.25659868121147156,False
100,42,175,0.8201285004615784,False
100,42,180,0.076947882771492,False
100,42,185,0.07240434736013412,False
100,42,190,0.1184811145067215,False
100,42,195,0.31897175312042236,False
100,42,200,0.1517326682806015,False
100,42,205,0.30584797263145447,False
100,42,210,0.5568323731422424,False
100,42,215,0.7353960871696472,False
100,42,220,0.2887383699417114,False
100,42,225,0.632698655128479,False
100,42,230,0.44108885526657104,False
100,42,235,0.5159918069839478,False
100,42,240,0.5340144634246826,False
100,42,245,0.4582805335521698,False
100,42,250,0.3189753293991089,False
100,42,255,0.5628538727760315,False
100,42,260,0.20140579342842102,False
100,42,265,0.14803288877010345,False
100,42,270,0.17233777046203613,False
100,42,275,0.13243824243545532,False
100,42,280,0.15591543912887573,False
100,42,285,0.2506486177444458,False
100,42,290,0.23509086668491364,False
100,42,295,0.14908835291862488,False
100,42,300,0.4676680564880371,False
100,42,305,0.38172805309295654,False
100,42,310,0.3658124506473541,False
100,42,315,0.5507917404174805,False
100,42,320,0.2524627149105072,False
100,42,325,0.08060751855373383,False
100,42,330,0.21912096440792084,False
100,42,335,0.06573829799890518,False
100,42,340,0.06550618261098862,False
100,42,345,0.0981331616640091,False
100,42,350,0.10864819586277008,False
100,42,355,0.3311455249786377,False
100,42,360,0.03301180154085159,False
100,42,365,0.07275233417749405,False
100,42,370,0.06079189106822014,False
100,42,375,0.10369165986776352,False
100,42,380,0.11630283296108246,False
100,42,385,0.21449781954288483,False
100,42,390,0.20281729102134705,False
100,42,395,0.411874383687973,False
100,42,400,0.14093497395515442,False
100,42,405,0.3540214002132416,False
100,43,10,0.11508295685052872,True
100,43,15,0.21005350351333618,True
100,43,20,0.25878944993019104,True
100,43,25,0.2819898724555969,True
100,43,30,0.38239148259162903,True
100,43,35,0.24874810874462128,True
100,43,40,0.6829898953437805,True
100,43,45,0.6947510838508606,True
100,43,50,0.7394521236419678,True
100,43,55,0.35797935724258423,True
100,43,60,0.4328375458717346,True
100,43,65,0.49062663316726685,True
100,43,70,0.4280378520488739,True
100,43,75,0.694878876209259,True
100,43,80,0.6076247096061707,True
100,43,85,0.7394642233848572,True
100,43,90,0.8511976599693298,True
100,43,95,0.09705368429422379,True
100,43,100,0.2350984364748001,True
100,43,105,0.9463187456130981,True
100,43,110,0.8384881615638733,True
100,43,115,0.4823433458805084,True
100,43,120,0.34440532326698303,True
100,43,125,0.39651793241500854,True
100,43,130,0.8630396723747253,True
100,43,135,0.9617127180099487,True
100,43,140,0.6963279843330383,True
100,43,145,0.5046954154968262,True
100,43,150,0.41533294320106506,True
100,43,155,0.6352152824401855,True
100,43,160,0.6424778699874878,True
100,43,165,0.2567738890647888,True
100,43,170,0.15544816851615906,True
100,43,175,0.4999862015247345,True
100,43,180,0.4663495719432831,True
100,43,185,0.41491252183914185,True
100,43,190,0.4385543763637543,True
100,43,195,0.543983519077301,True
100,43,200,0.07020055502653122,True
100,43,205,0.18473410606384277,True
100,43,210,0.3943624198436737,True
100,43,215,0.19351819157600403,True
100,43,220,0.4450267553329468,True
100,43,225,0.399521142244339,True
100,43,230,0.5865962505340576,True
100,43,235,0.56125807762146,True
100,43,240,0.6440220475196838,True
100,43,245,0.4061777889728546,True
100,43,250,0.229914590716362,True
100,43,255,0.6066913604736328,True
100,43,260,0.39589956402778625,True
100,43,265,0.5326205492019653,True
100,43,270,0.42870378494262695,True
100,43,275,0.4294736981391907,True
100,43,280,0.5278908014297485,True
100,44,10,0.14227786660194397,True
100,44,15,0.10289047658443451,True
100,44,20,0.10493611544370651,True
100,44,25,0.08904517441987991,True
100,44,30,0.12069927155971527,True
100,44,35,0.06245604157447815,True
100,44,40,0.16574150323867798,True
100,44,45,0.0952872484922409,True
100,44,50,0.08413870632648468,True
100,44,55,0.1102762520313263,True
100,44,60,0.0778198391199112,True
100,44,65,0.05841736122965813,True
100,44,70,0.09890428185462952,True
100,44,75,0.14957410097122192,True
100,44,80,0.0937952771782875,True
100,44,85,0.0948849618434906,True
100,44,90,0.22349172830581665,True
100,44,95,0.17498929798603058,True
100,44,100,0.06888653337955475,True
100,44,105,0.04050660878419876,True
100,44,110,0.08533430844545364,True
100,44,115,0.03469076380133629,True
100,44,120,0.06451095640659332,True
100,44,125,0.09472254663705826,True
100,44,130,0.1395260989665985,True
100,44,135,0.10262096673250198,True
100,44,140,0.0454053059220314,True
100,44,145,0.06478483974933624,True
100,44,150,0.07222840189933777,True
100,44,155,0.05000636354088783,True
100,44,160,0.16519255936145782,True
100,44,165,0.06960838288068771,True
100,44,170,0.22329720854759216,True
100,44,175,0.47750499844551086,True
100,44,180,0.43878045678138733,True
100,44,185,0.5991531610488892,True
100,44,190,0.5151945352554321,True
100,44,195,0.8835033774375916,True
100,44,200,0.06695406138896942,True
100,44,205,0.3222750425338745,True
100,44,210,0.7397207021713257,True
100,44,215,0.8437727093696594,True
100,44,220,0.3603677749633789,True
100,44,225,0.4512462019920349,True
100,44,230,0.585757315158844,True
100,44,235,0.5355696082115173,True
100,44,240,0.611687421798706,True
100,44,245,0.545898973941803,True
100,44,250,0.2678086459636688,True
100,44,255,0.7616894841194153,True
100,44,260,0.42354100942611694,True
100,44,265,0.674163281917572,True
100,44,270,0.6722250580787659,True
100,44,275,0.7594947218894958,True
100,44,280,0.849516749382019,True
100,44,285,0.5772243142127991,True
100,44,290,1.0332189798355103,True
100,44,295,0.8916926980018616,True
100,44,300,0.589667558670044,True
100,44,305,0.3962642252445221,True
100,44,310,0.3352230191230774,True
100,44,315,0.7218012809753418,True
100,44,320,0.556370735168457,True
100,44,325,0.5502445697784424,True
100,44,330,0.7461877465248108,True
100,44,335,0.7324467301368713,True
100,44,340,0.6735735535621643,True
100,44,345,0.5359691381454468,True
100,44,350,0.4908097982406616,True
100,44,355,0.5793967843055725,True
100,44,360,0.802206814289093,True
100,44,365,0.8092458248138428,True
100,45,10,0.15935708582401276,False
100,45,15,0.2079678624868393,False
100,45,20,0.3095826506614685,False
100,45,25,0.3094938397407532,False
100,45,30,0.2426944375038147,False
100,45,35,0.1592693030834198,False
100,45,40,0.5852662920951843,False
100,45,45,0.7188985347747803,False
100,45,50,0.20566077530384064,False
100,45,55,0.2945074439048767,False
100,45,60,0.262030690908432,False
100,45,65,0.12098623067140579,False
100,45,70,0.11209337413311005,False
100,45,75,0.12027295678853989,False
100,45,80,0.07337313890457153,False
100,45,85,0.08735913038253784,False
100,45,90,0.08158405125141144,False
100,45,95,0.10573048889636993,False
100,45,100,0.10723226517438889,False
100,45,105,0.06220686435699463,False
100,45,110,0.14235436916351318,False
100,45,115,0.21144261956214905,False
100,45,120,0.21876129508018494,False
100,45,125,0.32538652420043945,False
100,45,130,0.18869824707508087,False
100,45,135,0.14630044996738434,False
100,45,140,0.5805342197418213,False
100,45,145,0.22815561294555664,False
100,45,150,0.3215635120868683,False
100,45,155,0.5320032835006714,False
100,45,160,0.0653306171298027,False
100,45,165,0.10563497990369797,False
100,45,170,0.13058637082576752,False
100,45,175,0.039504699409008026,False
100,45,180,0.04409213736653328,False
100,45,185,0.049266498535871506,False
100,45,190,0.043819211423397064,False
100,45,195,0.16424712538719177,False
100,45,200,0.06409123539924622,False
100,45,205,0.0924188643693924,False
100,45,210,0.08077667653560638,False
100,45,215,0.07707303017377853,False
100,45,220,0.0661986693739891,False
100,45,225,0.12778832018375397,False
100,45,230,0.09404681622982025,False
100,45,235,0.09604742377996445,False
100,45,240,0.0962308943271637,False
100,45,245,0.16290515661239624,False
100,45,250,0.14553625881671906,False
100,45,255,0.07224208861589432,False
100,45,260,0.046800605952739716,False
100,45,265,0.1105383113026619,False
100,45,270,0.044681910425424576,False
100,45,275,0.10523997992277145,False
100,45,280,0.10396416485309601,False
100,45,285,0.0610349141061306,False
100,45,290,0.06175240874290466,False
100,45,295,0.14990174770355225,False
100,45,300,0.09805318713188171,False
100,45,305,0.04936719685792923,False
100,45,310,0.18818189203739166,False
100,45,315,0.11699425429105759,False
100,45,320,0.14234037697315216,False
100,45,325,0.132710263133049,False
100,45,330,0.14020507037639618,False
100,45,335,0.15388047695159912,False
100,45,340,0.16144156455993652,False
100,45,345,0.10731648653745651,False
100,45,350,0.07805445045232773,False
100,45,355,0.179441437125206,False
100,45,360,0.2790842354297638,False
100,45,365,0.16746044158935547,False
100,45,370,0.13537342846393585,False
100,45,375,0.06227610260248184,False
100,45,380,0.110169917345047,False
100,45,385,0.01667678728699684,False
100,45,390,0.0809587687253952,False
100,45,395,0.09437514841556549,False
100,45,400,0.10825636982917786,False
100,45,405,0.17301499843597412,False
100,46,10,0.06315942108631134,False
100,46,15,0.10062247514724731,False
100,46,20,0.1600276678800583,False
100,46,25,0.21121568977832794,False
100,46,30,0.14015428721904755,False
100,46,35,0.19155526161193848,False
100,46,40,0.19126184284687042,False
100,46,45,0.12675631046295166,False
100,46,50,0.11020724475383759,False
100,46,55,0.0837622806429863,False
100,46,60,0.06308609247207642,False
100,46,65,1.235032320022583,False
100,46,70,0.06261789053678513,False
100,46,75,0.01871136948466301,False
100,46,80,0.044885676354169846,False
100,46,85,0.14886479079723358,False
100,46,90,0.08297480642795563,False
100,46,95,0.20673856139183044,False
100,46,100,0.1805254966020584,False
100,46,105,0.10864824801683426,False
100,46,110,0.08605402708053589,False
100,46,115,0.14007461071014404,False
100,46,120,0.024529606103897095,False
100,46,125,0.04393355920910835,False
100,46,130,0.08837024867534637,False
100,46,135,0.03512408211827278,False
100,46,140,0.04934919998049736,False
100,46,145,0.03320474177598953,False
100,46,150,0.07483011484146118,False
100,46,155,0.10466780513525009,False
100,46,160,0.15977683663368225,False
100,46,165,0.3350011110305786,False
100,46,170,0.255018949508667,False
100,46,175,0.7133752703666687,False
100,46,180,0.14575381577014923,False
100,46,185,0.27207133173942566,False
100,46,190,0.22216516733169556,False
100,46,195,0.21369701623916626,False
100,46,200,0.15930770337581635,False
100,46,205,0.19214515388011932,False
100,46,210,0.4702870547771454,False
100,46,215,0.6555371284484863,False
100,46,220,0.3074254095554352,False
100,46,225,0.4233664572238922,False
100,46,230,0.4231646955013275,False
100,46,235,0.4262072443962097,False
100,46,240,0.3967146575450897,False
100,46,245,0.33848410844802856,False
100,46,250,0.22722852230072021,False
100,46,255,0.4458310306072235,False
100,46,260,0.10515303909778595,False
100,46,265,0.14541950821876526,False
100,46,270,0.12762528657913208,False
100,46,275,0.16467544436454773,False
100,46,280,0.5739293694496155,False
100,46,285,0.45606788992881775,False
100,46,290,0.7775696516036987,False
100,46,295,0.7189552187919617,False
100,46,300,0.4409959614276886,False
100,46,305,0.3628477454185486,False
100,46,310,0.5055276155471802,False
100,46,315,0.7341669797897339,False
100,46,320,0.4617077708244324,False
100,46,325,0.5145268440246582,False
100,46,330,0.6653021574020386,False
100,46,335,0.6516046524047852,False
100,46,340,0.566770613193512,False
100,46,345,0.6666766405105591,False
100,46,350,0.47422096133232117,False
100,46,355,0.5513565540313721,False
100,46,360,0.7983899116516113,False
100,46,365,0.7423052787780762,False
100,46,370,0.7354657649993896,False
100,46,375,0.4441501200199127,False
100,46,380,0.6158327460289001,False
100,46,385,0.5568734407424927,False
100,46,390,0.3644348978996277,False
100,46,395,0.8454445004463196,False
100,46,400,0.5236047506332397,False
100,46,405,0.5439178347587585,False
100,47,10,0.11345662921667099,False
100,47,15,0.1523476392030716,False
100,47,20,0.2272508144378662,False
100,47,25,0.19449537992477417,False
100,47,30,0.2916593849658966,False
100,47,35,0.22876812517642975,False
100,47,40,0.5162049531936646,False
100,47,45,0.4948327839374542,False
100,47,50,0.2786438763141632,False
100,47,55,0.1998673528432846,False
100,47,60,0.06764329224824905,False
100,47,65,0.26158595085144043,False
100,47,70,0.08953334391117096,False
100,47,75,0.042917829006910324,False
100,47,80,0.05235327407717705,False
100,47,85,0.08515843003988266,False
100,47,90,0.11362327635288239,False
100,47,95,0.03895675763487816,False
100,47,100,0.15109901130199432,False
100,47,105,0.17968624830245972,False
100,47,110,0.11968780308961868,False
100,47,115,0.1267671287059784,False
100,47,120,0.14973969757556915,False
100,47,125,0.1964593082666397,False
100,47,130,0.07178086042404175,False
100,47,135,0.028628258034586906,False
100,47,140,0.056365568190813065,False
100,47,145,0.040510889142751694,False
100,47,150,0.045534826815128326,False
100,47,155,0.11414296925067902,False
100,47,160,0.10174204409122467,False
100,47,165,0.03378787264227867,False
100,47,170,0.10600841045379639,False
100,47,175,0.12443407624959946,False
100,47,180,0.07956768572330475,False
100,47,185,0.031126441434025764,False
100,47,190,0.06810317933559418,False
100,47,195,0.18728113174438477,False
100,47,200,0.03993935510516167,False
100,47,205,0.10678161680698395,False
100,47,210,0.4915771484375,False
100,47,215,0.3588986396789551,False
100,47,220,0.3401094377040863,False
100,47,225,0.3406587541103363,False
100,47,230,0.5531898736953735,False
100,47,235,0.5121838450431824,False
100,47,240,0.6218975186347961,False
100,47,245,0.4693357050418854,False
100,47,250,0.29126057028770447,False
100,47,255,0.45326629281044006,False
100,47,260,0.20591726899147034,False
100,47,265,0.2197009027004242,False
100,47,270,0.25893348455429077,False
100,47,275,0.24883699417114258,False
100,47,280,0.38391995429992676,False
100,47,285,0.2580620050430298,False
100,47,290,0.19029611349105835,False
100,47,295,0.2038435935974121,False
100,47,300,0.06112750619649887,False
100,47,305,0.13167117536067963,False
100,47,310,0.12267068028450012,False
100,47,315,0.17243815958499908,False
100,47,320,0.1957074999809265,False
100,47,325,0.26249220967292786,False
100,47,330,0.3301458954811096,False
100,47,335,0.393034964799881,False
100,47,340,0.3476589024066925,False
100,47,345,0.29550591111183167,False
100,47,350,0.3589235544204712,False
100,47,355,0.32032743096351624,False
100,47,360,0.23801539838314056,False
100,47,365,0.3393811881542206,False
100,47,370,0.17545022070407867,False
100,47,375,0.3530944585800171,False
100,47,380,0.37876540422439575,False
100,47,385,0.3638298809528351,False
100,47,390,0.32835015654563904,False
100,47,395,0.4616215229034424,False
100,47,400,0.35523733496665955,False
100,47,405,0.3144422471523285,False
100,48,10,0.09409298002719879,False
100,48,15,0.09755324572324753,False
100,48,20,0.14540839195251465,False
100,48,25,0.18854813277721405,False
100,48,30,0.10147067904472351,False
100,48,35,0.23131301999092102,False
100,48,40,0.21617627143859863,False
100,48,45,0.0828174501657486,False
100,48,50,0.0873795747756958,False
100,48,55,0.06266089528799057,False
100,48,60,0.05131405591964722,False
100,48,65,0.12165220826864243,False
100,48,70,0.06143604591488838,False
100,48,75,0.05825869366526604,False
100,48,80,0.07697010785341263,False
100,48,85,0.11021991074085236,False
100,48,90,0.13741464912891388,False
100,48,95,0.17900428175926208,False
100,48,100,0.20725812017917633,False
100,48,105,0.1101442202925682,False
100,48,110,0.05642039701342583,False
100,48,115,0.08501454442739487,False
100,48,120,0.06892818957567215,False
100,48,125,0.0847640410065651,False
100,48,130,0.07867184281349182,False
100,48,135,0.04331088811159134,False
100,48,140,0.054189108312129974,False
100,48,145,0.04677882790565491,False
100,48,150,0.10164593905210495,False
100,48,155,0.055158257484436035,False
100,48,160,0.1025090366601944,False
100,48,165,0.09951290488243103,False
100,48,170,0.2660124599933624,False
100,48,175,0.10900892317295074,False
100,48,180,0.16473622620105743,False
100,48,185,0.17660067975521088,False
100,48,190,0.18417039513587952,False
100,48,195,0.22123365104198456,False
100,48,200,0.07262981683015823,False
100,48,205,0.21087786555290222,False
100,48,210,0.3979647159576416,False
100,48,215,0.527999222278595,False
100,48,220,0.27938058972358704,False
100,48,225,0.33649274706840515,False
100,48,230,0.5474536418914795,False
100,48,235,0.5434987545013428,False
100,48,240,0.20862619578838348,False
100,48,245,0.38418158888816833,False
100,48,250,0.12927992641925812,False
100,48,255,0.36788487434387207,False
100,48,260,0.2232099324464798,False
100,48,265,0.1456584930419922,False
100,48,270,0.09689351916313171,False
100,48,275,0.07641985267400742,False
100,48,280,0.0597425140440464,False
100,48,285,0.10535392165184021,False
100,48,290,0.0341709665954113,False
100,48,295,0.11444322019815445,False
100,48,300,1.3365485668182373,False
100,48,305,0.07987728714942932,False
100,48,310,0.09523401409387589,False
100,48,315,0.3378957509994507,False
100,48,320,0.45525923371315,False
100,48,325,0.31210267543792725,False
100,48,330,0.5666361451148987,False
100,48,335,0.3895665407180786,False
100,48,340,0.36870041489601135,False
100,48,345,0.07019219547510147,False
100,48,350,0.05074336379766464,False
100,48,355,0.13084514439105988,False
100,48,360,0.03744737431406975,False
100,48,365,0.11489571630954742,False
100,48,370,0.12394502758979797,False
100,48,375,0.05539165064692497,False
100,48,380,0.12770795822143555,False
100,48,385,0.06950447708368301,False
100,48,390,0.06888067722320557,False
100,48,395,0.06244014576077461,False
100,48,400,0.10027702897787094,False
100,48,405,0.05693377926945686,False
100,49,10,0.10726854205131531,True
100,49,15,0.1367357224225998,True
100,49,20,0.14685750007629395,True
100,49,25,0.21325726807117462,True
100,49,30,0.16998469829559326,True
100,49,35,0.12364219129085541,True
100,49,40,0.5000640153884888,True
100,49,45,0.13853782415390015,True
100,49,50,0.04195399954915047,True
100,49,55,0.14520381391048431,True
100,49,60,0.1268993765115738,True
100,49,65,0.10079486668109894,True
100,49,70,0.15443314611911774,True
100,49,75,0.0782197117805481,True
100,49,80,0.040200553834438324,True
100,49,85,0.06403596699237823,True
100,49,90,0.10932104289531708,True
100,49,95,0.1689910590648651,True
100,49,100,0.20357027649879456,True
100,49,105,0.0835607722401619,True
100,49,110,0.12045690417289734,True
100,49,115,0.11050476878881454,True
100,49,120,0.023347631096839905,True
100,49,125,0.12917746603488922,True
100,49,130,0.11200802773237228,True
100,49,135,0.14055341482162476,True
100,49,140,0.08563744276762009,True
100,49,145,0.04686465859413147,True
100,49,150,0.1675509512424469,True
100,49,155,0.1626662164926529,True
100,49,160,0.12394065409898758,True
100,49,165,0.0684804767370224,True
100,49,170,0.03742646053433418,True
100,49,175,0.14559128880500793,True
100,49,180,0.11657438427209854,True
100,49,185,0.1818404346704483,True
100,49,190,0.13425762951374054,True
100,49,195,0.3585992455482483,True
100,49,200,0.058311693370342255,True
100,49,205,0.24697597324848175,True
100,49,210,0.45061948895454407,True
100,49,215,0.6160629391670227,True
100,49,220,0.3615295886993408,True
100,49,225,0.6800635457038879,True
100,49,230,0.46451786160469055,True
100,49,235,0.664508044719696,True
100,49,240,0.6242949366569519,True
100,49,245,0.5517468452453613,True
100,49,250,0.4167909622192383,True
100,49,255,0.7154550552368164,True
100,49,260,0.4753822386264801,True
100,49,265,0.5764431357383728,True
100,49,270,0.6093521118164062,True
100,49,275,0.7414618134498596,True
100,49,280,0.7787449359893799,True
100,49,285,0.5405083894729614,True
100,49,290,0.946287214756012,True
100,49,295,0.8543016910552979,True
100,49,300,0.46361592411994934,True
100,49,305,0.41372668743133545,True
100,49,310,0.3106480538845062,True
100,49,315,0.7719922661781311,True
100,49,320,0.5466183423995972,True
100,49,325,0.6155040264129639,True
100,49,330,0.668324887752533,True
100,49,335,0.783855676651001,True
100,49,340,0.6785165071487427,True
200,0,10,0.041070710867643356,True
200,0,15,0.16262862086296082,True
200,0,20,0.20607790350914001,True
200,0,25,0.21789899468421936,True
200,0,30,0.2463197559118271,True
200,0,35,0.19399873912334442,True
200,0,40,0.5544988512992859,True
200,0,45,0.5579778552055359,True
200,0,50,0.898256242275238,True
200,0,55,0.4393783509731293,True
200,0,60,0.6453171968460083,True
200,0,65,0.6130667924880981,True
200,0,70,0.6179523468017578,True
200,0,75,0.8759582042694092,True
200,0,80,0.7303929924964905,True
200,0,85,0.4626876711845398,True
200,1,10,0.049135249108076096,True
200,1,15,0.15967538952827454,True
200,1,20,0.2017720639705658,True
200,1,25,0.2036665678024292,True
200,1,30,0.3216587007045746,True
200,1,35,0.39674222469329834,True
200,1,40,0.786259651184082,True
200,1,45,0.45675939321517944,True
200,1,50,0.8842895030975342,True
200,1,55,0.4867967665195465,True
200,1,60,0.7300216555595398,True
200,1,65,0.5176679491996765,True
200,1,70,0.591093122959137,True
200,1,75,0.8945350646972656,True
200,1,80,0.6573534607887268,True
200,1,85,0.6066985130310059,True
200,2,10,0.036872293800115585,True
200,2,15,0.1669706404209137,True
200,2,20,0.2874918580055237,True
200,2,25,0.3312321901321411,True
200,2,30,0.3782370984554291,True
200,2,35,0.24739013612270355,True
200,2,40,0.5094810128211975,True
200,2,45,0.7042048573493958,True
200,2,50,0.6210622191429138,True
200,2,55,0.5573911070823669,True
200,2,60,0.6260215640068054,True
200,2,65,0.44940876960754395,True
200,2,70,0.5906568765640259,True
200,2,75,0.7524656653404236,True
200,2,80,0.3584229350090027,True
200,2,85,0.5131187438964844,True
200,2,90,0.3212076723575592,True
200,2,95,0.05755283683538437,True
200,2,100,0.3518960773944855,True
200,2,105,0.5558450222015381,True
200,2,110,0.28457581996917725,True
200,2,115,0.18708272278308868,True
200,2,120,0.3682859241962433,True
200,2,125,0.6140926480293274,True
200,2,130,0.8611221313476562,True
200,2,135,0.7474262714385986,True
200,2,140,0.5265599489212036,True
200,3,10,0.1176849901676178,True
200,3,15,0.22531042993068695,True
200,3,20,0.32383573055267334,True
200,3,25,0.2833985984325409,True
200,3,30,0.3147461712360382,True
200,3,35,0.1411365419626236,True
200,3,40,0.7519288063049316,True
200,3,45,0.7852043509483337,True
200,3,50,0.6833353042602539,True
200,3,55,0.2205290049314499,True
200,3,60,0.5774894952774048,True
200,3,65,0.504920482635498,True
200,3,70,0.6867577433586121,True
200,3,75,0.8363775014877319,True
200,3,80,0.3308769166469574,True
200,4,10,0.03737866133451462,True
200,4,15,0.07881779968738556,True
200,4,20,0.035719968378543854,True
200,4,25,0.10358736664056778,True
200,4,30,0.1837979406118393,True
200,4,35,0.16059893369674683,True
200,4,40,0.7058256268501282,True
200,4,45,0.3299540877342224,True
200,4,50,0.9235108494758606,True
200,4,55,0.7158716320991516,True
200,4,60,1.010315179824829,True
200,4,65,0.7682998776435852,True
200,4,70,0.6844745874404907,True
200,4,75,0.7211481928825378,True
200,5,10,0.05630015954375267,False
200,5,15,0.11048565059900284,False
200,5,20,0.20028962194919586,False
200,5,25,0.16941606998443604,False
200,5,30,0.2503966689109802,False
200,5,35,0.2345113605260849,False
200,5,40,0.6245211958885193,False
200,5,45,0.5873452425003052,False
200,5,50,0.6975168585777283,False
200,5,55,0.3121272027492523,False
200,5,60,0.7618246674537659,False
200,5,65,0.6589959859848022,False
200,5,70,0.49505773186683655,False
200,5,75,0.583035945892334,False
200,5,80,0.2718556225299835,False
200,5,85,0.3111102283000946,False
200,5,90,0.6616914868354797,False
200,5,95,0.18915203213691711,False
200,5,100,0.3358829915523529,False
200,5,105,0.6534714698791504,False
200,5,110,0.3507770299911499,False
200,5,115,0.21664497256278992,False
200,5,120,0.11580801010131836,False
200,5,125,0.14291825890541077,False
200,5,130,0.38703489303588867,False
200,5,135,0.32981815934181213,False
200,5,140,0.4159485995769501,False
200,5,145,0.18006210029125214,False
200,5,150,0.11944475769996643,False
200,5,155,0.4951355457305908,False
200,5,160,0.6150066256523132,False
200,5,165,0.47495758533477783,False
200,5,170,0.2952902317047119,False
200,5,175,1.267808198928833,False
200,5,180,0.3442239463329315,False
200,5,185,0.6803168058395386,False
200,5,190,0.7463054060935974,False
200,5,195,0.7375676035881042,False
200,5,200,0.2057385891675949,False
200,5,205,0.4760214686393738,False
200,5,210,0.8127017617225647,False
200,5,215,0.6199716925621033,False
200,5,220,0.39875930547714233,False
200,5,225,0.5553258657455444,False
200,5,230,0.7540686726570129,False
200,5,235,0.7756929993629456,False
200,5,240,0.592063307762146,False
200,5,245,0.49802714586257935,False
200,5,250,0.30697858333587646,False
200,5,255,0.6063156127929688,False
200,5,260,0.1742444932460785,False
200,5,265,1.232598066329956,False
200,5,270,0.36336031556129456,False
200,5,275,0.43193453550338745,False
200,5,280,1.8409539461135864,False
200,5,285,1.654558777809143,False
200,5,290,0.5480242371559143,False
200,5,295,0.5170302391052246,False
200,5,300,0.34857067465782166,False
200,5,305,0.4556516706943512,False
200,5,310,0.2576442360877991,False
200,5,315,1.3149133920669556,False
200,5,320,0.4462984800338745,False
200,5,325,0.10147441178560257,False
200,5,330,0.023995310068130493,False
200,5,335,0.04878499358892441,False
200,5,340,0.06728439033031464,False
200,5,345,0.10255229473114014,False
200,5,350,0.5138120651245117,False
200,5,355,0.21699725091457367,False
200,5,360,0.42912206053733826,False
200,5,365,1.1066464185714722,False
200,5,370,1.1037847995758057,False
200,5,375,0.28735071420669556,False
200,5,380,1.1215589046478271,False
200,5,385,0.7569811940193176,False
200,5,390,0.6080983877182007,False
200,5,395,1.2435377836227417,False
200,5,400,0.7120109796524048,False
200,5,405,0.9190667271614075,False
200,6,10,0.09674125909805298,True
200,6,15,0.1853950470685959,True
200,6,20,0.33272528648376465,True
200,6,25,0.20405758917331696,True
200,6,30,0.24046996235847473,True
200,6,35,0.32581469416618347,True
200,6,40,0.766190230846405,True
200,6,45,0.7938736081123352,True
200,6,50,0.5311594605445862,True
200,6,55,0.12005966156721115,True
200,6,60,0.3340029716491699,True
200,6,65,0.6051272749900818,True
200,6,70,0.5482494235038757,True
200,6,75,0.8433669805526733,True
200,6,80,0.7227412462234497,True
200,6,85,0.4341619312763214,True
200,7,10,0.04909086227416992,True
200,7,15,0.1669142246246338,True
200,7,20,0.20125336945056915,True
200,7,25,0.23328274488449097,True
200,7,30,0.31408533453941345,True
200,7,35,0.17578545212745667,True
200,7,40,0.6529643535614014,True
200,7,45,0.6554271578788757,True
200,7,50,0.8786004185676575,True
200,7,55,0.32684391736984253,True
200,7,60,0.8391125202178955,True
200,7,65,0.5384532809257507,True
200,7,70,0.664737343788147,True
200,7,75,0.8279900550842285,True
200,7,80,0.6169952154159546,True
200,7,85,0.5003947019577026,True
200,7,90,0.16644318401813507,True
200,8,10,0.13744871318340302,True
200,8,15,0.2532375752925873,True
200,8,20,0.4026173949241638,True
200,8,25,0.3692079782485962,True
200,8,30,0.45772701501846313,True
200,8,35,0.542210042476654,True
200,8,40,0.8199969530105591,True
200,8,45,0.8010035157203674,True
200,8,50,0.7265967726707458,True
200,8,55,0.46902525424957275,True
200,8,60,0.7917912602424622,True
200,8,65,0.5603634119033813,True
200,8,70,0.9005223512649536,True
200,8,75,0.7376053929328918,True
200,9,10,0.040945153683423996,True
200,9,15,0.07068529725074768,True
200,9,20,0.14669036865234375,True
200,9,25,0.1415223926305771,True
200,9,30,0.2135564535856247,True
200,9,35,0.030013103038072586,True
200,9,40,0.3725849986076355,True
200,9,45,0.3814055025577545,True
200,9,50,0.3433442711830139,True
200,9,55,0.6142017841339111,True
200,9,60,0.5837700366973877,True
200,9,65,0.5084518790245056,True
200,9,70,0.24129965901374817,True
200,9,75,0.3512849509716034,True
200,9,80,0.4158753454685211,True
200,9,85,0.5719175338745117,True
200,9,90,0.7415531277656555,True
200,9,95,0.39092013239860535,True
200,9,100,1.1861933469772339,True
200,9,105,0.6866052746772766,True
200,9,110,0.21790041029453278,True
200,9,115,0.1284085512161255,True
200,9,120,0.13434568047523499,True
200,9,125,0.14368391036987305,True
200,9,130,0.2558630108833313,True
200,9,135,0.8062334060668945,True
200,9,140,0.7395090460777283,True
200,9,145,1.2247291803359985,True
200,9,150,1.1500816345214844,True
200,9,155,0.04396172985434532,True
200,9,160,0.05793002247810364,True
200,9,165,0.061759475618600845,True
200,9,170,0.18403086066246033,True
200,9,175,0.1725909411907196,True
200,9,180,0.23521988093852997,True
200,9,185,0.08628653734922409,True
200,9,190,0.040404062718153,True
200,9,195,0.09513141214847565,True
200,9,200,0.0594729483127594,True
200,9,205,0.07130994647741318,True
200,9,210,0.3373905122280121,True
200,9,215,0.2876639664173126,True
200,9,220,0.27971842885017395,True
200,9,225,0.22467219829559326,True
200,9,230,0.7671304941177368,True
200,9,235,0.8736030459403992,True
200,9,240,0.6161106824874878,True
200,9,245,0.5720911622047424,True
200,9,250,0.24613671004772186,True
200,9,255,0.8097708225250244,True
200,9,260,0.2452133446931839,True
200,9,265,0.6081288456916809,True
200,9,270,0.6353088617324829,True
200,9,275,0.5895741581916809,True
200,9,280,0.579091489315033,True
200,9,285,0.31603294610977173,True
200,9,290,0.61014324426651,True
200,9,295,0.6512372493743896,True
200,9,300,0.380933940410614,True
200,9,305,0.3447985053062439,True
200,9,310,0.3401435911655426,True
200,9,315,0.49737265706062317,True
200,9,320,0.4070631265640259,True
200,9,325,0.43360647559165955,True
200,9,330,0.44033509492874146,True
200,9,335,0.7241808176040649,True
200,9,340,0.4356025159358978,True
200,10,10,0.07314124703407288,False
200,10,15,0.04953621327877045,False
200,10,20,0.07213889807462692,False
200,10,25,0.09119927138090134,False
200,10,30,0.03885024040937424,False
200,10,35,0.05720314010977745,False
200,10,40,0.42660409212112427,False
200,10,45,0.35763493180274963,False
200,10,50,0.04470721632242203,False
200,10,55,0.06323275715112686,False
200,10,60,0.3729200065135956,False
200,10,65,0.20820309221744537,False
200,10,70,0.1341935396194458,False
200,10,75,0.0213710255920887,False
200,10,80,0.8430994749069214,False
200,10,85,0.1132257729768753,False
200,10,90,0.04916711524128914,False
200,10,95,0.0756957083940506,False
200,10,100,0.10834204405546188,False
200,10,105,0.1708202362060547,False
200,10,110,0.1480284035205841,False
200,10,115,0.16135087609291077,False
200,10,120,0.09899862855672836,False
200,10,125,0.14139552414417267,False
200,10,130,0.03815897926688194,False
200,10,135,0.04124722257256508,False
200,10,140,0.04077298566699028,False
200,10,145,0.09106616675853729,False
200,10,150,0.056867484003305435,False
200,10,155,0.07290095835924149,False
200,10,160,0.09585046768188477,False
200,10,165,0.03279687464237213,False
200,10,170,0.02607395127415657,False
200,10,175,0.30251896381378174,False
200,10,180,0.33718135952949524,False
200,10,185,0.5180010199546814,False
200,10,190,0.43224865198135376,False
200,10,195,0.6447514891624451,False
200,10,200,0.06492780148983002,False
200,10,205,0.14760176837444305,False
200,10,210,0.7735889554023743,False
200,10,215,0.7750109434127808,False
200,10,220,0.264019638299942,False
200,10,225,0.24900777637958527,False
200,10,230,0.4253046214580536,False
200,10,235,0.5931506156921387,False
200,10,240,0.18024994432926178,False
200,10,245,0.6311256289482117,False
200,10,250,0.37462303042411804,False
200,10,255,0.7454698085784912,False
200,10,260,0.368679016828537,False
200,10,265,0.5026109218597412,False
200,10,270,0.6107572317123413,False
200,10,275,0.691563606262207,False
200,10,280,0.7189777493476868,False
200,10,285,0.4124107360839844,False
200,10,290,0.6037392616271973,False
200,10,295,0.5994842648506165,False
200,10,300,0.4715763330459595,False
200,10,305,0.3877740204334259,False
200,10,310,0.31999146938323975,False
200,10,315,0.4809986650943756,False
200,10,320,0.3775850236415863,False
200,10,325,0.4567202925682068,False
200,10,330,0.5541728734970093,False
200,10,335,0.8127290606498718,False
200,10,340,0.5909987092018127,False
200,10,345,0.3835172951221466,False
200,10,350,0.32828861474990845,False
200,10,355,0.3207622766494751,False
200,10,360,0.32972997426986694,False
200,10,365,0.4497055411338806,False
200,10,370,0.2952427268028259,False
200,10,375,0.3071790039539337,False
200,10,380,0.42957162857055664,False
200,10,385,0.3129180371761322,False
200,10,390,0.1978495866060257,False
200,10,395,0.47304844856262207,False
200,10,400,0.21705438196659088,False
200,10,405,0.3797704577445984,False
200,11,10,0.08242741227149963,True
200,11,15,0.16974025964736938,True
200,11,20,0.2650797665119171,True
200,11,25,0.27881380915641785,True
200,11,30,0.4406428635120392,True
200,11,35,0.295626163482666,True
200,11,40,0.6697394251823425,True
200,11,45,0.7473405599594116,True
200,11,50,0.8593912720680237,True
200,11,55,0.5458246469497681,True
200,11,60,0.7407808303833008,True
200,11,65,0.4592714309692383,True
200,11,70,0.713395893573761,True
200,11,75,0.8191769123077393,True
200,11,80,0.31237390637397766,True
200,12,10,0.1091301217675209,False
200,12,15,0.185905322432518,False
200,12,20,0.15911979973316193,False
200,12,25,0.19464416801929474,False
200,12,30,0.24218522012233734,False
200,12,35,0.4687596261501312,False
200,12,40,0.6510923504829407,False
200,12,45,0.6649520397186279,False
200,12,50,0.47898709774017334,False
200,12,55,0.197704017162323,False
200,12,60,0.6207877993583679,False
200,12,65,0.4366808831691742,False
200,12,70,0.3940294086933136,False
200,12,75,0.5755906105041504,False
200,12,80,0.30979248881340027,False
200,12,85,0.329018235206604,False
200,12,90,0.7274351119995117,False
200,12,95,0.2955310344696045,False
200,12,100,0.47821953892707825,False
200,12,105,0.6430989503860474,False
200,12,110,0.47849273681640625,False
200,12,115,0.30226680636405945,False
200,12,120,0.20353667438030243,False
200,12,125,1.4034470319747925,False
200,12,130,1.302647352218628,False
200,12,135,1.5322452783584595,False
200,12,140,0.5396210551261902,False
200,12,145,0.3586568534374237,False
200,12,150,0.2770316004753113,False
200,12,155,1.1687101125717163,False
200,12,160,0.48961788415908813,False
200,12,165,2.0197806358337402,False
200,12,170,0.46378156542778015,False
200,12,175,0.037476710975170135,False
200,12,180,0.05555935204029083,False
200,12,185,0.16367515921592712,False
200,12,190,0.5511433482170105,False
200,12,195,0.26017168164253235,False
200,12,200,0.7865493893623352,False
200,12,205,0.7739187479019165,False
200,12,210,1.2095391750335693,False
200,12,215,0.9216374158859253,False
200,12,220,1.1604554653167725,False
200,12,225,0.7478617429733276,False
200,12,230,1.1367309093475342,False
200,12,235,1.1019840240478516,False
200,12,240,0.17833083868026733,False
200,12,245,1.6053556203842163,False
200,12,250,0.06152897700667381,False
200,12,255,0.02722657285630703,False
200,12,260,0.03185448795557022,False
200,12,265,0.03267114236950874,False
200,12,270,0.14321886003017426,False
200,12,275,0.6277540326118469,False
200,12,280,0.4411672353744507,False
200,12,285,0.5027928352355957,False
200,12,290,0.6841102838516235,False
200,12,295,0.688651442527771,False
200,12,300,0.33309173583984375,False
200,12,305,0.1688506156206131,False
200,12,310,0.2581372559070587,False
200,12,315,0.7024614214897156,False
200,12,320,0.4278753995895386,False
200,12,325,0.5041569471359253,False
200,12,330,0.7250667214393616,False
200,12,335,0.837334394454956,False
200,12,340,0.7164550423622131,False
200,12,345,0.6330431699752808,False
200,12,350,0.26796776056289673,False
200,12,355,0.5046290755271912,False
200,12,360,0.3433556854724884,False
200,12,365,0.7765575647354126,False
200,12,370,0.4015370011329651,False
200,12,375,0.29967206716537476,False
200,12,380,0.5064845085144043,False
200,12,385,0.29104748368263245,False
200,12,390,0.35135918855667114,False
200,12,395,0.5204565525054932,False
200,12,400,0.1545080840587616,False
200,12,405,0.3834197521209717,False
200,13,10,0.05396450310945511,True
200,13,15,0.14874140918254852,True
200,13,20,0.3158780038356781,True
200,13,25,0.24503786861896515,True
200,13,30,0.3139040768146515,True
200,13,35,0.28102242946624756,True
200,13,40,0.7566462755203247,True
200,13,45,0.8054521083831787,True
200,13,50,0.7275164723396301,True
200,13,55,0.4006756544113159,True
200,13,60,0.4605351984500885,True
200,13,65,0.2810177803039551,True
200,13,70,0.5859682559967041,True
200,13,75,0.8781417608261108,True
200,13,80,0.6842232942581177,True
200,14,10,0.07503669708967209,False
200,14,15,0.25874820351600647,False
200,14,20,0.4660957455635071,False
200,14,25,0.4333072304725647,False
200,14,30,0.32313835620880127,False
200,14,35,0.20022030174732208,False
200,14,40,0.54305100440979,False
200,14,45,0.7527399659156799,False
200,14,50,0.4915689527988434,False
200,14,55,0.43969255685806274,False
200,14,60,0.6318463087081909,False
200,14,65,0.5985204577445984,False
200,14,70,0.5654503107070923,False
200,14,75,0.8120129108428955,False
200,14,80,0.29071465134620667,False
200,14,85,0.3698955774307251,False
200,14,90,0.6462340354919434,False
200,14,95,0.12087473273277283,False
200,14,100,0.4908899664878845,False
200,14,105,0.6564377546310425,False
200,14,110,0.3370750844478607,False
200,14,115,0.40572401881217957,False
200,14,120,0.24262520670890808,False
200,14,125,0.305132120847702,False
200,14,130,0.702316164970398,False
200,14,135,0.6715253591537476,False
200,14,140,0.6936535835266113,False
200,14,145,0.3131590187549591,False
200,14,150,0.24345961213111877,False
200,14,155,0.4456937909126282,False
200,14,160,0.585587739944458,False
200,14,165,0.4703148901462555,False
200,14,170,0.23830322921276093,False
200,14,175,0.5378934741020203,False
200,14,180,0.4071568548679352,False
200,14,185,0.33029481768608093,False
200,14,190,0.446539968252182,False
200,14,195,0.3931087851524353,False
200,14,200,0.16218192875385284,False
200,14,205,0.21472111344337463,False
200,14,210,0.4913586378097534,False
200,14,215,0.6026766896247864,False
200,14,220,0.18712949752807617,False
200,14,225,0.22831234335899353,False
200,14,230,0.04833052679896355,False
200,14,235,0.042648207396268845,False
200,14,240,0.11674599349498749,False
200,14,245,0.097132109105587,False
200,14,250,0.0577644519507885,False
200,14,255,0.3048778772354126,False
200,14,260,0.07084879279136658,False
200,14,265,0.25952282547950745,False
200,14,270,0.24573493003845215,False
200,14,275,0.11514849215745926,False
200,14,280,0.07649572193622589,False
200,14,285,0.06445302069187164,False
200,14,290,0.09251432865858078,False
200,14,295,0.496498703956604,False
200,14,300,0.29316186904907227,False
200,14,305,0.19701170921325684,False
200,14,310,0.09524264186620712,False
200,14,315,0.33943966031074524,False
200,14,320,0.3780055344104767,False
200,14,325,0.3155060112476349,False
200,14,330,0.3474244177341461,False
200,14,335,0.24836291372776031,False
200,14,340,0.39955323934555054,False
200,14,345,0.20209959149360657,False
200,14,350,0.48151645064353943,False
200,14,355,0.45405691862106323,False
200,14,360,0.5286785364151001,False
200,14,365,0.6611758470535278,False
200,14,370,0.5216777920722961,False
200,14,375,0.3607982099056244,False
200,14,380,0.3711870610713959,False
200,14,385,0.5206361413002014,False
200,14,390,0.2816225588321686,False
200,14,395,0.8713473677635193,False
200,14,400,0.22059880197048187,False
200,14,405,0.6043139100074768,False
200,15,10,0.08364608883857727,False
200,15,15,0.07869620621204376,False
200,15,20,0.057714298367500305,False
200,15,25,0.11190393567085266,False
200,15,30,0.14424416422843933,False
200,15,35,0.11479345709085464,False
200,15,40,0.4615918695926666,False
200,15,45,0.38867735862731934,False
200,15,50,0.2528494894504547,False
200,15,55,0.3511228859424591,False
200,15,60,0.5787633657455444,False
200,15,65,0.5729158520698547,False
200,15,70,0.34950247406959534,False
200,15,75,0.30393800139427185,False
200,15,80,0.10901623964309692,False
200,15,85,1.3284971714019775,False
200,15,90,0.08800841867923737,False
200,15,95,0.07341784238815308,False
200,15,100,0.09833876043558121,False
200,15,105,0.13028821349143982,False
200,15,110,0.32336947321891785,False
200,15,115,0.4048127233982086,False
200,15,120,0.950505793094635,False
200,15,125,1.069749355316162,False
200,15,130,0.06895773112773895,False
200,15,135,0.07501842826604843,False
200,15,140,0.08048588037490845,False
200,15,145,0.08150623738765717,False
200,15,150,0.10159971565008163,False
200,15,155,0.05324048921465874,False
200,15,160,0.07513120770454407,False
200,15,165,0.05862526595592499,False
200,15,170,0.04546811059117317,False
200,15,175,0.2629859447479248,False
200,15,180,0.10996078699827194,False
200,15,185,0.24725955724716187,False
200,15,190,0.38825738430023193,False
200,15,195,0.3572811186313629,False
200,15,200,0.068596750497818,False
200,15,205,0.2155369073152542,False
200,15,210,0.7420074343681335,False
200,15,215,0.5968227386474609,False
200,15,220,0.3001824915409088,False
200,15,225,0.3634578287601471,False
200,15,230,0.612045407295227,False
200,15,235,0.6388324499130249,False
200,15,240,0.4256416857242584,False
200,15,245,0.47341787815093994,False
200,15,250,0.2615697979927063,False
200,15,255,0.6554722785949707,False
200,15,260,0.3147749602794647,False
200,15,265,0.4567151367664337,False
200,15,270,0.6147481799125671,False
200,15,275,0.7314181327819824,False
200,15,280,0.5943734645843506,False
200,15,285,0.5534396767616272,False
200,15,290,0.7380123138427734,False
200,15,295,0.6630780696868896,False
200,15,300,0.4047991931438446,False
200,15,305,0.36390331387519836,False
200,15,310,0.3136833906173706,False
200,15,315,0.5914293527603149,False
200,15,320,0.5226365327835083,False
200,15,325,0.48768559098243713,False
200,15,330,0.5299399495124817,False
200,15,335,0.7098665237426758,False
200,15,340,0.7333806753158569,False
200,15,345,0.3944268226623535,False
200,15,350,0.2807297110557556,False
200,15,355,0.5219537615776062,False
200,15,360,0.6006699204444885,False
200,15,365,0.4129149913787842,False
200,15,370,0.468706876039505,False
200,15,375,0.2835530638694763,False
200,15,380,0.4250399172306061,False
200,15,385,0.3894161880016327,False
200,15,390,0.2758897542953491,False
200,15,395,0.37775158882141113,False
200,15,400,0.21232134103775024,False
200,15,405,0.33713841438293457,False
200,16,10,0.04029063135385513,True
200,16,15,0.08420304954051971,True
200,16,20,0.1011648178100586,True
200,16,25,0.10673920810222626,True
200,16,30,0.18910762667655945,True
200,16,35,0.1388363391160965,True
200,16,40,0.5547096133232117,True
200,16,45,0.5512886643409729,True
200,16,50,0.8981380462646484,True
200,16,55,0.8284587264060974,True
200,16,60,0.9261801838874817,True
200,16,65,0.754338800907135,True
200,16,70,0.7543681859970093,True
200,16,75,0.8360720872879028,True
200,16,80,0.4980507791042328,True
200,17,10,0.11749261617660522,True
200,17,15,0.15826371312141418,True
200,17,20,0.2735765278339386,True
200,17,25,0.24139507114887238,True
200,17,30,0.3824648857116699,True
200,17,35,0.38816338777542114,True
200,17,40,0.8064919114112854,True
200,17,45,0.8203615546226501,True
200,17,50,0.5325497984886169,True
200,17,55,0.1476336568593979,True
200,17,60,0.520452082157135,True
200,17,65,0.5805231332778931,True
200,17,70,0.668735682964325,True
200,17,75,0.7262561917304993,True
200,17,80,1.7440446615219116,True
200,17,85,1.413309097290039,True
200,17,90,0.5776381492614746,True
200,17,95,0.2481934130191803,True
200,17,100,1.251805305480957,True
200,17,105,0.6528615355491638,True
200,17,110,0.3795235753059387,True
200,17,115,0.2875324487686157,True
200,17,120,0.245551198720932,True
200,17,125,0.8033298254013062,True
200,17,130,0.046111516654491425,True
200,17,135,0.07839486747980118,True
200,17,140,0.133816659450531,True
200,17,145,0.11696800589561462,True
200,17,150,0.2579243779182434,True
200,17,155,0.5586751103401184,True
200,17,160,0.5871180295944214,True
200,17,165,1.0292673110961914,True
200,17,170,0.7523541450500488,True
200,17,175,1.0543943643569946,True
200,17,180,1.0968464612960815,True
200,17,185,1.2114814519882202,True
200,17,190,1.0673373937606812,True
200,17,195,0.14239388704299927,True
200,17,200,0.05097813159227371,True
200,17,205,0.12284000217914581,True
200,17,210,0.18442587554454803,True
200,17,215,0.20370537042617798,True
200,17,220,0.11413087695837021,True
200,17,225,0.9463545083999634,True
200,17,230,0.18503187596797943,True
200,17,235,0.20663754642009735,True
200,17,240,0.10399139672517776,True
200,17,245,0.17410139739513397,True
200,17,250,0.10544724762439728,True
200,17,255,0.40884795784950256,True
200,17,260,0.08819422870874405,True
200,17,265,0.18780168890953064,True
200,17,270,0.5234571695327759,True
200,17,275,0.4565090239048004,True
200,17,280,0.4627246856689453,True
200,17,285,0.41732722520828247,True
200,17,290,0.4974921643733978,True
200,17,295,0.3880525231361389,True
200,18,10,0.05455559119582176,True
200,18,15,0.08058694005012512,True
200,18,20,0.09932977706193924,True
200,18,25,0.10866729170084,True
200,18,30,0.22034305334091187,True
200,18,35,0.23076844215393066,True
200,18,40,0.5953007936477661,True
200,18,45,0.36094167828559875,True
200,18,50,0.9027179479598999,True
200,18,55,0.7617073059082031,True
200,18,60,0.7741334438323975,True
200,18,65,0.8200486302375793,True
200,18,70,0.7719935774803162,True
200,18,75,0.6530933380126953,True
200,19,10,0.06345821917057037,True
200,19,15,0.19177135825157166,True
200,19,20,0.3616712689399719,True
200,19,25,0.34129512310028076,True
200,19,30,0.3801079988479614,True
200,19,35,0.29457274079322815,True
200,19,40,0.7931510806083679,True
200,19,45,0.6145464777946472,True
200,19,50,0.7527204751968384,True
200,19,55,0.5500543117523193,True
200,19,60,0.7890917062759399,True
200,19,65,0.7417225241661072,True
200,19,70,0.8372452259063721,True
200,19,75,0.8175124526023865,True
200,19,80,0.23210379481315613,True
200,20,10,0.04526142030954361,True
200,20,15,0.08994035422801971,True
200,20,20,0.13489927351474762,True
200,20,25,0.12549413740634918,True
200,20,30,0.16489984095096588,True
200,20,35,0.126747727394104,True
200,20,40,0.586441159248352,True
200,20,45,0.527454674243927,True
200,20,50,0.7184140682220459,True
200,20,55,0.5746899843215942,True
200,20,60,0.8253971934318542,True
200,20,65,0.4864342212677002,True
200,20,70,0.6351152062416077,True
200,20,75,0.827150285243988,True
200,20,80,0.3957614600658417,True
200,20,85,1.826737642288208,True
200,20,90,0.40606608986854553,True
200,21,10,0.039925310760736465,True
200,21,15,0.2419956475496292,True
200,21,20,0.2977856993675232,True
200,21,25,0.3002364933490753,True
200,21,30,0.32207781076431274,True
200,21,35,0.21262812614440918,True
200,21,40,0.6049640774726868,True
200,21,45,0.5566426515579224,True
200,21,50,0.73806232213974,True
200,21,55,0.5183339715003967,True
200,21,60,0.7574412226676941,True
200,21,65,0.5963523983955383,True
200,21,70,0.7278838157653809,True
200,21,75,0.8517797589302063,True
200,21,80,0.6714808344841003,True
200,21,85,0.6113104224205017,True
200,21,90,0.23328804969787598,True
200,22,10,0.15129543840885162,True
200,22,15,0.2221839278936386,True
200,22,20,0.3404494822025299,True
200,22,25,0.3116580545902252,True
200,22,30,0.2522534728050232,True
200,22,35,0.4661162495613098,True
200,22,40,0.8207868933677673,True
200,22,45,0.7670339941978455,True
200,22,50,0.5901913642883301,True
200,22,55,0.6674231290817261,True
200,22,60,0.8410939574241638,True
200,22,65,0.636003851890564,True
200,22,70,0.6892892122268677,True
200,22,75,0.7657709121704102,True
200,23,10,0.08902259916067123,True
200,23,15,0.17210768163204193,True
200,23,20,0.3307027816772461,True
200,23,25,0.2792918086051941,True
200,23,30,0.32435882091522217,True
200,23,35,0.16718754172325134,True
200,23,40,0.6828188896179199,True
200,23,45,0.7091469168663025,True
200,23,50,0.7550604939460754,True
200,23,55,0.45765313506126404,True
200,23,60,0.4553391933441162,True
200,23,65,0.39613664150238037,True
200,23,70,0.6144401431083679,True
200,23,75,0.7891247868537903,True
200,23,80,0.6083536744117737,True
200,23,85,0.49345260858535767,True
200,23,90,0.10938438028097153,True
200,24,10,0.03800411522388458,True
200,24,15,0.17323558032512665,True
200,24,20,0.28215983510017395,True
200,24,25,0.30291447043418884,True
200,24,30,0.23612119257450104,True
200,24,35,0.1292247623205185,True
200,24,40,0.6245449781417847,True
200,24,45,0.6083840727806091,True
200,24,50,0.7984650135040283,True
200,24,55,0.4361155331134796,True
200,24,60,0.8508846163749695,True
200,24,65,0.6709063053131104,True
200,24,70,0.6442413330078125,True
200,24,75,0.8076151609420776,True
200,24,80,0.6690353751182556,True
200,24,85,0.5879126787185669,True
200,24,90,0.3361286222934723,True
200,25,10,0.03732728585600853,True
200,25,15,0.07552534341812134,True
200,25,20,0.13640673458576202,True
200,25,25,0.19224585592746735,True
200,25,30,0.2398054599761963,True
200,25,35,0.031379446387290955,True
200,25,40,0.646834135055542,True
200,25,45,0.5899369716644287,True
200,25,50,0.5761721134185791,True
200,25,55,0.4474019408226013,True
200,25,60,0.6112508773803711,True
200,25,65,0.45976704359054565,True
200,25,70,0.37108615040779114,True
200,25,75,0.7410116791725159,True
200,25,80,0.4970761239528656,True
200,25,85,0.45512285828590393,True
200,25,90,0.7321128845214844,True
200,25,95,0.24006031453609467,True
200,25,100,0.7669723629951477,True
200,25,105,0.8526893854141235,True
200,25,110,0.34758448600769043,True
200,25,115,0.13015636801719666,True
200,25,120,0.2620614171028137,True
200,25,125,0.12926827371120453,True
200,25,130,0.02998366206884384,True
200,25,135,0.04423895478248596,True
200,25,140,0.15286974608898163,True
200,25,145,0.2474227249622345,True
200,25,150,0.19511884450912476,True
200,25,155,0.2549627125263214,True
200,25,160,0.22721251845359802,True
200,25,165,0.974708080291748,True
200,25,170,0.7297759056091309,True
200,25,175,1.1245734691619873,True
200,25,180,1.1312695741653442,True
200,25,185,1.225592851638794,True
200,25,190,1.072121262550354,True
200,25,195,0.6661080121994019,True
200,25,200,0.1900501847267151,True
200,25,205,0.27905547618865967,True
200,25,210,1.1575590372085571,True
200,25,215,0.3319430649280548,True
200,25,220,0.5707764029502869,True
200,25,225,0.9622679352760315,True
200,25,230,0.2550879418849945,True
200,25,235,0.19312523305416107,True
200,25,240,0.2573510706424713,True
200,25,245,0.40283551812171936,True
200,25,250,0.07280375808477402,True
200,25,255,0.30323120951652527,True
200,25,260,0.11777468770742416,True
200,25,265,0.3255711495876312,True
200,25,270,0.5856480002403259,True
200,25,275,0.7845050692558289,True
200,25,280,0.6963671445846558,True
200,25,285,0.5846884846687317,True
200,25,290,0.6816385388374329,True
200,25,295,0.49469172954559326,True
200,25,300,0.3258987069129944,True
200,25,305,0.23152495920658112,True
200,25,310,0.30564260482788086,True
200,25,315,0.7130273580551147,True
200,25,320,0.4522027373313904,True
200,25,325,0.5165048241615295,True
200,25,330,0.30790621042251587,True
200,25,335,0.8039815425872803,True
200,25,340,0.6827020645141602,True
200,25,345,0.5643553137779236,True
200,25,350,0.41298019886016846,True
200,25,355,0.4375315010547638,True
200,25,360,0.5133724212646484,True
200,26,10,0.03383108600974083,True
200,26,15,0.09063073992729187,True
200,26,20,0.0681755319237709,True
200,26,25,0.13379567861557007,True
200,26,30,0.17880144715309143,True
200,26,35,0.17671115696430206,True
200,26,40,0.6172006130218506,True
200,26,45,0.4965188801288605,True
200,26,50,0.9468055367469788,True
200,26,55,0.7510082125663757,True
200,26,60,1.0138189792633057,True
200,26,65,0.8281099200248718,True
200,26,70,0.711696207523346,True
200,26,75,0.5628747344017029,True
200,27,10,0.090549536049366,True
200,27,15,0.06273799389600754,True
200,27,20,0.14317013323307037,True
200,27,25,0.1990060955286026,True
200,27,30,0.14914852380752563,True
200,27,35,0.04175742343068123,True
200,27,40,0.478787899017334,True
200,27,45,0.46658870577812195,True
200,27,50,0.08190831542015076,True
200,27,55,0.19507251679897308,True
200,27,60,0.2751684784889221,True
200,27,65,0.02053738944232464,True
200,27,70,0.04506169259548187,True
200,27,75,0.15062345564365387,True
200,27,80,1.1560962200164795,True
200,27,85,0.08757779747247696,True
200,27,90,0.025287700816988945,True
200,27,95,0.14856240153312683,True
200,27,100,0.16287365555763245,True
200,27,105,0.12737274169921875,True
200,27,110,0.09643791615962982,True
200,27,115,0.08312881737947464,True
200,27,120,0.1494142711162567,True
200,27,125,0.18735551834106445,True
200,27,130,0.15282724797725677,True
200,27,135,0.17451699078083038,True
200,27,140,0.19022917747497559,True
200,27,145,1.1016697883605957,True
200,27,150,0.10068856924772263,True
200,27,155,0.03003814071416855,True
200,27,160,0.06010924652218819,True
200,27,165,0.08541934192180634,True
200,27,170,0.05432812497019768,True
200,27,175,0.709102988243103,True
200,27,180,0.26439642906188965,True
200,27,185,0.5621784329414368,True
200,27,190,0.2878095209598541,True
200,27,195,0.6148741245269775,True
200,27,200,0.05554584413766861,True
200,27,205,0.18392832577228546,True
200,27,210,0.7285683751106262,True
200,27,215,0.6380695104598999,True
200,27,220,0.271219402551651,True
200,27,225,0.42405766248703003,True
200,27,230,0.6142665147781372,True
200,27,235,0.5979907512664795,True
200,27,240,0.30591049790382385,True
200,27,245,0.6039712429046631,True
200,27,250,0.29141658544540405,True
200,27,255,0.6515957117080688,True
200,27,260,0.43553775548934937,True
200,27,265,0.5163326263427734,True
200,27,270,0.614883303642273,True
200,27,275,0.5896557569503784,True
200,27,280,0.2296035885810852,True
200,27,285,0.3804900050163269,True
200,27,290,0.6181312799453735,True
200,27,295,0.6166656613349915,True
200,27,300,0.4148157238960266,True
200,27,305,0.2739503085613251,True
200,27,310,0.33956781029701233,True
200,27,315,0.40685373544692993,True
200,27,320,0.35356074571609497,True
200,27,325,0.39497172832489014,True
200,27,330,0.2116784304380417,True
200,27,335,0.6755147576332092,True
200,27,340,0.629963219165802,True
200,27,345,0.4054868519306183,True
200,27,350,0.4307314157485962,True
200,27,355,0.41849949955940247,True
200,27,360,0.42251458764076233,True
200,27,365,0.484151154756546,True
200,27,370,0.44300490617752075,True
200,27,375,0.20494753122329712,True
200,27,380,0.4155271351337433,True
200,27,385,0.310301274061203,True
200,27,390,0.203988716006279,True
200,27,395,0.4356100857257843,True
200,27,400,0.2785543203353882,True
200,27,405,0.49668315052986145,True
200,28,10,0.05822252109646797,True
200,28,15,0.1694633811712265,True
200,28,20,0.3138193190097809,True
200,28,25,0.256603866815567,True
200,28,30,0.31433674693107605,True
200,28,35,0.24793188273906708,True
200,28,40,0.7574334144592285,True
200,28,45,0.7769162058830261,True
200,28,50,0.6718637943267822,True
200,28,55,0.25085654854774475,True
200,28,60,0.5646951794624329,True
200,28,65,0.451801598072052,True
200,28,70,0.6030309796333313,True
200,28,75,0.7890537977218628,True
200,28,80,0.5949605703353882,True
200,28,85,0.5557251572608948,True
200,28,90,0.16743232309818268,True
200,29,10,0.1304774135351181,True
200,29,15,0.19484248757362366,True
200,29,20,0.12920445203781128,True
200,29,25,0.06328071653842926,True
200,29,30,0.21572771668434143,True
200,29,35,0.5118393301963806,True
200,29,40,0.6952353715896606,True
200,29,45,0.7143397927284241,True
200,29,50,0.5665259957313538,True
200,29,55,0.3090713620185852,True
200,29,60,0.7105302810668945,True
200,29,65,0.4064112901687622,True
200,29,70,0.534318745136261,True
200,29,75,0.7558584809303284,True
200,29,80,0.6047261953353882,True
200,29,85,0.60783451795578,True
200,29,90,0.7756195068359375,True
200,29,95,0.3353600800037384,True
200,30,10,0.1507757157087326,False
200,30,15,0.16972865164279938,False
200,30,20,0.2227935791015625,False
200,30,25,0.1812341809272766,False
200,30,30,0.14778946340084076,False
200,30,35,0.19684122502803802,False
200,30,40,0.11984721571207047,False
200,30,45,0.12539732456207275,False
200,30,50,1.207580804824829,False
200,30,55,0.09029092639684677,False
200,30,60,0.060445576906204224,False
200,30,65,0.0706215649843216,False
200,30,70,0.18231864273548126,False
200,30,75,0.16010290384292603,False
200,30,80,0.08007510751485825,False
200,30,85,0.06587878614664078,False
200,30,90,0.17710238695144653,False
200,30,95,0.12315622717142105,False
200,30,100,0.06809096038341522,False
200,30,105,0.09640989452600479,False
200,30,110,0.11696933954954147,False
200,30,115,0.13030847907066345,False
200,30,120,0.02717086672782898,False
200,30,125,0.05109480395913124,False
200,30,130,0.0463070422410965,False
200,30,135,0.03940610960125923,False
200,30,140,0.11371000856161118,False
200,30,145,0.18476055562496185,False
200,30,150,0.2779802978038788,False
200,30,155,0.20348195731639862,False
200,30,160,0.7283793091773987,False
200,30,165,0.37985798716545105,False
200,30,170,0.1353629231452942,False
200,30,175,0.610032320022583,False
200,30,180,0.6095355749130249,False
200,30,185,0.9460907578468323,False
200,30,190,0.7046929001808167,False
200,30,195,0.9290893077850342,False
200,30,200,0.04844888299703598,False
200,30,205,0.15015289187431335,False
200,30,210,0.7354340553283691,False
200,30,215,0.7694730162620544,False
200,30,220,0.11489304900169373,False
200,30,225,0.2423478662967682,False
200,30,230,0.489414244890213,False
200,30,235,0.6495308876037598,False
200,30,240,0.31237733364105225,False
200,30,245,0.6558031439781189,False
200,30,250,0.30363619327545166,False
200,30,255,0.6902793645858765,False
200,30,260,0.4304315149784088,False
200,30,265,0.5466206073760986,False
200,30,270,0.4971144497394562,False
200,30,275,0.5323095321655273,False
200,30,280,0.6719939708709717,False
200,30,285,0.4077204465866089,False
200,30,290,0.744192361831665,False
200,30,295,0.7810296416282654,False
200,30,300,0.5144178867340088,False
200,30,305,0.42459791898727417,False
200,30,310,0.3139353096485138,False
200,30,315,0.5669174194335938,False
200,30,320,0.38579851388931274,False
200,30,325,0.45121362805366516,False
200,30,330,0.5556561946868896,False
200,30,335,0.7202058434486389,False
200,30,340,0.7024924159049988,False
200,30,345,0.5347141027450562,False
200,30,350,0.4246160387992859,False
200,30,355,0.4676160216331482,False
200,30,360,0.622515082359314,False
200,30,365,0.3323676288127899,False
200,30,370,0.4162982106208801,False
200,30,375,0.2627231776714325,False
200,30,380,0.6132957935333252,False
200,30,385,0.3922419846057892,False
200,30,390,0.24061134457588196,False
200,30,395,0.32382193207740784,False
200,30,400,0.27028441429138184,False
200,30,405,0.4098092317581177,False
200,31,10,0.02644907496869564,False
200,31,15,0.06777094304561615,False
200,31,20,0.14334672689437866,False
200,31,25,0.10246586054563522,False
200,31,30,0.11272948980331421,False
200,31,35,0.07632604241371155,False
200,31,40,0.15533502399921417,False
200,31,45,0.31481871008872986,False
200,31,50,0.4300070106983185,False
200,31,55,0.4354168772697449,False
200,31,60,0.5639919638633728,False
200,31,65,0.21189099550247192,False
200,31,70,0.12846967577934265,False
200,31,75,0.08997319638729095,False
200,31,80,0.04243699461221695,False
200,31,85,0.09414076060056686,False
200,31,90,0.08669508248567581,False
200,31,95,0.11907918006181717,False
200,31,100,0.0844757929444313,False
200,31,105,0.05271577090024948,False
200,31,110,0.05907995626330376,False
200,31,115,0.1044694259762764,False
200,31,120,0.1804761290550232,False
200,31,125,0.14820703864097595,False
200,31,130,0.14915968477725983,False
200,31,135,0.038125425577163696,False
200,31,140,0.05814123526215553,False
200,31,145,0.03791169077157974,False
200,31,150,0.053012970834970474,False
200,31,155,0.06570819020271301,False
200,31,160,0.11008794605731964,False
200,31,165,0.08363271504640579,False
200,31,170,0.03345737233757973,False
200,31,175,0.09133470803499222,False
200,31,180,0.06516813486814499,False
200,31,185,0.05136813595890999,False
200,31,190,0.048079703003168106,False
200,31,195,0.10686683654785156,False
200,31,200,0.04469262436032295,False
200,31,205,0.0854760929942131,False
200,31,210,0.3712901771068573,False
200,31,215,0.5866675972938538,False
200,31,220,0.1776919811964035,False
200,31,225,0.31026121973991394,False
200,31,230,0.644987940788269,False
200,31,235,0.7088503837585449,False
200,31,240,0.31291159987449646,False
200,31,245,0.5230123996734619,False
200,31,250,0.28118792176246643,False
200,31,255,0.7743837833404541,False
200,31,260,0.43049222230911255,False
200,31,265,0.5938287377357483,False
200,31,270,0.6465374827384949,False
200,31,275,0.661355197429657,False
200,31,280,0.6338154673576355,False
200,31,285,0.5959202647209167,False
200,31,290,0.836944580078125,False
200,31,295,0.7982553839683533,False
200,31,300,0.4173649549484253,False
200,31,305,0.331498384475708,False
200,31,310,0.3351491689682007,False
200,31,315,0.6789305210113525,False
200,31,320,0.48699334263801575,False
200,31,325,0.5037980079650879,False
200,31,330,0.5732596516609192,False
200,31,335,0.7360444664955139,False
200,31,340,0.6003568768501282,False
200,31,345,0.23821616172790527,False
200,31,350,0.2502048909664154,False
200,31,355,0.2627372145652771,False
200,31,360,0.4094178080558777,False
200,31,365,0.2806272804737091,False
200,31,370,0.2505505383014679,False
200,31,375,0.2526843845844269,False
200,31,380,0.4216923117637634,False
200,31,385,0.24429059028625488,False
200,31,390,0.17241553962230682,False
200,31,395,0.39623889327049255,False
200,31,400,0.18344441056251526,False
200,31,405,0.2941145598888397,False
200,32,10,0.02950334921479225,True
200,32,15,0.06961143016815186,True
200,32,20,0.15767857432365417,True
200,32,25,0.13366679847240448,True
200,32,30,0.1832597553730011,True
200,32,35,0.05897919088602066,True
200,32,40,0.4844908118247986,True
200,32,45,0.4073111116886139,True
200,32,50,0.715385913848877,True
200,32,55,0.546409547328949,True
200,32,60,0.7930283546447754,True
200,32,65,0.5658779740333557,True
200,32,70,0.6311482787132263,True
200,32,75,0.8951506018638611,True
200,32,80,0.6847137808799744,True
200,32,85,0.45120754837989807,True
200,32,90,0.10501188039779663,True
200,33,10,0.06378089636564255,False
200,33,15,0.19746196269989014,False
200,33,20,0.3035648465156555,False
200,33,25,0.293863445520401,False
200,33,30,0.3800238072872162,False
200,33,35,0.2736799418926239,False
200,33,40,0.7611965537071228,False
200,33,45,0.7900356650352478,False
200,33,50,0.9411311745643616,False
200,33,55,0.6192773580551147,False
200,33,60,0.7374708652496338,False
200,33,65,0.589765727519989,False
200,33,70,0.7389567494392395,False
200,33,75,0.8932206630706787,False
200,33,80,0.2610132098197937,False
200,33,85,0.1822013109922409,False
200,33,90,0.6177721619606018,False
200,33,95,0.10796484351158142,False
200,33,100,0.507834255695343,False
200,33,105,0.945284903049469,False
200,33,110,0.5779542922973633,False
200,33,115,0.3672845661640167,False
200,33,120,0.3228065073490143,False
200,33,125,0.34553632140159607,False
200,33,130,0.9549825191497803,False
200,33,135,0.9214678406715393,False
200,33,140,0.8653649687767029,False
200,33,145,0.6119127869606018,False
200,33,150,0.4231951832771301,False
200,33,155,0.5928871035575867,False
200,33,160,0.8167059421539307,False
200,33,165,0.42569971084594727,False
200,33,170,0.09157487750053406,False
200,33,175,0.5551798343658447,False
200,33,180,0.5950393676757812,False
200,33,185,0.8722031712532043,False
200,33,190,0.6246961951255798,False
200,33,195,0.8526936769485474,False
200,33,200,0.053132250905036926,False
200,33,205,0.16823261976242065,False
200,33,210,0.9264737963676453,False
200,33,215,0.5194206833839417,False
200,33,220,0.3795309066772461,False
200,33,225,0.341216117143631,False
200,33,230,0.756589412689209,False
200,33,235,0.9138782024383545,False
200,33,240,0.6260339617729187,False
200,33,245,0.7149856686592102,False
200,33,250,0.15329907834529877,False
200,33,255,0.7446705102920532,False
200,33,260,0.189487487077713,False
200,33,265,0.5386407375335693,False
200,33,270,0.613715410232544,False
200,33,275,0.784540057182312,False
200,33,280,0.8440596461296082,False
200,33,285,0.5594109892845154,False
200,33,290,0.9688254594802856,False
200,33,295,0.8709582686424255,False
200,33,300,0.4030705690383911,False
200,33,305,0.3469734191894531,False
200,33,310,0.3624859154224396,False
200,33,315,0.3815978467464447,False
200,33,320,0.18679305911064148,False
200,33,325,0.24985037744045258,False
200,33,330,0.4014478027820587,False
200,33,335,0.8671848177909851,False
200,33,340,0.3106912672519684,False
200,33,345,0.40721818804740906,False
200,33,350,0.4540066123008728,False
200,33,355,0.12389875203371048,False
200,33,360,0.06340678781270981,False
200,33,365,0.5629268884658813,False
200,33,370,0.24975796043872833,False
200,33,375,0.22781413793563843,False
200,33,380,0.6351245641708374,False
200,33,385,0.29721134901046753,False
200,33,390,0.31239208579063416,False
200,33,395,0.13883227109909058,False
200,33,400,0.3724074363708496,False
200,33,405,0.5425554513931274,False
200,34,10,0.096412293612957,True
200,34,15,0.17751877009868622,True
200,34,20,0.2520520091056824,True
200,34,25,0.23095668852329254,True
200,34,30,0.22018688917160034,True
200,34,35,0.3942609131336212,True
200,34,40,0.5809164047241211,True
200,34,45,0.722497284412384,True
200,34,50,0.5101035237312317,True
200,34,55,0.3031444847583771,True
200,34,60,0.7091854810714722,True
200,34,65,0.2997824251651764,True
200,34,70,0.4212436079978943,True
200,34,75,0.7367217540740967,True
200,34,80,0.3801102340221405,True
200,34,85,1.2188180685043335,True
200,34,90,0.559821367263794,True
200,34,95,0.2750399708747864,True
200,34,100,0.6453122496604919,True
200,34,105,0.5977367162704468,True
200,34,110,0.33910900354385376,True
200,34,115,0.08607546985149384,True
200,34,120,0.31824931502342224,True
200,34,125,0.7955620884895325,True
200,34,130,0.0361042357981205,True
200,34,135,0.04141303896903992,True
200,34,140,0.11439956724643707,True
200,34,145,0.15846028923988342,True
200,34,150,0.4676857590675354,True
200,34,155,0.8429437279701233,True
200,34,160,1.0729798078536987,True
200,34,165,1.0718615055084229,True
200,34,170,0.6251962184906006,True
200,34,175,0.95820152759552,True
200,34,180,1.0688568353652954,True
200,34,185,1.236842393875122,True
200,34,190,1.1156913042068481,True
200,34,195,0.14369691908359528,True
200,34,200,0.10042370110750198,True
200,34,205,0.10435086488723755,True
200,34,210,0.7291679978370667,True
200,34,215,0.24601031839847565,True
200,34,220,0.08470891416072845,True
200,34,225,1.4880201816558838,True
200,34,230,0.11127990484237671,True
200,34,235,0.1675267219543457,True
200,34,240,0.18839925527572632,True
200,34,245,0.4175841212272644,True
200,34,250,0.08835849165916443,True
200,34,255,0.41058021783828735,True
200,34,260,0.17178875207901,True
200,34,265,0.37113094329833984,True
200,34,270,0.45732101798057556,True
200,34,275,0.420545756816864,True
200,34,280,0.5628247857093811,True
200,34,285,0.4054437279701233,True
200,34,290,0.6061919927597046,True
200,34,295,0.5581803321838379,True
200,34,300,0.5160255432128906,True
200,34,305,0.35798078775405884,True
200,34,310,0.33017441630363464,True
200,34,315,0.3719733953475952,True
200,34,320,0.24126547574996948,True
200,34,325,0.2590908408164978,True
200,34,330,0.2546534836292267,True
200,34,335,0.13431806862354279,True
200,34,340,0.44826364517211914,True
200,34,345,0.5250285267829895,True
200,34,350,0.3205716013908386,True
200,34,355,0.4269733428955078,True
200,34,360,0.2912919223308563,True
200,34,365,0.28220003843307495,True
200,34,370,0.3615269064903259,True
200,34,375,0.2824787199497223,True
200,34,380,0.29976001381874084,True
200,34,385,0.404043585062027,True
200,34,390,0.268195778131485,True
200,34,395,0.3662499189376831,True
200,34,400,0.10760300606489182,True
200,35,10,0.16235385835170746,True
200,35,15,0.23904022574424744,True
200,35,20,0.3922237753868103,True
200,35,25,0.264660120010376,True
200,35,30,0.37311962246894836,True
200,35,35,0.2892437279224396,True
200,35,40,0.7965906858444214,True
200,35,45,0.790517270565033,True
200,35,50,0.5836358666419983,True
200,35,55,0.2166758030653,True
200,35,60,0.5324373841285706,True
200,35,65,0.5225232243537903,True
200,35,70,0.6770780086517334,True
200,35,75,0.739983320236206,True
200,35,80,1.659896969795227,True
200,35,85,1.8997195959091187,True
200,35,90,0.65320885181427,True
200,36,10,0.04568857699632645,True
200,36,15,0.0904383584856987,True
200,36,20,0.15133318305015564,True
200,36,25,0.1236458271741867,True
200,36,30,0.1979377418756485,True
200,36,35,0.08550001680850983,True
200,36,40,0.5749868154525757,True
200,36,45,0.49981632828712463,True
200,36,50,0.6896647810935974,True
200,36,55,0.3867267668247223,True
200,36,60,0.8169489502906799,True
200,36,65,0.6169133186340332,True
200,36,70,0.6569133996963501,True
200,36,75,0.7986437082290649,True
200,36,80,0.5909312963485718,True
200,36,85,0.5171239376068115,True
200,36,90,0.15588872134685516,True
200,37,10,0.08337996900081635,True
200,37,15,0.20015543699264526,True
200,37,20,0.30684348940849304,True
200,37,25,0.37127721309661865,True
200,37,30,0.28184035420417786,True
200,37,35,0.4261506199836731,True
200,37,40,0.7809842824935913,True
200,37,45,0.6618077158927917,True
200,37,50,0.6551517844200134,True
200,37,55,0.35017722845077515,True
200,37,60,0.6609729528427124,True
200,37,65,0.5080713629722595,True
200,37,70,0.6752929091453552,True
200,37,75,0.7220060229301453,True
200,37,80,0.5168356895446777,True
200,37,85,0.7378790974617004,True
200,37,90,0.6817317605018616,True
200,38,10,0.09536232799291611,True
200,38,15,0.1821335256099701,True
200,38,20,0.32174620032310486,True
200,38,25,0.3609848618507385,True
200,38,30,0.4074510335922241,True
200,38,35,0.5060350298881531,True
200,38,40,0.7487714886665344,True
200,38,45,0.8130038380622864,True
200,38,50,0.5578075051307678,True
200,38,55,0.21948526799678802,True
200,38,60,0.4609830975532532,True
200,38,65,0.5036976337432861,True
200,38,70,0.6000698804855347,True
200,38,75,0.7231159806251526,True
200,38,80,0.517835795879364,True
200,38,85,0.5478537678718567,True
200,38,90,0.5643765926361084,True
200,38,95,0.32387861609458923,True
200,38,100,0.8437327742576599,True
200,38,105,0.7120985388755798,True
200,38,110,0.5684577822685242,True
200,38,115,0.3573650121688843,True
200,38,120,0.4759828448295593,True
200,38,125,0.42916449904441833,True
200,38,130,0.6925302743911743,True
200,38,135,0.7403690218925476,True
200,38,140,0.6030217409133911,True
200,38,145,0.38970232009887695,True
200,38,150,0.25237518548965454,True
200,38,155,0.6542741656303406,True
200,38,160,0.8588948249816895,True
200,38,165,0.21475094556808472,True
200,38,170,0.11394534260034561,True
200,38,175,1.4270153045654297,True
200,38,180,1.8804413080215454,True
200,38,185,0.09331332892179489,True
200,38,190,0.14202220737934113,True
200,38,195,0.11784905195236206,True
200,38,200,0.2656277120113373,True
200,38,205,0.11099433153867722,True
200,38,210,0.4375164806842804,True
200,38,215,0.5190855860710144,True
200,38,220,0.564429521560669,True
200,38,225,0.40744519233703613,True
200,38,230,0.6717194318771362,True
200,38,235,0.7187116742134094,True
200,38,240,0.5164271593093872,True
200,38,245,0.3114159107208252,True
200,38,250,0.33970728516578674,True
200,38,255,0.34838706254959106,True
200,38,260,0.2483251839876175,True
200,38,265,0.40141603350639343,True
200,38,270,0.6122996211051941,True
200,38,275,0.5431081652641296,True
200,38,280,0.29093843698501587,True
200,38,285,0.43832865357398987,True
200,38,290,0.7416783571243286,True
200,38,295,0.61822509765625,True
200,39,10,0.12199340760707855,True
200,39,15,0.2678166925907135,True
200,39,20,0.41486626863479614,True
200,39,25,0.33582404255867004,True
200,39,30,0.4594312608242035,True
200,39,35,0.5858653783798218,True
200,39,40,0.8486011028289795,True
200,39,45,0.879262387752533,True
200,39,50,0.5501341223716736,True
200,39,55,0.27897465229034424,True
200,39,60,0.840380072593689,True
200,39,65,0.6982060074806213,True
200,39,70,0.5129305720329285,True
200,39,75,0.6076284050941467,True
200,40,10,0.1215873658657074,True
200,40,15,0.21030913293361664,True
200,40,20,0.3472178280353546,True
200,40,25,0.23993951082229614,True
200,40,30,0.36307695508003235,True
200,40,35,0.4506506025791168,True
200,40,40,0.8336259722709656,True
200,40,45,0.854430079460144,True
200,40,50,0.5501822829246521,True
200,40,55,0.3867967426776886,True
200,40,60,0.5438929796218872,True
200,40,65,0.3836398720741272,True
200,40,70,0.6675003170967102,True
200,40,75,0.8768795132637024,True
200,40,80,0.47602590918540955,True
200,40,85,1.9370838403701782,True
200,40,90,0.5124781131744385,True
200,41,10,0.14944003522396088,True
200,41,15,0.2523927092552185,True
200,41,20,0.31170204281806946,True
200,41,25,0.29264378547668457,True
200,41,30,0.3934829533100128,True
200,41,35,0.5697099566459656,True
200,41,40,0.8260138034820557,True
200,41,45,0.7976496815681458,True
200,41,50,0.5477220416069031,True
200,41,55,0.2744797170162201,True
200,41,60,0.6083050966262817,True
200,41,65,0.5918075442314148,True
200,41,70,0.734289288520813,True
200,41,75,0.3693030774593353,True
200,41,80,0.3789590895175934,True
200,42,10,0.0303424671292305,True
200,42,15,0.0528642013669014,True
200,42,20,0.09764642268419266,True
200,42,25,0.08527741581201553,True
200,42,30,0.1610182225704193,True
200,42,35,0.07076339423656464,True
200,42,40,0.5345086455345154,True
200,42,45,0.48683369159698486,True
200,42,50,0.7914697527885437,True
200,42,55,0.4066389799118042,True
200,42,60,0.768333911895752,True
200,42,65,0.6405540704727173,True
200,42,70,0.6339174509048462,True
200,42,75,0.8002758622169495,True
200,42,80,0.7137252688407898,True
200,43,10,0.10014500468969345,True
200,43,15,0.23871687054634094,True
200,43,20,0.2902742326259613,True
200,43,25,0.25811129808425903,True
200,43,30,0.3518699109554291,True
200,43,35,0.4707348346710205,True
200,43,40,0.7917782664299011,True
200,43,45,0.8577383756637573,True
200,43,50,0.3670739531517029,True
200,43,55,0.23212231695652008,True
200,43,60,0.77363121509552,True
200,43,65,0.4742336571216583,True
200,43,70,0.5608254075050354,True
200,43,75,0.7623692750930786,True
200,43,80,0.5843814611434937,True
200,43,85,0.34780964255332947,True
200,44,10,0.13192610442638397,False
200,44,15,0.13086548447608948,False
200,44,20,0.15986934304237366,False
200,44,25,0.12543945014476776,False
200,44,30,0.12041530758142471,False
200,44,35,0.3868241310119629,False
200,44,40,0.5044161081314087,False
200,44,45,0.5348485708236694,False
200,44,50,0.059425946325063705,False
200,44,55,0.1862083375453949,False
200,44,60,0.058575913310050964,False
200,44,65,0.12718278169631958,False
200,44,70,0.08532446622848511,False
200,44,75,0.11316085606813431,False
200,44,80,0.04081282019615173,False
200,44,85,0.07363054156303406,False
200,44,90,0.03429735451936722,False
200,44,95,0.15035279095172882,False
200,44,100,0.12656159698963165,False
200,44,105,0.13045689463615417,False
200,44,110,0.24121758341789246,False
200,44,115,0.22190292179584503,False
200,44,120,0.1363685131072998,False
200,44,125,0.15457364916801453,False
200,44,130,0.1059306412935257,False
200,44,135,0.13501866161823273,False
200,44,140,0.09919939190149307,False
200,44,145,0.0701582208275795,False
200,44,150,0.08297453820705414,False
200,44,155,0.0627707690000534,False
200,44,160,0.09596583247184753,False
200,44,165,0.08250723034143448,False
200,44,170,0.1092892587184906,False
200,44,175,0.09715625643730164,False
200,44,180,0.06164763495326042,False
200,44,185,0.024278204888105392,False
200,44,190,0.08713457733392715,False
200,44,195,0.28053927421569824,False
200,44,200,0.05295253545045853,False
200,44,205,0.041987329721450806,False
200,44,210,0.401671439409256,False
200,44,215,0.7325488328933716,False
200,44,220,0.20876088738441467,False
200,44,225,0.3766443431377411,False
200,44,230,0.5389771461486816,False
200,44,235,0.726180374622345,False
200,44,240,0.3986566364765167,False
200,44,245,0.6346744894981384,False
200,44,250,0.31248220801353455,False
200,44,255,0.6802881360054016,False
200,44,260,0.4019325077533722,False
200,44,265,0.4805459678173065,False
200,44,270,0.652871310710907,False
200,44,275,0.6820245981216431,False
200,44,280,0.7144129276275635,False
200,44,285,0.2542836666107178,False
200,44,290,0.6896964907646179,False
200,44,295,0.7456163763999939,False
200,44,300,0.39041176438331604,False
200,44,305,0.35446983575820923,False
200,44,310,0.26277562975883484,False
200,44,315,0.592660129070282,False
200,44,320,0.4787251651287079,False
200,44,325,0.4580887258052826,False
200,44,330,0.5070110559463501,False
200,44,335,0.5780488848686218,False
200,44,340,0.6472616195678711,False
200,44,345,0.24507878720760345,False
200,44,350,0.3592071235179901,False
200,44,355,0.18723489344120026,False
200,44,360,0.45160025358200073,False
200,44,365,0.4217876195907593,False
200,44,370,0.4058651030063629,False
200,44,375,0.27774789929389954,False
200,44,380,0.38941556215286255,False
200,44,385,0.3124074339866638,False
200,44,390,0.18702995777130127,False
200,44,395,0.7397779226303101,False
200,44,400,0.2251870036125183,False
200,44,405,0.33189067244529724,False
200,45,10,0.14183178544044495,False
200,45,15,0.23549611866474152,False
200,45,20,0.3638467490673065,False
200,45,25,0.2759268879890442,False
200,45,30,0.4108000695705414,False
200,45,35,0.4458558261394501,False
200,45,40,0.8047823905944824,False
200,45,45,0.8597253561019897,False
200,45,50,0.5818930268287659,False
200,45,55,0.2202972024679184,False
200,45,60,0.6115185618400574,False
200,45,65,0.6726492643356323,False
200,45,70,0.5749927759170532,False
200,45,75,0.5661212801933289,False
200,45,80,0.44106143712997437,False
200,45,85,0.5656470060348511,False
200,45,90,0.75663822889328,False
200,45,95,0.21862846612930298,False
200,45,100,0.8866105675697327,False
200,45,105,0.7114291191101074,False
200,45,110,0.48364922404289246,False
200,45,115,0.41511496901512146,False
200,45,120,0.4402211010456085,False
200,45,125,0.46630048751831055,False
200,45,130,0.7732765078544617,False
200,45,135,0.8029499650001526,False
200,45,140,0.5689662098884583,False
200,45,145,0.39872172474861145,False
200,45,150,0.3651801347732544,False
200,45,155,0.7049251794815063,False
200,45,160,0.8227041959762573,False
200,45,165,0.3272036612033844,False
200,45,170,0.12476582080125809,False
200,45,175,1.24038827419281,False
200,45,180,0.23950114846229553,False
200,45,185,0.11044342815876007,False
200,45,190,0.18471091985702515,False
200,45,195,0.28402402997016907,False
200,45,200,0.1986403465270996,False
200,45,205,0.31848472356796265,False
200,45,210,0.6862865090370178,False
200,45,215,0.6881263256072998,False
200,45,220,0.5612979531288147,False
200,45,225,0.37537044286727905,False
200,45,230,0.7595527172088623,False
200,45,235,0.7454684972763062,False
200,45,240,0.6859784126281738,False
200,45,245,0.5779986381530762,False
200,45,250,0.19370988011360168,False
200,45,255,0.5566791892051697,False
200,45,260,0.2308519333600998,False
200,45,265,0.48779523372650146,False
200,45,270,0.5889809727668762,False
200,45,275,0.6312828660011292,False
200,45,280,0.3369840383529663,False
200,45,285,0.4129399061203003,False
200,45,290,0.7573801875114441,False
200,45,295,0.6516972780227661,False
200,45,300,0.29266998171806335,False
200,45,305,0.38369646668434143,False
200,45,310,0.381797730922699,False
200,45,315,0.6128159165382385,False
200,45,320,0.41653743386268616,False
200,45,325,0.5054464340209961,False
200,45,330,0.5493137836456299,False
200,45,335,0.6844360828399658,False
200,45,340,0.6632070541381836,False
200,45,345,0.48776668310165405,False
200,45,350,0.4279865026473999,False
200,45,355,0.40531212091445923,False
200,45,360,0.4910738468170166,False
200,45,365,0.5334693789482117,False
200,45,370,0.4030054807662964,False
200,45,375,0.31649163365364075,False
200,45,380,0.5640515089035034,False
200,45,385,0.45720526576042175,False
200,45,390,0.32458803057670593,False
200,45,395,0.695483386516571,False
200,45,400,0.27839377522468567,False
200,45,405,0.3336220681667328,False
200,46,10,0.04830186069011688,False
200,46,15,0.0991634652018547,False
200,46,20,0.15371711552143097,False
200,46,25,0.19803500175476074,False
200,46,30,0.2640828788280487,False
200,46,35,0.16836987435817719,False
200,46,40,0.5596619844436646,False
200,46,45,0.368122398853302,False
200,46,50,0.6653864979743958,False
200,46,55,0.5320185422897339,False
200,46,60,0.7980605959892273,False
200,46,65,0.6441875696182251,False
200,46,70,0.6038982272148132,False
200,46,75,0.8348049521446228,False
200,46,80,0.3887021541595459,False
200,46,85,0.6497851014137268,False
200,46,90,0.6190934777259827,False
200,46,95,0.06658539921045303,False
200,46,100,0.27657055854797363,False
200,46,105,0.6279879808425903,False
200,46,110,0.304600328207016,False
200,46,115,0.11604345589876175,False
200,46,120,0.5627878904342651,False
200,46,125,0.5170219540596008,False
200,46,130,0.7519996762275696,False
200,46,135,0.4877948462963104,False
200,46,140,0.4916975200176239,False
200,46,145,0.20426420867443085,False
200,46,150,0.34339621663093567,False
200,46,155,0.22036491334438324,False
200,46,160,0.5211495757102966,False
200,46,165,0.2820008397102356,False
200,46,170,0.18925508856773376,False
200,46,175,0.47856709361076355,False
200,46,180,0.22677764296531677,False
200,46,185,0.47632497549057007,False
200,46,190,0.32296040654182434,False
200,46,195,0.2656354010105133,False
200,46,200,0.19153191149234772,False
200,46,205,0.33723515272140503,False
200,46,210,0.26861265301704407,False
200,46,215,0.19534194469451904,False
200,46,220,0.18720155954360962,False
200,46,225,0.14020542800426483,False
200,46,230,0.4927314221858978,False
200,46,235,0.5020887851715088,False
200,46,240,0.3095821738243103,False
200,46,245,0.15934568643569946,False
200,46,250,0.16396582126617432,False
200,46,255,0.37962424755096436,False
200,46,260,0.19118785858154297,False
200,46,265,0.2764851748943329,False
200,46,270,0.2713971734046936,False
200,46,275,0.316906601190567,False
200,46,280,0.23268336057662964,False
200,46,285,0.21217766404151917,False
200,46,290,0.33376726508140564,False
200,46,295,0.3291129469871521,False
200,46,300,0.2549961805343628,False
200,46,305,0.2949008047580719,False
200,46,310,0.31347811222076416,False
200,46,315,0.6689178943634033,False
200,46,320,0.4935413599014282,False
200,46,325,0.5258221626281738,False
200,46,330,0.5354675650596619,False
200,46,335,0.8191719055175781,False
200,46,340,0.6387469172477722,False
200,46,345,0.35223817825317383,False
200,46,350,0.26363039016723633,False
200,46,355,0.21062184870243073,False
200,46,360,0.23450791835784912,False
200,46,365,0.31728285551071167,False
200,46,370,0.2904208302497864,False
200,46,375,0.299032598733902,False
200,46,380,0.41074225306510925,False
200,46,385,0.2815966308116913,False
200,46,390,0.1575460135936737,False
200,46,395,0.25647860765457153,False
200,46,400,0.1978340744972229,False
200,46,405,0.401986688375473,False
200,47,10,0.09346131235361099,True
200,47,15,0.14968930184841156,True
200,47,20,0.2917371094226837,True
200,47,25,0.22160767018795013,True
200,47,30,0.2924709618091583,True
200,47,35,0.38343989849090576,True
200,47,40,0.6377872228622437,True
200,47,45,0.7360320687294006,True
200,47,50,0.344802588224411,True
200,47,55,0.10029375553131104,True
200,47,60,0.22334817051887512,True
200,47,65,0.12036352604627609,True
200,47,70,0.10247045010328293,True
200,47,75,0.10069503635168076,True
200,47,80,0.6146814823150635,True
200,47,85,0.567358672618866,True
200,47,90,0.6657659411430359,True
200,47,95,0.48905149102211,True
200,47,100,0.7221615314483643,True
200,47,105,0.5771265625953674,True
200,47,110,0.10570647567510605,True
200,47,115,0.14795827865600586,True
200,47,120,0.20814760029315948,True
200,47,125,0.7894179821014404,True
200,47,130,0.5036622285842896,True
200,47,135,2.2077560424804688,True
200,47,140,0.08995386958122253,True
200,47,145,0.5029021501541138,True
200,47,150,0.4653565585613251,True
200,47,155,0.6848799586296082,True
200,47,160,0.6885601282119751,True
200,47,165,0.1737358570098877,True
200,47,170,0.08039386570453644,True
200,47,175,1.844110131263733,True
200,47,180,0.42502543330192566,True
200,47,185,1.5351296663284302,True
200,47,190,0.3280777633190155,True
200,48,10,0.08102265745401382,True
200,48,15,0.09165696054697037,True
200,48,20,0.11938930302858353,True
200,48,25,0.13118967413902283,True
200,48,30,0.28863775730133057,True
200,48,35,0.2585947513580322,True
200,48,40,0.6692989468574524,True
200,48,45,0.5574696063995361,True
200,48,50,0.8375184535980225,True
200,48,55,0.4286177158355713,True
200,48,60,0.8003415465354919,True
200,48,65,0.49096325039863586,True
200,48,70,0.591704249382019,True
200,48,75,0.826184093952179,True
200,48,80,0.6730912327766418,True
200,48,85,0.350992888212204,True
200,49,10,0.07586485147476196,False
200,49,15,0.138663649559021,False
200,49,20,0.20063279569149017,False
200,49,25,0.1893382966518402,False
200,49,30,0.22712025046348572,False
200,49,35,0.39362332224845886,False
200,49,40,0.6161630153656006,False
200,49,45,0.6234670877456665,False
200,49,50,0.7111470699310303,False
200,49,55,0.3043956458568573,False
200,49,60,0.5422925353050232,False
200,49,65,0.3830951452255249,False
200,49,70,0.6896925568580627,False
200,49,75,0.6438989639282227,False
200,49,80,0.1238413080573082,False
200,49,85,0.8465792536735535,False
200,49,90,2.0785346031188965,False
200,49,95,1.9207324981689453,False
200,49,100,0.641813337802887,False
200,49,105,0.808188259601593,False
200,49,110,0.5424208641052246,False
200,49,115,0.16755473613739014,False
200,49,120,0.19195550680160522,False
200,49,125,0.18366795778274536,False
200,49,130,2.0219500064849854,False
200,49,135,0.414865106344223,False
200,49,140,0.18466468155384064,False
200,49,145,0.22458688914775848,False
200,49,150,0.3453412353992462,False
200,49,155,1.3785300254821777,False
200,49,160,1.1670048236846924,False
200,49,165,0.20224329829216003,False
200,49,170,1.5078474283218384,False
200,49,175,0.13574394583702087,False
200,49,180,0.07862124592065811,False
200,49,185,0.0899883359670639,False
200,49,190,0.18268032371997833,False
200,49,195,0.42096224427223206,False
200,49,200,0.6102361679077148,False
200,49,205,0.6172536611557007,False
200,49,210,1.256655216217041,False
200,49,215,1.1258020401000977,False
200,49,220,0.9055740833282471,False
200,49,225,0.655204176902771,False
200,49,230,1.232601523399353,False
200,49,235,1.2592427730560303,False
200,49,240,0.9727556705474854,False
200,49,245,0.8556535840034485,False
200,49,250,0.3396531641483307,False
200,49,255,1.2097115516662598,False
200,49,260,0.1277591586112976,False
200,49,265,0.5021026730537415,False
200,49,270,0.8268330693244934,False
200,49,275,1.0472732782363892,False
200,49,280,0.10145573318004608,False
200,49,285,0.10224775969982147,False
200,49,290,0.08633114397525787,False
200,49,295,0.08172506839036942,False
200,49,300,0.08066636323928833,False
200,49,305,0.08662823587656021,False
200,49,310,0.041534047573804855,False
200,49,315,0.3123134672641754,False
200,49,320,0.1325734257698059,False
200,49,325,0.2872323989868164,False
200,49,330,0.6159071326255798,False
200,49,335,0.6692391633987427,False
200,49,340,0.6203228235244751,False
200,49,345,0.487738698720932,False
200,49,350,0.48224154114723206,False
200,49,355,0.5444145798683167,False
200,49,360,0.5660029649734497,False
200,49,365,0.6445198059082031,False
200,49,370,0.46366265416145325,False
200,49,375,0.37443703413009644,False
200,49,380,0.567484974861145,False
200,49,385,0.342980295419693,False
200,49,390,0.3392954468727112,False
200,49,395,0.40131744742393494,False
200,49,400,0.24463830888271332,False
200,49,405,0.3344394564628601,False
300,0,10,0.018639039248228073,True
300,0,15,0.09670059382915497,True
300,0,20,0.13558097183704376,True
300,0,25,0.17779169976711273,True
300,0,30,0.1683129072189331,True
300,0,35,0.20418308675289154,True
300,0,40,0.45627954602241516,True
300,0,45,0.8553270101547241,True
300,0,50,1.141282081604004,True
300,0,55,1.0603551864624023,True
300,0,60,1.023678183555603,True
300,0,65,0.8300923705101013,True
300,0,70,0.7551657557487488,True
300,1,10,0.037340641021728516,True
300,1,15,0.11489132046699524,True
300,1,20,0.08498861640691757,True
300,1,25,0.0726647675037384,True
300,1,30,0.06604298949241638,True
300,1,35,0.2543978691101074,True
300,1,40,0.5112058520317078,True
300,1,45,0.7604010701179504,True
300,1,50,0.9736783504486084,True
300,1,55,1.0459343194961548,True
300,1,60,1.1550467014312744,True
300,1,65,1.1015347242355347,True
300,1,70,1.0173065662384033,True
300,2,10,0.025472814217209816,True
300,2,15,0.14456872642040253,True
300,2,20,0.2330063432455063,True
300,2,25,0.2037557065486908,True
300,2,30,0.2196381390094757,True
300,2,35,0.25236278772354126,True
300,2,40,0.7337546944618225,True
300,2,45,0.8241578340530396,True
300,2,50,1.1125664710998535,True
300,2,55,1.0850893259048462,True
300,2,60,1.1547057628631592,True
300,2,65,0.8923825025558472,True
300,3,10,0.07365278154611588,True
300,3,15,0.13571463525295258,True
300,3,20,0.20775024592876434,True
300,3,25,0.29934561252593994,True
300,3,30,0.2628386616706848,True
300,3,35,0.25573697686195374,True
300,3,40,0.7970444560050964,True
300,3,45,0.8653522729873657,True
300,3,50,1.0474374294281006,True
300,3,55,0.7551479339599609,True
300,3,60,0.5928421020507812,True
300,3,65,0.351578027009964,True
300,3,70,0.8286322355270386,True
300,3,75,0.04408848658204079,True
300,4,10,0.03815023973584175,True
300,4,15,0.04615682363510132,True
300,4,20,0.04253239557147026,True
300,4,25,0.09749627113342285,True
300,4,30,0.08293474465608597,True
300,4,35,0.1500067263841629,True
300,4,40,0.7210714221000671,True
300,4,45,0.8492307066917419,True
300,4,50,0.8109327554702759,True
300,4,55,0.893621027469635,True
300,4,60,1.0565704107284546,True
300,4,65,0.9864392280578613,True
300,4,70,1.031252384185791,True
300,4,75,0.885486364364624,True
300,5,10,0.04185499623417854,True
300,5,15,0.03720049560070038,True
300,5,20,0.17373457551002502,True
300,5,25,0.0995904803276062,True
300,5,30,0.0714404359459877,True
300,5,35,0.11239783465862274,True
300,5,40,0.3239380717277527,True
300,5,45,0.43296530842781067,True
300,5,50,0.914896547794342,True
300,5,55,0.8811935782432556,True
300,5,60,1.0280472040176392,True
300,5,65,1.1289407014846802,True
300,5,70,1.1045960187911987,True
300,5,75,0.9813291430473328,True
300,6,10,0.0656469389796257,True
300,6,15,0.07651794701814651,True
300,6,20,0.2471090406179428,True
300,6,25,0.21330110728740692,True
300,6,30,0.17346875369548798,True
300,6,35,0.27504560351371765,True
300,6,40,0.6584323644638062,True
300,6,45,0.828743577003479,True
300,6,50,1.0639967918395996,True
300,6,55,0.9723425507545471,True
300,6,60,0.9338139295578003,True
300,7,10,0.04909737408161163,True
300,7,15,0.07745355367660522,True
300,7,20,0.09429550170898438,True
300,7,25,0.13346250355243683,True
300,7,30,0.08180895447731018,True
300,7,35,0.15313714742660522,True
300,7,40,0.4876348078250885,True
300,7,45,0.7033064961433411,True
300,7,50,1.0176385641098022,True
300,7,55,0.928307056427002,True
300,7,60,1.1032248735427856,True
300,7,65,1.140684962272644,True
300,7,70,0.9514154195785522,True
300,8,10,0.06846314668655396,True
300,8,15,0.13706396520137787,True
300,8,20,0.28380826115608215,True
300,8,25,0.2226906269788742,True
300,8,30,0.3953806459903717,True
300,8,35,0.7388381361961365,True
300,8,40,0.9201363921165466,True
300,8,45,0.8182554841041565,True
300,8,50,1.0407580137252808,True
300,8,55,0.8470554351806641,True
300,8,60,0.8013411164283752,True
300,8,65,0.27604806423187256,True
300,8,70,0.6462777853012085,True
300,8,75,0.7776610255241394,True
300,9,10,0.02432088553905487,True
300,9,15,0.03438851609826088,True
300,9,20,0.032244376838207245,True
300,9,25,0.09057948738336563,True
300,9,30,0.12873494625091553,True
300,9,35,0.18043763935565948,True
300,9,40,0.3925415873527527,True
300,9,45,0.7978531122207642,True
300,9,50,1.0938520431518555,True
300,9,55,1.0030691623687744,True
300,9,60,1.1056201457977295,True
300,9,65,0.9213315844535828,True
300,9,70,0.9057282209396362,True
300,10,10,0.0936090424656868,True
300,10,15,0.18809586763381958,True
300,10,20,0.05411486700177193,True
300,10,25,0.12475007027387619,True
300,10,30,0.06056465581059456,True
300,10,35,0.17239904403686523,True
300,10,40,0.7506560683250427,True
300,10,45,0.7168369889259338,True
300,10,50,1.0188027620315552,True
300,10,55,0.919097363948822,True
300,10,60,0.9186580777168274,True
300,10,65,0.8418811559677124,True
300,10,70,0.764120876789093,True
300,10,75,0.7944315671920776,True
300,11,10,0.04420562461018562,True
300,11,15,0.0986425131559372,True
300,11,20,0.18641790747642517,True
300,11,25,0.23070846498012543,True
300,11,30,0.3044353127479553,True
300,11,35,0.3132359981536865,True
300,11,40,0.9138511419296265,True
300,11,45,1.0329595804214478,True
300,11,50,1.0518903732299805,True
300,11,55,1.0346465110778809,True
300,11,60,1.068421721458435,True
300,12,10,0.07537037879228592,True
300,12,15,0.09883750230073929,True
300,12,20,0.1663069725036621,True
300,12,25,0.174566850066185,True
300,12,30,0.15469887852668762,True
300,12,35,0.4890710115432739,True
300,12,40,0.5564696192741394,True
300,12,45,0.8215960264205933,True
300,12,50,0.9224710464477539,True
300,12,55,0.8948127627372742,True
300,12,60,0.7092485427856445,True
300,12,65,0.392585426568985,True
300,12,70,0.33129754662513733,True
300,12,75,0.848287045955658,True
300,12,80,0.5542172789573669,True
300,12,85,0.38044068217277527,True
300,12,90,0.6821218729019165,True
300,13,10,0.0377398282289505,True
300,13,15,0.09709643572568893,True
300,13,20,0.1561780571937561,True
300,13,25,0.20494355261325836,True
300,13,30,0.15026432275772095,True
300,13,35,0.280583918094635,True
300,13,40,0.8030773401260376,True
300,13,45,0.5216521620750427,True
300,13,50,1.102969765663147,True
300,13,55,1.0777933597564697,True
300,13,60,1.0613248348236084,True
300,14,10,0.04584770277142525,False
300,14,15,0.21992987394332886,False
300,14,20,0.3109920918941498,False
300,14,25,0.4399303197860718,False
300,14,30,0.32507961988449097,False
300,14,35,0.10800958424806595,False
300,14,40,0.5739319920539856,False
300,14,45,0.7516376376152039,False
300,14,50,0.7655759453773499,False
300,14,55,0.49892476201057434,False
300,14,60,0.40119248628616333,False
300,14,65,0.49424082040786743,False
300,14,70,0.5858083963394165,False
300,14,75,0.7616732716560364,False
300,14,80,0.1496862769126892,False
300,14,85,0.37536242604255676,False
300,14,90,0.6292420625686646,False
300,14,95,0.13494275510311127,False
300,14,100,0.4236113727092743,False
300,14,105,0.6397790312767029,False
300,14,110,0.5559338331222534,False
300,14,115,0.44676080346107483,False
300,14,120,0.18837521970272064,False
300,14,125,0.19430677592754364,False
300,14,130,0.26407086849212646,False
300,14,135,0.7566651701927185,False
300,14,140,0.7493648529052734,False
300,14,145,0.1785445660352707,False
300,14,150,0.3687971532344818,False
300,14,155,0.571803092956543,False
300,14,160,0.346626341342926,False
300,14,165,0.300060898065567,False
300,14,170,0.4135121703147888,False
300,14,175,0.638238787651062,False
300,14,180,0.48212093114852905,False
300,14,185,0.6834197640419006,False
300,14,190,0.33830711245536804,False
300,14,195,0.5867230892181396,False
300,14,200,0.08531355112791061,False
300,14,205,0.434256374835968,False
300,14,210,0.5163127779960632,False
300,14,215,0.5927203893661499,False
300,14,220,0.306987464427948,False
300,14,225,0.1945795714855194,False
300,14,230,0.6845690011978149,False
300,14,235,0.7415853142738342,False
300,14,240,0.31856420636177063,False
300,14,245,0.4170130491256714,False
300,14,250,0.22219017148017883,False
300,14,255,0.54481440782547,False
300,14,260,0.14143264293670654,False
300,14,265,0.1810963898897171,False
300,14,270,0.3459189534187317,False
300,14,275,0.40958529710769653,False
300,14,280,0.49625179171562195,False
300,14,285,0.5038278698921204,False
300,14,290,0.3779371678829193,False
300,14,295,0.49822601675987244,False
300,14,300,0.1774364560842514,False
300,14,305,0.26083335280418396,False
300,14,310,0.33104488253593445,False
300,14,315,0.24011647701263428,False
300,14,320,0.08479193598031998,False
300,14,325,0.07509705424308777,False
300,14,330,0.30025187134742737,False
300,14,335,0.11546145379543304,False
300,14,340,0.2058972716331482,False
300,14,345,0.34441685676574707,False
300,14,350,0.1467985063791275,False
300,14,355,0.027018750086426735,False
300,14,360,0.18106399476528168,False
300,14,365,0.2388252466917038,False
300,14,370,0.1502014398574829,False
300,14,375,0.16202428936958313,False
300,14,380,0.09946959465742111,False
300,14,385,0.03902909532189369,False
300,14,390,0.042139630764722824,False
300,14,395,0.06008617952466011,False
300,14,400,0.11239662021398544,False
300,14,405,0.13525746762752533,False
300,15,10,0.09559940546751022,True
300,15,15,0.12698572874069214,True
300,15,20,0.051050931215286255,True
300,15,25,0.066132552921772,True
300,15,30,0.11552588641643524,True
300,15,35,0.45597732067108154,True
300,15,40,0.8206478357315063,True
300,15,45,0.8222895264625549,True
300,15,50,1.019004225730896,True
300,15,55,0.8917401432991028,True
300,15,60,0.9668872952461243,True
300,15,65,0.8388144373893738,True
300,15,70,0.7095425128936768,True
300,16,10,0.03502636030316353,True
300,16,15,0.04605897143483162,True
300,16,20,0.0960654467344284,True
300,16,25,0.06327703595161438,True
300,16,30,0.05821235105395317,True
300,16,35,0.18362772464752197,True
300,16,40,0.7292637825012207,True
300,16,45,0.7910192012786865,True
300,16,50,0.943795382976532,True
300,16,55,0.791956901550293,True
300,16,60,1.0298742055892944,True
300,16,65,1.0973211526870728,True
300,16,70,1.0760376453399658,True
300,16,75,0.9402691125869751,True
300,17,10,0.07347138971090317,True
300,17,15,0.08949416130781174,True
300,17,20,0.2821395993232727,True
300,17,25,0.2799317538738251,True
300,17,30,0.35929057002067566,True
300,17,35,0.6295607089996338,True
300,17,40,0.9719552397727966,True
300,17,45,0.9487534761428833,True
300,17,50,0.8639822602272034,True
300,17,55,0.7289847731590271,True
300,17,60,0.7348520755767822,True
300,17,65,0.5979316234588623,True
300,17,70,0.5735580325126648,True
300,17,75,0.5266229510307312,True
300,18,10,0.05978791415691376,True
300,18,15,0.1411336064338684,True
300,18,20,0.04308745265007019,True
300,18,25,0.07818057388067245,True
300,18,30,0.1244918555021286,True
300,18,35,0.16374701261520386,True
300,18,40,0.5578715801239014,True
300,18,45,0.7965224385261536,True
300,18,50,1.0186197757720947,True
300,18,55,1.0101232528686523,True
300,18,60,1.0327088832855225,True
300,18,65,0.7734753489494324,True
300,18,70,0.6285837888717651,True
300,18,75,0.49968868494033813,True
300,19,10,0.039624035358428955,True
300,19,15,0.10583597421646118,True
300,19,20,0.19788524508476257,True
300,19,25,0.22539782524108887,True
300,19,30,0.24635113775730133,True
300,19,35,0.2954360246658325,True
300,19,40,0.7453051209449768,True
300,19,45,0.6499778032302856,True
300,19,50,1.0794737339019775,True
300,19,55,1.0158518552780151,True
300,19,60,0.6434535384178162,True
300,19,65,0.8224038481712341,True
300,20,10,0.05590598285198212,True
300,20,15,0.10452917963266373,True
300,20,20,0.09861961007118225,True
300,20,25,0.06762675195932388,True
300,20,30,0.07613561302423477,True
300,20,35,0.0765642300248146,True
300,20,40,0.6616368293762207,True
300,20,45,0.700663149356842,True
300,20,50,0.9696586728096008,True
300,20,55,0.9778093099594116,True
300,20,60,1.0991301536560059,True
300,20,65,1.0783262252807617,True
300,20,70,0.9849042892456055,True
300,20,75,0.8162863850593567,True
300,21,10,0.02493942528963089,True
300,21,15,0.10811640322208405,True
300,21,20,0.20420926809310913,True
300,21,25,0.16884088516235352,True
300,21,30,0.13336695730686188,True
300,21,35,0.20471182465553284,True
300,21,40,0.5362175703048706,True
300,21,45,0.21852567791938782,True
300,21,50,1.046075701713562,True
300,21,55,0.8878090977668762,True
300,21,60,1.0816470384597778,True
300,21,65,1.1600655317306519,True
300,21,70,1.1507562398910522,True
300,22,10,0.10939565300941467,True
300,22,15,0.08844549208879471,True
300,22,20,0.2899192273616791,True
300,22,25,0.26084038615226746,True
300,22,30,0.42870432138442993,True
300,22,35,0.7245030403137207,True
300,22,40,0.877712607383728,True
300,22,45,0.8099634051322937,True
300,22,50,1.0352988243103027,True
300,22,55,0.6505228877067566,True
300,22,60,0.7491526007652283,True
300,22,65,0.5273942947387695,True
300,22,70,0.7175265550613403,True
300,22,75,0.8497649431228638,True
300,23,10,0.06066986545920372,True
300,23,15,0.10440217703580856,True
300,23,20,0.20618948340415955,True
300,23,25,0.24311454594135284,True
300,23,30,0.2051386833190918,True
300,23,35,0.21870063245296478,True
300,23,40,0.41071754693984985,True
300,23,45,0.6526855230331421,True
300,23,50,1.0880881547927856,True
300,23,55,0.9453192949295044,True
300,23,60,0.6991256475448608,True
300,23,65,0.23868654668331146,True
300,23,70,0.5452829003334045,True
300,23,75,0.13276860117912292,True
300,24,10,0.032964449375867844,True
300,24,15,0.0763692781329155,True
300,24,20,0.20795656740665436,True
300,24,25,0.15577201545238495,True
300,24,30,0.12296682596206665,True
300,24,35,0.1856369525194168,True
300,24,40,0.4830421209335327,True
300,24,45,0.3264111876487732,True
300,24,50,0.8572750687599182,True
300,24,55,0.8860117793083191,True
300,24,60,1.0853321552276611,True
300,24,65,1.1480985879898071,True
300,24,70,1.088821530342102,True
300,24,75,0.8379281163215637,True
300,25,10,0.01911914348602295,True
300,25,15,0.05121646821498871,True
300,25,20,0.1868206411600113,True
300,25,25,0.15470512211322784,True
300,25,30,0.22631070017814636,True
300,25,35,0.2264312207698822,True
300,25,40,0.7636646628379822,True
300,25,45,0.8421524167060852,True
300,25,50,1.1010512113571167,True
300,25,55,0.9711878895759583,True
300,25,60,0.850196897983551,True
300,25,65,0.5570525527000427,True
300,25,70,0.8566487431526184,True
300,25,75,0.9677464962005615,True
300,26,10,0.04374504089355469,True
300,26,15,0.10260173678398132,True
300,26,20,0.07105771452188492,True
300,26,25,0.07675962895154953,True
300,26,30,0.07883188873529434,True
300,26,35,0.1151718720793724,True
300,26,40,0.5426490306854248,True
300,26,45,0.767809271812439,True
300,26,50,0.8618321418762207,True
300,26,55,0.9224501848220825,True
300,26,60,1.0462234020233154,True
300,26,65,1.0381278991699219,True
300,26,70,1.0106996297836304,True
300,26,75,0.770596444606781,True
300,27,10,0.07262009382247925,True
300,27,15,0.11027291417121887,True
300,27,20,0.07886943221092224,True
300,27,25,0.19444586336612701,True
300,27,30,0.14923864603042603,True
300,27,35,0.23374365270137787,True
300,27,40,0.788121223449707,True
300,27,45,0.7085896730422974,True
300,27,50,0.9863947033882141,True
300,27,55,1.006188154220581,True
300,27,60,1.025890588760376,True
300,27,65,0.9076496958732605,True
300,27,70,0.8853302597999573,True
300,27,75,0.7980539798736572,True
300,28,10,0.04279175400733948,True
300,28,15,0.12119882553815842,True
300,28,20,0.20453175902366638,True
300,28,25,0.1985248476266861,True
300,28,30,0.16606831550598145,True
300,28,35,0.21191191673278809,True
300,28,40,0.8408065438270569,True
300,28,45,0.5452989339828491,True
300,28,50,1.0873053073883057,True
300,28,55,1.006775140762329,True
300,28,60,0.9015939235687256,True
300,29,10,0.1326025426387787,True
300,29,15,0.0707068145275116,True
300,29,20,0.0788768082857132,True
300,29,25,0.1174430400133133,True
300,29,30,0.10096830874681473,True
300,29,35,0.3531137704849243,True
300,29,40,0.8665456175804138,True
300,29,45,1.0440456867218018,True
300,29,50,1.1474626064300537,True
300,29,55,1.0980217456817627,True
300,29,60,1.0044084787368774,True
300,30,10,0.11849121749401093,True
300,30,15,0.11833762377500534,True
300,30,20,0.10578266531229019,True
300,30,25,0.21192197501659393,True
300,30,30,0.24125540256500244,True
300,30,35,0.5168625116348267,True
300,30,40,0.673442006111145,True
300,30,45,0.5756692886352539,True
300,30,50,1.4067984819412231,True
300,30,55,1.3060956001281738,True
300,30,60,0.7657178640365601,True
300,30,65,0.513700544834137,True
300,30,70,0.7501447200775146,True
300,30,75,0.8152480721473694,True
300,31,10,0.029973451048135757,True
300,31,15,0.05672726035118103,True
300,31,20,0.08052318543195724,True
300,31,25,0.07076119631528854,True
300,31,30,0.10080373287200928,True
300,31,35,0.12575548887252808,True
300,31,40,0.2073357105255127,True
300,31,45,0.5367534160614014,True
300,31,50,0.8319873809814453,True
300,31,55,0.9096441864967346,True
300,31,60,1.043782114982605,True
300,31,65,1.0781264305114746,True
300,31,70,0.7580691576004028,True
300,31,75,0.6421802043914795,True
300,32,10,0.01734282821416855,True
300,32,15,0.08864963054656982,True
300,32,20,0.09194251894950867,True
300,32,25,0.07012492418289185,True
300,32,30,0.14677396416664124,True
300,32,35,0.1516125649213791,True
300,32,40,0.5888974070549011,True
300,32,45,0.8132296800613403,True
300,32,50,1.1033499240875244,True
300,32,55,1.035029411315918,True
300,32,60,1.1263477802276611,True
300,32,65,0.8974921107292175,True
300,32,70,0.9331956505775452,True
300,33,10,0.046525176614522934,True
300,33,15,0.12206622958183289,True
300,33,20,0.20926278829574585,True
300,33,25,0.16271378099918365,True
300,33,30,0.1644398421049118,True
300,33,35,0.3133644759654999,True
300,33,40,0.8444238901138306,True
300,33,45,0.9129719734191895,True
300,33,50,1.1179335117340088,True
300,33,55,1.1207541227340698,True
300,33,60,1.1402312517166138,True
300,33,65,0.6214501261711121,True
300,34,10,0.05927702412009239,True
300,34,15,0.07513641566038132,True
300,34,20,0.18505242466926575,True
300,34,25,0.17087720334529877,True
300,34,30,0.12090037018060684,True
300,34,35,0.2945006489753723,True
300,34,40,0.7244996428489685,True
300,34,45,0.47118672728538513,True
300,34,50,1.073388934135437,True
300,34,55,1.0334879159927368,True
300,34,60,1.0705333948135376,True
300,35,10,0.12448234856128693,True
300,35,15,0.0899202972650528,True
300,35,20,0.23126938939094543,True
300,35,25,0.24115052819252014,True
300,35,30,0.3367522358894348,True
300,35,35,0.6794647574424744,True
300,35,40,0.8490526080131531,True
300,35,45,0.778420090675354,True
300,35,50,0.8972154259681702,True
300,35,55,0.6367706060409546,True
300,35,60,0.5340589880943298,True
300,35,65,0.4244799017906189,True
300,35,70,0.6197741031646729,True
300,35,75,0.825614869594574,True
300,35,80,0.2870500385761261,True
300,36,10,0.023187661543488503,True
300,36,15,0.14604684710502625,True
300,36,20,0.0222257561981678,True
300,36,25,0.05969433858990669,True
300,36,30,0.0936744287610054,True
300,36,35,0.15678980946540833,True
300,36,40,0.3053727149963379,True
300,36,45,0.5866801738739014,True
300,36,50,1.0327088832855225,True
300,36,55,0.9759761691093445,True
300,36,60,1.112865924835205,True
300,36,65,1.0104174613952637,True
300,36,70,0.9622557163238525,True
300,37,10,0.05222387984395027,True
300,37,15,0.09057210385799408,True
300,37,20,0.18323475122451782,True
300,37,25,0.18502861261367798,True
300,37,30,0.12349104136228561,True
300,37,35,0.31051552295684814,True
300,37,40,0.788076639175415,True
300,37,45,0.5742635130882263,True
300,37,50,1.1052649021148682,True
300,37,55,1.1243399381637573,True
300,37,60,1.1415796279907227,True
300,37,65,0.8930956721305847,True
300,38,10,0.050027888268232346,True
300,38,15,0.09117063134908676,True
300,38,20,0.2617168426513672,True
300,38,25,0.23130880296230316,True
300,38,30,0.39376455545425415,True
300,38,35,0.7962020635604858,True
300,38,40,0.999454140663147,True
300,38,45,1.0502285957336426,True
300,38,50,0.948667585849762,True
300,38,55,0.6877504587173462,True
300,38,60,0.6046323180198669,True
300,38,65,0.3217199146747589,True
300,38,70,0.645352303981781,True
300,38,75,0.8923569321632385,True
300,38,80,0.4272466003894806,True
300,39,10,0.05867880582809448,True
300,39,15,0.12819647789001465,True
300,39,20,0.2396717518568039,True
300,39,25,0.17298421263694763,True
300,39,30,0.3047972321510315,True
300,39,35,0.3919578194618225,True
300,39,40,0.9859936833381653,True
300,39,45,0.9332156777381897,True
300,39,50,1.1189624071121216,True
300,39,55,0.8951970338821411,True
300,39,60,0.8051758408546448,True
300,39,65,0.8016970753669739,True
300,39,70,0.7512564063072205,True
300,39,75,0.5579950213432312,True
300,40,10,0.08677356690168381,True
300,40,15,0.12776054441928864,True
300,40,20,0.29447638988494873,True
300,40,25,0.2653357684612274,True
300,40,30,0.25755301117897034,True
300,40,35,0.4618217349052429,True
300,40,40,0.8707412481307983,True
300,40,45,0.9299695491790771,True
300,40,50,0.9743919968605042,True
300,40,55,0.8145403265953064,True
300,40,60,0.8562495708465576,True
300,41,10,0.12634411454200745,True
300,41,15,0.11818955838680267,True
300,41,20,0.2933920919895172,True
300,41,25,0.25821152329444885,True
300,41,30,0.3458866775035858,True
300,41,35,0.6670370697975159,True
300,41,40,0.966330349445343,True
300,41,45,0.9365875124931335,True
300,41,50,0.9570149779319763,True
300,41,55,0.32465991377830505,True
300,41,60,0.7710139155387878,True
300,41,65,0.42204752564430237,True
300,41,70,0.5965346693992615,True
300,41,75,0.7787581086158752,True
300,41,80,0.3438809812068939,True
300,42,10,0.022532671689987183,True
300,42,15,0.024458961561322212,True
300,42,20,0.039577048271894455,True
300,42,25,0.052033431828022,True
300,42,30,0.07086197286844254,True
300,42,35,0.1389930248260498,True
300,42,40,0.365308552980423,True
300,42,45,0.605144739151001,True
300,42,50,1.005712628364563,True
300,42,55,1.0192737579345703,True
300,42,60,1.1139464378356934,True
300,42,65,1.0175650119781494,True
300,42,70,0.8743496537208557,True
300,43,10,0.05582968145608902,True
300,43,15,0.1108206957578659,True
300,43,20,0.15674929320812225,True
300,43,25,0.13346287608146667,True
300,43,30,0.17517609894275665,True
300,43,35,0.33249908685684204,True
300,43,40,0.6743202209472656,True
300,43,45,0.25298425555229187,True
300,43,50,1.1402658224105835,True
300,43,55,1.0519990921020508,True
300,43,60,0.9382582902908325,True
300,43,65,0.8237466812133789,True
300,44,10,0.10575132071971893,True
300,44,15,0.08225629478693008,True
300,44,20,0.1713159680366516,True
300,44,25,0.17213772237300873,True
300,44,30,0.16077032685279846,True
300,44,35,0.48886024951934814,True
300,44,40,0.670266330242157,True
300,44,45,0.6887891888618469,True
300,44,50,0.8741583824157715,True
300,44,55,0.7301334142684937,True
300,44,60,0.816315233707428,True
300,44,65,0.8115915656089783,True
300,44,70,0.7763198614120483,True
300,44,75,0.7677327394485474,True
300,45,10,0.09913793951272964,True
300,45,15,0.08204620331525803,True
300,45,20,0.19975121319293976,True
300,45,25,0.19599315524101257,True
300,45,30,0.23855671286582947,True
300,45,35,0.6736165285110474,True
300,45,40,0.9025072455406189,True
300,45,45,0.9532121419906616,True
300,45,50,0.9739600419998169,True
300,45,55,0.9178445339202881,True
300,45,60,0.5895032286643982,True
300,45,65,0.3556379973888397,True
300,45,70,0.47261321544647217,True
300,45,75,0.7728853225708008,True
300,45,80,0.5059961676597595,True
300,46,10,0.022219162434339523,True
300,46,15,0.06821172684431076,True
300,46,20,0.0998944640159607,True
300,46,25,0.11099597811698914,True
300,46,30,0.1605251431465149,True
300,46,35,0.1864817589521408,True
300,46,40,0.40013760328292847,True
300,46,45,0.5405771136283875,True
300,46,50,0.9187604188919067,True
300,46,55,0.9369888305664062,True
300,46,60,1.0964536666870117,True
300,46,65,1.0382585525512695,True
300,46,70,1.013187050819397,True
300,46,75,0.8458074331283569,True
300,47,10,0.054666727781295776,True
300,47,15,0.09773863106966019,True
300,47,20,0.2174597531557083,True
300,47,25,0.22454193234443665,True
300,47,30,0.21108520030975342,True
300,47,35,0.35171782970428467,True
300,47,40,0.9229209423065186,True
300,47,45,0.9823943376541138,True
300,47,50,0.803117036819458,True
300,47,55,0.42296555638313293,True
300,47,60,0.6159825921058655,True
300,47,65,0.4185827970504761,True
300,47,70,0.7405390739440918,True
300,47,75,0.813028872013092,True
300,47,80,0.3535730242729187,True
300,48,10,0.0490197092294693,True
300,48,15,0.03900786116719246,True
300,48,20,0.03054208680987358,True
300,48,25,0.11879909038543701,True
300,48,30,0.17288179695606232,True
300,48,35,0.18942664563655853,True
300,48,40,0.6717469096183777,True
300,48,45,0.8220560550689697,True
300,48,50,1.0481408834457397,True
300,48,55,0.9965859651565552,True
300,48,60,1.061295747756958,True
300,48,65,0.8534248471260071,True
300,48,70,0.7600935101509094,True
300,48,75,0.762086033821106,True
300,49,10,0.06347627192735672,True
300,49,15,0.08335580676794052,True
300,49,20,0.2043950855731964,True
300,49,25,0.19138874113559723,True
300,49,30,0.1870383471250534,True
300,49,35,0.19595542550086975,True
300,49,40,0.6509592533111572,True
300,49,45,0.8217873573303223,True
300,49,50,1.052540898323059,True
300,49,55,0.8355076909065247,True
300,49,60,0.7211846709251404,True
300,49,65,0.6458280682563782,True
300,49,70,0.6410367488861084,True
300,49,75,0.6011530160903931,True
400,0,10,0.06370681524276733,True
400,0,15,0.10988590866327286,True
400,0,20,0.04346984624862671,True
400,0,25,0.12852393090724945,True
400,0,30,0.1262291818857193,True
400,0,35,0.15033367276191711,True
400,0,40,0.41859784722328186,True
400,0,45,0.5844826698303223,True
400,0,50,1.092141032218933,True
400,0,55,1.0815356969833374,True
400,0,60,1.0632215738296509,True
400,0,65,0.7307661175727844,True
400,0,70,0.5332403182983398,True
400,1,10,0.08736401796340942,True
400,1,15,0.05424690619111061,True
400,1,20,0.11810506135225296,True
400,1,25,0.07426632195711136,True
400,1,30,0.058221228420734406,True
400,1,35,0.1827937513589859,True
400,1,40,0.2114129215478897,True
400,1,45,0.3156433701515198,True
400,1,50,1.0123186111450195,True
400,1,55,1.0234613418579102,True
400,1,60,1.1269261837005615,True
400,1,65,1.1436419486999512,True
400,1,70,0.7675148248672485,True
400,2,10,0.07619491964578629,True
400,2,15,0.06976082921028137,True
400,2,20,0.12544086575508118,True
400,2,25,0.187423974275589,True
400,2,30,0.15163621306419373,True
400,2,35,0.17900779843330383,True
400,2,40,0.6394952535629272,True
400,2,45,0.8251980543136597,True
400,2,50,1.0055371522903442,True
400,2,55,1.031507134437561,True
400,2,60,1.0645394325256348,True
400,2,65,0.9809767007827759,True
400,3,10,0.09254774451255798,True
400,3,15,0.0485839881002903,True
400,3,20,0.16111628711223602,True
400,3,25,0.21338245272636414,True
400,3,30,0.20414471626281738,True
400,3,35,0.20258164405822754,True
400,3,40,0.6725677847862244,True
400,3,45,0.6809852123260498,True
400,3,50,0.9660599231719971,True
400,3,55,0.8660458922386169,True
400,3,60,0.8996437191963196,True
400,3,65,0.6437931656837463,True
400,3,70,0.3189718723297119,True
400,4,10,0.0641079843044281,True
400,4,15,0.03741402551531792,True
400,4,20,0.0480438694357872,True
400,4,25,0.09613794088363647,True
400,4,30,0.060303881764411926,True
400,4,35,0.12868110835552216,True
400,4,40,0.43336352705955505,True
400,4,45,0.744901180267334,True
400,4,50,0.9582996368408203,True
400,4,55,1.0312929153442383,True
400,4,60,1.0780110359191895,True
400,4,65,1.006439208984375,True
400,4,70,0.9678998589515686,True
400,4,75,0.7010074257850647,True
400,5,10,0.08713452517986298,True
400,5,15,0.034420352429151535,True
400,5,20,0.1383524388074875,True
400,5,25,0.1045750305056572,True
400,5,30,0.04292542487382889,True
400,5,35,0.09838397055864334,True
400,5,40,0.39263084530830383,True
400,5,45,0.2894800305366516,True
400,5,50,0.9563639760017395,True
400,5,55,0.9746783375740051,True
400,5,60,1.0591797828674316,True
400,5,65,1.1314538717269897,True
400,5,70,1.0960766077041626,True
400,6,10,0.15216024219989777,True
400,6,15,0.0980207622051239,True
400,6,20,0.17596523463726044,True
400,6,25,0.20683299005031586,True
400,6,30,0.13397492468357086,True
400,6,35,0.2593398690223694,True
400,6,40,0.8312503695487976,True
400,6,45,0.5428667664527893,True
400,6,50,1.018349051475525,True
400,6,55,0.9844245910644531,True
400,6,60,0.9014928340911865,True
400,7,10,0.0893142819404602,True
400,7,15,0.03707338497042656,True
400,7,20,0.08286859095096588,True
400,7,25,0.12503249943256378,True
400,7,30,0.07975314557552338,True
400,7,35,0.11956493556499481,True
400,7,40,0.4526638686656952,True
400,7,45,0.32525256276130676,True
400,7,50,0.9306649565696716,True
400,7,55,0.9385676383972168,True
400,7,60,1.1134922504425049,True
400,7,65,1.1185864210128784,True
400,7,70,0.9096724987030029,True
400,8,10,0.15398433804512024,True
400,8,15,0.07594987004995346,True
400,8,20,0.17175434529781342,True
400,8,25,0.14234811067581177,True
400,8,30,0.18983696401119232,True
400,8,35,0.515678346157074,True
400,8,40,0.6733837127685547,True
400,8,45,0.6029708385467529,True
400,8,50,1.033912181854248,True
400,8,55,0.979983925819397,True
400,8,60,0.9042723774909973,True
400,9,10,0.033834006637334824,True
400,9,15,0.06266475468873978,True
400,9,20,0.050721824169158936,True
400,9,25,0.07026877999305725,True
400,9,30,0.0809636265039444,True
400,9,35,0.13775402307510376,True
400,9,40,0.4991527795791626,True
400,9,45,0.5335990190505981,True
400,9,50,1.067724585533142,True
400,9,55,1.0422310829162598,True
400,9,60,1.0299415588378906,True
400,9,65,0.819786787033081,True
400,9,70,0.7764816284179688,True
400,10,10,0.1285257637500763,True
400,10,15,0.2109520584344864,True
400,10,20,0.043469175696372986,True
400,10,25,0.08286993950605392,True
400,10,30,0.09053928405046463,True
400,10,35,0.09167460352182388,True
400,10,40,0.5406718254089355,True
400,10,45,0.5980679988861084,True
400,10,50,0.7512593865394592,True
400,10,55,0.9269077777862549,True
400,10,60,0.9775981903076172,True
400,10,65,0.9287633895874023,True
400,10,70,0.6580733060836792,True
400,10,75,0.7103891968727112,True
400,11,10,0.07803501188755035,True
400,11,15,0.0654079020023346,True
400,11,20,0.15530428290367126,True
400,11,25,0.25796207785606384,True
400,11,30,0.19829073548316956,True
400,11,35,0.2716962993144989,True
400,11,40,0.8549761772155762,True
400,11,45,0.9408010840415955,True
400,11,50,1.0774458646774292,True
400,11,55,1.058220624923706,True
400,11,60,1.0574995279312134,True
400,12,10,0.09316490590572357,True
400,12,15,0.09421683847904205,True
400,12,20,0.10524950921535492,True
400,12,25,0.11075547337532043,True
400,12,30,0.07123591005802155,True
400,12,35,0.2863822877407074,True
400,12,40,0.795007050037384,True
400,12,45,0.7296525835990906,True
400,12,50,0.9904584884643555,True
400,12,55,1.0657974481582642,True
400,12,60,0.9547094106674194,True
400,13,10,0.1116170883178711,True
400,13,15,0.061638735234737396,True
400,13,20,0.0792703777551651,True
400,13,25,0.14352744817733765,True
400,13,30,0.05177898332476616,True
400,13,35,0.1624334156513214,True
400,13,40,0.5620379447937012,True
400,13,45,0.49210187792778015,True
400,13,50,0.8873177766799927,True
400,13,55,1.0770444869995117,True
400,13,60,1.0575052499771118,True
400,13,65,1.0155779123306274,True
400,14,10,0.020699046552181244,True
400,14,15,0.23572611808776855,True
400,14,20,0.17181991040706635,True
400,14,25,0.3360225260257721,True
400,14,30,0.30472317337989807,True
400,14,35,0.07192838191986084,True
400,14,40,0.6134585738182068,True
400,14,45,0.7054656744003296,True
400,14,50,0.6943985223770142,True
400,14,55,0.6675618290901184,True
400,14,60,0.4291870594024658,True
400,14,65,0.41913697123527527,True
400,14,70,0.44203028082847595,True
400,14,75,0.164118692278862,True
400,14,80,0.16385418176651,True
400,14,85,0.4278513491153717,True
400,14,90,0.37658441066741943,True
400,14,95,0.11202717572450638,True
400,14,100,0.36527228355407715,True
400,14,105,0.48889032006263733,True
400,14,110,0.37880414724349976,True
400,14,115,0.18441902101039886,True
400,14,120,0.18130311369895935,True
400,14,125,0.365141361951828,True
400,14,130,0.9241084456443787,True
400,14,135,0.9979669451713562,True
400,14,140,0.6403763890266418,True
400,14,145,0.48201119899749756,True
400,14,150,0.45480096340179443,True
400,14,155,0.4642713665962219,True
400,14,160,0.6147570610046387,True
400,14,165,0.4456149637699127,True
400,14,170,0.12978090345859528,True
400,14,175,0.39122065901756287,True
400,14,180,0.561838686466217,True
400,14,185,0.7986977696418762,True
400,14,190,0.47833654284477234,True
400,14,195,0.6073529720306396,True
400,14,200,0.14577782154083252,True
400,14,205,0.10732702165842056,True
400,14,210,0.8381650447845459,True
400,14,215,0.6821342706680298,True
400,14,220,0.2065896987915039,True
400,14,225,0.33117619156837463,True
400,14,230,0.7573676705360413,True
400,14,235,0.6191308498382568,True
400,14,240,0.4957340359687805,True
400,15,10,0.1302160769701004,True
400,15,15,0.12729601562023163,True
400,15,20,0.04858244210481644,True
400,15,25,0.08360505104064941,True
400,15,30,0.08947551250457764,True
400,15,35,0.22909173369407654,True
400,15,40,0.4570281505584717,True
400,15,45,0.9356164336204529,True
400,15,50,1.0051887035369873,True
400,15,55,0.9749936461448669,True
400,15,60,0.7284244894981384,True
400,15,65,0.8419723510742188,True
400,16,10,0.05492638051509857,True
400,16,15,0.022195229306817055,True
400,16,20,0.08668488264083862,True
400,16,25,0.07776743173599243,True
400,16,30,0.06283783912658691,True
400,16,35,0.09516103565692902,True
400,16,40,0.41586974263191223,True
400,16,45,0.5791050791740417,True
400,16,50,0.9307444095611572,True
400,16,55,0.9656127691268921,True
400,16,60,1.0771863460540771,True
400,16,65,1.0797102451324463,True
400,16,70,1.1140376329421997,True
400,16,75,0.786240816116333,True
400,17,10,0.174262136220932,True
400,17,15,0.08333838731050491,True
400,17,20,0.19556783139705658,True
400,17,25,0.23785635828971863,True
400,17,30,0.2578568756580353,True
400,17,35,0.3658543527126312,True
400,17,40,0.6663382649421692,True
400,17,45,0.8380028605461121,True
400,17,50,1.0130674839019775,True
400,17,55,0.9625289440155029,True
400,17,60,0.9231089949607849,True
400,18,10,0.07555601745843887,True
400,18,15,0.11131170392036438,True
400,18,20,0.035124823451042175,True
400,18,25,0.06531073153018951,True
400,18,30,0.09204600751399994,True
400,18,35,0.11454220861196518,True
400,18,40,0.4289454221725464,True
400,18,45,0.5286991000175476,True
400,18,50,0.9277817606925964,True
400,18,55,1.0061463117599487,True
400,18,60,0.9786486625671387,True
400,18,65,0.8930879831314087,True
400,18,70,0.6776675581932068,True
400,19,10,0.0941598042845726,True
400,19,15,0.04769022390246391,True
400,19,20,0.13705892860889435,True
400,19,25,0.17212148010730743,True
400,19,30,0.10746538639068604,True
400,19,35,0.23918980360031128,True
400,19,40,0.6740175485610962,True
400,19,45,0.7378063797950745,True
400,19,50,0.9051538705825806,True
400,19,55,1.0623159408569336,True
400,19,60,1.0074270963668823,True
400,19,65,0.9836083650588989,True
400,20,10,0.07976189255714417,True
400,20,15,0.09321952611207962,True
400,20,20,0.09214214980602264,True
400,20,25,0.08743434399366379,True
400,20,30,0.05707038938999176,True
400,20,35,0.052526336163282394,True
400,20,40,0.1462547928094864,True
400,20,45,0.3091898262500763,True
400,20,50,0.922548770904541,True
400,20,55,1.0515559911727905,True
400,20,60,1.04741632938385,True
400,20,65,1.0887356996536255,True
400,20,70,0.9757342338562012,True
400,20,75,0.528071939945221,True
400,21,10,0.0568663626909256,True
400,21,15,0.03751101344823837,True
400,21,20,0.20840027928352356,True
400,21,25,0.16792075335979462,True
400,21,30,0.10318780690431595,True
400,21,35,0.18694175779819489,True
400,21,40,0.48905712366104126,True
400,21,45,0.454112708568573,True
400,21,50,0.9292270541191101,True
400,21,55,1.0304632186889648,True
400,21,60,1.1050748825073242,True
400,21,65,1.1309540271759033,True
400,21,70,0.5985541343688965,True
400,22,10,0.21372176706790924,True
400,22,15,0.13327912986278534,True
400,22,20,0.24251577258110046,True
400,22,25,0.24113725125789642,True
400,22,30,0.30438560247421265,True
400,22,35,0.6304199695587158,True
400,22,40,0.763008177280426,True
400,22,45,0.7478511333465576,True
400,22,50,0.9994989037513733,True
400,22,55,0.9614422917366028,True
400,22,60,0.8517556190490723,True
400,22,65,0.655362069606781,True
400,22,70,0.5228502154350281,True
400,23,10,0.05008097365498543,True
400,23,15,0.05376454442739487,True
400,23,20,0.06912661343812943,True
400,23,25,0.18323159217834473,True
400,23,30,0.13269193470478058,True
400,23,35,0.17071613669395447,True
400,23,40,0.5807048678398132,True
400,23,45,0.27670222520828247,True
400,23,50,1.0109065771102905,True
400,23,55,1.0289725065231323,True
400,23,60,0.9994414448738098,True
400,24,10,0.06400740146636963,True
400,24,15,0.03066134639084339,True
400,24,20,0.20022369921207428,True
400,24,25,0.17633989453315735,True
400,24,30,0.11406170576810837,True
400,24,35,0.16642774641513824,True
400,24,40,0.39637473225593567,True
400,24,45,0.383741557598114,True
400,24,50,0.9417047500610352,True
400,24,55,1.0412956476211548,True
400,24,60,1.1123775243759155,True
400,24,65,1.1348661184310913,True
400,24,70,0.8005579710006714,True
400,25,10,0.037456806749105453,True
400,25,15,0.0834173709154129,True
400,25,20,0.12941810488700867,True
400,25,25,0.11232639104127884,True
400,25,30,0.15318170189857483,True
400,25,35,0.1963103711605072,True
400,25,40,0.6365649104118347,True
400,25,45,0.6130026578903198,True
400,25,50,1.0473068952560425,True
400,25,55,0.857388436794281,True
400,25,60,0.7527245283126831,True
400,25,65,0.6715981960296631,True
400,25,70,0.8469067811965942,True
400,25,75,0.7631932497024536,True
400,25,80,0.3964344561100006,True
400,25,85,0.5350276827812195,True
400,25,90,0.6514269709587097,True
400,25,95,0.2337294965982437,True
400,25,100,0.4868481755256653,True
400,25,105,0.5572284460067749,True
400,25,110,0.4255834221839905,True
400,25,115,0.2612661123275757,True
400,25,120,0.2928619980812073,True
400,25,125,0.32546597719192505,True
400,25,130,0.9476712346076965,True
400,25,135,0.9439639449119568,True
400,25,140,0.6551842093467712,True
400,25,145,0.47451210021972656,True
400,25,150,0.47425076365470886,True
400,25,155,0.5271590352058411,True
400,25,160,0.5803623199462891,True
400,25,165,0.40952351689338684,True
400,25,170,0.1283511519432068,True
400,25,175,0.4328608512878418,True
400,25,180,0.5627787709236145,True
400,25,185,0.7164967656135559,True
400,25,190,0.4715345501899719,True
400,25,195,0.42077550292015076,True
400,25,200,0.1001182347536087,True
400,25,205,0.16016007959842682,True
400,25,210,0.9521580934524536,True
400,25,215,0.6575996279716492,True
400,25,220,0.24016980826854706,True
400,25,225,0.4183591604232788,True
400,25,230,0.8762715458869934,True
400,25,235,0.8023141622543335,True
400,25,240,0.37901198863983154,True
400,25,245,0.5678197145462036,True
400,25,250,0.2432529628276825,True
400,25,255,0.549855649471283,True
400,25,260,0.1332373321056366,True
400,25,265,0.3609261214733124,True
400,25,270,0.5525690913200378,True
400,25,275,0.6740252375602722,True
400,25,280,0.6093228459358215,True
400,25,285,0.48959702253341675,True
400,25,290,0.4411812722682953,True
400,25,295,0.5298969745635986,True
400,25,300,0.2907677888870239,True
400,25,305,0.31534746289253235,True
400,25,310,0.38240963220596313,True
400,25,315,0.7021887302398682,True
400,25,320,0.529891312122345,True
400,25,325,0.4811038672924042,True
400,25,330,0.11842775344848633,True
400,25,335,0.5545027852058411,True
400,25,340,0.6221094727516174,True
400,26,10,0.08170098811388016,True
400,26,15,0.06937415897846222,True
400,26,20,0.06945573538541794,True
400,26,25,0.0851481482386589,True
400,26,30,0.06840785592794418,True
400,26,35,0.08468928933143616,True
400,26,40,0.14596092700958252,True
400,26,45,0.6372657418251038,True
400,26,50,0.9230182766914368,True
400,26,55,0.9878636002540588,True
400,26,60,1.0905109643936157,True
400,26,65,1.0976743698120117,True
400,26,70,0.6890894174575806,True
400,27,10,0.09725549072027206,True
400,27,15,0.12631407380104065,True
400,27,20,0.0902666375041008,True
400,27,25,0.1630300134420395,True
400,27,30,0.1514749377965927,True
400,27,35,0.15711914002895355,True
400,27,40,0.6985419392585754,True
400,27,45,0.7259543538093567,True
400,27,50,0.9884970784187317,True
400,27,55,1.020465612411499,True
400,27,60,1.0415332317352295,True
400,27,65,0.9185348153114319,True
400,27,70,0.8553960919380188,True
400,28,10,0.12138394266366959,True
400,28,15,0.07005473971366882,True
400,28,20,0.09275360405445099,True
400,28,25,0.17301048338413239,True
400,28,30,0.08685361593961716,True
400,28,35,0.16490742564201355,True
400,28,40,0.5423371195793152,True
400,28,45,0.6689745187759399,True
400,28,50,0.8888357281684875,True
400,28,55,0.9775622487068176,True
400,28,60,1.0289350748062134,True
400,28,65,0.9720532894134521,True
400,29,10,0.09414567053318024,True
400,29,15,0.07221291214227676,True
400,29,20,0.11821091175079346,True
400,29,25,0.09914485365152359,True
400,29,30,0.05055149644613266,True
400,29,35,0.26890993118286133,True
400,29,40,0.32244303822517395,True
400,29,45,0.5285794138908386,True
400,29,50,1.063438057899475,True
400,29,55,1.1325427293777466,True
400,29,60,0.9913299083709717,True
400,30,10,0.12044957280158997,True
400,30,15,0.24738731980323792,True
400,30,20,0.12443220615386963,True
400,30,25,0.2317953109741211,True
400,30,30,0.24527613818645477,True
400,30,35,0.3508731424808502,True
400,30,40,0.7144013047218323,True
400,30,45,0.4861498773097992,True
400,30,50,0.9269668459892273,True
400,30,55,0.8769298195838928,True
400,30,60,0.6939100027084351,True
400,30,65,0.5645666718482971,True
400,30,70,0.6266530156135559,True
400,30,75,0.7270687818527222,True
400,30,80,0.3911234736442566,True
400,31,10,0.05796254798769951,True
400,31,15,0.05631645396351814,True
400,31,20,0.03759509325027466,True
400,31,25,0.05046219751238823,True
400,31,30,0.09051332622766495,True
400,31,35,0.11551664024591446,True
400,31,40,0.22802139818668365,True
400,31,45,0.48530709743499756,True
400,31,50,0.7634198069572449,True
400,31,55,0.9425727128982544,True
400,31,60,1.0404386520385742,True
400,31,65,1.0379602909088135,True
400,31,70,0.6912198066711426,True
400,31,75,0.5898278951644897,True
400,32,10,0.024317564442753792,True
400,32,15,0.07171481847763062,True
400,32,20,0.11153002083301544,True
400,32,25,0.058844249695539474,True
400,32,30,0.06566205620765686,True
400,32,35,0.1511586308479309,True
400,32,40,0.35009780526161194,True
400,32,45,0.6276792287826538,True
400,32,50,1.0598384141921997,True
400,32,55,1.0539655685424805,True
400,32,60,1.043769121170044,True
400,32,65,0.6632307171821594,True
400,32,70,0.7268010973930359,True
400,32,75,0.5763606429100037,True
400,33,10,0.06542836874723434,True
400,33,15,0.05531339719891548,True
400,33,20,0.11396059393882751,True
400,33,25,0.10316532105207443,True
400,33,30,0.0595746673643589,True
400,33,35,0.27307039499282837,True
400,33,40,0.6652147173881531,True
400,33,45,0.7382908463478088,True
400,33,50,1.0573365688323975,True
400,33,55,1.1109309196472168,True
400,33,60,1.1251622438430786,True
400,33,65,0.8961318135261536,True
400,33,70,0.6592949628829956,True
400,34,10,0.08714532852172852,True
400,34,15,0.08306989818811417,True
400,34,20,0.15858112275600433,True
400,34,25,0.16935378313064575,True
400,34,30,0.06597078591585159,True
400,34,35,0.1878509521484375,True
400,34,40,0.7999834418296814,True
400,34,45,0.4936102628707886,True
400,34,50,1.0029176473617554,True
400,34,55,1.01457679271698,True
400,34,60,0.9574300050735474,True
400,34,65,0.8188484311103821,True
400,35,10,0.22377826273441315,True
400,35,15,0.14582060277462006,True
400,35,20,0.20662681758403778,True
400,35,25,0.2440696805715561,True
400,35,30,0.20349152386188507,True
400,35,35,0.33162206411361694,True
400,35,40,0.6554630994796753,True
400,35,45,0.5160795450210571,True
400,35,50,0.9338473081588745,True
400,35,55,0.896933376789093,True
400,35,60,0.7352314591407776,True
400,35,65,0.5778748393058777,True
400,35,70,0.6295656561851501,True
400,35,75,0.6878102421760559,True
400,36,10,0.02335646003484726,True
400,36,15,0.1404397189617157,True
400,36,20,0.043885525315999985,True
400,36,25,0.06547820568084717,True
400,36,30,0.07495976984500885,True
400,36,35,0.10516428202390671,True
400,36,40,0.23844514787197113,True
400,36,45,0.2572188079357147,True
400,36,50,1.0093693733215332,True
400,36,55,1.055387258529663,True
400,36,60,1.114074945449829,True
400,36,65,1.0463403463363647,True
400,36,70,0.9425269961357117,True
400,37,10,0.08380040526390076,True
400,37,15,0.06253942102193832,True
400,37,20,0.18942320346832275,True
400,37,25,0.13957124948501587,True
400,37,30,0.08836372196674347,True
400,37,35,0.2604687511920929,True
400,37,40,0.6836193203926086,True
400,37,45,0.5552016496658325,True
400,37,50,1.1041535139083862,True
400,37,55,1.0963259935379028,True
400,37,60,0.8870593905448914,True
400,37,65,1.01369047164917,True
400,38,10,0.18974579870700836,True
400,38,15,0.08205538243055344,True
400,38,20,0.18575400114059448,True
400,38,25,0.20772163569927216,True
400,38,30,0.22550229728221893,True
400,38,35,0.5155067443847656,True
400,38,40,0.9300903081893921,True
400,38,45,1.0149736404418945,True
400,38,50,1.1033341884613037,True
400,38,55,1.0311758518218994,True
400,38,60,0.8574244976043701,True
400,39,10,0.12566812336444855,True
400,39,15,0.09206859022378922,True
400,39,20,0.08429764956235886,True
400,39,25,0.10178126394748688,True
400,39,30,0.10624993592500687,True
400,39,35,0.3800540268421173,True
400,39,40,0.8598904013633728,True
400,39,45,0.8429676294326782,True
400,39,50,1.1285772323608398,True
400,39,55,1.0754814147949219,True
400,39,60,1.0065971612930298,True
400,39,65,0.7198978662490845,True
400,39,70,0.43234771490097046,True
400,40,10,0.15275634825229645,True
400,40,15,0.07978464663028717,True
400,40,20,0.1982736885547638,True
400,40,25,0.21417272090911865,True
400,40,30,0.1889760047197342,True
400,40,35,0.2333781123161316,True
400,40,40,0.6439235210418701,True
400,40,45,0.6351104378700256,True
400,40,50,0.9709226489067078,True
400,40,55,0.9086858630180359,True
400,40,60,0.7847015857696533,True
400,40,65,0.7349278926849365,True
400,41,10,0.13522227108478546,True
400,41,15,0.06691242754459381,True
400,41,20,0.1492779552936554,True
400,41,25,0.18232452869415283,True
400,41,30,0.1630192995071411,True
400,41,35,0.4454507529735565,True
400,41,40,0.38325363397598267,True
400,41,45,0.7830701470375061,True
400,41,50,1.1107447147369385,True
400,41,55,0.9665333032608032,True
400,41,60,0.8549073338508606,True
400,42,10,0.0325738824903965,True
400,42,15,0.06227245554327965,True
400,42,20,0.05022836849093437,True
400,42,25,0.07678978890180588,True
400,42,30,0.06820952147245407,True
400,42,35,0.11817551404237747,True
400,42,40,0.43573206663131714,True
400,42,45,0.29578086733818054,True
400,42,50,0.9744750261306763,True
400,42,55,1.0671229362487793,True
400,42,60,1.1106820106506348,True
400,42,65,0.9222913980484009,True
400,43,10,0.08035822957754135,True
400,43,15,0.08391610532999039,True
400,43,20,0.11120118200778961,True
400,43,25,0.10034775733947754,True
400,43,30,0.06950544565916061,True
400,43,35,0.1892773061990738,True
400,43,40,0.42055973410606384,True
400,43,45,0.5809497833251953,True
400,43,50,0.9525238275527954,True
400,43,55,1.1043033599853516,True
400,43,60,1.0119954347610474,True
400,43,65,0.9780420660972595,True
400,44,10,0.1677214652299881,True
400,44,15,0.06742022931575775,True
400,44,20,0.14711973071098328,True
400,44,25,0.19754183292388916,True
400,44,30,0.13945229351520538,True
400,44,35,0.30037859082221985,True
400,44,40,0.6833505034446716,True
400,44,45,0.6752275228500366,True
400,44,50,0.9250257015228271,True
400,44,55,0.9188215136528015,True
400,44,60,0.7634556889533997,True
400,44,65,0.8230632543563843,True
400,44,70,0.6977038979530334,True
400,44,75,0.6460344195365906,True
400,45,10,0.13794979453086853,True
400,45,15,0.06052452698349953,True
400,45,20,0.11386407166719437,True
400,45,25,0.1251419484615326,True
400,45,30,0.18770535290241241,True
400,45,35,0.500434160232544,True
400,45,40,0.9558302760124207,True
400,45,45,0.8508244156837463,True
400,45,50,1.0828989744186401,True
400,45,55,0.8085387349128723,True
400,45,60,0.49442705512046814,True
400,45,65,0.3025752902030945,True
400,45,70,0.37928691506385803,True
400,45,75,0.6465970277786255,True
400,45,80,0.6040633320808411,True
400,45,85,0.5989778637886047,True
400,45,90,0.8126852512359619,True
400,46,10,0.025942878797650337,True
400,46,15,0.10115838795900345,True
400,46,20,0.11324295401573181,True
400,46,25,0.12337972968816757,True
400,46,30,0.1287258267402649,True
400,46,35,0.1687372475862503,True
400,46,40,0.4034320116043091,True
400,46,45,0.26881688833236694,True
400,46,50,0.9814273118972778,True
400,46,55,1.037875771522522,True
400,46,60,1.1273671388626099,True
400,46,65,1.0848612785339355,True
400,46,70,0.8372672200202942,True
400,47,10,0.1420738697052002,True
400,47,15,0.09655899554491043,True
400,47,20,0.12394854426383972,True
400,47,25,0.21755236387252808,True
400,47,30,0.16786028444766998,True
400,47,35,0.24575023353099823,True
400,47,40,0.7816253304481506,True
400,47,45,0.8621035218238831,True
400,47,50,1.0357606410980225,True
400,47,55,0.9388158321380615,True
400,47,60,0.8887318968772888,True
400,48,10,0.05716127157211304,True
400,48,15,0.06563777476549149,True
400,48,20,0.05781915783882141,True
400,48,25,0.0896262377500534,True
400,48,30,0.10625788569450378,True
400,48,35,0.17694315314292908,True
400,48,40,0.5404566526412964,True
400,48,45,0.6650838255882263,True
400,48,50,1.0722076892852783,True
400,48,55,1.0123697519302368,True
400,48,60,1.0181572437286377,True
400,48,65,0.9719729423522949,True
400,48,70,0.8059207201004028,True
400,49,10,0.10219220817089081,True
400,49,15,0.09822681546211243,True
400,49,20,0.07377543300390244,True
400,49,25,0.16868595778942108,True
400,49,30,0.13753317296504974,True
400,49,35,0.1307104080915451,True
400,49,40,0.4289223551750183,True
400,49,45,0.6642479300498962,True
400,49,50,1.051099181175232,True
400,49,55,0.8667357563972473,True
400,49,60,0.7538004517555237,True
400,49,65,0.7933985590934753,True
400,49,70,0.593049168586731,True
500,0,10,0.08195240050554276,True
500,0,15,0.08173547685146332,True
500,0,20,0.03695348650217056,True
500,0,25,0.12124814093112946,True
500,0,30,0.13910579681396484,True
500,0,35,0.10849372297525406,True
500,0,40,0.20310476422309875,True
500,0,45,0.19633062183856964,True
500,0,50,0.9087539911270142,True
500,0,55,1.0412955284118652,True
500,0,60,1.0558439493179321,True
500,0,65,1.0722379684448242,True
500,0,70,0.8004873394966125,True
500,1,10,0.08618227392435074,True
500,1,15,0.054753322154283524,True
500,1,20,0.13783282041549683,True
500,1,25,0.09755770862102509,True
500,1,30,0.06052875146269798,True
500,1,35,0.2178327739238739,True
500,1,40,0.12608973681926727,True
500,1,45,0.0744086503982544,True
500,1,50,0.9042661786079407,True
500,1,55,1.0373120307922363,True
500,1,60,1.0738688707351685,True
500,1,65,1.1311566829681396,True
500,1,70,0.7188481688499451,True
500,2,10,0.10501042008399963,True
500,2,15,0.060255952179431915,True
500,2,20,0.13009333610534668,True
500,2,25,0.18898959457874298,True
500,2,30,0.1134992241859436,True
500,2,35,0.10595598816871643,True
500,2,40,0.40387365221977234,True
500,2,45,0.7090021371841431,True
500,2,50,0.9479919075965881,True
500,2,55,0.9851711988449097,True
500,2,60,1.0195128917694092,True
500,2,65,1.0307904481887817,True
500,2,70,0.787857174873352,True
500,3,10,0.10475490987300873,True
500,3,15,0.0622301809489727,True
500,3,20,0.0828934982419014,True
500,3,25,0.18050487339496613,True
500,3,30,0.17965422570705414,True
500,3,35,0.15859048068523407,True
500,3,40,0.34565258026123047,True
500,3,45,0.3795434236526489,True
500,3,50,0.6993008255958557,True
500,3,55,0.8425905108451843,True
500,3,60,0.686271071434021,True
500,3,65,0.9085146188735962,True
500,3,70,0.5221043229103088,True
500,4,10,0.06699895858764648,True
500,4,15,0.04285517707467079,True
500,4,20,0.0633057951927185,True
500,4,25,0.0902814120054245,True
500,4,30,0.03504999727010727,True
500,4,35,0.08781008422374725,True
500,4,40,0.2298319935798645,True
500,4,45,0.3505246341228485,True
500,4,50,0.8654054403305054,True
500,4,55,1.0651540756225586,True
500,4,60,1.1034917831420898,True
500,4,65,1.084269404411316,True
500,4,70,0.9899947047233582,True
500,5,10,0.08521950244903564,True
500,5,15,0.029563605785369873,True
500,5,20,0.14031708240509033,True
500,5,25,0.11727436631917953,True
500,5,30,0.04358864575624466,True
500,5,35,0.07888325303792953,True
500,5,40,0.269769549369812,True
500,5,45,0.1280069202184677,True
500,5,50,0.5084680318832397,True
500,5,55,0.9133020043373108,True
500,5,60,1.070148229598999,True
500,5,65,1.1183117628097534,True
500,5,70,0.9884914755821228,True
500,5,75,0.5859290957450867,True
500,6,10,0.15093156695365906,True
500,6,15,0.09075991064310074,True
500,6,20,0.14111295342445374,True
500,6,25,0.19057022035121918,True
500,6,30,0.08829360455274582,True
500,6,35,0.14051058888435364,True
500,6,40,0.6191121339797974,True
500,6,45,0.6396602392196655,True
500,6,50,0.9783011674880981,True
500,6,55,0.9710421562194824,True
500,6,60,1.0205893516540527,True
500,6,65,0.8713930249214172,True
500,7,10,0.0967039242386818,True
500,7,15,0.0373532809317112,True
500,7,20,0.09993979334831238,True
500,7,25,0.1274639517068863,True
500,7,30,0.0811278223991394,True
500,7,35,0.09174637496471405,True
500,7,40,0.13391217589378357,True
500,7,45,0.19092364609241486,True
500,7,50,0.5430474877357483,True
500,7,55,0.7011768817901611,True
500,7,60,0.8991966247558594,True
500,7,65,1.1081507205963135,True
500,7,70,0.7405471205711365,True
500,7,75,0.2448572963476181,True
500,8,10,0.14716361463069916,True
500,8,15,0.07515539228916168,True
500,8,20,0.1851980984210968,True
500,8,25,0.1374446451663971,True
500,8,30,0.117497019469738,True
500,8,35,0.3063061237335205,True
500,8,40,0.6663358211517334,True
500,8,45,0.5825214385986328,True
500,8,50,0.5655993819236755,True
500,8,55,0.891842782497406,True
500,8,60,0.9109357595443726,True
500,8,65,0.8800135850906372,True
500,8,70,0.7338685393333435,True
500,9,10,0.03298700600862503,True
500,9,15,0.05897388979792595,True
500,9,20,0.04479770362377167,True
500,9,25,0.07880845665931702,True
500,9,30,0.041630085557699203,True
500,9,35,0.1040499210357666,True
500,9,40,0.2783736288547516,True
500,9,45,0.16537976264953613,True
500,9,50,0.7647777199745178,True
500,9,55,1.0526893138885498,True
500,9,60,1.1047338247299194,True
500,9,65,1.0931000709533691,True
500,9,70,0.6792146563529968,True
500,10,10,0.1515461504459381,True
500,10,15,0.24732881784439087,True
500,10,20,0.05087319388985634,True
500,10,25,0.08304818719625473,True
500,10,30,0.0843401700258255,True
500,10,35,0.08456851541996002,True
500,10,40,0.46534740924835205,True
500,10,45,0.49713289737701416,True
500,10,50,0.8418070077896118,True
500,10,55,1.0318176746368408,True
500,10,60,0.9745027422904968,True
500,10,65,0.9507312774658203,True
500,10,70,0.6913399696350098,True
500,11,10,0.12140826135873795,True
500,11,15,0.08909725397825241,True
500,11,20,0.1610712707042694,True
500,11,25,0.19874736666679382,True
500,11,30,0.1474207639694214,True
500,11,35,0.21303263306617737,True
500,11,40,0.7535918951034546,True
500,11,45,0.894984781742096,True
500,11,50,1.0677803754806519,True
500,11,55,1.0456632375717163,True
500,11,60,1.0366740226745605,True
500,11,65,1.0109182596206665,True
500,12,10,0.109925277531147,True
500,12,15,0.10026650875806808,True
500,12,20,0.12838764488697052,True
500,12,25,0.11725343018770218,True
500,12,30,0.08009350299835205,True
500,12,35,0.18919789791107178,True
500,12,40,0.4716617465019226,True
500,12,45,0.5685747861862183,True
500,12,50,0.9764748811721802,True
500,12,55,0.991851270198822,True
500,12,60,0.9838489294052124,True
500,12,65,0.9746684432029724,True
500,13,10,0.12127766758203506,True
500,13,15,0.06625352799892426,True
500,13,20,0.08595874905586243,True
500,13,25,0.16257871687412262,True
500,13,30,0.05671674385666847,True
500,13,35,0.09628726541996002,True
500,13,40,0.34628844261169434,True
500,13,45,0.28567954897880554,True
500,13,50,0.7219800353050232,True
500,13,55,0.8932331800460815,True
500,13,60,0.9470343589782715,True
500,13,65,1.068193793296814,True
500,13,70,0.8303671479225159,True
500,14,10,0.040497180074453354,True
500,14,15,0.33576342463493347,True
500,14,20,0.23676331341266632,True
500,14,25,0.34140467643737793,True
500,14,30,0.426693856716156,True
500,14,35,0.20951208472251892,True
500,14,40,0.5589300990104675,True
500,14,45,0.8405667543411255,True
500,14,50,0.7943535447120667,True
500,14,55,0.4589223265647888,True
500,14,60,0.4845527410507202,True
500,14,65,0.5174718499183655,True
500,14,70,0.7152090072631836,True
500,14,75,0.7368379235267639,True
500,14,80,0.568406879901886,True
500,14,85,0.6346110701560974,True
500,14,90,0.7951703667640686,True
500,14,95,0.3616667091846466,True
500,14,100,0.5248059630393982,True
500,14,105,0.5713489055633545,True
500,14,110,0.47363460063934326,True
500,14,115,0.32150059938430786,True
500,14,120,0.13503660261631012,True
500,14,125,0.23691990971565247,True
500,14,130,0.619387686252594,True
500,14,135,0.9555344581604004,True
500,14,140,0.6422349810600281,True
500,14,145,0.5334977507591248,True
500,14,150,0.52402663230896,True
500,14,155,0.4782300293445587,True
500,14,160,0.6445855498313904,True
500,15,10,0.12441273778676987,True
500,15,15,0.09747390449047089,True
500,15,20,0.0636332705616951,True
500,15,25,0.07516204565763474,True
500,15,30,0.0526663213968277,True
500,15,35,0.1199149563908577,True
500,15,40,0.09792818874120712,True
500,15,45,0.36893558502197266,True
500,15,50,0.8942028284072876,True
500,15,55,0.9972895383834839,True
500,15,60,0.6122357249259949,True
500,15,65,0.7032684683799744,True
500,15,70,0.7144439220428467,True
500,16,10,0.059845276176929474,True
500,16,15,0.02475297637283802,True
500,16,20,0.07763172686100006,True
500,16,25,0.0865645632147789,True
500,16,30,0.08481311053037643,True
500,16,35,0.08996739238500595,True
500,16,40,0.36565080285072327,True
500,16,45,0.17096611857414246,True
500,16,50,0.8924086093902588,True
500,16,55,0.9362305402755737,True
500,16,60,1.0796364545822144,True
500,16,65,1.1119192838668823,True
500,16,70,1.1524649858474731,True
500,16,75,0.41914552450180054,True
500,17,10,0.18549787998199463,True
500,17,15,0.06468482315540314,True
500,17,20,0.16432060301303864,True
500,17,25,0.20736846327781677,True
500,17,30,0.15169377624988556,True
500,17,35,0.24421846866607666,True
500,17,40,0.5390145778656006,True
500,17,45,0.3198164999485016,True
500,17,50,0.8686066269874573,True
500,17,55,0.9818156361579895,True
500,17,60,0.8867692947387695,True
500,17,65,0.9066131711006165,True
500,18,10,0.07612420618534088,True
500,18,15,0.07261372357606888,True
500,18,20,0.05449593439698219,True
500,18,25,0.052873823791742325,True
500,18,30,0.07592436671257019,True
500,18,35,0.07240820676088333,True
500,18,40,0.22273866832256317,True
500,18,45,0.2915666997432709,True
500,18,50,0.8056515455245972,True
500,18,55,0.8095927238464355,True
500,18,60,0.875236988067627,True
500,18,65,1.0234636068344116,True
500,18,70,0.7603839635848999,True
500,19,10,0.1054447740316391,True
500,19,15,0.04441450163722038,True
500,19,20,0.1704600602388382,True
500,19,25,0.16510115563869476,True
500,19,30,0.09727495908737183,True
500,19,35,0.187459334731102,True
500,19,40,0.49509623646736145,True
500,19,45,0.5507093667984009,True
500,19,50,0.8476414084434509,True
500,19,55,1.0058673620224,True
500,19,60,0.7350133061408997,True
500,19,65,0.9317958354949951,True
500,19,70,0.6214180588722229,True
500,20,10,0.08702836185693741,True
500,20,15,0.07078378647565842,True
500,20,20,0.09366478770971298,True
500,20,25,0.11732194572687149,True
500,20,30,0.043231379240751266,True
500,20,35,0.1349700540304184,True
500,20,40,0.21380960941314697,True
500,20,45,0.1071823388338089,True
500,20,50,0.7407189011573792,True
500,20,55,1.0343196392059326,True
500,20,60,0.9312072396278381,True
500,20,65,1.056574821472168,True
500,20,70,0.7723668217658997,True
500,20,75,0.3497121334075928,True
500,21,10,0.06991419196128845,True
500,21,15,0.04017522558569908,True
500,21,20,0.2501736581325531,True
500,21,25,0.1682012528181076,True
500,21,30,0.11629023402929306,True
500,21,35,0.18415455520153046,True
500,21,40,0.33313822746276855,True
500,21,45,0.230362206697464,True
500,21,50,0.6415899395942688,True
500,21,55,1.0616828203201294,True
500,21,60,1.06239914894104,True
500,21,65,1.1092664003372192,True
500,21,70,0.6283371448516846,True
500,21,75,0.2638282775878906,True
500,22,10,0.21654050052165985,True
500,22,15,0.2370958775281906,True
500,22,20,0.22730515897274017,True
500,22,25,0.20491302013397217,True
500,22,30,0.17816518247127533,True
500,22,35,0.3501686751842499,True
500,22,40,0.8062109351158142,True
500,22,45,0.5087701678276062,True
500,22,50,1.004496455192566,True
500,22,55,0.9037690758705139,True
500,22,60,0.8719189763069153,True
500,22,65,0.8259449601173401,True
500,22,70,0.8621538281440735,True
500,22,75,0.23714272677898407,True
500,23,10,0.06901238858699799,True
500,23,15,0.06390213221311569,True
500,23,20,0.08086264878511429,True
500,23,25,0.17312262952327728,True
500,23,30,0.11385127156972885,True
500,23,35,0.10212688148021698,True
500,23,40,0.34355443716049194,True
500,23,45,0.21687725186347961,True
500,23,50,0.8660002946853638,True
500,23,55,0.9775575995445251,True
500,23,60,0.844872236251831,True
500,23,65,0.956113874912262,True
500,24,10,0.07003258168697357,True
500,24,15,0.028545543551445007,True
500,24,20,0.21528220176696777,True
500,24,25,0.15535716712474823,True
500,24,30,0.08874380588531494,True
500,24,35,0.13433977961540222,True
500,24,40,0.3266269564628601,True
500,24,45,0.1971159726381302,True
500,24,50,0.6140696406364441,True
500,24,55,1.0090841054916382,True
500,24,60,1.0541281700134277,True
500,24,65,1.0952460765838623,True
500,24,70,0.8594347238540649,True
500,24,75,0.19834604859352112,True
500,25,10,0.04918457567691803,True
500,25,15,0.07950231432914734,True
500,25,20,0.09805430471897125,True
500,25,25,0.1306641697883606,True
500,25,30,0.11146093159914017,True
500,25,35,0.16185279190540314,True
500,25,40,0.48911231756210327,True
500,25,45,0.41019904613494873,True
500,25,50,1.009925127029419,True
500,25,55,0.9686616659164429,True
500,25,60,0.9326273202896118,True
500,25,65,0.764606773853302,True
500,25,70,0.7945570349693298,True
500,25,75,0.6360873579978943,True
500,25,80,0.6516724228858948,True
500,25,85,0.6416028141975403,True
500,25,90,0.8244534134864807,True
500,25,95,0.3818559944629669,True
500,25,100,0.6389334201812744,True
500,25,105,0.7638956308364868,True
500,25,110,0.48367840051651,True
500,25,115,0.38787251710891724,True
500,25,120,0.16746947169303894,True
500,25,125,0.22669309377670288,True
500,25,130,0.9120112061500549,True
500,25,135,0.9365731477737427,True
500,25,140,0.6350623369216919,True
500,25,145,0.5023364424705505,True
500,25,150,0.5392023921012878,True
500,25,155,0.48778262734413147,True
500,25,160,0.6452701091766357,True
500,26,10,0.08334551006555557,True
500,26,15,0.061188649386167526,True
500,26,20,0.07458508014678955,True
500,26,25,0.10153630375862122,True
500,26,30,0.06116187199950218,True
500,26,35,0.08421094715595245,True
500,26,40,0.08486441522836685,True
500,26,45,0.13422831892967224,True
500,26,50,0.7669349908828735,True
500,26,55,1.0538781881332397,True
500,26,60,1.0596390962600708,True
500,26,65,1.0982000827789307,True
500,26,70,0.567755937576294,True
500,27,10,0.10978826880455017,True
500,27,15,0.09658949822187424,True
500,27,20,0.1268475502729416,True
500,27,25,0.15706685185432434,True
500,27,30,0.11157766729593277,True
500,27,35,0.15781550109386444,True
500,27,40,0.594061553478241,True
500,27,45,0.7011502981185913,True
500,27,50,0.8978925943374634,True
500,27,55,1.067055344581604,True
500,27,60,1.0173617601394653,True
500,27,65,1.0469038486480713,True
500,27,70,0.951105535030365,True
500,28,10,0.13460958003997803,True
500,28,15,0.08250169456005096,True
500,28,20,0.11895381659269333,True
500,28,25,0.1772635579109192,True
500,28,30,0.08919864892959595,True
500,28,35,0.08972715586423874,True
500,28,40,0.40855419635772705,True
500,28,45,0.36215320229530334,True
500,28,50,0.7033964395523071,True
500,28,55,0.9189991354942322,True
500,28,60,0.8547858595848083,True
500,28,65,1.044051170349121,True
500,28,70,0.6790986657142639,True
500,29,10,0.0943249985575676,True
500,29,15,0.07161599397659302,True
500,29,20,0.14234855771064758,True
500,29,25,0.10095667093992233,True
500,29,30,0.05378388985991478,True
500,29,35,0.14463067054748535,True
500,29,40,0.10796415060758591,True
500,29,45,0.15266475081443787,True
500,29,50,0.9941120147705078,True
500,29,55,1.0896340608596802,True
500,29,60,1.1100142002105713,True
500,29,65,1.0275332927703857,True
500,30,10,0.1402379721403122,True
500,30,15,0.3357764184474945,True
500,30,20,0.19796010851860046,True
500,30,25,0.211216002702713,True
500,30,30,0.19812744855880737,True
500,30,35,0.2670861780643463,True
500,30,40,0.6538176536560059,True
500,30,45,0.6769399046897888,True
500,30,50,0.8991981148719788,True
500,30,55,0.93925541639328,True
500,30,60,0.8378005623817444,True
500,30,65,0.7721006274223328,True
500,30,70,0.8075087666511536,True
500,30,75,0.349817156791687,True
500,31,10,0.06609165668487549,True
500,31,15,0.0499388761818409,True
500,31,20,0.038827795535326004,True
500,31,25,0.0709691271185875,True
500,31,30,0.11276999115943909,True
500,31,35,0.08210727572441101,True
500,31,40,0.12769128382205963,True
500,31,45,0.37408801913261414,True
500,31,50,0.7623918652534485,True
500,31,55,0.8856694102287292,True
500,31,60,1.0254871845245361,True
500,31,65,1.089835524559021,True
500,31,70,0.9316589832305908,True
500,31,75,0.4130364954471588,True
500,32,10,0.037430692464113235,True
500,32,15,0.08109184354543686,True
500,32,20,0.09690309315919876,True
500,32,25,0.07487636059522629,True
500,32,30,0.04749133065342903,True
500,32,35,0.12295442074537277,True
500,32,40,0.1813836693763733,True
500,32,45,0.342399537563324,True
500,32,50,0.8677153587341309,True
500,32,55,1.0795432329177856,True
500,32,60,1.11232590675354,True
500,32,65,1.0830460786819458,True
500,32,70,0.8934990167617798,True
500,33,10,0.08173822611570358,True
500,33,15,0.05748104676604271,True
500,33,20,0.15497522056102753,True
500,33,25,0.11341492086648941,True
500,33,30,0.06367291510105133,True
500,33,35,0.1276044100522995,True
500,33,40,0.5584989786148071,True
500,33,45,0.6597685217857361,True
500,33,50,0.9925457239151001,True
500,33,55,1.0838117599487305,True
500,33,60,1.117140769958496,True
500,33,65,1.0909322500228882,True
500,33,70,0.8519110083580017,True
500,34,10,0.08500388264656067,True
500,34,15,0.08859510719776154,True
500,34,20,0.14397132396697998,True
500,34,25,0.16972742974758148,True
500,34,30,0.05496293678879738,True
500,34,35,0.11377827078104019,True
500,34,40,0.5136850476264954,True
500,34,45,0.5904856324195862,True
500,34,50,0.8455396294593811,True
500,34,55,0.9396879076957703,True
500,34,60,0.9982681274414062,True
500,34,65,1.0169358253479004,True
500,35,10,0.2348402440547943,True
500,35,15,0.13324515521526337,True
500,35,20,0.15847928822040558,True
500,35,25,0.21093618869781494,True
500,35,30,0.15582692623138428,True
500,35,35,0.19145168364048004,True
500,35,40,0.27503645420074463,True
500,35,45,0.6087945103645325,True
500,35,50,0.7622265219688416,True
500,35,55,0.7984799146652222,True
500,35,60,0.8147131204605103,True
500,35,65,0.8427247405052185,True
500,35,70,0.5979622006416321,True
500,36,10,0.030664222314953804,True
500,36,15,0.13364699482917786,True
500,36,20,0.03096628561615944,True
500,36,25,0.08131004124879837,True
500,36,30,0.08028651028871536,True
500,36,35,0.09880155324935913,True
500,36,40,0.12745502591133118,True
500,36,45,0.10175485163927078,True
500,36,50,0.7315378785133362,True
500,36,55,1.0560038089752197,True
500,36,60,1.0487439632415771,True
500,36,65,1.1017298698425293,True
500,36,70,0.5942709445953369,True
500,37,10,0.09000257402658463,True
500,37,15,0.054449401795864105,True
500,37,20,0.24172350764274597,True
500,37,25,0.1491524875164032,True
500,37,30,0.08048724383115768,True
500,37,35,0.17174755036830902,True
500,37,40,0.6528794169425964,True
500,37,45,0.6453322172164917,True
500,37,50,0.965840220451355,True
500,37,55,1.0512640476226807,True
500,37,60,1.0008454322814941,True
500,37,65,0.5791205167770386,True
500,37,70,0.8390414118766785,True
500,38,10,0.1834418624639511,True
500,38,15,0.08542501926422119,True
500,38,20,0.2126648873090744,True
500,38,25,0.20031867921352386,True
500,38,30,0.13680414855480194,True
500,38,35,0.3552085757255554,True
500,38,40,0.7710643410682678,True
500,38,45,0.7183891534805298,True
500,38,50,1.0569496154785156,True
500,38,55,0.9989439249038696,True
500,38,60,0.8917073607444763,True
500,38,65,0.9177640080451965,True
500,39,10,0.1196753978729248,True
500,39,15,0.09169865399599075,True
500,39,20,0.10406322777271271,True
500,39,25,0.09307515621185303,True
500,39,30,0.059787046164274216,True
500,39,35,0.24540472030639648,True
500,39,40,0.5810651183128357,True
500,39,45,0.6858736276626587,True
500,39,50,0.870751678943634,True
500,39,55,1.0838276147842407,True
500,39,60,1.0900675058364868,True
500,39,65,0.8443594574928284,True
500,39,70,0.8575267195701599,True
500,40,10,0.17559202015399933,True
500,40,15,0.10506848990917206,True
500,40,20,0.1611568182706833,True
500,40,25,0.21772098541259766,True
500,40,30,0.17543624341487885,True
500,40,35,0.17853614687919617,True
500,40,40,0.43978145718574524,True
500,40,45,0.360752135515213,True
500,40,50,0.959601640701294,True
500,40,55,0.8154906630516052,True
500,40,60,0.8517722487449646,True
500,40,65,0.8255587220191956,True
500,40,70,0.6460180282592773,True
500,41,10,0.14738041162490845,True
500,41,15,0.07729464024305344,True
500,41,20,0.12197518348693848,True
500,41,25,0.15934737026691437,True
500,41,30,0.09666774421930313,True
500,41,35,0.29309043288230896,True
500,41,40,0.28894302248954773,True
500,41,45,0.15160031616687775,True
500,41,50,1.0469967126846313,True
500,41,55,0.9458292126655579,True
500,41,60,0.5404223799705505,True
500,41,65,0.7966001033782959,True
500,42,10,0.039626237004995346,True
500,42,15,0.056088637560606,True
500,42,20,0.05741607025265694,True
500,42,25,0.07476706802845001,True
500,42,30,0.0650731697678566,True
500,42,35,0.0753975436091423,True
500,42,40,0.18824176490306854,True
500,42,45,0.10606469213962555,True
500,42,50,0.8652518391609192,True
500,42,55,1.0167899131774902,True
500,42,60,0.9860866665840149,True
500,42,65,1.0926790237426758,True
500,42,70,0.897373616695404,True
500,43,10,0.0779663696885109,True
500,43,15,0.09889119118452072,True
500,43,20,0.15642376244068146,True
500,43,25,0.13478562235832214,True
500,43,30,0.0735788494348526,True
500,43,35,0.10434214025735855,True
500,43,40,0.1450653225183487,True
500,43,45,0.10825222730636597,True
500,43,50,0.6180233955383301,True
500,43,55,0.9784095883369446,True
500,43,60,1.0154350996017456,True
500,43,65,0.9762219190597534,True
500,43,70,0.6665527820587158,True
500,44,10,0.19130659103393555,True
500,44,15,0.07533110678195953,True
500,44,20,0.15829981863498688,True
500,44,25,0.12422338128089905,True
500,44,30,0.09008543193340302,True
500,44,35,0.15058062970638275,True
500,44,40,0.5317832827568054,True
500,44,45,0.6014725565910339,True
500,44,50,0.8710278272628784,True
500,44,55,0.9145392775535583,True
500,44,60,0.8331574201583862,True
500,44,65,0.9036200642585754,True
500,44,70,0.6687681078910828,True
500,44,75,0.7159924507141113,True
500,45,10,0.1268751174211502,True
500,45,15,0.06963557004928589,True
500,45,20,0.16204938292503357,True
500,45,25,0.09008374810218811,True
500,45,30,0.08175928145647049,True
500,45,35,0.3235439956188202,True
500,45,40,0.37073004245758057,True
500,45,45,0.6064688563346863,True
500,45,50,0.9806808233261108,True
500,45,55,1.0431526899337769,True
500,45,60,0.7188171744346619,True
500,45,65,0.580980658531189,True
500,45,70,0.6438109278678894,True
500,45,75,0.7246010899543762,True
500,45,80,0.7050062417984009,True
500,46,10,0.0317874476313591,True
500,46,15,0.08265859633684158,True
500,46,20,0.09492208063602448,True
500,46,25,0.1209554448723793,True
500,46,30,0.11797352880239487,True
500,46,35,0.10006660223007202,True
500,46,40,0.283250093460083,True
500,46,45,0.16851869225502014,True
500,46,50,0.7309647798538208,True
500,46,55,1.0634630918502808,True
500,46,60,1.0914597511291504,True
500,46,65,1.1049259901046753,True
500,46,70,0.6133497953414917,True
500,47,10,0.16481029987335205,True
500,47,15,0.07470013201236725,True
500,47,20,0.09510525315999985,True
500,47,25,0.2040143758058548,True
500,47,30,0.1268242597579956,True
500,47,35,0.17937538027763367,True
500,47,40,0.8112245798110962,True
500,47,45,0.4296797513961792,True
500,47,50,1.0516058206558228,True
500,47,55,1.0407811403274536,True
500,47,60,0.9336523413658142,True
500,47,65,0.8224610686302185,True
500,48,10,0.06215104088187218,True
500,48,15,0.06234203651547432,True
500,48,20,0.0621136836707592,True
500,48,25,0.07372134178876877,True
500,48,30,0.07215017825365067,True
500,48,35,0.1263076364994049,True
500,48,40,0.4477429687976837,True
500,48,45,0.3442426323890686,True
500,48,50,0.89300936460495,True
500,48,55,1.0508670806884766,True
500,48,60,1.0716168880462646,True
500,48,65,1.0243643522262573,True
500,48,70,0.7976358532905579,True
500,49,10,0.11369462311267853,True
500,49,15,0.08875857293605804,True
500,49,20,0.11067226529121399,True
500,49,25,0.16868270933628082,True
500,49,30,0.11847439408302307,True
500,49,35,0.11267929524183273,True
500,49,40,0.24173034727573395,True
500,49,45,0.4432147741317749,True
500,49,50,0.9452589154243469,True
500,49,55,0.9241540431976318,True
500,49,60,0.7812700867652893,True
500,49,65,0.7721948027610779,True
500,49,70,0.4552534818649292,True
